Año,sector_economico_1,sector_economico_2,ta,asegurados
31/03/2010,0,1,40878,
30/04/2010,0,1,41721,
31/05/2010,0,1,38311,
30/06/2010,0,1,37119,
31/07/2010,0,1,37401,
31/08/2010,0,1,39438,
30/09/2010,0,1,38665,
31/10/2010,0,1,40451,
30/11/2010,0,1,41372,
31/12/2010,0,1,42838,
31/01/2011,0,1,43409,
28/02/2011,0,1,44749,
31/03/2011,0,1,44349,
30/04/2011,0,1,41626,
31/05/2011,0,1,40528,
30/06/2011,0,1,40741,
31/07/2011,0,1,41100,
31/08/2011,0,1,41336,
30/09/2011,0,1,40923,
31/10/2011,0,1,42182,
30/11/2011,0,1,43803,
31/12/2011,0,1,46454,
31/01/2012,0,1,47854,
29/02/2012,0,1,46879,
31/03/2012,0,1,47122,
30/04/2012,0,1,46455,
31/05/2012,0,1,42715,
30/06/2012,0,1,42630,
31/07/2012,0,1,43755,
31/08/2012,0,1,43819,
30/09/2012,0,1,42259,
31/10/2012,0,1,46112,
30/11/2012,0,1,48835,
31/12/2012,0,1,51625,
31/01/2013,0,1,53076,
28/02/2013,0,1,53340,
31/03/2013,0,1,52506,
30/04/2013,0,1,52990,
31/05/2013,0,1,52330,
30/06/2013,0,1,50254,
31/07/2013,0,1,50158,
31/08/2013,0,1,47839,
30/09/2013,0,1,46867,
31/10/2013,0,1,50390,
30/11/2013,0,1,52126,
31/12/2013,0,1,55778,
31/01/2014,0,1,57738,
28/02/2014,0,1,57344,
31/03/2014,0,1,58015,
30/04/2014,0,1,57480,
31/05/2014,0,1,55947,
30/06/2014,0,1,50687,
31/07/2014,0,1,52721,
31/08/2014,0,1,50121,
30/09/2014,0,1,52447,
31/10/2014,0,1,55609,
30/11/2014,0,1,58377,
31/12/2014,0,1,60215,
31/01/2015,0,1,60321,
28/02/2015,0,1,60606,
31/03/2015,0,1,62378,
30/04/2015,0,1,62273,
31/05/2015,0,1,59420,
30/06/2015,0,1,52613,
31/07/2015,0,1,52991,
31/08/2015,0,1,51138,
30/09/2015,0,1,55844,
31/10/2015,0,1,58636,
30/11/2015,0,1,63528,
31/12/2015,0,1,64439,
31/01/2016,0,1,65091,
29/02/2016,0,1,64964,
31/03/2016,0,1,66457,
30/04/2016,0,1,66778,
31/05/2016,0,1,61377,
30/06/2016,0,1,60143,
31/07/2016,0,1,59613,
31/08/2016,0,1,60417,
30/09/2016,0,1,63166,
31/10/2016,0,1,67848,
30/11/2016,0,1,69794,
31/12/2016,0,1,71073,
31/01/2017,0,1,72504,
28/02/2017,0,1,72042,
31/03/2017,0,1,76240,
30/04/2017,0,1,72998,
31/05/2017,0,1,68747,
30/06/2017,0,1,67242,
31/07/2017,0,1,61164,
31/08/2017,0,1,68507,
30/09/2017,0,1,70985,
31/10/2017,0,1,73851,
30/11/2017,0,1,77603,
31/12/2017,0,1,77954,
31/01/2018,0,1,80298,
28/02/2018,0,1,81043,
31/03/2018,0,1,81904,
30/04/2018,0,1,80000,
31/05/2018,0,1,76528,
30/06/2018,0,1,72676,
31/07/2018,0,1,66519,
31/08/2018,0,1,74416,
30/09/2018,0,1,77336,
31/10/2018,0,1,80390,
30/11/2018,0,1,81898,
31/12/2018,0,1,82917,
31/01/2019,0,1,86566,
28/02/2019,0,1,88534,
31/03/2019,0,1,89154,
30/04/2019,0,1,88781,
31/05/2019,0,1,83441,
30/06/2019,0,1,79230,
31/07/2019,0,1,70330,
31/08/2019,0,1,78529,
30/09/2019,0,1,82644,
31/10/2019,0,1,86254,
30/11/2019,0,1,87168,
31/12/2019,0,1,87038,
31/01/2020,0,1,89815,
29/02/2020,0,1,90229,
31/03/2020,0,1,90491,
30/04/2020,0,1,92091,
31/05/2020,0,1,89623,
30/06/2020,0,1,82566,
31/07/2020,0,1,72306,
31/08/2020,0,1,81555,
30/09/2020,0,1,84571,
31/10/2020,0,1,87868,
30/11/2020,0,1,91070,
31/12/2020,0,1,89141,
31/01/2021,0,1,90879,
28/02/2021,0,1,91852,
31/03/2021,0,1,89875,
30/04/2021,0,1,90131,
31/05/2021,0,1,84617,
30/06/2021,0,1,83074,
31/07/2021,0,1,83743,
31/08/2021,0,1,87987,
30/09/2021,0,1,90653,
31/10/2021,0,1,92825,
30/11/2021,0,1,94695,
31/12/2021,0,1,92102,
31/01/2022,0,1,97140,
28/02/2022,0,1,98642,
31/03/2022,0,1,100243,
30/04/2022,0,1,96108,
31/05/2022,0,1,92092,
30/06/2022,0,1,90670,
31/07/2022,0,1,87732,
31/08/2022,0,1,90473,
30/09/2022,0,1,94353,
31/10/2022,0,1,96089,
30/11/2022,0,1,96008,
31/12/2022,0,1,94055,
31/01/2023,0,1,100760,100760
28/02/2023,0,1,101439,101439
31/03/2023,0,1,101871,101871
30/04/2023,0,1,98363,98363
31/05/2023,0,1,95347,95347
30/06/2023,0,1,94157,94157
31/07/2023,0,1,91508,91508
31/08/2023,0,1,90842,90842
30/09/2023,0,1,93023,93023
31/10/2023,0,1,94889,94889
30/11/2023,0,1,96583,96583
31/12/2023,0,1,94347,94347
31/01/2024,0,1,97459,97459
29/02/2024,0,1,97205,97205
31/03/2024,0,1,96732,96732
30/04/2024,0,1,94482,94482
31/05/2024,0,1,91801,91801
30/06/2024,0,1,89306,89306
31/07/2024,0,1,83894,83894
31/08/2024,0,1,82976,82976
30/09/2024,0,1,84496,84496
31/10/2024,0,1,86543,86543
30/11/2024,0,1,88828,88828
31/12/2024,0,1,90121,90121
31/01/2025,0,1,93303,93303
28/02/2025,0,1,95184,95184
31/03/2025,0,1,93952,93952
30/04/2025,0,1,89155,89155
31/05/2025,0,1,88625,88625
30/06/2025,0,1,85071,85071
31/07/2025,0,1,79893,79893
31/08/2025,0,1,80372,80372
30/09/2025,0,1,80966,80966
31/10/2025,0,1,82083,82083
30/11/2025,0,1,82831,82831
31/12/2025,0,1,83103,83103
31/01/2026,0,1,87500,87500
31/03/2010,0,2,15525,
30/04/2010,0,2,15533,
31/05/2010,0,2,15637,
30/06/2010,0,2,15710,
31/07/2010,0,2,15874,
31/08/2010,0,2,16081,
30/09/2010,0,2,16223,
31/10/2010,0,2,16472,
30/11/2010,0,2,16585,
31/12/2010,0,2,16373,
31/01/2011,0,2,16401,
28/02/2011,0,2,16525,
31/03/2011,0,2,16660,
30/04/2011,0,2,16652,
31/05/2011,0,2,16896,
30/06/2011,0,2,16894,
31/07/2011,0,2,17005,
31/08/2011,0,2,17181,
30/09/2011,0,2,17191,
31/10/2011,0,2,17204,
30/11/2011,0,2,17197,
31/12/2011,0,2,17143,
31/01/2012,0,2,17128,
29/02/2012,0,2,17122,
31/03/2012,0,2,17181,
30/04/2012,0,2,17239,
31/05/2012,0,2,17198,
30/06/2012,0,2,17124,
31/07/2012,0,2,17101,
31/08/2012,0,2,16857,
30/09/2012,0,2,16762,
31/10/2012,0,2,16877,
30/11/2012,0,2,17110,
31/12/2012,0,2,17219,
31/01/2013,0,2,17343,
28/02/2013,0,2,17365,
31/03/2013,0,2,17454,
30/04/2013,0,2,17201,
31/05/2013,0,2,17279,
30/06/2013,0,2,16121,
31/07/2013,0,2,15245,
31/08/2013,0,2,15214,
30/09/2013,0,2,14969,
31/10/2013,0,2,13674,
30/11/2013,0,2,13878,
31/12/2013,0,2,13798,
31/01/2014,0,2,14205,
28/02/2014,0,2,13962,
31/03/2014,0,2,14196,
30/04/2014,0,2,14557,
31/05/2014,0,2,14470,
30/06/2014,0,2,14783,
31/07/2014,0,2,15107,
31/08/2014,0,2,15388,
30/09/2014,0,2,15481,
31/10/2014,0,2,15958,
30/11/2014,0,2,16284,
31/12/2014,0,2,16621,
31/01/2015,0,2,16513,
28/02/2015,0,2,16831,
31/03/2015,0,2,17069,
30/04/2015,0,2,17179,
31/05/2015,0,2,17262,
30/06/2015,0,2,16813,
31/07/2015,0,2,16957,
31/08/2015,0,2,17124,
30/09/2015,0,2,17171,
31/10/2015,0,2,17325,
30/11/2015,0,2,17503,
31/12/2015,0,2,17459,
31/01/2016,0,2,17497,
29/02/2016,0,2,17561,
31/03/2016,0,2,17663,
30/04/2016,0,2,17729,
31/05/2016,0,2,17797,
30/06/2016,0,2,17883,
31/07/2016,0,2,17842,
31/08/2016,0,2,17833,
30/09/2016,0,2,17761,
31/10/2016,0,2,17762,
30/11/2016,0,2,17851,
31/12/2016,0,2,17786,
31/01/2017,0,2,20067,
28/02/2017,0,2,19292,
31/03/2017,0,2,19266,
30/04/2017,0,2,19272,
31/05/2017,0,2,19357,
30/06/2017,0,2,19338,
31/07/2017,0,2,19470,
31/08/2017,0,2,19497,
30/09/2017,0,2,17664,
31/10/2017,0,2,17816,
30/11/2017,0,2,18055,
31/12/2017,0,2,18033,
31/01/2018,0,2,18206,
28/02/2018,0,2,19623,
31/03/2018,0,2,19705,
30/04/2018,0,2,19864,
31/05/2018,0,2,19957,
30/06/2018,0,2,20078,
31/07/2018,0,2,20151,
31/08/2018,0,2,20261,
30/09/2018,0,2,20137,
31/10/2018,0,2,20548,
30/11/2018,0,2,20562,
31/12/2018,0,2,20438,
31/01/2019,0,2,20418,
28/02/2019,0,2,20515,
31/03/2019,0,2,20526,
30/04/2019,0,2,20458,
31/05/2019,0,2,20487,
30/06/2019,0,2,20462,
31/07/2019,0,2,21032,
31/08/2019,0,2,21369,
30/09/2019,0,2,21679,
31/10/2019,0,2,21774,
30/11/2019,0,2,21867,
31/12/2019,0,2,21543,
31/01/2020,0,2,21590,
29/02/2020,0,2,21742,
31/03/2020,0,2,21882,
30/04/2020,0,2,22186,
31/05/2020,0,2,22244,
30/06/2020,0,2,22210,
31/07/2020,0,2,22141,
31/08/2020,0,2,21997,
30/09/2020,0,2,21878,
31/10/2020,0,2,21533,
30/11/2020,0,2,22002,
31/12/2020,0,2,21774,
31/01/2021,0,2,21679,
28/02/2021,0,2,21734,
31/03/2021,0,2,22142,
30/04/2021,0,2,22414,
31/05/2021,0,2,23070,
30/06/2021,0,2,23890,
31/07/2021,0,2,23245,
31/08/2021,0,2,23429,
30/09/2021,0,2,23376,
31/10/2021,0,2,23356,
30/11/2021,0,2,23541,
31/12/2021,0,2,23294,
31/01/2022,0,2,23545,
28/02/2022,0,2,23728,
31/03/2022,0,2,23739,
30/04/2022,0,2,23648,
31/05/2022,0,2,23489,
30/06/2022,0,2,23288,
31/07/2022,0,2,23374,
31/08/2022,0,2,23221,
30/09/2022,0,2,23448,
31/10/2022,0,2,23820,
30/11/2022,0,2,23917,
31/12/2022,0,2,23769,
31/01/2023,0,2,23747,23747
28/02/2023,0,2,23828,23828
31/03/2023,0,2,23916,23916
30/04/2023,0,2,23993,23993
31/05/2023,0,2,23967,23967
30/06/2023,0,2,23892,23892
31/07/2023,0,2,23944,23944
31/08/2023,0,2,24376,24376
30/09/2023,0,2,24404,24404
31/10/2023,0,2,24491,24491
30/11/2023,0,2,24500,24500
31/12/2023,0,2,23750,23750
31/01/2024,0,2,24056,24056
29/02/2024,0,2,24093,24093
31/03/2024,0,2,24069,24069
30/04/2024,0,2,24107,24107
31/05/2024,0,2,24185,24185
30/06/2024,0,2,24194,24194
31/07/2024,0,2,24300,24300
31/08/2024,0,2,24235,24235
30/09/2024,0,2,24372,24372
31/10/2024,0,2,24500,24500
30/11/2024,0,2,24623,24623
31/12/2024,0,2,24507,24507
31/01/2025,0,2,24680,24680
28/02/2025,0,2,24833,24833
31/03/2025,0,2,24983,24983
30/04/2025,0,2,24934,24934
31/05/2025,0,2,24963,24963
30/06/2025,0,2,25156,25156
31/07/2025,0,2,25188,25188
31/08/2025,0,2,25217,25217
30/09/2025,0,2,25332,25332
31/10/2025,0,2,25383,25383
30/11/2025,0,2,25519,25519
31/12/2025,0,2,25498,25498
31/01/2026,0,2,25622,25622
31/03/2010,0,3,448,
30/04/2010,0,3,517,
31/05/2010,0,3,505,
30/06/2010,0,3,420,
31/07/2010,0,3,387,
31/08/2010,0,3,382,
30/09/2010,0,3,355,
31/10/2010,0,3,370,
30/11/2010,0,3,398,
31/12/2010,0,3,373,
31/01/2011,0,3,392,
28/02/2011,0,3,427,
31/03/2011,0,3,481,
30/04/2011,0,3,460,
31/05/2011,0,3,466,
30/06/2011,0,3,378,
31/07/2011,0,3,364,
31/08/2011,0,3,354,
30/09/2011,0,3,352,
31/10/2011,0,3,346,
30/11/2011,0,3,374,
31/12/2011,0,3,362,
31/01/2012,0,3,378,
29/02/2012,0,3,375,
31/03/2012,0,3,431,
30/04/2012,0,3,458,
31/05/2012,0,3,626,
30/06/2012,0,3,547,
31/07/2012,0,3,488,
31/08/2012,0,3,483,
30/09/2012,0,3,454,
31/10/2012,0,3,471,
30/11/2012,0,3,445,
31/12/2012,0,3,451,
31/01/2013,0,3,460,
28/02/2013,0,3,512,
31/03/2013,0,3,541,
30/04/2013,0,3,614,
31/05/2013,0,3,621,
30/06/2013,0,3,601,
31/07/2013,0,3,493,
31/08/2013,0,3,503,
30/09/2013,0,3,493,
31/10/2013,0,3,481,
30/11/2013,0,3,501,
31/12/2013,0,3,485,
31/01/2014,0,3,495,
28/02/2014,0,3,526,
31/03/2014,0,3,596,
30/04/2014,0,3,585,
31/05/2014,0,3,551,
30/06/2014,0,3,503,
31/07/2014,0,3,499,
31/08/2014,0,3,497,
30/09/2014,0,3,474,
31/10/2014,0,3,466,
30/11/2014,0,3,423,
31/12/2014,0,3,486,
31/01/2015,0,3,508,
28/02/2015,0,3,529,
31/03/2015,0,3,567,
30/04/2015,0,3,589,
31/05/2015,0,3,589,
30/06/2015,0,3,548,
31/07/2015,0,3,508,
31/08/2015,0,3,483,
30/09/2015,0,3,487,
31/10/2015,0,3,482,
30/11/2015,0,3,494,
31/12/2015,0,3,484,
31/01/2016,0,3,501,
29/02/2016,0,3,559,
31/03/2016,0,3,601,
30/04/2016,0,3,609,
31/05/2016,0,3,613,
30/06/2016,0,3,520,
31/07/2016,0,3,487,
31/08/2016,0,3,483,
30/09/2016,0,3,493,
31/10/2016,0,3,496,
30/11/2016,0,3,504,
31/12/2016,0,3,482,
31/01/2017,0,3,483,
28/02/2017,0,3,497,
31/03/2017,0,3,509,
30/04/2017,0,3,515,
31/05/2017,0,3,514,
30/06/2017,0,3,484,
31/07/2017,0,3,467,
31/08/2017,0,3,461,
30/09/2017,0,3,452,
31/10/2017,0,3,464,
30/11/2017,0,3,479,
31/12/2017,0,3,482,
31/01/2018,0,3,471,
28/02/2018,0,3,482,
31/03/2018,0,3,507,
30/04/2018,0,3,540,
31/05/2018,0,3,507,
30/06/2018,0,3,465,
31/07/2018,0,3,456,
31/08/2018,0,3,456,
30/09/2018,0,3,451,
31/10/2018,0,3,459,
30/11/2018,0,3,457,
31/12/2018,0,3,451,
31/01/2019,0,3,475,
28/02/2019,0,3,512,
31/03/2019,0,3,536,
30/04/2019,0,3,534,
31/05/2019,0,3,523,
30/06/2019,0,3,453,
31/07/2019,0,3,442,
31/08/2019,0,3,441,
30/09/2019,0,3,419,
31/10/2019,0,3,435,
30/11/2019,0,3,468,
31/12/2019,0,3,442,
31/01/2020,0,3,461,
29/02/2020,0,3,469,
31/03/2020,0,3,484,
30/04/2020,0,3,456,
31/05/2020,0,3,452,
30/06/2020,0,3,387,
31/07/2020,0,3,386,
31/08/2020,0,3,394,
30/09/2020,0,3,373,
31/10/2020,0,3,385,
30/11/2020,0,3,380,
31/12/2020,0,3,362,
31/01/2021,0,3,420,
28/02/2021,0,3,455,
31/03/2021,0,3,445,
30/04/2021,0,3,458,
31/05/2021,0,3,449,
30/06/2021,0,3,416,
31/07/2021,0,3,416,
31/08/2021,0,3,441,
30/09/2021,0,3,396,
31/10/2021,0,3,408,
30/11/2021,0,3,390,
31/12/2021,0,3,367,
31/01/2022,0,3,377,
28/02/2022,0,3,414,
31/03/2022,0,3,408,
30/04/2022,0,3,406,
31/05/2022,0,3,419,
30/06/2022,0,3,426,
31/07/2022,0,3,410,
31/08/2022,0,3,411,
30/09/2022,0,3,405,
31/10/2022,0,3,431,
30/11/2022,0,3,465,
31/12/2022,0,3,409,
31/01/2023,0,3,447,447
28/02/2023,0,3,478,478
31/03/2023,0,3,481,481
30/04/2023,0,3,495,495
31/05/2023,0,3,487,487
30/06/2023,0,3,505,505
31/07/2023,0,3,505,505
31/08/2023,0,3,504,504
30/09/2023,0,3,480,480
31/10/2023,0,3,499,499
30/11/2023,0,3,495,495
31/12/2023,0,3,450,450
31/01/2024,0,3,478,478
29/02/2024,0,3,491,491
31/03/2024,0,3,490,490
30/04/2024,0,3,509,509
31/05/2024,0,3,517,517
30/06/2024,0,3,492,492
31/07/2024,0,3,497,497
31/08/2024,0,3,488,488
30/09/2024,0,3,470,470
31/10/2024,0,3,495,495
30/11/2024,0,3,474,474
31/12/2024,0,3,418,418
31/01/2025,0,3,447,447
28/02/2025,0,3,452,452
31/03/2025,0,3,468,468
30/04/2025,0,3,482,482
31/05/2025,0,3,468,468
30/06/2025,0,3,458,458
31/07/2025,0,3,427,427
31/08/2025,0,3,416,416
30/09/2025,0,3,383,383
31/10/2025,0,3,386,386
30/11/2025,0,3,379,379
31/12/2025,0,3,365,365
31/01/2026,0,3,386,386
31/03/2010,0,4,314,
30/04/2010,0,4,301,
31/05/2010,0,4,317,
30/06/2010,0,4,331,
31/07/2010,0,4,336,
31/08/2010,0,4,312,
30/09/2010,0,4,313,
31/10/2010,0,4,319,
30/11/2010,0,4,327,
31/12/2010,0,4,324,
31/01/2011,0,4,338,
28/02/2011,0,4,323,
31/03/2011,0,4,330,
30/04/2011,0,4,328,
31/05/2011,0,4,227,
30/06/2011,0,4,214,
31/07/2011,0,4,209,
31/08/2011,0,4,204,
30/09/2011,0,4,191,
31/10/2011,0,4,189,
30/11/2011,0,4,170,
31/12/2011,0,4,175,
31/01/2012,0,4,213,
29/02/2012,0,4,243,
31/03/2012,0,4,250,
30/04/2012,0,4,248,
31/05/2012,0,4,243,
30/06/2012,0,4,238,
31/07/2012,0,4,246,
31/08/2012,0,4,245,
30/09/2012,0,4,198,
31/10/2012,0,4,190,
30/11/2012,0,4,193,
31/12/2012,0,4,193,
31/01/2013,0,4,195,
28/02/2013,0,4,198,
31/03/2013,0,4,197,
30/04/2013,0,4,198,
31/05/2013,0,4,195,
30/06/2013,0,4,187,
31/07/2013,0,4,186,
31/08/2013,0,4,190,
30/09/2013,0,4,196,
31/10/2013,0,4,193,
30/11/2013,0,4,183,
31/12/2013,0,4,180,
31/01/2014,0,4,178,
28/02/2014,0,4,176,
31/03/2014,0,4,175,
30/04/2014,0,4,181,
31/05/2014,0,4,181,
30/06/2014,0,4,184,
31/07/2014,0,4,186,
31/08/2014,0,4,181,
30/09/2014,0,4,171,
31/10/2014,0,4,164,
30/11/2014,0,4,165,
31/12/2014,0,4,171,
31/01/2015,0,4,192,
28/02/2015,0,4,199,
31/03/2015,0,4,189,
30/04/2015,0,4,185,
31/05/2015,0,4,190,
30/06/2015,0,4,190,
31/07/2015,0,4,191,
31/08/2015,0,4,193,
30/09/2015,0,4,202,
31/10/2015,0,4,178,
30/11/2015,0,4,180,
31/12/2015,0,4,201,
31/01/2016,0,4,205,
29/02/2016,0,4,205,
31/03/2016,0,4,201,
30/04/2016,0,4,194,
31/05/2016,0,4,197,
30/06/2016,0,4,196,
31/07/2016,0,4,194,
31/08/2016,0,4,188,
30/09/2016,0,4,193,
31/10/2016,0,4,197,
30/11/2016,0,4,196,
31/12/2016,0,4,196,
31/01/2017,0,4,182,
28/02/2017,0,4,184,
31/03/2017,0,4,189,
30/04/2017,0,4,198,
31/05/2017,0,4,201,
30/06/2017,0,4,203,
31/07/2017,0,4,204,
31/08/2017,0,4,209,
30/09/2017,0,4,230,
31/10/2017,0,4,231,
30/11/2017,0,4,232,
31/12/2017,0,4,229,
31/01/2018,0,4,236,
28/02/2018,0,4,233,
31/03/2018,0,4,241,
30/04/2018,0,4,240,
31/05/2018,0,4,231,
30/06/2018,0,4,235,
31/07/2018,0,4,237,
31/08/2018,0,4,236,
30/09/2018,0,4,233,
31/10/2018,0,4,233,
30/11/2018,0,4,231,
31/12/2018,0,4,228,
31/01/2019,0,4,224,
28/02/2019,0,4,229,
31/03/2019,0,4,225,
30/04/2019,0,4,222,
31/05/2019,0,4,233,
30/06/2019,0,4,228,
31/07/2019,0,4,236,
31/08/2019,0,4,232,
30/09/2019,0,4,270,
31/10/2019,0,4,270,
30/11/2019,0,4,272,
31/12/2019,0,4,275,
31/01/2020,0,4,246,
29/02/2020,0,4,250,
31/03/2020,0,4,251,
30/04/2020,0,4,240,
31/05/2020,0,4,356,
30/06/2020,0,4,734,
31/07/2020,0,4,1188,
31/08/2020,0,4,1236,
30/09/2020,0,4,1003,
31/10/2020,0,4,947,
30/11/2020,0,4,946,
31/12/2020,0,4,447,
31/01/2021,0,4,443,
28/02/2021,0,4,426,
31/03/2021,0,4,416,
30/04/2021,0,4,416,
31/05/2021,0,4,261,
30/06/2021,0,4,415,
31/07/2021,0,4,698,
31/08/2021,0,4,710,
30/09/2021,0,4,574,
31/10/2021,0,4,575,
30/11/2021,0,4,547,
31/12/2021,0,4,439,
31/01/2022,0,4,476,
28/02/2022,0,4,473,
31/03/2022,0,4,482,
30/04/2022,0,4,501,
31/05/2022,0,4,481,
30/06/2022,0,4,337,
31/07/2022,0,4,1303,
31/08/2022,0,4,1067,
30/09/2022,0,4,835,
31/10/2022,0,4,867,
30/11/2022,0,4,480,
31/12/2022,0,4,428,
31/01/2023,0,4,410,410
28/02/2023,0,4,406,406
31/03/2023,0,4,256,256
30/04/2023,0,4,259,259
31/05/2023,0,4,252,252
30/06/2023,0,4,252,252
31/07/2023,0,4,258,258
31/08/2023,0,4,274,274
30/09/2023,0,4,268,268
31/10/2023,0,4,276,276
30/11/2023,0,4,277,277
31/12/2023,0,4,277,277
31/01/2024,0,4,276,276
29/02/2024,0,4,282,282
31/03/2024,0,4,273,273
30/04/2024,0,4,267,267
31/05/2024,0,4,267,267
30/06/2024,0,4,269,269
31/07/2024,0,4,258,258
31/08/2024,0,4,237,237
30/09/2024,0,4,254,254
31/10/2024,0,4,254,254
30/11/2024,0,4,257,257
31/12/2024,0,4,254,254
31/01/2025,0,4,252,252
28/02/2025,0,4,262,262
31/03/2025,0,4,263,263
30/04/2025,0,4,324,324
31/05/2025,0,4,322,322
30/06/2025,0,4,317,317
31/07/2025,0,4,249,249
31/08/2025,0,4,234,234
30/09/2025,0,4,232,232
31/10/2025,0,4,233,233
30/11/2025,0,4,234,234
31/12/2025,0,4,233,233
31/01/2026,0,4,238,238
31/03/2010,0,5,6,
30/04/2010,0,5,6,
31/05/2010,0,5,6,
30/06/2010,0,5,6,
31/07/2010,0,5,6,
31/08/2010,0,5,6,
30/09/2010,0,5,6,
31/10/2010,0,5,6,
30/11/2010,0,5,6,
31/12/2010,0,5,6,
31/01/2011,0,5,6,
28/02/2011,0,5,6,
31/03/2011,0,5,6,
30/04/2011,0,5,6,
31/05/2011,0,5,6,
30/06/2011,0,5,6,
31/07/2011,0,5,6,
31/08/2011,0,5,6,
30/09/2011,0,5,6,
31/10/2011,0,5,5,
30/11/2011,0,5,5,
31/12/2011,0,5,5,
31/01/2012,0,5,5,
29/02/2012,0,5,4,
31/03/2012,0,5,4,
30/04/2012,0,5,4,
31/05/2012,0,5,4,
30/06/2012,0,5,4,
31/07/2012,0,5,4,
31/08/2012,0,5,4,
30/09/2012,0,5,4,
31/10/2012,0,5,4,
30/11/2012,0,5,4,
31/12/2012,0,5,4,
31/01/2013,0,5,4,
28/02/2013,0,5,5,
31/03/2013,0,5,5,
30/04/2013,0,5,5,
31/05/2013,0,5,5,
30/06/2013,0,5,5,
31/07/2013,0,5,5,
31/08/2013,0,5,5,
30/09/2013,0,5,5,
31/10/2013,0,5,5,
30/11/2013,0,5,5,
31/12/2013,0,5,5,
31/01/2014,0,5,5,
28/02/2014,0,5,5,
31/03/2014,0,5,5,
30/04/2014,0,5,6,
31/05/2014,0,5,6,
30/06/2014,0,5,11,
31/07/2014,0,5,16,
31/08/2014,0,5,17,
30/09/2014,0,5,16,
31/10/2014,0,5,16,
30/11/2014,0,5,16,
31/12/2014,0,5,16,
31/01/2015,0,5,16,
28/02/2015,0,5,18,
31/03/2015,0,5,18,
30/04/2015,0,5,18,
31/05/2015,0,5,16,
30/06/2015,0,5,22,
31/07/2015,0,5,22,
31/08/2015,0,5,22,
30/09/2015,0,5,22,
31/10/2015,0,5,23,
30/11/2015,0,5,23,
31/12/2015,0,5,23,
31/01/2016,0,5,23,
29/02/2016,0,5,21,
31/03/2016,0,5,22,
30/04/2016,0,5,21,
31/05/2016,0,5,22,
30/06/2016,0,5,21,
31/07/2016,0,5,19,
31/08/2016,0,5,20,
30/09/2016,0,5,21,
31/10/2016,0,5,21,
30/11/2016,0,5,21,
31/12/2016,0,5,21,
31/01/2017,0,5,21,
28/02/2017,0,5,21,
31/03/2017,0,5,21,
30/04/2017,0,5,21,
31/05/2017,0,5,21,
30/06/2017,0,5,23,
31/07/2017,0,5,25,
31/08/2017,0,5,26,
30/09/2017,0,5,29,
31/10/2017,0,5,30,
30/11/2017,0,5,28,
31/12/2017,0,5,28,
31/01/2018,0,5,27,
28/02/2018,0,5,27,
31/03/2018,0,5,28,
30/04/2018,0,5,28,
31/05/2018,0,5,30,
30/06/2018,0,5,30,
31/07/2018,0,5,30,
31/08/2018,0,5,29,
30/09/2018,0,5,31,
31/10/2018,0,5,32,
30/11/2018,0,5,32,
31/12/2018,0,5,31,
31/01/2019,0,5,34,
28/02/2019,0,5,34,
31/03/2019,0,5,33,
30/04/2019,0,5,33,
31/05/2019,0,5,35,
30/06/2019,0,5,35,
31/07/2019,0,5,37,
31/08/2019,0,5,35,
30/09/2019,0,5,38,
31/10/2019,0,5,37,
30/11/2019,0,5,37,
31/12/2019,0,5,35,
31/01/2020,0,5,39,
29/02/2020,0,5,40,
31/03/2020,0,5,42,
30/04/2020,0,5,41,
31/05/2020,0,5,40,
30/06/2020,0,5,40,
31/07/2020,0,5,40,
31/08/2020,0,5,40,
30/09/2020,0,5,40,
31/10/2020,0,5,41,
30/11/2020,0,5,39,
31/12/2020,0,5,43,
31/01/2021,0,5,44,
28/02/2021,0,5,44,
31/03/2021,0,5,44,
30/04/2021,0,5,44,
31/05/2021,0,5,44,
30/06/2021,0,5,44,
31/07/2021,0,5,44,
31/08/2021,0,5,45,
30/09/2021,0,5,47,
31/10/2021,0,5,48,
30/11/2021,0,5,47,
31/12/2021,0,5,49,
31/01/2022,0,5,45,
28/02/2022,0,5,45,
31/03/2022,0,5,45,
30/04/2022,0,5,44,
31/05/2022,0,5,46,
30/06/2022,0,5,44,
31/07/2022,0,5,46,
31/08/2022,0,5,47,
30/09/2022,0,5,48,
31/10/2022,0,5,48,
30/11/2022,0,5,47,
31/12/2022,0,5,47,
31/01/2023,0,5,47,47
28/02/2023,0,5,48,48
31/03/2023,0,5,47,47
30/04/2023,0,5,49,49
31/05/2023,0,5,48,48
30/06/2023,0,5,48,48
31/07/2023,0,5,49,49
31/08/2023,0,5,49,49
30/09/2023,0,5,48,48
31/10/2023,0,5,50,50
30/11/2023,0,5,50,50
31/12/2023,0,5,50,50
31/01/2024,0,5,50,50
29/02/2024,0,5,51,51
31/03/2024,0,5,50,50
30/04/2024,0,5,50,50
31/05/2024,0,5,53,53
30/06/2024,0,5,56,56
31/07/2024,0,5,57,57
31/08/2024,0,5,58,58
30/09/2024,0,5,59,59
31/10/2024,0,5,60,60
30/11/2024,0,5,59,59
31/12/2024,0,5,57,57
31/01/2025,0,5,60,60
28/02/2025,0,5,60,60
31/03/2025,0,5,59,59
30/04/2025,0,5,59,59
31/05/2025,0,5,60,60
30/06/2025,0,5,58,58
31/07/2025,0,5,60,60
31/08/2025,0,5,59,59
30/09/2025,0,5,62,62
31/10/2025,0,5,61,61
30/11/2025,0,5,62,62
31/12/2025,0,5,65,65
31/01/2026,0,5,65,65
31/03/2010,1,11,1383,
30/04/2010,1,11,1377,
31/05/2010,1,11,1348,
30/06/2010,1,11,1365,
31/07/2010,1,11,1404,
31/08/2010,1,11,1409,
30/09/2010,1,11,1414,
31/10/2010,1,11,1435,
30/11/2010,1,11,1428,
31/12/2010,1,11,1347,
31/01/2011,1,11,1444,
28/02/2011,1,11,1466,
31/03/2011,1,11,1480,
30/04/2011,1,11,1497,
31/05/2011,1,11,1544,
30/06/2011,1,11,1564,
31/07/2011,1,11,1562,
31/08/2011,1,11,1517,
30/09/2011,1,11,1518,
31/10/2011,1,11,1492,
30/11/2011,1,11,1365,
31/12/2011,1,11,1374,
31/01/2012,1,11,1361,
29/02/2012,1,11,1382,
31/03/2012,1,11,1401,
30/04/2012,1,11,1412,
31/05/2012,1,11,1442,
30/06/2012,1,11,1484,
31/07/2012,1,11,1451,
31/08/2012,1,11,1435,
30/09/2012,1,11,1337,
31/10/2012,1,11,1356,
30/11/2012,1,11,1359,
31/12/2012,1,11,1355,
31/01/2013,1,11,1363,
28/02/2013,1,11,1368,
31/03/2013,1,11,1389,
30/04/2013,1,11,1454,
31/05/2013,1,11,1446,
30/06/2013,1,11,1467,
31/07/2013,1,11,1450,
31/08/2013,1,11,1451,
30/09/2013,1,11,1444,
31/10/2013,1,11,1454,
30/11/2013,1,11,1449,
31/12/2013,1,11,1432,
31/01/2014,1,11,1439,
28/02/2014,1,11,1440,
31/03/2014,1,11,1450,
30/04/2014,1,11,1457,
31/05/2014,1,11,1465,
30/06/2014,1,11,1442,
31/07/2014,1,11,1445,
31/08/2014,1,11,1442,
30/09/2014,1,11,1423,
31/10/2014,1,11,1426,
30/11/2014,1,11,1407,
31/12/2014,1,11,1393,
31/01/2015,1,11,1391,
28/02/2015,1,11,1385,
31/03/2015,1,11,1393,
30/04/2015,1,11,1388,
31/05/2015,1,11,1398,
30/06/2015,1,11,1412,
31/07/2015,1,11,1394,
31/08/2015,1,11,1441,
30/09/2015,1,11,1446,
31/10/2015,1,11,1427,
30/11/2015,1,11,1374,
31/12/2015,1,11,1346,
31/01/2016,1,11,1334,
29/02/2016,1,11,1329,
31/03/2016,1,11,1340,
30/04/2016,1,11,1346,
31/05/2016,1,11,1349,
30/06/2016,1,11,1375,
31/07/2016,1,11,1350,
31/08/2016,1,11,1340,
30/09/2016,1,11,1367,
31/10/2016,1,11,1364,
30/11/2016,1,11,1369,
31/12/2016,1,11,1363,
31/01/2017,1,11,1328,
28/02/2017,1,11,1375,
31/03/2017,1,11,1426,
30/04/2017,1,11,1528,
31/05/2017,1,11,1570,
30/06/2017,1,11,1613,
31/07/2017,1,11,1637,
31/08/2017,1,11,1567,
30/09/2017,1,11,1527,
31/10/2017,1,11,1527,
30/11/2017,1,11,1548,
31/12/2017,1,11,1524,
31/01/2018,1,11,1302,
28/02/2018,1,11,1337,
31/03/2018,1,11,1342,
30/04/2018,1,11,1373,
31/05/2018,1,11,1398,
30/06/2018,1,11,1398,
31/07/2018,1,11,1430,
31/08/2018,1,11,1393,
30/09/2018,1,11,1442,
31/10/2018,1,11,1453,
30/11/2018,1,11,1394,
31/12/2018,1,11,1388,
31/01/2019,1,11,1388,
28/02/2019,1,11,1403,
31/03/2019,1,11,1398,
30/04/2019,1,11,1411,
31/05/2019,1,11,1369,
30/06/2019,1,11,1384,
31/07/2019,1,11,1343,
31/08/2019,1,11,1327,
30/09/2019,1,11,1323,
31/10/2019,1,11,1334,
30/11/2019,1,11,1332,
31/12/2019,1,11,1284,
31/01/2020,1,11,1368,
29/02/2020,1,11,1399,
31/03/2020,1,11,1396,
30/04/2020,1,11,1382,
31/05/2020,1,11,1404,
30/06/2020,1,11,1392,
31/07/2020,1,11,1385,
31/08/2020,1,11,1410,
30/09/2020,1,11,1402,
31/10/2020,1,11,1396,
30/11/2020,1,11,1363,
31/12/2020,1,11,1366,
31/01/2021,1,11,1363,
28/02/2021,1,11,1360,
31/03/2021,1,11,1358,
30/04/2021,1,11,1377,
31/05/2021,1,11,1371,
30/06/2021,1,11,1382,
31/07/2021,1,11,1494,
31/08/2021,1,11,1555,
30/09/2021,1,11,1516,
31/10/2021,1,11,1492,
30/11/2021,1,11,1487,
31/12/2021,1,11,1464,
31/01/2022,1,11,1492,
28/02/2022,1,11,1476,
31/03/2022,1,11,1458,
30/04/2022,1,11,1447,
31/05/2022,1,11,1451,
30/06/2022,1,11,1444,
31/07/2022,1,11,1414,
31/08/2022,1,11,1439,
30/09/2022,1,11,1490,
31/10/2022,1,11,1488,
30/11/2022,1,11,1495,
31/12/2022,1,11,1504,
31/01/2023,1,11,1530,1530
28/02/2023,1,11,1550,1550
31/03/2023,1,11,1516,1516
30/04/2023,1,11,1522,1522
31/05/2023,1,11,1508,1508
30/06/2023,1,11,1561,1561
31/07/2023,1,11,1559,1559
31/08/2023,1,11,1574,1574
30/09/2023,1,11,1556,1556
31/10/2023,1,11,1565,1565
30/11/2023,1,11,1564,1564
31/12/2023,1,11,1565,1565
31/01/2024,1,11,1567,1567
29/02/2024,1,11,1585,1585
31/03/2024,1,11,1567,1567
30/04/2024,1,11,1577,1577
31/05/2024,1,11,1575,1575
30/06/2024,1,11,1587,1587
31/07/2024,1,11,1555,1555
31/08/2024,1,11,1587,1587
30/09/2024,1,11,1616,1616
31/10/2024,1,11,1614,1614
30/11/2024,1,11,1615,1615
31/12/2024,1,11,1603,1603
31/01/2025,1,11,1654,1654
28/02/2025,1,11,1626,1626
31/03/2025,1,11,1627,1627
30/04/2025,1,11,1607,1607
31/05/2025,1,11,1606,1606
30/06/2025,1,11,1622,1622
31/07/2025,1,11,1614,1614
31/08/2025,1,11,1581,1581
30/09/2025,1,11,1548,1548
31/10/2025,1,11,1577,1577
30/11/2025,1,11,1574,1574
31/12/2025,1,11,1544,1544
31/01/2026,1,11,1553,1553
31/03/2010,1,12,5,
30/04/2010,1,12,5,
31/05/2010,1,12,5,
30/06/2010,1,12,5,
31/07/2010,1,12,5,
31/08/2010,1,12,5,
30/09/2010,1,12,5,
31/10/2010,1,12,5,
30/11/2010,1,12,5,
31/12/2010,1,12,5,
31/01/2011,1,12,5,
28/02/2011,1,12,4,
31/03/2011,1,12,4,
30/04/2011,1,12,4,
31/05/2011,1,12,4,
30/06/2011,1,12,4,
31/07/2011,1,12,4,
31/08/2011,1,12,4,
30/09/2011,1,12,4,
31/10/2011,1,12,4,
30/11/2011,1,12,4,
31/12/2011,1,12,4,
31/01/2012,1,12,4,
29/02/2012,1,12,4,
31/03/2012,1,12,4,
30/04/2012,1,12,4,
31/05/2012,1,12,4,
30/06/2012,1,12,4,
31/07/2012,1,12,4,
31/08/2012,1,12,4,
30/09/2012,1,12,4,
31/10/2012,1,12,4,
30/11/2012,1,12,4,
31/12/2012,1,12,4,
31/01/2013,1,12,4,
28/02/2013,1,12,4,
31/03/2013,1,12,5,
30/04/2013,1,12,5,
31/05/2013,1,12,5,
30/06/2013,1,12,5,
31/07/2013,1,12,5,
31/08/2013,1,12,5,
30/09/2013,1,12,5,
31/10/2013,1,12,5,
30/11/2013,1,12,6,
31/12/2013,1,12,6,
31/01/2014,1,12,6,
28/02/2014,1,12,6,
31/03/2014,1,12,6,
30/04/2014,1,12,5,
31/05/2014,1,12,5,
30/06/2014,1,12,4,
31/07/2014,1,12,6,
31/08/2014,1,12,6,
30/09/2014,1,12,6,
31/10/2014,1,12,6,
30/11/2014,1,12,5,
31/12/2014,1,12,5,
31/01/2015,1,12,4,
28/02/2015,1,12,4,
31/03/2015,1,12,5,
30/04/2015,1,12,5,
31/05/2015,1,12,5,
30/06/2015,1,12,4,
31/07/2015,1,12,4,
31/08/2015,1,12,4,
30/09/2015,1,12,4,
31/10/2015,1,12,4,
30/11/2015,1,12,3,
31/12/2015,1,12,3,
31/01/2016,1,12,3,
29/02/2016,1,12,3,
31/03/2016,1,12,3,
30/04/2016,1,12,3,
31/05/2016,1,12,3,
30/06/2016,1,12,3,
31/07/2016,1,12,3,
31/08/2016,1,12,3,
30/09/2016,1,12,2,
31/10/2016,1,12,2,
30/11/2016,1,12,2,
31/12/2016,1,12,1,
31/01/2017,1,12,2,
28/02/2017,1,12,2,
31/03/2017,1,12,2,
30/04/2017,1,12,3,
31/05/2017,1,12,3,
30/06/2017,1,12,3,
31/07/2017,1,12,3,
31/08/2017,1,12,3,
30/09/2017,1,12,3,
31/10/2017,1,12,3,
30/11/2017,1,12,3,
31/12/2017,1,12,3,
31/01/2018,1,12,3,
28/02/2018,1,12,3,
31/03/2018,1,12,7,
30/04/2018,1,12,8,
31/05/2018,1,12,10,
30/06/2018,1,12,16,
31/07/2018,1,12,18,
31/08/2018,1,12,17,
30/09/2018,1,12,19,
31/10/2018,1,12,19,
30/11/2018,1,12,19,
31/12/2018,1,12,19,
31/01/2019,1,12,20,
28/02/2019,1,12,20,
31/03/2019,1,12,23,
30/04/2019,1,12,22,
31/05/2019,1,12,37,
30/06/2019,1,12,32,
31/07/2019,1,12,32,
31/08/2019,1,12,29,
30/09/2019,1,12,28,
31/10/2019,1,12,29,
30/11/2019,1,12,29,
31/12/2019,1,12,28,
31/01/2020,1,12,28,
29/02/2020,1,12,13,
31/03/2020,1,12,13,
30/04/2020,1,12,13,
31/05/2020,1,12,12,
30/06/2020,1,12,12,
31/07/2020,1,12,11,
31/08/2020,1,12,11,
30/09/2020,1,12,12,
31/10/2020,1,12,12,
30/11/2020,1,12,12,
31/12/2020,1,12,9,
31/01/2021,1,12,9,
28/02/2021,1,12,9,
31/03/2021,1,12,10,
30/04/2021,1,12,9,
31/05/2021,1,12,19,
30/06/2021,1,12,21,
31/07/2021,1,12,19,
31/08/2021,1,12,18,
30/09/2021,1,12,19,
31/10/2021,1,12,18,
30/11/2021,1,12,18,
31/12/2021,1,12,19,
31/01/2022,1,12,21,
28/02/2022,1,12,21,
31/03/2022,1,12,19,
30/04/2022,1,12,18,
31/05/2022,1,12,18,
30/06/2022,1,12,18,
31/07/2022,1,12,11,
31/08/2022,1,12,13,
30/09/2022,1,12,12,
31/10/2022,1,12,12,
30/11/2022,1,12,13,
31/12/2022,1,12,12,
31/01/2023,1,12,14,14
28/02/2023,1,12,14,14
31/03/2023,1,12,14,14
30/04/2023,1,12,14,14
31/05/2023,1,12,16,16
30/06/2023,1,12,17,17
31/07/2023,1,12,19,19
31/08/2023,1,12,21,21
30/09/2023,1,12,23,23
31/10/2023,1,12,24,24
30/11/2023,1,12,24,24
31/12/2023,1,12,24,24
31/01/2024,1,12,27,27
29/02/2024,1,12,32,32
31/03/2024,1,12,31,31
30/04/2024,1,12,32,32
31/05/2024,1,12,34,34
30/06/2024,1,12,33,33
31/07/2024,1,12,37,37
31/08/2024,1,12,38,38
30/09/2024,1,12,42,42
31/10/2024,1,12,37,37
30/11/2024,1,12,38,38
31/12/2024,1,12,37,37
31/01/2025,1,12,37,37
28/02/2025,1,12,35,35
31/03/2025,1,12,36,36
30/04/2025,1,12,40,40
31/05/2025,1,12,41,41
30/06/2025,1,12,43,43
31/07/2025,1,12,43,43
31/08/2025,1,12,43,43
30/09/2025,1,12,43,43
31/10/2025,1,12,48,48
30/11/2025,1,12,49,49
31/12/2025,1,12,49,49
31/01/2026,1,12,50,50
31/03/2010,1,13,756,
30/04/2010,1,13,796,
31/05/2010,1,13,825,
30/06/2010,1,13,805,
31/07/2010,1,13,832,
31/08/2010,1,13,875,
30/09/2010,1,13,902,
31/10/2010,1,13,926,
30/11/2010,1,13,908,
31/12/2010,1,13,814,
31/01/2011,1,13,862,
28/02/2011,1,13,911,
31/03/2011,1,13,1203,
30/04/2011,1,13,1267,
31/05/2011,1,13,1269,
30/06/2011,1,13,1366,
31/07/2011,1,13,1386,
31/08/2011,1,13,1407,
30/09/2011,1,13,1389,
31/10/2011,1,13,1400,
30/11/2011,1,13,1492,
31/12/2011,1,13,1450,
31/01/2012,1,13,1446,
29/02/2012,1,13,1520,
31/03/2012,1,13,1549,
30/04/2012,1,13,1588,
31/05/2012,1,13,1615,
30/06/2012,1,13,1580,
31/07/2012,1,13,1567,
31/08/2012,1,13,1559,
30/09/2012,1,13,1602,
31/10/2012,1,13,1618,
30/11/2012,1,13,1607,
31/12/2012,1,13,1599,
31/01/2013,1,13,1579,
28/02/2013,1,13,1623,
31/03/2013,1,13,1696,
30/04/2013,1,13,1755,
31/05/2013,1,13,1867,
30/06/2013,1,13,1941,
31/07/2013,1,13,1871,
31/08/2013,1,13,1729,
30/09/2013,1,13,1722,
31/10/2013,1,13,1634,
30/11/2013,1,13,1675,
31/12/2013,1,13,1596,
31/01/2014,1,13,1653,
28/02/2014,1,13,1710,
31/03/2014,1,13,1795,
30/04/2014,1,13,1778,
31/05/2014,1,13,1816,
30/06/2014,1,13,1853,
31/07/2014,1,13,1863,
31/08/2014,1,13,1772,
30/09/2014,1,13,1773,
31/10/2014,1,13,1669,
30/11/2014,1,13,1605,
31/12/2014,1,13,1462,
31/01/2015,1,13,1620,
28/02/2015,1,13,1602,
31/03/2015,1,13,1582,
30/04/2015,1,13,1571,
31/05/2015,1,13,1526,
30/06/2015,1,13,1606,
31/07/2015,1,13,1520,
31/08/2015,1,13,1574,
30/09/2015,1,13,1698,
31/10/2015,1,13,1685,
30/11/2015,1,13,1676,
31/12/2015,1,13,1526,
31/01/2016,1,13,1714,
29/02/2016,1,13,1740,
31/03/2016,1,13,1811,
30/04/2016,1,13,1876,
31/05/2016,1,13,1860,
30/06/2016,1,13,1882,
31/07/2016,1,13,1907,
31/08/2016,1,13,1993,
30/09/2016,1,13,1981,
31/10/2016,1,13,1945,
30/11/2016,1,13,1910,
31/12/2016,1,13,1676,
31/01/2017,1,13,1656,
28/02/2017,1,13,1779,
31/03/2017,1,13,2032,
30/04/2017,1,13,1987,
31/05/2017,1,13,1955,
30/06/2017,1,13,1921,
31/07/2017,1,13,1842,
31/08/2017,1,13,1818,
30/09/2017,1,13,1762,
31/10/2017,1,13,1796,
30/11/2017,1,13,1747,
31/12/2017,1,13,1677,
31/01/2018,1,13,1661,
28/02/2018,1,13,1572,
31/03/2018,1,13,1558,
30/04/2018,1,13,1567,
31/05/2018,1,13,1502,
30/06/2018,1,13,1489,
31/07/2018,1,13,1510,
31/08/2018,1,13,1536,
30/09/2018,1,13,1476,
31/10/2018,1,13,1427,
30/11/2018,1,13,1299,
31/12/2018,1,13,1296,
31/01/2019,1,13,1308,
28/02/2019,1,13,1354,
31/03/2019,1,13,1353,
30/04/2019,1,13,1368,
31/05/2019,1,13,1400,
30/06/2019,1,13,1416,
31/07/2019,1,13,1411,
31/08/2019,1,13,1339,
30/09/2019,1,13,1384,
31/10/2019,1,13,1370,
30/11/2019,1,13,1374,
31/12/2019,1,13,1371,
31/01/2020,1,13,1323,
29/02/2020,1,13,1336,
31/03/2020,1,13,1261,
30/04/2020,1,13,1139,
31/05/2020,1,13,1202,
30/06/2020,1,13,1221,
31/07/2020,1,13,1192,
31/08/2020,1,13,1180,
30/09/2020,1,13,1191,
31/10/2020,1,13,1203,
30/11/2020,1,13,1370,
31/12/2020,1,13,1363,
31/01/2021,1,13,1400,
28/02/2021,1,13,1208,
31/03/2021,1,13,1166,
30/04/2021,1,13,1109,
31/05/2021,1,13,1074,
30/06/2021,1,13,1016,
31/07/2021,1,13,1063,
31/08/2021,1,13,1118,
30/09/2021,1,13,1104,
31/10/2021,1,13,1109,
30/11/2021,1,13,1138,
31/12/2021,1,13,1139,
31/01/2022,1,13,1127,
28/02/2022,1,13,1144,
31/03/2022,1,13,1096,
30/04/2022,1,13,1085,
31/05/2022,1,13,1061,
30/06/2022,1,13,1065,
31/07/2022,1,13,1028,
31/08/2022,1,13,1011,
30/09/2022,1,13,992,
31/10/2022,1,13,975,
30/11/2022,1,13,970,
31/12/2022,1,13,944,
31/01/2023,1,13,993,993
28/02/2023,1,13,1012,1012
31/03/2023,1,13,878,878
30/04/2023,1,13,936,936
31/05/2023,1,13,926,926
30/06/2023,1,13,917,917
31/07/2023,1,13,913,913
31/08/2023,1,13,872,872
30/09/2023,1,13,854,854
31/10/2023,1,13,849,849
30/11/2023,1,13,854,854
31/12/2023,1,13,869,869
31/01/2024,1,13,899,899
29/02/2024,1,13,916,916
31/03/2024,1,13,926,926
30/04/2024,1,13,949,949
31/05/2024,1,13,948,948
30/06/2024,1,13,862,862
31/07/2024,1,13,946,946
31/08/2024,1,13,980,980
30/09/2024,1,13,980,980
31/10/2024,1,13,1037,1037
30/11/2024,1,13,1069,1069
31/12/2024,1,13,1069,1069
31/01/2025,1,13,1091,1091
28/02/2025,1,13,1104,1104
31/03/2025,1,13,1143,1143
30/04/2025,1,13,1194,1194
31/05/2025,1,13,1231,1231
30/06/2025,1,13,1270,1270
31/07/2025,1,13,1283,1283
31/08/2025,1,13,1284,1284
30/09/2025,1,13,1364,1364
31/10/2025,1,13,1384,1384
30/11/2025,1,13,1401,1401
31/12/2025,1,13,1362,1362
31/01/2026,1,13,1350,1350
31/03/2010,1,14,9,
30/04/2010,1,14,9,
31/05/2010,1,14,9,
30/06/2010,1,14,10,
31/07/2010,1,14,11,
31/08/2010,1,14,0,
30/09/2010,1,14,0,
31/10/2010,1,14,0,
30/11/2010,1,14,0,
31/12/2010,1,14,0,
31/01/2011,1,14,0,
28/02/2011,1,14,0,
31/03/2011,1,14,0,
30/04/2011,1,14,0,
31/05/2011,1,14,0,
30/06/2011,1,14,0,
31/07/2011,1,14,0,
31/08/2011,1,14,0,
30/09/2011,1,14,0,
31/10/2011,1,14,0,
30/11/2011,1,14,0,
31/12/2011,1,14,0,
31/01/2012,1,14,0,
29/02/2012,1,14,0,
31/03/2012,1,14,0,
30/04/2012,1,14,0,
31/05/2012,1,14,0,
30/06/2012,1,14,0,
31/07/2012,1,14,0,
31/08/2012,1,14,0,
30/09/2012,1,14,0,
31/10/2012,1,14,0,
30/11/2012,1,14,0,
31/12/2012,1,14,0,
31/01/2013,1,14,0,
28/02/2013,1,14,0,
31/03/2013,1,14,0,
30/04/2013,1,14,0,
31/05/2013,1,14,0,
30/06/2013,1,14,0,
31/07/2013,1,14,0,
31/08/2013,1,14,0,
30/09/2013,1,14,0,
31/10/2013,1,14,0,
30/11/2013,1,14,0,
31/12/2013,1,14,0,
31/01/2014,1,14,0,
28/02/2014,1,14,0,
31/03/2014,1,14,0,
30/04/2014,1,14,0,
31/05/2014,1,14,0,
30/06/2014,1,14,0,
31/07/2014,1,14,0,
31/08/2014,1,14,0,
30/09/2014,1,14,0,
31/10/2014,1,14,0,
30/11/2014,1,14,0,
31/12/2014,1,14,0,
31/01/2015,1,14,0,
28/02/2015,1,14,0,
31/03/2015,1,14,0,
30/04/2015,1,14,0,
31/05/2015,1,14,0,
30/06/2015,1,14,0,
31/07/2015,1,14,0,
31/08/2015,1,14,0,
30/09/2015,1,14,0,
31/10/2015,1,14,0,
30/11/2015,1,14,0,
31/12/2015,1,14,0,
31/01/2016,1,14,0,
29/02/2016,1,14,0,
31/03/2016,1,14,0,
30/04/2016,1,14,0,
31/05/2016,1,14,0,
30/06/2016,1,14,0,
31/07/2016,1,14,0,
31/08/2016,1,14,0,
30/09/2016,1,14,0,
31/10/2016,1,14,0,
30/11/2016,1,14,0,
31/12/2016,1,14,0,
31/01/2017,1,14,0,
28/02/2017,1,14,0,
31/03/2017,1,14,0,
30/04/2017,1,14,0,
31/05/2017,1,14,0,
30/06/2017,1,14,0,
31/07/2017,1,14,0,
31/08/2017,1,14,0,
30/09/2017,1,14,0,
31/10/2017,1,14,0,
30/11/2017,1,14,0,
31/12/2017,1,14,0,
31/01/2018,1,14,0,
28/02/2018,1,14,0,
31/03/2018,1,14,0,
30/04/2018,1,14,0,
31/05/2018,1,14,0,
30/06/2018,1,14,0,
31/07/2018,1,14,0,
31/08/2018,1,14,0,
30/09/2018,1,14,0,
31/10/2018,1,14,0,
30/11/2018,1,14,0,
31/12/2018,1,14,0,
31/01/2019,1,14,0,
28/02/2019,1,14,0,
31/03/2019,1,14,0,
30/04/2019,1,14,0,
31/05/2019,1,14,0,
30/06/2019,1,14,1,
31/07/2019,1,14,1,
31/08/2019,1,14,0,
30/09/2019,1,14,0,
31/10/2019,1,14,0,
30/11/2019,1,14,0,
31/12/2019,1,14,0,
31/01/2020,1,14,0,
29/02/2020,1,14,0,
31/03/2020,1,14,0,
30/04/2020,1,14,0,
31/05/2020,1,14,0,
30/06/2020,1,14,0,
31/07/2020,1,14,0,
31/08/2020,1,14,0,
30/09/2020,1,14,0,
31/10/2020,1,14,0,
30/11/2020,1,14,0,
31/12/2020,1,14,0,
31/01/2021,1,14,0,
28/02/2021,1,14,0,
31/03/2021,1,14,0,
30/04/2021,1,14,0,
31/05/2021,1,14,1,
30/06/2021,1,14,1,
31/07/2021,1,14,1,
31/08/2021,1,14,1,
30/09/2021,1,14,1,
31/10/2021,1,14,1,
30/11/2021,1,14,3,
31/12/2021,1,14,2,
31/01/2022,1,14,2,
28/02/2022,1,14,2,
31/03/2022,1,14,4,
30/04/2022,1,14,6,
31/05/2022,1,14,8,
30/06/2022,1,14,11,
31/07/2022,1,14,12,
31/08/2022,1,14,14,
30/09/2022,1,14,24,
31/10/2022,1,14,30,
30/11/2022,1,14,37,
31/12/2022,1,14,40,
31/01/2023,1,14,43,43
28/02/2023,1,14,57,57
31/03/2023,1,14,68,68
30/04/2023,1,14,73,73
31/05/2023,1,14,88,88
30/06/2023,1,14,98,98
31/07/2023,1,14,111,111
31/08/2023,1,14,117,117
30/09/2023,1,14,129,129
31/10/2023,1,14,148,148
30/11/2023,1,14,150,150
31/12/2023,1,14,158,158
31/01/2024,1,14,160,160
29/02/2024,1,14,167,167
31/03/2024,1,14,184,184
30/04/2024,1,14,209,209
31/05/2024,1,14,214,214
30/06/2024,1,14,228,228
31/07/2024,1,14,255,255
31/08/2024,1,14,273,273
30/09/2024,1,14,294,294
31/10/2024,1,14,319,319
30/11/2024,1,14,335,335
31/12/2024,1,14,353,353
31/01/2025,1,14,373,373
28/02/2025,1,14,413,413
31/03/2025,1,14,405,405
30/04/2025,1,14,333,333
31/05/2025,1,14,94,94
30/06/2025,1,14,75,75
31/07/2025,1,14,65,65
31/08/2025,1,14,53,53
30/09/2025,1,14,36,36
31/10/2025,1,14,29,29
30/11/2025,1,14,23,23
31/12/2025,1,14,17,17
31/01/2026,1,14,15,15
31/03/2010,2,20,61750,
30/04/2010,2,20,62052,
31/05/2010,2,20,61687,
30/06/2010,2,20,61061,
31/07/2010,2,20,60941,
31/08/2010,2,20,61090,
30/09/2010,2,20,61447,
31/10/2010,2,20,62279,
30/11/2010,2,20,63479,
31/12/2010,2,20,63458,
31/01/2011,2,20,64120,
28/02/2011,2,20,64226,
31/03/2011,2,20,64246,
30/04/2011,2,20,64516,
31/05/2011,2,20,63641,
30/06/2011,2,20,63455,
31/07/2011,2,20,63227,
31/08/2011,2,20,63764,
30/09/2011,2,20,63740,
31/10/2011,2,20,64236,
30/11/2011,2,20,65036,
31/12/2011,2,20,64479,
31/01/2012,2,20,64626,
29/02/2012,2,20,63708,
31/03/2012,2,20,64806,
30/04/2012,2,20,65066,
31/05/2012,2,20,64403,
30/06/2012,2,20,64243,
31/07/2012,2,20,64453,
31/08/2012,2,20,64486,
30/09/2012,2,20,64821,
31/10/2012,2,20,65440,
30/11/2012,2,20,65408,
31/12/2012,2,20,65748,
31/01/2013,2,20,65516,
28/02/2013,2,20,65846,
31/03/2013,2,20,65997,
30/04/2013,2,20,66684,
31/05/2013,2,20,66428,
30/06/2013,2,20,67366,
31/07/2013,2,20,68427,
31/08/2013,2,20,69309,
30/09/2013,2,20,70030,
31/10/2013,2,20,71615,
30/11/2013,2,20,72304,
31/12/2013,2,20,71712,
31/01/2014,2,20,71550,
28/02/2014,2,20,72096,
31/03/2014,2,20,72168,
30/04/2014,2,20,72120,
31/05/2014,2,20,72316,
30/06/2014,2,20,71844,
31/07/2014,2,20,71845,
31/08/2014,2,20,72627,
30/09/2014,2,20,73648,
31/10/2014,2,20,74557,
30/11/2014,2,20,75181,
31/12/2014,2,20,74748,
31/01/2015,2,20,75290,
28/02/2015,2,20,75827,
31/03/2015,2,20,76461,
30/04/2015,2,20,76819,
31/05/2015,2,20,77517,
30/06/2015,2,20,77314,
31/07/2015,2,20,77197,
31/08/2015,2,20,77978,
30/09/2015,2,20,78681,
31/10/2015,2,20,79643,
30/11/2015,2,20,80541,
31/12/2015,2,20,80180,
31/01/2016,2,20,80202,
29/02/2016,2,20,80519,
31/03/2016,2,20,80664,
30/04/2016,2,20,81025,
31/05/2016,2,20,81652,
30/06/2016,2,20,81076,
31/07/2016,2,20,81686,
31/08/2016,2,20,82190,
30/09/2016,2,20,82974,
31/10/2016,2,20,83555,
30/11/2016,2,20,84213,
31/12/2016,2,20,83235,
31/01/2017,2,20,83519,
28/02/2017,2,20,82268,
31/03/2017,2,20,82451,
30/04/2017,2,20,82515,
31/05/2017,2,20,82509,
30/06/2017,2,20,82973,
31/07/2017,2,20,83276,
31/08/2017,2,20,85115,
30/09/2017,2,20,86722,
31/10/2017,2,20,87274,
30/11/2017,2,20,87973,
31/12/2017,2,20,87210,
31/01/2018,2,20,87521,
28/02/2018,2,20,87219,
31/03/2018,2,20,87288,
30/04/2018,2,20,87721,
31/05/2018,2,20,87460,
30/06/2018,2,20,87691,
31/07/2018,2,20,88215,
31/08/2018,2,20,88973,
30/09/2018,2,20,89448,
31/10/2018,2,20,90241,
30/11/2018,2,20,90753,
31/12/2018,2,20,90120,
31/01/2019,2,20,90166,
28/02/2019,2,20,90460,
31/03/2019,2,20,91354,
30/04/2019,2,20,91786,
31/05/2019,2,20,91741,
30/06/2019,2,20,91416,
31/07/2019,2,20,91887,
31/08/2019,2,20,92184,
30/09/2019,2,20,92492,
31/10/2019,2,20,93604,
30/11/2019,2,20,94297,
31/12/2019,2,20,93458,
31/01/2020,2,20,94151,
29/02/2020,2,20,95148,
31/03/2020,2,20,95771,
30/04/2020,2,20,96044,
31/05/2020,2,20,95183,
30/06/2020,2,20,94998,
31/07/2020,2,20,94775,
31/08/2020,2,20,94890,
30/09/2020,2,20,95524,
31/10/2020,2,20,96246,
30/11/2020,2,20,99002,
31/12/2020,2,20,98297,
31/01/2021,2,20,98556,
28/02/2021,2,20,98814,
31/03/2021,2,20,98457,
30/04/2021,2,20,98231,
31/05/2021,2,20,97813,
30/06/2021,2,20,97722,
31/07/2021,2,20,100940,
31/08/2021,2,20,100853,
30/09/2021,2,20,101456,
31/10/2021,2,20,101834,
30/11/2021,2,20,102691,
31/12/2021,2,20,102075,
31/01/2022,2,20,102276,
28/02/2022,2,20,102574,
31/03/2022,2,20,103266,
30/04/2022,2,20,103501,
31/05/2022,2,20,103188,
30/06/2022,2,20,102974,
31/07/2022,2,20,103257,
31/08/2022,2,20,104119,
30/09/2022,2,20,104468,
31/10/2022,2,20,105547,
30/11/2022,2,20,106421,
31/12/2022,2,20,105116,
31/01/2023,2,20,105761,105761
28/02/2023,2,20,107090,107090
31/03/2023,2,20,107374,107374
30/04/2023,2,20,107348,107348
31/05/2023,2,20,107153,107153
30/06/2023,2,20,107083,107083
31/07/2023,2,20,107611,107611
31/08/2023,2,20,108058,108058
30/09/2023,2,20,108504,108504
31/10/2023,2,20,108680,108680
30/11/2023,2,20,109110,109110
31/12/2023,2,20,108481,108481
31/01/2024,2,20,108957,108957
29/02/2024,2,20,109837,109837
31/03/2024,2,20,109825,109825
30/04/2024,2,20,110212,110212
31/05/2024,2,20,109896,109896
30/06/2024,2,20,109626,109626
31/07/2024,2,20,109908,109908
31/08/2024,2,20,110318,110318
30/09/2024,2,20,110800,110800
31/10/2024,2,20,111493,111493
30/11/2024,2,20,112045,112045
31/12/2024,2,20,111152,111152
31/01/2025,2,20,111648,111648
28/02/2025,2,20,112213,112213
31/03/2025,2,20,112387,112387
30/04/2025,2,20,111834,111834
31/05/2025,2,20,110872,110872
30/06/2025,2,20,110960,110960
31/07/2025,2,20,111261,111261
31/08/2025,2,20,111639,111639
30/09/2025,2,20,112323,112323
31/10/2025,2,20,112845,112845
30/11/2025,2,20,113629,113629
31/12/2025,2,20,113452,113452
31/01/2026,2,20,113790,113790
31/03/2010,2,21,16282,
30/04/2010,2,21,16464,
31/05/2010,2,21,16117,
30/06/2010,2,21,16613,
31/07/2010,2,21,16584,
31/08/2010,2,21,16503,
30/09/2010,2,21,16517,
31/10/2010,2,21,16595,
30/11/2010,2,21,16544,
31/12/2010,2,21,16431,
31/01/2011,2,21,16468,
28/02/2011,2,21,16533,
31/03/2011,2,21,16836,
30/04/2011,2,21,16923,
31/05/2011,2,21,17005,
30/06/2011,2,21,16917,
31/07/2011,2,21,17004,
31/08/2011,2,21,16972,
30/09/2011,2,21,16938,
31/10/2011,2,21,17144,
30/11/2011,2,21,16920,
31/12/2011,2,21,16698,
31/01/2012,2,21,16744,
29/02/2012,2,21,16903,
31/03/2012,2,21,16792,
30/04/2012,2,21,17026,
31/05/2012,2,21,17045,
30/06/2012,2,21,17062,
31/07/2012,2,21,16981,
31/08/2012,2,21,16879,
30/09/2012,2,21,16805,
31/10/2012,2,21,16713,
30/11/2012,2,21,16725,
31/12/2012,2,21,16521,
31/01/2013,2,21,16705,
28/02/2013,2,21,16727,
31/03/2013,2,21,16795,
30/04/2013,2,21,16825,
31/05/2013,2,21,16971,
30/06/2013,2,21,16741,
31/07/2013,2,21,16641,
31/08/2013,2,21,16460,
30/09/2013,2,21,16320,
31/10/2013,2,21,16344,
30/11/2013,2,21,16305,
31/12/2013,2,21,16083,
31/01/2014,2,21,16126,
28/02/2014,2,21,16073,
31/03/2014,2,21,16208,
30/04/2014,2,21,16382,
31/05/2014,2,21,16485,
30/06/2014,2,21,16544,
31/07/2014,2,21,16722,
31/08/2014,2,21,16610,
30/09/2014,2,21,16545,
31/10/2014,2,21,16663,
30/11/2014,2,21,16660,
31/12/2014,2,21,16424,
31/01/2015,2,21,16404,
28/02/2015,2,21,16280,
31/03/2015,2,21,16438,
30/04/2015,2,21,16686,
31/05/2015,2,21,16885,
30/06/2015,2,21,16955,
31/07/2015,2,21,16994,
31/08/2015,2,21,17159,
30/09/2015,2,21,17133,
31/10/2015,2,21,17239,
30/11/2015,2,21,17364,
31/12/2015,2,21,17259,
31/01/2016,2,21,17304,
29/02/2016,2,21,17530,
31/03/2016,2,21,17661,
30/04/2016,2,21,17783,
31/05/2016,2,21,17916,
30/06/2016,2,21,18151,
31/07/2016,2,21,18108,
31/08/2016,2,21,18063,
30/09/2016,2,21,18100,
31/10/2016,2,21,17992,
30/11/2016,2,21,18043,
31/12/2016,2,21,17827,
31/01/2017,2,21,17857,
28/02/2017,2,21,17945,
31/03/2017,2,21,18251,
30/04/2017,2,21,18274,
31/05/2017,2,21,18339,
30/06/2017,2,21,18526,
31/07/2017,2,21,18536,
31/08/2017,2,21,18699,
30/09/2017,2,21,18699,
31/10/2017,2,21,18777,
30/11/2017,2,21,18797,
31/12/2017,2,21,18694,
31/01/2018,2,21,18784,
28/02/2018,2,21,19028,
31/03/2018,2,21,19131,
30/04/2018,2,21,19312,
31/05/2018,2,21,19545,
30/06/2018,2,21,19521,
31/07/2018,2,21,19592,
31/08/2018,2,21,19707,
30/09/2018,2,21,19898,
31/10/2018,2,21,19814,
30/11/2018,2,21,20008,
31/12/2018,2,21,19594,
31/01/2019,2,21,19547,
28/02/2019,2,21,19529,
31/03/2019,2,21,19413,
30/04/2019,2,21,19610,
31/05/2019,2,21,19771,
30/06/2019,2,21,19966,
31/07/2019,2,21,20084,
31/08/2019,2,21,20158,
30/09/2019,2,21,20187,
31/10/2019,2,21,20294,
30/11/2019,2,21,20436,
31/12/2019,2,21,20067,
31/01/2020,2,21,20141,
29/02/2020,2,21,20371,
31/03/2020,2,21,20505,
30/04/2020,2,21,20413,
31/05/2020,2,21,20240,
30/06/2020,2,21,20305,
31/07/2020,2,21,20449,
31/08/2020,2,21,20517,
30/09/2020,2,21,20581,
31/10/2020,2,21,20817,
30/11/2020,2,21,20902,
31/12/2020,2,21,20775,
31/01/2021,2,21,20872,
28/02/2021,2,21,21057,
31/03/2021,2,21,21328,
30/04/2021,2,21,21398,
31/05/2021,2,21,21745,
30/06/2021,2,21,21545,
31/07/2021,2,21,20977,
31/08/2021,2,21,22711,
30/09/2021,2,21,23239,
31/10/2021,2,21,23647,
30/11/2021,2,21,23795,
31/12/2021,2,21,23605,
31/01/2022,2,21,23800,
28/02/2022,2,21,23877,
31/03/2022,2,21,24195,
30/04/2022,2,21,24426,
31/05/2022,2,21,24776,
30/06/2022,2,21,25049,
31/07/2022,2,21,25371,
31/08/2022,2,21,25657,
30/09/2022,2,21,26088,
31/10/2022,2,21,26441,
30/11/2022,2,21,26724,
31/12/2022,2,21,26425,
31/01/2023,2,21,26701,26701
28/02/2023,2,21,26951,26951
31/03/2023,2,21,27268,27268
30/04/2023,2,21,27449,27449
31/05/2023,2,21,27612,27612
30/06/2023,2,21,27469,27469
31/07/2023,2,21,27654,27654
31/08/2023,2,21,27644,27644
30/09/2023,2,21,27676,27676
31/10/2023,2,21,27679,27679
30/11/2023,2,21,27707,27707
31/12/2023,2,21,27335,27335
31/01/2024,2,21,27224,27224
29/02/2024,2,21,27383,27383
31/03/2024,2,21,27555,27555
30/04/2024,2,21,27201,27201
31/05/2024,2,21,27217,27217
30/06/2024,2,21,27346,27346
31/07/2024,2,21,27364,27364
31/08/2024,2,21,27403,27403
30/09/2024,2,21,27325,27325
31/10/2024,2,21,27236,27236
30/11/2024,2,21,27258,27258
31/12/2024,2,21,27148,27148
31/01/2025,2,21,28260,28260
28/02/2025,2,21,28524,28524
31/03/2025,2,21,28600,28600
30/04/2025,2,21,28742,28742
31/05/2025,2,21,28737,28737
30/06/2025,2,21,28654,28654
31/07/2025,2,21,28463,28463
31/08/2025,2,21,28470,28470
30/09/2025,2,21,28294,28294
31/10/2025,2,21,28236,28236
30/11/2025,2,21,28251,28251
31/12/2025,2,21,27956,27956
31/01/2026,2,21,27999,27999
31/03/2010,2,22,727,
30/04/2010,2,22,727,
31/05/2010,2,22,727,
30/06/2010,2,22,723,
31/07/2010,2,22,719,
31/08/2010,2,22,717,
30/09/2010,2,22,720,
31/10/2010,2,22,692,
30/11/2010,2,22,695,
31/12/2010,2,22,676,
31/01/2011,2,22,624,
28/02/2011,2,22,620,
31/03/2011,2,22,619,
30/04/2011,2,22,615,
31/05/2011,2,22,600,
30/06/2011,2,22,594,
31/07/2011,2,22,585,
31/08/2011,2,22,596,
30/09/2011,2,22,604,
31/10/2011,2,22,609,
30/11/2011,2,22,610,
31/12/2011,2,22,609,
31/01/2012,2,22,616,
29/02/2012,2,22,613,
31/03/2012,2,22,611,
30/04/2012,2,22,625,
31/05/2012,2,22,636,
30/06/2012,2,22,681,
31/07/2012,2,22,700,
31/08/2012,2,22,732,
30/09/2012,2,22,737,
31/10/2012,2,22,777,
30/11/2012,2,22,794,
31/12/2012,2,22,824,
31/01/2013,2,22,848,
28/02/2013,2,22,845,
31/03/2013,2,22,853,
30/04/2013,2,22,879,
31/05/2013,2,22,879,
30/06/2013,2,22,871,
31/07/2013,2,22,885,
31/08/2013,2,22,872,
30/09/2013,2,22,871,
31/10/2013,2,22,874,
30/11/2013,2,22,863,
31/12/2013,2,22,794,
31/01/2014,2,22,837,
28/02/2014,2,22,840,
31/03/2014,2,22,843,
30/04/2014,2,22,850,
31/05/2014,2,22,860,
30/06/2014,2,22,863,
31/07/2014,2,22,860,
31/08/2014,2,22,854,
30/09/2014,2,22,859,
31/10/2014,2,22,864,
30/11/2014,2,22,859,
31/12/2014,2,22,843,
31/01/2015,2,22,804,
28/02/2015,2,22,810,
31/03/2015,2,22,806,
30/04/2015,2,22,826,
31/05/2015,2,22,836,
30/06/2015,2,22,848,
31/07/2015,2,22,860,
31/08/2015,2,22,863,
30/09/2015,2,22,863,
31/10/2015,2,22,863,
30/11/2015,2,22,866,
31/12/2015,2,22,868,
31/01/2016,2,22,917,
29/02/2016,2,22,947,
31/03/2016,2,22,920,
30/04/2016,2,22,901,
31/05/2016,2,22,902,
30/06/2016,2,22,894,
31/07/2016,2,22,898,
31/08/2016,2,22,904,
30/09/2016,2,22,893,
31/10/2016,2,22,898,
30/11/2016,2,22,912,
31/12/2016,2,22,905,
31/01/2017,2,22,912,
28/02/2017,2,22,915,
31/03/2017,2,22,907,
30/04/2017,2,22,929,
31/05/2017,2,22,946,
30/06/2017,2,22,933,
31/07/2017,2,22,924,
31/08/2017,2,22,909,
30/09/2017,2,22,899,
31/10/2017,2,22,895,
30/11/2017,2,22,897,
31/12/2017,2,22,870,
31/01/2018,2,22,896,
28/02/2018,2,22,910,
31/03/2018,2,22,1228,
30/04/2018,2,22,1260,
31/05/2018,2,22,1264,
30/06/2018,2,22,1251,
31/07/2018,2,22,1256,
31/08/2018,2,22,1238,
30/09/2018,2,22,1205,
31/10/2018,2,22,1210,
30/11/2018,2,22,1197,
31/12/2018,2,22,1211,
31/01/2019,2,22,1282,
28/02/2019,2,22,1264,
31/03/2019,2,22,1265,
30/04/2019,2,22,1255,
31/05/2019,2,22,1245,
30/06/2019,2,22,1252,
31/07/2019,2,22,1265,
31/08/2019,2,22,1300,
30/09/2019,2,22,1255,
31/10/2019,2,22,1153,
30/11/2019,2,22,1165,
31/12/2019,2,22,1153,
31/01/2020,2,22,1187,
29/02/2020,2,22,1192,
31/03/2020,2,22,1264,
30/04/2020,2,22,1233,
31/05/2020,2,22,1210,
30/06/2020,2,22,1213,
31/07/2020,2,22,1239,
31/08/2020,2,22,1252,
30/09/2020,2,22,1293,
31/10/2020,2,22,1310,
30/11/2020,2,22,1341,
31/12/2020,2,22,1312,
31/01/2021,2,22,1322,
28/02/2021,2,22,1340,
31/03/2021,2,22,1344,
30/04/2021,2,22,1346,
31/05/2021,2,22,1349,
30/06/2021,2,22,1352,
31/07/2021,2,22,1450,
31/08/2021,2,22,1292,
30/09/2021,2,22,807,
31/10/2021,2,22,729,
30/11/2021,2,22,751,
31/12/2021,2,22,743,
31/01/2022,2,22,767,
28/02/2022,2,22,768,
31/03/2022,2,22,821,
30/04/2022,2,22,831,
31/05/2022,2,22,838,
30/06/2022,2,22,842,
31/07/2022,2,22,863,
31/08/2022,2,22,883,
30/09/2022,2,22,886,
31/10/2022,2,22,908,
30/11/2022,2,22,910,
31/12/2022,2,22,882,
31/01/2023,2,22,852,852
28/02/2023,2,22,840,840
31/03/2023,2,22,839,839
30/04/2023,2,22,849,849
31/05/2023,2,22,841,841
30/06/2023,2,22,842,842
31/07/2023,2,22,838,838
31/08/2023,2,22,843,843
30/09/2023,2,22,842,842
31/10/2023,2,22,844,844
30/11/2023,2,22,834,834
31/12/2023,2,22,830,830
31/01/2024,2,22,784,784
29/02/2024,2,22,778,778
31/03/2024,2,22,775,775
30/04/2024,2,22,765,765
31/05/2024,2,22,760,760
30/06/2024,2,22,763,763
31/07/2024,2,22,722,722
31/08/2024,2,22,713,713
30/09/2024,2,22,709,709
31/10/2024,2,22,707,707
30/11/2024,2,22,709,709
31/12/2024,2,22,703,703
31/01/2025,2,22,671,671
28/02/2025,2,22,670,670
31/03/2025,2,22,671,671
30/04/2025,2,22,672,672
31/05/2025,2,22,665,665
30/06/2025,2,22,684,684
31/07/2025,2,22,696,696
31/08/2025,2,22,714,714
30/09/2025,2,22,712,712
31/10/2025,2,22,723,723
30/11/2025,2,22,755,755
31/12/2025,2,22,749,749
31/01/2026,2,22,756,756
31/03/2010,2,23,5270,
30/04/2010,2,23,5316,
31/05/2010,2,23,5313,
30/06/2010,2,23,5312,
31/07/2010,2,23,5264,
31/08/2010,2,23,5220,
30/09/2010,2,23,5259,
31/10/2010,2,23,5342,
30/11/2010,2,23,5395,
31/12/2010,2,23,5338,
31/01/2011,2,23,5338,
28/02/2011,2,23,5323,
31/03/2011,2,23,5307,
30/04/2011,2,23,5294,
31/05/2011,2,23,5340,
30/06/2011,2,23,5311,
31/07/2011,2,23,5397,
31/08/2011,2,23,5442,
30/09/2011,2,23,5521,
31/10/2011,2,23,5561,
30/11/2011,2,23,5596,
31/12/2011,2,23,5488,
31/01/2012,2,23,5535,
29/02/2012,2,23,5474,
31/03/2012,2,23,5523,
30/04/2012,2,23,5352,
31/05/2012,2,23,5316,
30/06/2012,2,23,5353,
31/07/2012,2,23,5331,
31/08/2012,2,23,5345,
30/09/2012,2,23,5480,
31/10/2012,2,23,5535,
30/11/2012,2,23,5499,
31/12/2012,2,23,5428,
31/01/2013,2,23,5431,
28/02/2013,2,23,5423,
31/03/2013,2,23,5443,
30/04/2013,2,23,5446,
31/05/2013,2,23,5500,
30/06/2013,2,23,5864,
31/07/2013,2,23,5869,
31/08/2013,2,23,5481,
30/09/2013,2,23,5465,
31/10/2013,2,23,5516,
30/11/2013,2,23,5480,
31/12/2013,2,23,5423,
31/01/2014,2,23,5380,
28/02/2014,2,23,5186,
31/03/2014,2,23,5215,
30/04/2014,2,23,5219,
31/05/2014,2,23,5244,
30/06/2014,2,23,5214,
31/07/2014,2,23,5199,
31/08/2014,2,23,5204,
30/09/2014,2,23,5240,
31/10/2014,2,23,5278,
30/11/2014,2,23,5301,
31/12/2014,2,23,5281,
31/01/2015,2,23,5282,
28/02/2015,2,23,5301,
31/03/2015,2,23,5322,
30/04/2015,2,23,5326,
31/05/2015,2,23,5406,
30/06/2015,2,23,5391,
31/07/2015,2,23,5376,
31/08/2015,2,23,5372,
30/09/2015,2,23,5270,
31/10/2015,2,23,5452,
30/11/2015,2,23,5531,
31/12/2015,2,23,5501,
31/01/2016,2,23,5422,
29/02/2016,2,23,5308,
31/03/2016,2,23,5275,
30/04/2016,2,23,5309,
31/05/2016,2,23,5323,
30/06/2016,2,23,5220,
31/07/2016,2,23,5205,
31/08/2016,2,23,5339,
30/09/2016,2,23,5356,
31/10/2016,2,23,5348,
30/11/2016,2,23,5379,
31/12/2016,2,23,5148,
31/01/2017,2,23,5342,
28/02/2017,2,23,5292,
31/03/2017,2,23,5217,
30/04/2017,2,23,5217,
31/05/2017,2,23,5365,
30/06/2017,2,23,5497,
31/07/2017,2,23,5488,
31/08/2017,2,23,5520,
30/09/2017,2,23,5526,
31/10/2017,2,23,5620,
30/11/2017,2,23,5580,
31/12/2017,2,23,5457,
31/01/2018,2,23,5529,
28/02/2018,2,23,5381,
31/03/2018,2,23,5198,
30/04/2018,2,23,5112,
31/05/2018,2,23,5131,
30/06/2018,2,23,4945,
31/07/2018,2,23,4988,
31/08/2018,2,23,4985,
30/09/2018,2,23,4905,
31/10/2018,2,23,4817,
30/11/2018,2,23,4869,
31/12/2018,2,23,4771,
31/01/2019,2,23,4721,
28/02/2019,2,23,4706,
31/03/2019,2,23,4693,
30/04/2019,2,23,4646,
31/05/2019,2,23,4611,
30/06/2019,2,23,4580,
31/07/2019,2,23,4593,
31/08/2019,2,23,4550,
30/09/2019,2,23,4582,
31/10/2019,2,23,4573,
30/11/2019,2,23,4566,
31/12/2019,2,23,4238,
31/01/2020,2,23,4180,
29/02/2020,2,23,4259,
31/03/2020,2,23,4245,
30/04/2020,2,23,4251,
31/05/2020,2,23,4137,
30/06/2020,2,23,3923,
31/07/2020,2,23,4086,
31/08/2020,2,23,4099,
30/09/2020,2,23,3997,
31/10/2020,2,23,4006,
30/11/2020,2,23,4237,
31/12/2020,2,23,4230,
31/01/2021,2,23,4349,
28/02/2021,2,23,4341,
31/03/2021,2,23,4345,
30/04/2021,2,23,4327,
31/05/2021,2,23,4481,
30/06/2021,2,23,4496,
31/07/2021,2,23,5061,
31/08/2021,2,23,5090,
30/09/2021,2,23,4967,
31/10/2021,2,23,4997,
30/11/2021,2,23,5054,
31/12/2021,2,23,5025,
31/01/2022,2,23,4986,
28/02/2022,2,23,5009,
31/03/2022,2,23,4998,
30/04/2022,2,23,4968,
31/05/2022,2,23,5016,
30/06/2022,2,23,4936,
31/07/2022,2,23,4928,
31/08/2022,2,23,4927,
30/09/2022,2,23,4923,
31/10/2022,2,23,4831,
30/11/2022,2,23,4792,
31/12/2022,2,23,4653,
31/01/2023,2,23,4610,4610
28/02/2023,2,23,4658,4658
31/03/2023,2,23,4702,4702
30/04/2023,2,23,4694,4694
31/05/2023,2,23,4774,4774
30/06/2023,2,23,4799,4799
31/07/2023,2,23,4728,4728
31/08/2023,2,23,4680,4680
30/09/2023,2,23,4761,4761
31/10/2023,2,23,4774,4774
30/11/2023,2,23,4773,4773
31/12/2023,2,23,4745,4745
31/01/2024,2,23,4703,4703
29/02/2024,2,23,4699,4699
31/03/2024,2,23,4734,4734
30/04/2024,2,23,4699,4699
31/05/2024,2,23,4727,4727
30/06/2024,2,23,4742,4742
31/07/2024,2,23,4783,4783
31/08/2024,2,23,4593,4593
30/09/2024,2,23,4507,4507
31/10/2024,2,23,4533,4533
30/11/2024,2,23,4464,4464
31/12/2024,2,23,4442,4442
31/01/2025,2,23,4401,4401
28/02/2025,2,23,4202,4202
31/03/2025,2,23,4195,4195
30/04/2025,2,23,4158,4158
31/05/2025,2,23,4109,4109
30/06/2025,2,23,4067,4067
31/07/2025,2,23,4036,4036
31/08/2025,2,23,3992,3992
30/09/2025,2,23,3953,3953
31/10/2025,2,23,3935,3935
30/11/2025,2,23,3867,3867
31/12/2025,2,23,3810,3810
31/01/2026,2,23,3792,3792
31/03/2010,2,24,12164,
30/04/2010,2,24,12311,
31/05/2010,2,24,12381,
30/06/2010,2,24,12328,
31/07/2010,2,24,12314,
31/08/2010,2,24,12364,
30/09/2010,2,24,12245,
31/10/2010,2,24,12376,
30/11/2010,2,24,12354,
31/12/2010,2,24,12402,
31/01/2011,2,24,12271,
28/02/2011,2,24,12291,
31/03/2011,2,24,12660,
30/04/2011,2,24,12743,
31/05/2011,2,24,12806,
30/06/2011,2,24,12821,
31/07/2011,2,24,12796,
31/08/2011,2,24,12691,
30/09/2011,2,24,12667,
31/10/2011,2,24,12676,
30/11/2011,2,24,12811,
31/12/2011,2,24,12571,
31/01/2012,2,24,12515,
29/02/2012,2,24,12591,
31/03/2012,2,24,12669,
30/04/2012,2,24,12713,
31/05/2012,2,24,12639,
30/06/2012,2,24,12789,
31/07/2012,2,24,12972,
31/08/2012,2,24,12800,
30/09/2012,2,24,12884,
31/10/2012,2,24,12871,
30/11/2012,2,24,12687,
31/12/2012,2,24,12474,
31/01/2013,2,24,12382,
28/02/2013,2,24,12646,
31/03/2013,2,24,12609,
30/04/2013,2,24,12516,
31/05/2013,2,24,12391,
30/06/2013,2,24,12560,
31/07/2013,2,24,12889,
31/08/2013,2,24,12426,
30/09/2013,2,24,12423,
31/10/2013,2,24,12246,
30/11/2013,2,24,12338,
31/12/2013,2,24,12268,
31/01/2014,2,24,12026,
28/02/2014,2,24,12155,
31/03/2014,2,24,12158,
30/04/2014,2,24,11988,
31/05/2014,2,24,11856,
30/06/2014,2,24,11802,
31/07/2014,2,24,11680,
31/08/2014,2,24,11618,
30/09/2014,2,24,11615,
31/10/2014,2,24,11852,
30/11/2014,2,24,11885,
31/12/2014,2,24,11631,
31/01/2015,2,24,11360,
28/02/2015,2,24,11214,
31/03/2015,2,24,11145,
30/04/2015,2,24,11149,
31/05/2015,2,24,11172,
30/06/2015,2,24,11442,
31/07/2015,2,24,11486,
31/08/2015,2,24,11532,
30/09/2015,2,24,11818,
31/10/2015,2,24,12785,
30/11/2015,2,24,13015,
31/12/2015,2,24,12988,
31/01/2016,2,24,13251,
29/02/2016,2,24,13284,
31/03/2016,2,24,13069,
30/04/2016,2,24,13172,
31/05/2016,2,24,13186,
30/06/2016,2,24,13414,
31/07/2016,2,24,13535,
31/08/2016,2,24,13586,
30/09/2016,2,24,13739,
31/10/2016,2,24,13802,
30/11/2016,2,24,13819,
31/12/2016,2,24,13717,
31/01/2017,2,24,13178,
28/02/2017,2,24,13040,
31/03/2017,2,24,13190,
30/04/2017,2,24,13257,
31/05/2017,2,24,13322,
30/06/2017,2,24,13342,
31/07/2017,2,24,13329,
31/08/2017,2,24,13409,
30/09/2017,2,24,13370,
31/10/2017,2,24,13307,
30/11/2017,2,24,13247,
31/12/2017,2,24,13164,
31/01/2018,2,24,13061,
28/02/2018,2,24,13116,
31/03/2018,2,24,13051,
30/04/2018,2,24,12921,
31/05/2018,2,24,12891,
30/06/2018,2,24,12833,
31/07/2018,2,24,12857,
31/08/2018,2,24,12853,
30/09/2018,2,24,12410,
31/10/2018,2,24,12598,
30/11/2018,2,24,12593,
31/12/2018,2,24,12506,
31/01/2019,2,24,12388,
28/02/2019,2,24,12457,
31/03/2019,2,24,12525,
30/04/2019,2,24,12428,
31/05/2019,2,24,12443,
30/06/2019,2,24,12166,
31/07/2019,2,24,12256,
31/08/2019,2,24,12070,
30/09/2019,2,24,12134,
31/10/2019,2,24,12230,
30/11/2019,2,24,12176,
31/12/2019,2,24,12242,
31/01/2020,2,24,11998,
29/02/2020,2,24,11986,
31/03/2020,2,24,11849,
30/04/2020,2,24,11286,
31/05/2020,2,24,11042,
30/06/2020,2,24,10678,
31/07/2020,2,24,10521,
31/08/2020,2,24,10361,
30/09/2020,2,24,10261,
31/10/2020,2,24,10224,
30/11/2020,2,24,10125,
31/12/2020,2,24,9966,
31/01/2021,2,24,10009,
28/02/2021,2,24,10129,
31/03/2021,2,24,10392,
30/04/2021,2,24,10515,
31/05/2021,2,24,10570,
30/06/2021,2,24,10634,
31/07/2021,2,24,10052,
31/08/2021,2,24,10180,
30/09/2021,2,24,10360,
31/10/2021,2,24,10464,
30/11/2021,2,24,10462,
31/12/2021,2,24,10327,
31/01/2022,2,24,10224,
28/02/2022,2,24,10285,
31/03/2022,2,24,10501,
30/04/2022,2,24,10470,
31/05/2022,2,24,10607,
30/06/2022,2,24,10539,
31/07/2022,2,24,10598,
31/08/2022,2,24,10614,
30/09/2022,2,24,11561,
31/10/2022,2,24,11376,
30/11/2022,2,24,11478,
31/12/2022,2,24,11464,
31/01/2023,2,24,11348,11348
28/02/2023,2,24,11507,11507
31/03/2023,2,24,11627,11627
30/04/2023,2,24,11119,11119
31/05/2023,2,24,11110,11110
30/06/2023,2,24,10921,10921
31/07/2023,2,24,10518,10518
31/08/2023,2,24,10659,10659
30/09/2023,2,24,10687,10687
31/10/2023,2,24,10729,10729
30/11/2023,2,24,10813,10813
31/12/2023,2,24,10593,10593
31/01/2024,2,24,10214,10214
29/02/2024,2,24,10376,10376
31/03/2024,2,24,10336,10336
30/04/2024,2,24,10311,10311
31/05/2024,2,24,10207,10207
30/06/2024,2,24,10081,10081
31/07/2024,2,24,10078,10078
31/08/2024,2,24,9505,9505
30/09/2024,2,24,9456,9456
31/10/2024,2,24,9495,9495
30/11/2024,2,24,9531,9531
31/12/2024,2,24,9392,9392
31/01/2025,2,24,9329,9329
28/02/2025,2,24,9395,9395
31/03/2025,2,24,9400,9400
30/04/2025,2,24,9270,9270
31/05/2025,2,24,9168,9168
30/06/2025,2,24,9198,9198
31/07/2025,2,24,9309,9309
31/08/2025,2,24,9154,9154
30/09/2025,2,24,9334,9334
31/10/2025,2,24,9293,9293
30/11/2025,2,24,9261,9261
31/12/2025,2,24,9124,9124
31/01/2026,2,24,9629,9629
31/03/2010,2,25,18120,
30/04/2010,2,25,17988,
31/05/2010,2,25,17937,
30/06/2010,2,25,17975,
31/07/2010,2,25,17883,
31/08/2010,2,25,17856,
30/09/2010,2,25,17801,
31/10/2010,2,25,17973,
30/11/2010,2,25,18057,
31/12/2010,2,25,17527,
31/01/2011,2,25,18063,
28/02/2011,2,25,18192,
31/03/2011,2,25,18255,
30/04/2011,2,25,18104,
31/05/2011,2,25,18163,
30/06/2011,2,25,18197,
31/07/2011,2,25,18353,
31/08/2011,2,25,18193,
30/09/2011,2,25,18182,
31/10/2011,2,25,18229,
30/11/2011,2,25,18074,
31/12/2011,2,25,17505,
31/01/2012,2,25,17743,
29/02/2012,2,25,17840,
31/03/2012,2,25,18151,
30/04/2012,2,25,18795,
31/05/2012,2,25,18838,
30/06/2012,2,25,18957,
31/07/2012,2,25,18915,
31/08/2012,2,25,18964,
30/09/2012,2,25,18817,
31/10/2012,2,25,18658,
30/11/2012,2,25,18642,
31/12/2012,2,25,18354,
31/01/2013,2,25,18589,
28/02/2013,2,25,18792,
31/03/2013,2,25,18767,
30/04/2013,2,25,18477,
31/05/2013,2,25,18214,
30/06/2013,2,25,17942,
31/07/2013,2,25,17745,
31/08/2013,2,25,17794,
30/09/2013,2,25,17894,
31/10/2013,2,25,17961,
30/11/2013,2,25,18104,
31/12/2013,2,25,17714,
31/01/2014,2,25,18121,
28/02/2014,2,25,18389,
31/03/2014,2,25,18258,
30/04/2014,2,25,18235,
31/05/2014,2,25,18352,
30/06/2014,2,25,17009,
31/07/2014,2,25,17874,
31/08/2014,2,25,17815,
30/09/2014,2,25,17734,
31/10/2014,2,25,17616,
30/11/2014,2,25,17581,
31/12/2014,2,25,17258,
31/01/2015,2,25,17458,
28/02/2015,2,25,17663,
31/03/2015,2,25,17621,
30/04/2015,2,25,17538,
31/05/2015,2,25,17435,
30/06/2015,2,25,17104,
31/07/2015,2,25,16946,
31/08/2015,2,25,16846,
30/09/2015,2,25,16866,
31/10/2015,2,25,16893,
30/11/2015,2,25,16906,
31/12/2015,2,25,16372,
31/01/2016,2,25,16775,
29/02/2016,2,25,17170,
31/03/2016,2,25,17273,
30/04/2016,2,25,17357,
31/05/2016,2,25,17557,
30/06/2016,2,25,17521,
31/07/2016,2,25,17826,
31/08/2016,2,25,17419,
30/09/2016,2,25,16594,
31/10/2016,2,25,16943,
30/11/2016,2,25,17795,
31/12/2016,2,25,18046,
31/01/2017,2,25,18334,
28/02/2017,2,25,19270,
31/03/2017,2,25,21192,
30/04/2017,2,25,23983,
31/05/2017,2,25,24549,
30/06/2017,2,25,23778,
31/07/2017,2,25,23174,
31/08/2017,2,25,23602,
30/09/2017,2,25,23294,
31/10/2017,2,25,22286,
30/11/2017,2,25,22314,
31/12/2017,2,25,21265,
31/01/2018,2,25,21157,
28/02/2018,2,25,21336,
31/03/2018,2,25,21199,
30/04/2018,2,25,21303,
31/05/2018,2,25,21357,
30/06/2018,2,25,21293,
31/07/2018,2,25,21485,
31/08/2018,2,25,21299,
30/09/2018,2,25,19949,
31/10/2018,2,25,19121,
30/11/2018,2,25,18555,
31/12/2018,2,25,15666,
31/01/2019,2,25,14631,
28/02/2019,2,25,14603,
31/03/2019,2,25,14517,
30/04/2019,2,25,14382,
31/05/2019,2,25,14274,
30/06/2019,2,25,14390,
31/07/2019,2,25,14404,
31/08/2019,2,25,14288,
30/09/2019,2,25,14184,
31/10/2019,2,25,14243,
30/11/2019,2,25,14332,
31/12/2019,2,25,14065,
31/01/2020,2,25,14182,
29/02/2020,2,25,14228,
31/03/2020,2,25,13914,
30/04/2020,2,25,12536,
31/05/2020,2,25,11422,
30/06/2020,2,25,10492,
31/07/2020,2,25,10083,
31/08/2020,2,25,9981,
30/09/2020,2,25,9876,
31/10/2020,2,25,9652,
30/11/2020,2,25,9656,
31/12/2020,2,25,9566,
31/01/2021,2,25,9717,
28/02/2021,2,25,9678,
31/03/2021,2,25,9546,
30/04/2021,2,25,9478,
31/05/2021,2,25,9480,
30/06/2021,2,25,9687,
31/07/2021,2,25,9346,
31/08/2021,2,25,9517,
30/09/2021,2,25,9477,
31/10/2021,2,25,9426,
30/11/2021,2,25,9441,
31/12/2021,2,25,9308,
31/01/2022,2,25,9331,
28/02/2022,2,25,9513,
31/03/2022,2,25,9715,
30/04/2022,2,25,9862,
31/05/2022,2,25,9619,
30/06/2022,2,25,9712,
31/07/2022,2,25,9767,
31/08/2022,2,25,9812,
30/09/2022,2,25,9833,
31/10/2022,2,25,9796,
30/11/2022,2,25,9836,
31/12/2022,2,25,9720,
31/01/2023,2,25,9843,9843
28/02/2023,2,25,9961,9961
31/03/2023,2,25,10082,10082
30/04/2023,2,25,10009,10009
31/05/2023,2,25,9931,9931
30/06/2023,2,25,9791,9791
31/07/2023,2,25,9683,9683
31/08/2023,2,25,9591,9591
30/09/2023,2,25,9519,9519
31/10/2023,2,25,9442,9442
30/11/2023,2,25,9253,9253
31/12/2023,2,25,9045,9045
31/01/2024,2,25,8839,8839
29/02/2024,2,25,8861,8861
31/03/2024,2,25,8740,8740
30/04/2024,2,25,8590,8590
31/05/2024,2,25,8429,8429
30/06/2024,2,25,8292,8292
31/07/2024,2,25,8274,8274
31/08/2024,2,25,8131,8131
30/09/2024,2,25,8072,8072
31/10/2024,2,25,8029,8029
30/11/2024,2,25,7999,7999
31/12/2024,2,25,7885,7885
31/01/2025,2,25,7686,7686
28/02/2025,2,25,7639,7639
31/03/2025,2,25,7658,7658
30/04/2025,2,25,7595,7595
31/05/2025,2,25,7490,7490
30/06/2025,2,25,7411,7411
31/07/2025,2,25,7316,7316
31/08/2025,2,25,7187,7187
30/09/2025,2,25,6977,6977
31/10/2025,2,25,7073,7073
30/11/2025,2,25,7283,7283
31/12/2025,2,25,7296,7296
31/01/2026,2,25,6724,6724
31/03/2010,2,26,2968,
30/04/2010,2,26,3012,
31/05/2010,2,26,3039,
30/06/2010,2,26,3019,
31/07/2010,2,26,3054,
31/08/2010,2,26,3012,
30/09/2010,2,26,2983,
31/10/2010,2,26,3035,
30/11/2010,2,26,3015,
31/12/2010,2,26,3025,
31/01/2011,2,26,2968,
28/02/2011,2,26,3002,
31/03/2011,2,26,3002,
30/04/2011,2,26,3029,
31/05/2011,2,26,3023,
30/06/2011,2,26,2997,
31/07/2011,2,26,2974,
31/08/2011,2,26,2968,
30/09/2011,2,26,2923,
31/10/2011,2,26,2932,
30/11/2011,2,26,2959,
31/12/2011,2,26,2966,
31/01/2012,2,26,3039,
29/02/2012,2,26,3054,
31/03/2012,2,26,3056,
30/04/2012,2,26,3132,
31/05/2012,2,26,3200,
30/06/2012,2,26,3216,
31/07/2012,2,26,3198,
31/08/2012,2,26,3161,
30/09/2012,2,26,3210,
31/10/2012,2,26,3212,
30/11/2012,2,26,3266,
31/12/2012,2,26,3203,
31/01/2013,2,26,3416,
28/02/2013,2,26,3436,
31/03/2013,2,26,3495,
30/04/2013,2,26,3529,
31/05/2013,2,26,3576,
30/06/2013,2,26,3574,
31/07/2013,2,26,3551,
31/08/2013,2,26,3552,
30/09/2013,2,26,3505,
31/10/2013,2,26,3520,
30/11/2013,2,26,3543,
31/12/2013,2,26,3500,
31/01/2014,2,26,3578,
28/02/2014,2,26,3616,
31/03/2014,2,26,3640,
30/04/2014,2,26,3600,
31/05/2014,2,26,3661,
30/06/2014,2,26,3674,
31/07/2014,2,26,3638,
31/08/2014,2,26,3747,
30/09/2014,2,26,3743,
31/10/2014,2,26,3769,
30/11/2014,2,26,3804,
31/12/2014,2,26,3786,
31/01/2015,2,26,3825,
28/02/2015,2,26,3880,
31/03/2015,2,26,3899,
30/04/2015,2,26,3929,
31/05/2015,2,26,3936,
30/06/2015,2,26,3995,
31/07/2015,2,26,3931,
31/08/2015,2,26,3945,
30/09/2015,2,26,3935,
31/10/2015,2,26,3977,
30/11/2015,2,26,3961,
31/12/2015,2,26,3960,
31/01/2016,2,26,4001,
29/02/2016,2,26,4047,
31/03/2016,2,26,4123,
30/04/2016,2,26,4214,
31/05/2016,2,26,4226,
30/06/2016,2,26,4226,
31/07/2016,2,26,4222,
31/08/2016,2,26,4257,
30/09/2016,2,26,4285,
31/10/2016,2,26,4330,
30/11/2016,2,26,4367,
31/12/2016,2,26,4299,
31/01/2017,2,26,4082,
28/02/2017,2,26,4076,
31/03/2017,2,26,4187,
30/04/2017,2,26,4226,
31/05/2017,2,26,4289,
30/06/2017,2,26,4309,
31/07/2017,2,26,4238,
31/08/2017,2,26,4274,
30/09/2017,2,26,4322,
31/10/2017,2,26,4448,
30/11/2017,2,26,4523,
31/12/2017,2,26,4487,
31/01/2018,2,26,4505,
28/02/2018,2,26,4601,
31/03/2018,2,26,4604,
30/04/2018,2,26,4745,
31/05/2018,2,26,4640,
30/06/2018,2,26,4632,
31/07/2018,2,26,4591,
31/08/2018,2,26,4828,
30/09/2018,2,26,4763,
31/10/2018,2,26,4798,
30/11/2018,2,26,4836,
31/12/2018,2,26,4820,
31/01/2019,2,26,4857,
28/02/2019,2,26,5076,
31/03/2019,2,26,4744,
30/04/2019,2,26,4840,
31/05/2019,2,26,4952,
30/06/2019,2,26,4909,
31/07/2019,2,26,4993,
31/08/2019,2,26,4805,
30/09/2019,2,26,4743,
31/10/2019,2,26,4618,
30/11/2019,2,26,4446,
31/12/2019,2,26,4490,
31/01/2020,2,26,4567,
29/02/2020,2,26,4582,
31/03/2020,2,26,4636,
30/04/2020,2,26,4572,
31/05/2020,2,26,4478,
30/06/2020,2,26,4406,
31/07/2020,2,26,4384,
31/08/2020,2,26,4403,
30/09/2020,2,26,4836,
31/10/2020,2,26,5076,
30/11/2020,2,26,5163,
31/12/2020,2,26,5097,
31/01/2021,2,26,5148,
28/02/2021,2,26,5236,
31/03/2021,2,26,5226,
30/04/2021,2,26,5273,
31/05/2021,2,26,5373,
30/06/2021,2,26,5451,
31/07/2021,2,26,5480,
31/08/2021,2,26,5588,
30/09/2021,2,26,5701,
31/10/2021,2,26,5730,
30/11/2021,2,26,5790,
31/12/2021,2,26,5678,
31/01/2022,2,26,5723,
28/02/2022,2,26,5773,
31/03/2022,2,26,5839,
30/04/2022,2,26,5822,
31/05/2022,2,26,5951,
30/06/2022,2,26,5991,
31/07/2022,2,26,5763,
31/08/2022,2,26,5824,
30/09/2022,2,26,5943,
31/10/2022,2,26,5960,
30/11/2022,2,26,5885,
31/12/2022,2,26,5827,
31/01/2023,2,26,5770,5770
28/02/2023,2,26,5783,5783
31/03/2023,2,26,5762,5762
30/04/2023,2,26,5709,5709
31/05/2023,2,26,5698,5698
30/06/2023,2,26,5672,5672
31/07/2023,2,26,5600,5600
31/08/2023,2,26,5596,5596
30/09/2023,2,26,5338,5338
31/10/2023,2,26,5436,5436
30/11/2023,2,26,5546,5546
31/12/2023,2,26,5388,5388
31/01/2024,2,26,5365,5365
29/02/2024,2,26,5342,5342
31/03/2024,2,26,5368,5368
30/04/2024,2,26,5443,5443
31/05/2024,2,26,5443,5443
30/06/2024,2,26,5395,5395
31/07/2024,2,26,5383,5383
31/08/2024,2,26,5305,5305
30/09/2024,2,26,5372,5372
31/10/2024,2,26,5417,5417
30/11/2024,2,26,5468,5468
31/12/2024,2,26,5273,5273
31/01/2025,2,26,5300,5300
28/02/2025,2,26,5396,5396
31/03/2025,2,26,5430,5430
30/04/2025,2,26,5449,5449
31/05/2025,2,26,5405,5405
30/06/2025,2,26,5319,5319
31/07/2025,2,26,5186,5186
31/08/2025,2,26,5323,5323
30/09/2025,2,26,5245,5245
31/10/2025,2,26,5309,5309
30/11/2025,2,26,5382,5382
31/12/2025,2,26,5335,5335
31/01/2026,2,26,5158,5158
31/03/2010,2,27,15461,
30/04/2010,2,27,15599,
31/05/2010,2,27,15416,
30/06/2010,2,27,15393,
31/07/2010,2,27,15567,
31/08/2010,2,27,15676,
30/09/2010,2,27,15827,
31/10/2010,2,27,15977,
30/11/2010,2,27,16153,
31/12/2010,2,27,16128,
31/01/2011,2,27,15933,
28/02/2011,2,27,16050,
31/03/2011,2,27,16083,
30/04/2011,2,27,15934,
31/05/2011,2,27,16006,
30/06/2011,2,27,15901,
31/07/2011,2,27,15897,
31/08/2011,2,27,16014,
30/09/2011,2,27,16075,
31/10/2011,2,27,16145,
30/11/2011,2,27,16375,
31/12/2011,2,27,16233,
31/01/2012,2,27,16283,
29/02/2012,2,27,16284,
31/03/2012,2,27,16387,
30/04/2012,2,27,16403,
31/05/2012,2,27,16329,
30/06/2012,2,27,16161,
31/07/2012,2,27,16310,
31/08/2012,2,27,16518,
30/09/2012,2,27,16786,
31/10/2012,2,27,17010,
30/11/2012,2,27,17016,
31/12/2012,2,27,16894,
31/01/2013,2,27,16818,
28/02/2013,2,27,16482,
31/03/2013,2,27,16356,
30/04/2013,2,27,16432,
31/05/2013,2,27,16443,
30/06/2013,2,27,16366,
31/07/2013,2,27,16112,
31/08/2013,2,27,16397,
30/09/2013,2,27,16730,
31/10/2013,2,27,16846,
30/11/2013,2,27,16842,
31/12/2013,2,27,16525,
31/01/2014,2,27,16163,
28/02/2014,2,27,16232,
31/03/2014,2,27,16224,
30/04/2014,2,27,15794,
31/05/2014,2,27,16399,
30/06/2014,2,27,16190,
31/07/2014,2,27,15679,
31/08/2014,2,27,15682,
30/09/2014,2,27,16038,
31/10/2014,2,27,16314,
30/11/2014,2,27,16426,
31/12/2014,2,27,16312,
31/01/2015,2,27,16337,
28/02/2015,2,27,16393,
31/03/2015,2,27,16700,
30/04/2015,2,27,16905,
31/05/2015,2,27,16955,
30/06/2015,2,27,16845,
31/07/2015,2,27,16934,
31/08/2015,2,27,16875,
30/09/2015,2,27,16999,
31/10/2015,2,27,17737,
30/11/2015,2,27,17874,
31/12/2015,2,27,17640,
31/01/2016,2,27,17434,
29/02/2016,2,27,17458,
31/03/2016,2,27,17533,
30/04/2016,2,27,17553,
31/05/2016,2,27,17692,
30/06/2016,2,27,17714,
31/07/2016,2,27,17835,
31/08/2016,2,27,18010,
30/09/2016,2,27,18302,
31/10/2016,2,27,18588,
30/11/2016,2,27,18677,
31/12/2016,2,27,18419,
31/01/2017,2,27,18241,
28/02/2017,2,27,18277,
31/03/2017,2,27,18454,
30/04/2017,2,27,18321,
31/05/2017,2,27,18317,
30/06/2017,2,27,18311,
31/07/2017,2,27,18510,
31/08/2017,2,27,18533,
30/09/2017,2,27,18980,
31/10/2017,2,27,19450,
30/11/2017,2,27,19282,
31/12/2017,2,27,19229,
31/01/2018,2,27,19220,
28/02/2018,2,27,19362,
31/03/2018,2,27,19158,
30/04/2018,2,27,19361,
31/05/2018,2,27,19366,
30/06/2018,2,27,19260,
31/07/2018,2,27,19139,
31/08/2018,2,27,19196,
30/09/2018,2,27,19480,
31/10/2018,2,27,19840,
30/11/2018,2,27,19884,
31/12/2018,2,27,19846,
31/01/2019,2,27,19774,
28/02/2019,2,27,19891,
31/03/2019,2,27,19745,
30/04/2019,2,27,19957,
31/05/2019,2,27,19983,
30/06/2019,2,27,20128,
31/07/2019,2,27,20273,
31/08/2019,2,27,19954,
30/09/2019,2,27,20193,
31/10/2019,2,27,20533,
30/11/2019,2,27,20845,
31/12/2019,2,27,20689,
31/01/2020,2,27,20643,
29/02/2020,2,27,20678,
31/03/2020,2,27,20413,
30/04/2020,2,27,19200,
31/05/2020,2,27,18158,
30/06/2020,2,27,18223,
31/07/2020,2,27,18525,
31/08/2020,2,27,19027,
30/09/2020,2,27,19592,
31/10/2020,2,27,20303,
30/11/2020,2,27,20598,
31/12/2020,2,27,20599,
31/01/2021,2,27,21101,
28/02/2021,2,27,21549,
31/03/2021,2,27,21716,
30/04/2021,2,27,22119,
31/05/2021,2,27,22532,
30/06/2021,2,27,22512,
31/07/2021,2,27,22843,
31/08/2021,2,27,22990,
30/09/2021,2,27,23100,
31/10/2021,2,27,23369,
30/11/2021,2,27,23549,
31/12/2021,2,27,23069,
31/01/2022,2,27,23083,
28/02/2022,2,27,22864,
31/03/2022,2,27,22932,
30/04/2022,2,27,22862,
31/05/2022,2,27,22565,
30/06/2022,2,27,22395,
31/07/2022,2,27,21982,
31/08/2022,2,27,21970,
30/09/2022,2,27,21986,
31/10/2022,2,27,22004,
30/11/2022,2,27,21938,
31/12/2022,2,27,21607,
31/01/2023,2,27,21691,21691
28/02/2023,2,27,21659,21659
31/03/2023,2,27,21431,21431
30/04/2023,2,27,21296,21296
31/05/2023,2,27,21173,21173
30/06/2023,2,27,21259,21259
31/07/2023,2,27,21139,21139
31/08/2023,2,27,21206,21206
30/09/2023,2,27,21356,21356
31/10/2023,2,27,21603,21603
30/11/2023,2,27,21827,21827
31/12/2023,2,27,21693,21693
31/01/2024,2,27,21773,21773
29/02/2024,2,27,21769,21769
31/03/2024,2,27,21502,21502
30/04/2024,2,27,21290,21290
31/05/2024,2,27,21118,21118
30/06/2024,2,27,20924,20924
31/07/2024,2,27,20822,20822
31/08/2024,2,27,20510,20510
30/09/2024,2,27,20594,20594
31/10/2024,2,27,20749,20749
30/11/2024,2,27,20873,20873
31/12/2024,2,27,20461,20461
31/01/2025,2,27,20444,20444
28/02/2025,2,27,20479,20479
31/03/2025,2,27,20471,20471
30/04/2025,2,27,20424,20424
31/05/2025,2,27,20205,20205
30/06/2025,2,27,20064,20064
31/07/2025,2,27,20151,20151
31/08/2025,2,27,20178,20178
30/09/2025,2,27,20202,20202
31/10/2025,2,27,20197,20197
30/11/2025,2,27,20207,20207
31/12/2025,2,27,19871,19871
31/01/2026,2,27,19855,19855
31/03/2010,2,28,6269,
30/04/2010,2,28,6337,
31/05/2010,2,28,6451,
30/06/2010,2,28,6491,
31/07/2010,2,28,6590,
31/08/2010,2,28,6509,
30/09/2010,2,28,6611,
31/10/2010,2,28,6721,
30/11/2010,2,28,6709,
31/12/2010,2,28,6667,
31/01/2011,2,28,6702,
28/02/2011,2,28,6667,
31/03/2011,2,28,6707,
30/04/2011,2,28,6679,
31/05/2011,2,28,6729,
30/06/2011,2,28,6738,
31/07/2011,2,28,6737,
31/08/2011,2,28,6654,
30/09/2011,2,28,6740,
31/10/2011,2,28,6772,
30/11/2011,2,28,6835,
31/12/2011,2,28,6799,
31/01/2012,2,28,6977,
29/02/2012,2,28,7049,
31/03/2012,2,28,6925,
30/04/2012,2,28,6983,
31/05/2012,2,28,7000,
30/06/2012,2,28,7078,
31/07/2012,2,28,7154,
31/08/2012,2,28,7046,
30/09/2012,2,28,6996,
31/10/2012,2,28,7077,
30/11/2012,2,28,7889,
31/12/2012,2,28,7111,
31/01/2013,2,28,7002,
28/02/2013,2,28,7172,
31/03/2013,2,28,7175,
30/04/2013,2,28,7271,
31/05/2013,2,28,7371,
30/06/2013,2,28,7312,
31/07/2013,2,28,7537,
31/08/2013,2,28,7742,
30/09/2013,2,28,8039,
31/10/2013,2,28,8083,
30/11/2013,2,28,7672,
31/12/2013,2,28,7655,
31/01/2014,2,28,7727,
28/02/2014,2,28,7741,
31/03/2014,2,28,7861,
30/04/2014,2,28,7994,
31/05/2014,2,28,8052,
30/06/2014,2,28,8033,
31/07/2014,2,28,8250,
31/08/2014,2,28,8397,
30/09/2014,2,28,8576,
31/10/2014,2,28,8601,
30/11/2014,2,28,8629,
31/12/2014,2,28,8542,
31/01/2015,2,28,8507,
28/02/2015,2,28,8585,
31/03/2015,2,28,8654,
30/04/2015,2,28,9018,
31/05/2015,2,28,8599,
30/06/2015,2,28,8647,
31/07/2015,2,28,8626,
31/08/2015,2,28,8719,
30/09/2015,2,28,8823,
31/10/2015,2,28,8851,
30/11/2015,2,28,8942,
31/12/2015,2,28,8757,
31/01/2016,2,28,8763,
29/02/2016,2,28,8715,
31/03/2016,2,28,8682,
30/04/2016,2,28,8920,
31/05/2016,2,28,8991,
30/06/2016,2,28,8998,
31/07/2016,2,28,9035,
31/08/2016,2,28,9088,
30/09/2016,2,28,9138,
31/10/2016,2,28,9344,
30/11/2016,2,28,9343,
31/12/2016,2,28,9006,
31/01/2017,2,28,8566,
28/02/2017,2,28,8941,
31/03/2017,2,28,9092,
30/04/2017,2,28,9119,
31/05/2017,2,28,9121,
30/06/2017,2,28,9070,
31/07/2017,2,28,9439,
31/08/2017,2,28,9335,
30/09/2017,2,28,9424,
31/10/2017,2,28,9389,
30/11/2017,2,28,9422,
31/12/2017,2,28,9357,
31/01/2018,2,28,9516,
28/02/2018,2,28,9563,
31/03/2018,2,28,9551,
30/04/2018,2,28,9593,
31/05/2018,2,28,10453,
30/06/2018,2,28,10984,
31/07/2018,2,28,11226,
31/08/2018,2,28,11342,
30/09/2018,2,28,11331,
31/10/2018,2,28,11410,
30/11/2018,2,28,11356,
31/12/2018,2,28,11294,
31/01/2019,2,28,11273,
28/02/2019,2,28,11371,
31/03/2019,2,28,10947,
30/04/2019,2,28,10840,
31/05/2019,2,28,10812,
30/06/2019,2,28,10919,
31/07/2019,2,28,11008,
31/08/2019,2,28,10997,
30/09/2019,2,28,11062,
31/10/2019,2,28,11071,
30/11/2019,2,28,11022,
31/12/2019,2,28,10838,
31/01/2020,2,28,10705,
29/02/2020,2,28,10822,
31/03/2020,2,28,10773,
30/04/2020,2,28,10686,
31/05/2020,2,28,10478,
30/06/2020,2,28,10456,
31/07/2020,2,28,10498,
31/08/2020,2,28,10621,
30/09/2020,2,28,10816,
31/10/2020,2,28,10929,
30/11/2020,2,28,10971,
31/12/2020,2,28,10914,
31/01/2021,2,28,11086,
28/02/2021,2,28,11211,
31/03/2021,2,28,11253,
30/04/2021,2,28,11325,
31/05/2021,2,28,11437,
30/06/2021,2,28,11642,
31/07/2021,2,28,11900,
31/08/2021,2,28,12013,
30/09/2021,2,28,12153,
31/10/2021,2,28,12143,
30/11/2021,2,28,12155,
31/12/2021,2,28,11913,
31/01/2022,2,28,11824,
28/02/2022,2,28,11975,
31/03/2022,2,28,12001,
30/04/2022,2,28,11923,
31/05/2022,2,28,11956,
30/06/2022,2,28,12034,
31/07/2022,2,28,12036,
31/08/2022,2,28,12070,
30/09/2022,2,28,12107,
31/10/2022,2,28,12176,
30/11/2022,2,28,12161,
31/12/2022,2,28,11936,
31/01/2023,2,28,12087,12087
28/02/2023,2,28,12208,12208
31/03/2023,2,28,12297,12297
30/04/2023,2,28,12387,12387
31/05/2023,2,28,12540,12540
30/06/2023,2,28,12650,12650
31/07/2023,2,28,12669,12669
31/08/2023,2,28,12796,12796
30/09/2023,2,28,12964,12964
31/10/2023,2,28,13055,13055
30/11/2023,2,28,13040,13040
31/12/2023,2,28,12786,12786
31/01/2024,2,28,12986,12986
29/02/2024,2,28,13133,13133
31/03/2024,2,28,13092,13092
30/04/2024,2,28,12955,12955
31/05/2024,2,28,12969,12969
30/06/2024,2,28,13034,13034
31/07/2024,2,28,13303,13303
31/08/2024,2,28,13301,13301
30/09/2024,2,28,13188,13188
31/10/2024,2,28,13266,13266
30/11/2024,2,28,13214,13214
31/12/2024,2,28,13008,13008
31/01/2025,2,28,13361,13361
28/02/2025,2,28,13392,13392
31/03/2025,2,28,13254,13254
30/04/2025,2,28,13274,13274
31/05/2025,2,28,13298,13298
30/06/2025,2,28,13333,13333
31/07/2025,2,28,13390,13390
31/08/2025,2,28,13267,13267
30/09/2025,2,28,13303,13303
31/10/2025,2,28,13207,13207
30/11/2025,2,28,13244,13244
31/12/2025,2,28,13026,13026
31/01/2026,2,28,13384,13384
31/03/2010,2,29,12232,
30/04/2010,2,29,12198,
31/05/2010,2,29,12237,
30/06/2010,2,29,12162,
31/07/2010,2,29,12369,
31/08/2010,2,29,12287,
30/09/2010,2,29,12238,
31/10/2010,2,29,12300,
30/11/2010,2,29,12321,
31/12/2010,2,29,12152,
31/01/2011,2,29,12194,
28/02/2011,2,29,12153,
31/03/2011,2,29,12187,
30/04/2011,2,29,12253,
31/05/2011,2,29,12367,
30/06/2011,2,29,12199,
31/07/2011,2,29,12155,
31/08/2011,2,29,12148,
30/09/2011,2,29,12143,
31/10/2011,2,29,12084,
30/11/2011,2,29,12003,
31/12/2011,2,29,11830,
31/01/2012,2,29,11819,
29/02/2012,2,29,11801,
31/03/2012,2,29,11932,
30/04/2012,2,29,11910,
31/05/2012,2,29,12027,
30/06/2012,2,29,11990,
31/07/2012,2,29,11983,
31/08/2012,2,29,11975,
30/09/2012,2,29,11984,
31/10/2012,2,29,12048,
30/11/2012,2,29,12082,
31/12/2012,2,29,12001,
31/01/2013,2,29,11850,
28/02/2013,2,29,11821,
31/03/2013,2,29,11805,
30/04/2013,2,29,11818,
31/05/2013,2,29,11782,
30/06/2013,2,29,11919,
31/07/2013,2,29,11997,
31/08/2013,2,29,11913,
30/09/2013,2,29,11945,
31/10/2013,2,29,12015,
30/11/2013,2,29,12091,
31/12/2013,2,29,11982,
31/01/2014,2,29,11929,
28/02/2014,2,29,11958,
31/03/2014,2,29,11959,
30/04/2014,2,29,11920,
31/05/2014,2,29,11978,
30/06/2014,2,29,12029,
31/07/2014,2,29,12177,
31/08/2014,2,29,12261,
30/09/2014,2,29,12386,
31/10/2014,2,29,12381,
30/11/2014,2,29,12454,
31/12/2014,2,29,12302,
31/01/2015,2,29,12199,
28/02/2015,2,29,12312,
31/03/2015,2,29,12515,
30/04/2015,2,29,12499,
31/05/2015,2,29,12589,
30/06/2015,2,29,12688,
31/07/2015,2,29,13287,
31/08/2015,2,29,13070,
30/09/2015,2,29,13289,
31/10/2015,2,29,13409,
30/11/2015,2,29,13425,
31/12/2015,2,29,13249,
31/01/2016,2,29,13152,
29/02/2016,2,29,13200,
31/03/2016,2,29,12788,
30/04/2016,2,29,12754,
31/05/2016,2,29,12843,
30/06/2016,2,29,12970,
31/07/2016,2,29,12952,
31/08/2016,2,29,13239,
30/09/2016,2,29,13418,
31/10/2016,2,29,13273,
30/11/2016,2,29,13367,
31/12/2016,2,29,13193,
31/01/2017,2,29,13351,
28/02/2017,2,29,13157,
31/03/2017,2,29,12900,
30/04/2017,2,29,12614,
31/05/2017,2,29,12714,
30/06/2017,2,29,12960,
31/07/2017,2,29,12800,
31/08/2017,2,29,12700,
30/09/2017,2,29,12816,
31/10/2017,2,29,12874,
30/11/2017,2,29,12880,
31/12/2017,2,29,12802,
31/01/2018,2,29,12666,
28/02/2018,2,29,12486,
31/03/2018,2,29,12316,
30/04/2018,2,29,12334,
31/05/2018,2,29,12245,
30/06/2018,2,29,12221,
31/07/2018,2,29,12102,
31/08/2018,2,29,12082,
30/09/2018,2,29,12130,
31/10/2018,2,29,12416,
30/11/2018,2,29,12372,
31/12/2018,2,29,12222,
31/01/2019,2,29,14144,
28/02/2019,2,29,14215,
31/03/2019,2,29,14223,
30/04/2019,2,29,14266,
31/05/2019,2,29,14326,
30/06/2019,2,29,14412,
31/07/2019,2,29,14426,
31/08/2019,2,29,14544,
30/09/2019,2,29,14613,
31/10/2019,2,29,14737,
30/11/2019,2,29,14715,
31/12/2019,2,29,14769,
31/01/2020,2,29,14953,
29/02/2020,2,29,15035,
31/03/2020,2,29,14717,
30/04/2020,2,29,14086,
31/05/2020,2,29,13518,
30/06/2020,2,29,13445,
31/07/2020,2,29,13581,
31/08/2020,2,29,13399,
30/09/2020,2,29,13404,
31/10/2020,2,29,13591,
30/11/2020,2,29,13791,
31/12/2020,2,29,13680,
31/01/2021,2,29,13547,
28/02/2021,2,29,13447,
31/03/2021,2,29,13540,
30/04/2021,2,29,13681,
31/05/2021,2,29,13853,
30/06/2021,2,29,11914,
31/07/2021,2,29,11763,
31/08/2021,2,29,11616,
30/09/2021,2,29,11464,
31/10/2021,2,29,11377,
30/11/2021,2,29,11740,
31/12/2021,2,29,11688,
31/01/2022,2,29,11573,
28/02/2022,2,29,11620,
31/03/2022,2,29,11682,
30/04/2022,2,29,11637,
31/05/2022,2,29,11525,
30/06/2022,2,29,11175,
31/07/2022,2,29,10870,
31/08/2022,2,29,10909,
30/09/2022,2,29,11124,
31/10/2022,2,29,11090,
30/11/2022,2,29,11172,
31/12/2022,2,29,10936,
31/01/2023,2,29,11235,11235
28/02/2023,2,29,11134,11134
31/03/2023,2,29,10912,10912
30/04/2023,2,29,10765,10765
31/05/2023,2,29,10753,10753
30/06/2023,2,29,11239,11239
31/07/2023,2,29,11156,11156
31/08/2023,2,29,11143,11143
30/09/2023,2,29,11196,11196
31/10/2023,2,29,11112,11112
30/11/2023,2,29,11087,11087
31/12/2023,2,29,10845,10845
31/01/2024,2,29,10663,10663
29/02/2024,2,29,10805,10805
31/03/2024,2,29,10763,10763
30/04/2024,2,29,10741,10741
31/05/2024,2,29,10820,10820
30/06/2024,2,29,10824,10824
31/07/2024,2,29,10867,10867
31/08/2024,2,29,10836,10836
30/09/2024,2,29,10545,10545
31/10/2024,2,29,10684,10684
30/11/2024,2,29,10637,10637
31/12/2024,2,29,10523,10523
31/01/2025,2,29,10567,10567
28/02/2025,2,29,10630,10630
31/03/2025,2,29,10559,10559
30/04/2025,2,29,10494,10494
31/05/2025,2,29,10561,10561
30/06/2025,2,29,10572,10572
31/07/2025,2,29,10692,10692
31/08/2025,2,29,10623,10623
30/09/2025,2,29,10671,10671
31/10/2025,2,29,10685,10685
30/11/2025,2,29,10705,10705
31/12/2025,2,29,10309,10309
31/01/2026,2,29,10199,10199
31/03/2010,3,30,22525,
30/04/2010,3,30,22684,
31/05/2010,3,30,22909,
30/06/2010,3,30,22987,
31/07/2010,3,30,23236,
31/08/2010,3,30,23286,
30/09/2010,3,30,23259,
31/10/2010,3,30,23444,
30/11/2010,3,30,23498,
31/12/2010,3,30,23394,
31/01/2011,3,30,23526,
28/02/2011,3,30,23643,
31/03/2011,3,30,23954,
30/04/2011,3,30,24129,
31/05/2011,3,30,24241,
30/06/2011,3,30,24242,
31/07/2011,3,30,24478,
31/08/2011,3,30,24437,
30/09/2011,3,30,24592,
31/10/2011,3,30,24472,
30/11/2011,3,30,24703,
31/12/2011,3,30,24611,
31/01/2012,3,30,24781,
29/02/2012,3,30,25015,
31/03/2012,3,30,25306,
30/04/2012,3,30,25309,
31/05/2012,3,30,25379,
30/06/2012,3,30,26763,
31/07/2012,3,30,27038,
31/08/2012,3,30,26645,
30/09/2012,3,30,26919,
31/10/2012,3,30,27051,
30/11/2012,3,30,26986,
31/12/2012,3,30,26887,
31/01/2013,3,30,27222,
28/02/2013,3,30,27103,
31/03/2013,3,30,27237,
30/04/2013,3,30,27787,
31/05/2013,3,30,27945,
30/06/2013,3,30,28653,
31/07/2013,3,30,28887,
31/08/2013,3,30,28977,
30/09/2013,3,30,28940,
31/10/2013,3,30,29123,
30/11/2013,3,30,29101,
31/12/2013,3,30,28779,
31/01/2014,3,30,28818,
28/02/2014,3,30,29089,
31/03/2014,3,30,29191,
30/04/2014,3,30,29173,
31/05/2014,3,30,29271,
30/06/2014,3,30,29655,
31/07/2014,3,30,29972,
31/08/2014,3,30,30020,
30/09/2014,3,30,30451,
31/10/2014,3,30,30491,
30/11/2014,3,30,30905,
31/12/2014,3,30,31363,
31/01/2015,3,30,31275,
28/02/2015,3,30,31808,
31/03/2015,3,30,31943,
30/04/2015,3,30,32044,
31/05/2015,3,30,32431,
30/06/2015,3,30,32729,
31/07/2015,3,30,33207,
31/08/2015,3,30,33164,
30/09/2015,3,30,33415,
31/10/2015,3,30,34225,
30/11/2015,3,30,34365,
31/12/2015,3,30,34132,
31/01/2016,3,30,34727,
29/02/2016,3,30,35063,
31/03/2016,3,30,35206,
30/04/2016,3,30,34871,
31/05/2016,3,30,35131,
30/06/2016,3,30,35079,
31/07/2016,3,30,34850,
31/08/2016,3,30,34748,
30/09/2016,3,30,34860,
31/10/2016,3,30,34995,
30/11/2016,3,30,34843,
31/12/2016,3,30,34605,
31/01/2017,3,30,35482,
28/02/2017,3,30,35832,
31/03/2017,3,30,36131,
30/04/2017,3,30,36028,
31/05/2017,3,30,36289,
30/06/2017,3,30,36567,
31/07/2017,3,30,36920,
31/08/2017,3,30,37044,
30/09/2017,3,30,37405,
31/10/2017,3,30,37710,
30/11/2017,3,30,38118,
31/12/2017,3,30,38093,
31/01/2018,3,30,38148,
28/02/2018,3,30,38748,
31/03/2018,3,30,39403,
30/04/2018,3,30,39704,
31/05/2018,3,30,39755,
30/06/2018,3,30,40379,
31/07/2018,3,30,40938,
31/08/2018,3,30,41034,
30/09/2018,3,30,41241,
31/10/2018,3,30,41170,
30/11/2018,3,30,41127,
31/12/2018,3,30,40975,
31/01/2019,3,30,40996,
28/02/2019,3,30,41417,
31/03/2019,3,30,41394,
30/04/2019,3,30,41594,
31/05/2019,3,30,41817,
30/06/2019,3,30,41899,
31/07/2019,3,30,42635,
31/08/2019,3,30,42623,
30/09/2019,3,30,43029,
31/10/2019,3,30,43488,
30/11/2019,3,30,43707,
31/12/2019,3,30,43114,
31/01/2020,3,30,43368,
29/02/2020,3,30,44231,
31/03/2020,3,30,44780,
30/04/2020,3,30,44814,
31/05/2020,3,30,44838,
30/06/2020,3,30,45055,
31/07/2020,3,30,45371,
31/08/2020,3,30,46005,
30/09/2020,3,30,46546,
31/10/2020,3,30,47135,
30/11/2020,3,30,47185,
31/12/2020,3,30,46509,
31/01/2021,3,30,45829,
28/02/2021,3,30,46197,
31/03/2021,3,30,46354,
30/04/2021,3,30,46709,
31/05/2021,3,30,47190,
30/06/2021,3,30,44220,
31/07/2021,3,30,42321,
31/08/2021,3,30,42539,
30/09/2021,3,30,42777,
31/10/2021,3,30,42632,
30/11/2021,3,30,42945,
31/12/2021,3,30,42672,
31/01/2022,3,30,42870,
28/02/2022,3,30,43273,
31/03/2022,3,30,43761,
30/04/2022,3,30,43688,
31/05/2022,3,30,43891,
30/06/2022,3,30,44082,
31/07/2022,3,30,44194,
31/08/2022,3,30,44320,
30/09/2022,3,30,44328,
31/10/2022,3,30,44392,
30/11/2022,3,30,44490,
31/12/2022,3,30,44022,
31/01/2023,3,30,44398,44398
28/02/2023,3,30,44828,44828
31/03/2023,3,30,44845,44845
30/04/2023,3,30,44874,44874
31/05/2023,3,30,45223,45223
30/06/2023,3,30,45517,45517
31/07/2023,3,30,45871,45871
31/08/2023,3,30,46126,46126
30/09/2023,3,30,46527,46527
31/10/2023,3,30,46621,46621
30/11/2023,3,30,46778,46778
31/12/2023,3,30,46326,46326
31/01/2024,3,30,46592,46592
29/02/2024,3,30,46845,46845
31/03/2024,3,30,47205,47205
30/04/2024,3,30,47809,47809
31/05/2024,3,30,47947,47947
30/06/2024,3,30,48173,48173
31/07/2024,3,30,48573,48573
31/08/2024,3,30,48714,48714
30/09/2024,3,30,49018,49018
31/10/2024,3,30,49460,49460
30/11/2024,3,30,49493,49493
31/12/2024,3,30,49005,49005
31/01/2025,3,30,49253,49253
28/02/2025,3,30,49510,49510
31/03/2025,3,30,50174,50174
30/04/2025,3,30,50240,50240
31/05/2025,3,30,50419,50419
30/06/2025,3,30,50615,50615
31/07/2025,3,30,50582,50582
31/08/2025,3,30,50588,50588
30/09/2025,3,30,50510,50510
31/10/2025,3,30,50289,50289
30/11/2025,3,30,50178,50178
31/12/2025,3,30,49937,49937
31/01/2026,3,30,50142,50142
31/03/2010,3,31,788,
30/04/2010,3,31,789,
31/05/2010,3,31,788,
30/06/2010,3,31,797,
31/07/2010,3,31,888,
31/08/2010,3,31,887,
30/09/2010,3,31,894,
31/10/2010,3,31,893,
30/11/2010,3,31,900,
31/12/2010,3,31,896,
31/01/2011,3,31,931,
28/02/2011,3,31,953,
31/03/2011,3,31,925,
30/04/2011,3,31,942,
31/05/2011,3,31,955,
30/06/2011,3,31,953,
31/07/2011,3,31,936,
31/08/2011,3,31,933,
30/09/2011,3,31,938,
31/10/2011,3,31,927,
30/11/2011,3,31,928,
31/12/2011,3,31,926,
31/01/2012,3,31,930,
29/02/2012,3,31,935,
31/03/2012,3,31,939,
30/04/2012,3,31,943,
31/05/2012,3,31,965,
30/06/2012,3,31,950,
31/07/2012,3,31,953,
31/08/2012,3,31,961,
30/09/2012,3,31,960,
31/10/2012,3,31,982,
30/11/2012,3,31,985,
31/12/2012,3,31,963,
31/01/2013,3,31,976,
28/02/2013,3,31,1015,
31/03/2013,3,31,1026,
30/04/2013,3,31,1028,
31/05/2013,3,31,1034,
30/06/2013,3,31,1040,
31/07/2013,3,31,1046,
31/08/2013,3,31,1056,
30/09/2013,3,31,1070,
31/10/2013,3,31,1068,
30/11/2013,3,31,1064,
31/12/2013,3,31,1041,
31/01/2014,3,31,1075,
28/02/2014,3,31,1085,
31/03/2014,3,31,1089,
30/04/2014,3,31,1094,
31/05/2014,3,31,1101,
30/06/2014,3,31,1110,
31/07/2014,3,31,1091,
31/08/2014,3,31,1087,
30/09/2014,3,31,1097,
31/10/2014,3,31,1070,
30/11/2014,3,31,1064,
31/12/2014,3,31,1032,
31/01/2015,3,31,1050,
28/02/2015,3,31,1042,
31/03/2015,3,31,1051,
30/04/2015,3,31,1075,
31/05/2015,3,31,1083,
30/06/2015,3,31,1119,
31/07/2015,3,31,1120,
31/08/2015,3,31,1125,
30/09/2015,3,31,1096,
31/10/2015,3,31,1127,
30/11/2015,3,31,1133,
31/12/2015,3,31,1112,
31/01/2016,3,31,1118,
29/02/2016,3,31,1134,
31/03/2016,3,31,1139,
30/04/2016,3,31,1160,
31/05/2016,3,31,1152,
30/06/2016,3,31,1151,
31/07/2016,3,31,1155,
31/08/2016,3,31,1156,
30/09/2016,3,31,1139,
31/10/2016,3,31,1141,
30/11/2016,3,31,1148,
31/12/2016,3,31,1140,
31/01/2017,3,31,1160,
28/02/2017,3,31,1180,
31/03/2017,3,31,1192,
30/04/2017,3,31,1196,
31/05/2017,3,31,1182,
30/06/2017,3,31,1188,
31/07/2017,3,31,1194,
31/08/2017,3,31,1178,
30/09/2017,3,31,1172,
31/10/2017,3,31,1157,
30/11/2017,3,31,1164,
31/12/2017,3,31,1166,
31/01/2018,3,31,1184,
28/02/2018,3,31,1188,
31/03/2018,3,31,1169,
30/04/2018,3,31,1167,
31/05/2018,3,31,1164,
30/06/2018,3,31,1167,
31/07/2018,3,31,1169,
31/08/2018,3,31,1175,
30/09/2018,3,31,1170,
31/10/2018,3,31,1180,
30/11/2018,3,31,1161,
31/12/2018,3,31,1137,
31/01/2019,3,31,1140,
28/02/2019,3,31,1160,
31/03/2019,3,31,1161,
30/04/2019,3,31,1184,
31/05/2019,3,31,970,
30/06/2019,3,31,990,
31/07/2019,3,31,995,
31/08/2019,3,31,989,
30/09/2019,3,31,989,
31/10/2019,3,31,978,
30/11/2019,3,31,961,
31/12/2019,3,31,952,
31/01/2020,3,31,962,
29/02/2020,3,31,992,
31/03/2020,3,31,979,
30/04/2020,3,31,1005,
31/05/2020,3,31,1001,
30/06/2020,3,31,982,
31/07/2020,3,31,996,
31/08/2020,3,31,987,
30/09/2020,3,31,1075,
31/10/2020,3,31,1092,
30/11/2020,3,31,1105,
31/12/2020,3,31,1076,
31/01/2021,3,31,1092,
28/02/2021,3,31,1138,
31/03/2021,3,31,1154,
30/04/2021,3,31,1162,
31/05/2021,3,31,1184,
30/06/2021,3,31,1152,
31/07/2021,3,31,1170,
31/08/2021,3,31,1722,
30/09/2021,3,31,1748,
31/10/2021,3,31,1693,
30/11/2021,3,31,1669,
31/12/2021,3,31,1646,
31/01/2022,3,31,1654,
28/02/2022,3,31,1632,
31/03/2022,3,31,1631,
30/04/2022,3,31,1650,
31/05/2022,3,31,1650,
30/06/2022,3,31,1653,
31/07/2022,3,31,1604,
31/08/2022,3,31,1596,
30/09/2022,3,31,1596,
31/10/2022,3,31,1613,
30/11/2022,3,31,1591,
31/12/2022,3,31,1407,
31/01/2023,3,31,1358,1358
28/02/2023,3,31,1388,1388
31/03/2023,3,31,1418,1418
30/04/2023,3,31,1425,1425
31/05/2023,3,31,1434,1434
30/06/2023,3,31,1466,1466
31/07/2023,3,31,1457,1457
31/08/2023,3,31,1481,1481
30/09/2023,3,31,1456,1456
31/10/2023,3,31,1453,1453
30/11/2023,3,31,1465,1465
31/12/2023,3,31,1438,1438
31/01/2024,3,31,1477,1477
29/02/2024,3,31,1500,1500
31/03/2024,3,31,1554,1554
30/04/2024,3,31,1630,1630
31/05/2024,3,31,1606,1606
30/06/2024,3,31,1617,1617
31/07/2024,3,31,1626,1626
31/08/2024,3,31,1644,1644
30/09/2024,3,31,1648,1648
31/10/2024,3,31,1639,1639
30/11/2024,3,31,1666,1666
31/12/2024,3,31,1629,1629
31/01/2025,3,31,1639,1639
28/02/2025,3,31,1643,1643
31/03/2025,3,31,1652,1652
30/04/2025,3,31,1639,1639
31/05/2025,3,31,1584,1584
30/06/2025,3,31,1606,1606
31/07/2025,3,31,1545,1545
31/08/2025,3,31,1615,1615
30/09/2025,3,31,1612,1612
31/10/2025,3,31,1598,1598
30/11/2025,3,31,1593,1593
31/12/2025,3,31,1569,1569
31/01/2026,3,31,1632,1632
31/03/2010,3,32,25185,
30/04/2010,3,32,25569,
31/05/2010,3,32,25542,
30/06/2010,3,32,25534,
31/07/2010,3,32,25647,
31/08/2010,3,32,25416,
30/09/2010,3,32,25298,
31/10/2010,3,32,25121,
30/11/2010,3,32,25273,
31/12/2010,3,32,24924,
31/01/2011,3,32,25137,
28/02/2011,3,32,25431,
31/03/2011,3,32,25732,
30/04/2011,3,32,25970,
31/05/2011,3,32,26232,
30/06/2011,3,32,26590,
31/07/2011,3,32,26743,
31/08/2011,3,32,26805,
30/09/2011,3,32,26833,
31/10/2011,3,32,26835,
30/11/2011,3,32,26785,
31/12/2011,3,32,26532,
31/01/2012,3,32,26870,
29/02/2012,3,32,27272,
31/03/2012,3,32,27570,
30/04/2012,3,32,27663,
31/05/2012,3,32,27676,
30/06/2012,3,32,27792,
31/07/2012,3,32,27828,
31/08/2012,3,32,27938,
30/09/2012,3,32,27889,
31/10/2012,3,32,28051,
30/11/2012,3,32,27925,
31/12/2012,3,32,27727,
31/01/2013,3,32,28144,
28/02/2013,3,32,28025,
31/03/2013,3,32,28170,
30/04/2013,3,32,28442,
31/05/2013,3,32,28416,
30/06/2013,3,32,28515,
31/07/2013,3,32,28512,
31/08/2013,3,32,28168,
30/09/2013,3,32,28076,
31/10/2013,3,32,27958,
30/11/2013,3,32,27984,
31/12/2013,3,32,27611,
31/01/2014,3,32,28699,
28/02/2014,3,32,29248,
31/03/2014,3,32,29439,
30/04/2014,3,32,29652,
31/05/2014,3,32,30133,
30/06/2014,3,32,31290,
31/07/2014,3,32,29866,
31/08/2014,3,32,29438,
30/09/2014,3,32,29341,
31/10/2014,3,32,29129,
30/11/2014,3,32,29812,
31/12/2014,3,32,29566,
31/01/2015,3,32,30269,
28/02/2015,3,32,30655,
31/03/2015,3,32,31093,
30/04/2015,3,32,31088,
31/05/2015,3,32,31087,
30/06/2015,3,32,31451,
31/07/2015,3,32,31741,
31/08/2015,3,32,32301,
30/09/2015,3,32,32279,
31/10/2015,3,32,32335,
30/11/2015,3,32,32462,
31/12/2015,3,32,31742,
31/01/2016,3,32,32124,
29/02/2016,3,32,32414,
31/03/2016,3,32,32675,
30/04/2016,3,32,33638,
31/05/2016,3,32,33326,
30/06/2016,3,32,33478,
31/07/2016,3,32,33632,
31/08/2016,3,32,33752,
30/09/2016,3,32,33793,
31/10/2016,3,32,33639,
30/11/2016,3,32,33625,
31/12/2016,3,32,32960,
31/01/2017,3,32,33444,
28/02/2017,3,32,33743,
31/03/2017,3,32,33958,
30/04/2017,3,32,34094,
31/05/2017,3,32,34643,
30/06/2017,3,32,34899,
31/07/2017,3,32,35175,
31/08/2017,3,32,35364,
30/09/2017,3,32,35490,
31/10/2017,3,32,35759,
30/11/2017,3,32,36001,
31/12/2017,3,32,35310,
31/01/2018,3,32,35548,
28/02/2018,3,32,35888,
31/03/2018,3,32,36513,
30/04/2018,3,32,36392,
31/05/2018,3,32,36898,
30/06/2018,3,32,37130,
31/07/2018,3,32,37977,
31/08/2018,3,32,38134,
30/09/2018,3,32,38869,
31/10/2018,3,32,39575,
30/11/2018,3,32,39992,
31/12/2018,3,32,39358,
31/01/2019,3,32,39621,
28/02/2019,3,32,40291,
31/03/2019,3,32,40491,
30/04/2019,3,32,40414,
31/05/2019,3,32,40145,
30/06/2019,3,32,40006,
31/07/2019,3,32,39223,
31/08/2019,3,32,39075,
30/09/2019,3,32,39089,
31/10/2019,3,32,39440,
30/11/2019,3,32,39477,
31/12/2019,3,32,38855,
31/01/2020,3,32,39290,
29/02/2020,3,32,39056,
31/03/2020,3,32,38805,
30/04/2020,3,32,38110,
31/05/2020,3,32,37743,
30/06/2020,3,32,37581,
31/07/2020,3,32,37546,
31/08/2020,3,32,37852,
30/09/2020,3,32,38535,
31/10/2020,3,32,38654,
30/11/2020,3,32,39271,
31/12/2020,3,32,38968,
31/01/2021,3,32,39470,
28/02/2021,3,32,40710,
31/03/2021,3,32,40511,
30/04/2021,3,32,40330,
31/05/2021,3,32,40540,
30/06/2021,3,32,41148,
31/07/2021,3,32,42215,
31/08/2021,3,32,42788,
30/09/2021,3,32,43064,
31/10/2021,3,32,43620,
30/11/2021,3,32,43648,
31/12/2021,3,32,42684,
31/01/2022,3,32,42953,
28/02/2022,3,32,43388,
31/03/2022,3,32,43753,
30/04/2022,3,32,43672,
31/05/2022,3,32,43728,
30/06/2022,3,32,43387,
31/07/2022,3,32,43964,
31/08/2022,3,32,44139,
30/09/2022,3,32,44045,
31/10/2022,3,32,44276,
30/11/2022,3,32,44425,
31/12/2022,3,32,43400,
31/01/2023,3,32,43766,43766
28/02/2023,3,32,44565,44565
31/03/2023,3,32,44759,44759
30/04/2023,3,32,44833,44833
31/05/2023,3,32,44991,44991
30/06/2023,3,32,45083,45083
31/07/2023,3,32,45425,45425
31/08/2023,3,32,45694,45694
30/09/2023,3,32,46028,46028
31/10/2023,3,32,46380,46380
30/11/2023,3,32,46014,46014
31/12/2023,3,32,45468,45468
31/01/2024,3,32,46114,46114
29/02/2024,3,32,46133,46133
31/03/2024,3,32,45827,45827
30/04/2024,3,32,45962,45962
31/05/2024,3,32,45812,45812
30/06/2024,3,32,45791,45791
31/07/2024,3,32,45868,45868
31/08/2024,3,32,46100,46100
30/09/2024,3,32,45925,45925
31/10/2024,3,32,46415,46415
30/11/2024,3,32,46021,46021
31/12/2024,3,32,45332,45332
31/01/2025,3,32,45528,45528
28/02/2025,3,32,46072,46072
31/03/2025,3,32,46185,46185
30/04/2025,3,32,45966,45966
31/05/2025,3,32,45463,45463
30/06/2025,3,32,45150,45150
31/07/2025,3,32,45297,45297
31/08/2025,3,32,44804,44804
30/09/2025,3,32,44550,44550
31/10/2025,3,32,44591,44591
30/11/2025,3,32,44570,44570
31/12/2025,3,32,44412,44412
31/01/2026,3,32,44424,44424
31/03/2010,3,33,6919,
30/04/2010,3,33,6866,
31/05/2010,3,33,6870,
30/06/2010,3,33,6851,
31/07/2010,3,33,7001,
31/08/2010,3,33,7018,
30/09/2010,3,33,7133,
31/10/2010,3,33,7079,
30/11/2010,3,33,7017,
31/12/2010,3,33,7012,
31/01/2011,3,33,7069,
28/02/2011,3,33,7089,
31/03/2011,3,33,7181,
30/04/2011,3,33,7388,
31/05/2011,3,33,7402,
30/06/2011,3,33,7674,
31/07/2011,3,33,7677,
31/08/2011,3,33,7740,
30/09/2011,3,33,7850,
31/10/2011,3,33,8079,
30/11/2011,3,33,8096,
31/12/2011,3,33,7952,
31/01/2012,3,33,7871,
29/02/2012,3,33,7908,
31/03/2012,3,33,7912,
30/04/2012,3,33,7920,
31/05/2012,3,33,7998,
30/06/2012,3,33,8038,
31/07/2012,3,33,8109,
31/08/2012,3,33,8254,
30/09/2012,3,33,7887,
31/10/2012,3,33,7993,
30/11/2012,3,33,7933,
31/12/2012,3,33,7723,
31/01/2013,3,33,7607,
28/02/2013,3,33,7539,
31/03/2013,3,33,7467,
30/04/2013,3,33,7480,
31/05/2013,3,33,7460,
30/06/2013,3,33,7473,
31/07/2013,3,33,7051,
31/08/2013,3,33,7001,
30/09/2013,3,33,7081,
31/10/2013,3,33,7088,
30/11/2013,3,33,7090,
31/12/2013,3,33,7081,
31/01/2014,3,33,7225,
28/02/2014,3,33,7187,
31/03/2014,3,33,7161,
30/04/2014,3,33,7238,
31/05/2014,3,33,7294,
30/06/2014,3,33,7363,
31/07/2014,3,33,7366,
31/08/2014,3,33,7448,
30/09/2014,3,33,7485,
31/10/2014,3,33,7660,
30/11/2014,3,33,7759,
31/12/2014,3,33,7624,
31/01/2015,3,33,7578,
28/02/2015,3,33,7693,
31/03/2015,3,33,7241,
30/04/2015,3,33,7275,
31/05/2015,3,33,7266,
30/06/2015,3,33,7350,
31/07/2015,3,33,7318,
31/08/2015,3,33,7333,
30/09/2015,3,33,7272,
31/10/2015,3,33,7162,
30/11/2015,3,33,7190,
31/12/2015,3,33,7146,
31/01/2016,3,33,7242,
29/02/2016,3,33,7218,
31/03/2016,3,33,7165,
30/04/2016,3,33,7207,
31/05/2016,3,33,7388,
30/06/2016,3,33,7532,
31/07/2016,3,33,7528,
31/08/2016,3,33,7616,
30/09/2016,3,33,7775,
31/10/2016,3,33,7776,
30/11/2016,3,33,7856,
31/12/2016,3,33,7688,
31/01/2017,3,33,7914,
28/02/2017,3,33,7843,
31/03/2017,3,33,7817,
30/04/2017,3,33,7847,
31/05/2017,3,33,7801,
30/06/2017,3,33,7834,
31/07/2017,3,33,7895,
31/08/2017,3,33,7960,
30/09/2017,3,33,7853,
31/10/2017,3,33,7814,
30/11/2017,3,33,7978,
31/12/2017,3,33,7519,
31/01/2018,3,33,7937,
28/02/2018,3,33,7816,
31/03/2018,3,33,7816,
30/04/2018,3,33,7864,
31/05/2018,3,33,7983,
30/06/2018,3,33,7783,
31/07/2018,3,33,8418,
31/08/2018,3,33,7996,
30/09/2018,3,33,8026,
31/10/2018,3,33,8056,
30/11/2018,3,33,7997,
31/12/2018,3,33,7839,
31/01/2019,3,33,7885,
28/02/2019,3,33,7865,
31/03/2019,3,33,7852,
30/04/2019,3,33,7470,
31/05/2019,3,33,7966,
30/06/2019,3,33,7863,
31/07/2019,3,33,7844,
31/08/2019,3,33,7735,
30/09/2019,3,33,7686,
31/10/2019,3,33,7757,
30/11/2019,3,33,7777,
31/12/2019,3,33,7549,
31/01/2020,3,33,7479,
29/02/2020,3,33,7999,
31/03/2020,3,33,7966,
30/04/2020,3,33,7556,
31/05/2020,3,33,7537,
30/06/2020,3,33,7696,
31/07/2020,3,33,7646,
31/08/2020,3,33,7682,
30/09/2020,3,33,7730,
31/10/2020,3,33,7715,
30/11/2020,3,33,7776,
31/12/2020,3,33,7807,
31/01/2021,3,33,8503,
28/02/2021,3,33,8635,
31/03/2021,3,33,8787,
30/04/2021,3,33,8755,
31/05/2021,3,33,8880,
30/06/2021,3,33,8971,
31/07/2021,3,33,9756,
31/08/2021,3,33,9742,
30/09/2021,3,33,9890,
31/10/2021,3,33,9984,
30/11/2021,3,33,10143,
31/12/2021,3,33,9998,
31/01/2022,3,33,10055,
28/02/2022,3,33,10224,
31/03/2022,3,33,10338,
30/04/2022,3,33,10468,
31/05/2022,3,33,10421,
30/06/2022,3,33,10417,
31/07/2022,3,33,10524,
31/08/2022,3,33,10621,
30/09/2022,3,33,10855,
31/10/2022,3,33,11192,
30/11/2022,3,33,11168,
31/12/2022,3,33,11052,
31/01/2023,3,33,11333,11333
28/02/2023,3,33,11442,11442
31/03/2023,3,33,11436,11436
30/04/2023,3,33,11376,11376
31/05/2023,3,33,11473,11473
30/06/2023,3,33,11295,11295
31/07/2023,3,33,11256,11256
31/08/2023,3,33,11323,11323
30/09/2023,3,33,11167,11167
31/10/2023,3,33,11333,11333
30/11/2023,3,33,11324,11324
31/12/2023,3,33,11249,11249
31/01/2024,3,33,11311,11311
29/02/2024,3,33,11276,11276
31/03/2024,3,33,11186,11186
30/04/2024,3,33,10823,10823
31/05/2024,3,33,10799,10799
30/06/2024,3,33,10875,10875
31/07/2024,3,33,10923,10923
31/08/2024,3,33,10978,10978
30/09/2024,3,33,10793,10793
31/10/2024,3,33,10794,10794
30/11/2024,3,33,10720,10720
31/12/2024,3,33,10584,10584
31/01/2025,3,33,10662,10662
28/02/2025,3,33,10637,10637
31/03/2025,3,33,10627,10627
30/04/2025,3,33,10636,10636
31/05/2025,3,33,10339,10339
30/06/2025,3,33,10327,10327
31/07/2025,3,33,10197,10197
31/08/2025,3,33,10134,10134
30/09/2025,3,33,10098,10098
31/10/2025,3,33,10052,10052
30/11/2025,3,33,10026,10026
31/12/2025,3,33,9846,9846
31/01/2026,3,33,9734,9734
31/03/2010,3,34,3277,
30/04/2010,3,34,3276,
31/05/2010,3,34,3361,
30/06/2010,3,34,3402,
31/07/2010,3,34,3418,
31/08/2010,3,34,3432,
30/09/2010,3,34,3466,
31/10/2010,3,34,3506,
30/11/2010,3,34,3530,
31/12/2010,3,34,3488,
31/01/2011,3,34,3566,
28/02/2011,3,34,3621,
31/03/2011,3,34,3631,
30/04/2011,3,34,3580,
31/05/2011,3,34,3621,
30/06/2011,3,34,3582,
31/07/2011,3,34,3575,
31/08/2011,3,34,3566,
30/09/2011,3,34,3515,
31/10/2011,3,34,3507,
30/11/2011,3,34,3459,
31/12/2011,3,34,3373,
31/01/2012,3,34,3437,
29/02/2012,3,34,3442,
31/03/2012,3,34,3477,
30/04/2012,3,34,3258,
31/05/2012,3,34,3270,
30/06/2012,3,34,3306,
31/07/2012,3,34,3337,
31/08/2012,3,34,3386,
30/09/2012,3,34,3336,
31/10/2012,3,34,3377,
30/11/2012,3,34,3375,
31/12/2012,3,34,3331,
31/01/2013,3,34,3416,
28/02/2013,3,34,3413,
31/03/2013,3,34,3381,
30/04/2013,3,34,3393,
31/05/2013,3,34,3632,
30/06/2013,3,34,3357,
31/07/2013,3,34,3354,
31/08/2013,3,34,3265,
30/09/2013,3,34,3252,
31/10/2013,3,34,3364,
30/11/2013,3,34,3339,
31/12/2013,3,34,3316,
31/01/2014,3,34,3371,
28/02/2014,3,34,3432,
31/03/2014,3,34,3441,
30/04/2014,3,34,3451,
31/05/2014,3,34,3450,
30/06/2014,3,34,3446,
31/07/2014,3,34,3473,
31/08/2014,3,34,3501,
30/09/2014,3,34,3385,
31/10/2014,3,34,3395,
30/11/2014,3,34,3423,
31/12/2014,3,34,3436,
31/01/2015,3,34,3477,
28/02/2015,3,34,3493,
31/03/2015,3,34,3570,
30/04/2015,3,34,3567,
31/05/2015,3,34,3572,
30/06/2015,3,34,3532,
31/07/2015,3,34,3645,
31/08/2015,3,34,3624,
30/09/2015,3,34,3606,
31/10/2015,3,34,3635,
30/11/2015,3,34,3539,
31/12/2015,3,34,3493,
31/01/2016,3,34,3487,
29/02/2016,3,34,3538,
31/03/2016,3,34,3537,
30/04/2016,3,34,3543,
31/05/2016,3,34,3553,
30/06/2016,3,34,3626,
31/07/2016,3,34,3592,
31/08/2016,3,34,3653,
30/09/2016,3,34,3741,
31/10/2016,3,34,3813,
30/11/2016,3,34,3899,
31/12/2016,3,34,3811,
31/01/2017,3,34,3992,
28/02/2017,3,34,4091,
31/03/2017,3,34,4084,
30/04/2017,3,34,4140,
31/05/2017,3,34,4268,
30/06/2017,3,34,4260,
31/07/2017,3,34,4281,
31/08/2017,3,34,4285,
30/09/2017,3,34,4405,
31/10/2017,3,34,4394,
30/11/2017,3,34,4387,
31/12/2017,3,34,4302,
31/01/2018,3,34,4331,
28/02/2018,3,34,4486,
31/03/2018,3,34,4615,
30/04/2018,3,34,4675,
31/05/2018,3,34,4673,
30/06/2018,3,34,4694,
31/07/2018,3,34,4690,
31/08/2018,3,34,4714,
30/09/2018,3,34,4591,
31/10/2018,3,34,4631,
30/11/2018,3,34,4627,
31/12/2018,3,34,4510,
31/01/2019,3,34,4591,
28/02/2019,3,34,4603,
31/03/2019,3,34,4548,
30/04/2019,3,34,4464,
31/05/2019,3,34,4467,
30/06/2019,3,34,4344,
31/07/2019,3,34,4384,
31/08/2019,3,34,4308,
30/09/2019,3,34,4269,
31/10/2019,3,34,4519,
30/11/2019,3,34,4542,
31/12/2019,3,34,4881,
31/01/2020,3,34,4887,
29/02/2020,3,34,4810,
31/03/2020,3,34,4919,
30/04/2020,3,34,5875,
31/05/2020,3,34,5626,
30/06/2020,3,34,5620,
31/07/2020,3,34,5600,
31/08/2020,3,34,5626,
30/09/2020,3,34,5772,
31/10/2020,3,34,5749,
30/11/2020,3,34,5936,
31/12/2020,3,34,5914,
31/01/2021,3,34,6182,
28/02/2021,3,34,6230,
31/03/2021,3,34,6237,
30/04/2021,3,34,6188,
31/05/2021,3,34,6590,
30/06/2021,3,34,6685,
31/07/2021,3,34,6481,
31/08/2021,3,34,6578,
30/09/2021,3,34,6305,
31/10/2021,3,34,6326,
30/11/2021,3,34,6413,
31/12/2021,3,34,6324,
31/01/2022,3,34,6370,
28/02/2022,3,34,6671,
31/03/2022,3,34,6621,
30/04/2022,3,34,6564,
31/05/2022,3,34,6623,
30/06/2022,3,34,7233,
31/07/2022,3,34,7163,
31/08/2022,3,34,7197,
30/09/2022,3,34,7193,
31/10/2022,3,34,7209,
30/11/2022,3,34,7249,
31/12/2022,3,34,7147,
31/01/2023,3,34,7201,7201
28/02/2023,3,34,7312,7312
31/03/2023,3,34,7330,7330
30/04/2023,3,34,7126,7126
31/05/2023,3,34,7422,7422
30/06/2023,3,34,7359,7359
31/07/2023,3,34,7324,7324
31/08/2023,3,34,7190,7190
30/09/2023,3,34,7257,7257
31/10/2023,3,34,7265,7265
30/11/2023,3,34,7794,7794
31/12/2023,3,34,7799,7799
31/01/2024,3,34,7902,7902
29/02/2024,3,34,7862,7862
31/03/2024,3,34,7742,7742
30/04/2024,3,34,7776,7776
31/05/2024,3,34,7332,7332
30/06/2024,3,34,7803,7803
31/07/2024,3,34,7953,7953
31/08/2024,3,34,8026,8026
30/09/2024,3,34,8049,8049
31/10/2024,3,34,7325,7325
30/11/2024,3,34,8076,8076
31/12/2024,3,34,7786,7786
31/01/2025,3,34,7705,7705
28/02/2025,3,34,7753,7753
31/03/2025,3,34,7673,7673
30/04/2025,3,34,7630,7630
31/05/2025,3,34,7467,7467
30/06/2025,3,34,7322,7322
31/07/2025,3,34,7335,7335
31/08/2025,3,34,7336,7336
30/09/2025,3,34,7320,7320
31/10/2025,3,34,6595,6595
30/11/2025,3,34,6588,6588
31/12/2025,3,34,6462,6462
31/01/2026,3,34,6525,6525
31/03/2010,3,35,29896,
30/04/2010,3,35,30561,
31/05/2010,3,35,30656,
30/06/2010,3,35,30651,
31/07/2010,3,35,30976,
31/08/2010,3,35,30679,
30/09/2010,3,35,30961,
31/10/2010,3,35,30849,
30/11/2010,3,35,30831,
31/12/2010,3,35,30566,
31/01/2011,3,35,30789,
28/02/2011,3,35,31337,
31/03/2011,3,35,31724,
30/04/2011,3,35,31683,
31/05/2011,3,35,31525,
30/06/2011,3,35,31959,
31/07/2011,3,35,31993,
31/08/2011,3,35,32140,
30/09/2011,3,35,32185,
31/10/2011,3,35,32458,
30/11/2011,3,35,32782,
31/12/2011,3,35,32407,
31/01/2012,3,35,32577,
29/02/2012,3,35,32861,
31/03/2012,3,35,32978,
30/04/2012,3,35,33203,
31/05/2012,3,35,33277,
30/06/2012,3,35,33432,
31/07/2012,3,35,33750,
31/08/2012,3,35,33887,
30/09/2012,3,35,34002,
31/10/2012,3,35,34382,
30/11/2012,3,35,34564,
31/12/2012,3,35,34170,
31/01/2013,3,35,34416,
28/02/2013,3,35,34628,
31/03/2013,3,35,34746,
30/04/2013,3,35,34997,
31/05/2013,3,35,34811,
30/06/2013,3,35,34800,
31/07/2013,3,35,34581,
31/08/2013,3,35,34494,
30/09/2013,3,35,34468,
31/10/2013,3,35,34477,
30/11/2013,3,35,34508,
31/12/2013,3,35,34265,
31/01/2014,3,35,34650,
28/02/2014,3,35,34837,
31/03/2014,3,35,35536,
30/04/2014,3,35,35469,
31/05/2014,3,35,35608,
30/06/2014,3,35,35318,
31/07/2014,3,35,35389,
31/08/2014,3,35,35642,
30/09/2014,3,35,35905,
31/10/2014,3,35,36390,
30/11/2014,3,35,36137,
31/12/2014,3,35,35816,
31/01/2015,3,35,36244,
28/02/2015,3,35,36583,
31/03/2015,3,35,37434,
30/04/2015,3,35,37912,
31/05/2015,3,35,38003,
30/06/2015,3,35,38421,
31/07/2015,3,35,39064,
31/08/2015,3,35,39185,
30/09/2015,3,35,39568,
31/10/2015,3,35,40083,
30/11/2015,3,35,40316,
31/12/2015,3,35,39929,
31/01/2016,3,35,39994,
29/02/2016,3,35,40615,
31/03/2016,3,35,40817,
30/04/2016,3,35,40991,
31/05/2016,3,35,41367,
30/06/2016,3,35,41658,
31/07/2016,3,35,41925,
31/08/2016,3,35,42051,
30/09/2016,3,35,42347,
31/10/2016,3,35,42609,
30/11/2016,3,35,42893,
31/12/2016,3,35,42311,
31/01/2017,3,35,42719,
28/02/2017,3,35,43148,
31/03/2017,3,35,43916,
30/04/2017,3,35,44204,
31/05/2017,3,35,44480,
30/06/2017,3,35,44811,
31/07/2017,3,35,45168,
31/08/2017,3,35,45277,
30/09/2017,3,35,45611,
31/10/2017,3,35,45894,
30/11/2017,3,35,46061,
31/12/2017,3,35,45316,
31/01/2018,3,35,45983,
28/02/2018,3,35,46320,
31/03/2018,3,35,46051,
30/04/2018,3,35,45987,
31/05/2018,3,35,45842,
30/06/2018,3,35,46312,
31/07/2018,3,35,46372,
31/08/2018,3,35,46722,
30/09/2018,3,35,47017,
31/10/2018,3,35,47163,
30/11/2018,3,35,47440,
31/12/2018,3,35,46842,
31/01/2019,3,35,47145,
28/02/2019,3,35,47021,
31/03/2019,3,35,46760,
30/04/2019,3,35,47018,
31/05/2019,3,35,46981,
30/06/2019,3,35,46450,
31/07/2019,3,35,46324,
31/08/2019,3,35,45971,
30/09/2019,3,35,46706,
31/10/2019,3,35,47208,
30/11/2019,3,35,47224,
31/12/2019,3,35,46605,
31/01/2020,3,35,46820,
29/02/2020,3,35,47209,
31/03/2020,3,35,47434,
30/04/2020,3,35,46589,
31/05/2020,3,35,45959,
30/06/2020,3,35,45376,
31/07/2020,3,35,45153,
31/08/2020,3,35,45329,
30/09/2020,3,35,45630,
31/10/2020,3,35,46170,
30/11/2020,3,35,46404,
31/12/2020,3,35,45905,
31/01/2021,3,35,46152,
28/02/2021,3,35,46738,
31/03/2021,3,35,46890,
30/04/2021,3,35,47122,
31/05/2021,3,35,47903,
30/06/2021,3,35,48227,
31/07/2021,3,35,49939,
31/08/2021,3,35,50044,
30/09/2021,3,35,50938,
31/10/2021,3,35,50865,
30/11/2021,3,35,51499,
31/12/2021,3,35,50787,
31/01/2022,3,35,51431,
28/02/2022,3,35,52135,
31/03/2022,3,35,52613,
30/04/2022,3,35,52851,
31/05/2022,3,35,52959,
30/06/2022,3,35,53162,
31/07/2022,3,35,53575,
31/08/2022,3,35,53618,
30/09/2022,3,35,53957,
31/10/2022,3,35,54063,
30/11/2022,3,35,53863,
31/12/2022,3,35,52413,
31/01/2023,3,35,53059,53059
28/02/2023,3,35,53587,53587
31/03/2023,3,35,53625,53625
30/04/2023,3,35,53836,53836
31/05/2023,3,35,53467,53467
30/06/2023,3,35,53338,53338
31/07/2023,3,35,53525,53525
31/08/2023,3,35,54055,54055
30/09/2023,3,35,54036,54036
31/10/2023,3,35,53434,53434
30/11/2023,3,35,53117,53117
31/12/2023,3,35,52152,52152
31/01/2024,3,35,52786,52786
29/02/2024,3,35,53530,53530
31/03/2024,3,35,53620,53620
30/04/2024,3,35,53770,53770
31/05/2024,3,35,53998,53998
30/06/2024,3,35,54266,54266
31/07/2024,3,35,54509,54509
31/08/2024,3,35,54809,54809
30/09/2024,3,35,54972,54972
31/10/2024,3,35,55358,55358
30/11/2024,3,35,55259,55259
31/12/2024,3,35,54198,54198
31/01/2025,3,35,54576,54576
28/02/2025,3,35,55234,55234
31/03/2025,3,35,55264,55264
30/04/2025,3,35,55329,55329
31/05/2025,3,35,55400,55400
30/06/2025,3,35,55277,55277
31/07/2025,3,35,54257,54257
31/08/2025,3,35,53952,53952
30/09/2025,3,35,53492,53492
31/10/2025,3,35,53579,53579
30/11/2025,3,35,53704,53704
31/12/2025,3,35,53204,53204
31/01/2026,3,35,53129,53129
31/03/2010,3,36,10117,
30/04/2010,3,36,10327,
31/05/2010,3,36,10545,
30/06/2010,3,36,10770,
31/07/2010,3,36,10890,
31/08/2010,3,36,10856,
30/09/2010,3,36,10862,
31/10/2010,3,36,11031,
30/11/2010,3,36,11224,
31/12/2010,3,36,11060,
31/01/2011,3,36,11933,
28/02/2011,3,36,12089,
31/03/2011,3,36,12232,
30/04/2011,3,36,12251,
31/05/2011,3,36,12239,
30/06/2011,3,36,12526,
31/07/2011,3,36,12741,
31/08/2011,3,36,12640,
30/09/2011,3,36,12563,
31/10/2011,3,36,12507,
30/11/2011,3,36,12560,
31/12/2011,3,36,12439,
31/01/2012,3,36,12739,
29/02/2012,3,36,12994,
31/03/2012,3,36,12815,
30/04/2012,3,36,12903,
31/05/2012,3,36,12868,
30/06/2012,3,36,12997,
31/07/2012,3,36,13063,
31/08/2012,3,36,12764,
30/09/2012,3,36,12941,
31/10/2012,3,36,12919,
30/11/2012,3,36,13552,
31/12/2012,3,36,13487,
31/01/2013,3,36,13712,
28/02/2013,3,36,13807,
31/03/2013,3,36,13789,
30/04/2013,3,36,13839,
31/05/2013,3,36,13898,
30/06/2013,3,36,13893,
31/07/2013,3,36,13900,
31/08/2013,3,36,13409,
30/09/2013,3,36,13485,
31/10/2013,3,36,13665,
30/11/2013,3,36,14036,
31/12/2013,3,36,14064,
31/01/2014,3,36,14155,
28/02/2014,3,36,14864,
31/03/2014,3,36,14970,
30/04/2014,3,36,14970,
31/05/2014,3,36,14983,
30/06/2014,3,36,15508,
31/07/2014,3,36,15362,
31/08/2014,3,36,14961,
30/09/2014,3,36,15076,
31/10/2014,3,36,15361,
30/11/2014,3,36,15706,
31/12/2014,3,36,15503,
31/01/2015,3,36,15704,
28/02/2015,3,36,15926,
31/03/2015,3,36,15979,
30/04/2015,3,36,16140,
31/05/2015,3,36,16181,
30/06/2015,3,36,16210,
31/07/2015,3,36,16295,
31/08/2015,3,36,14051,
30/09/2015,3,36,14213,
31/10/2015,3,36,15119,
30/11/2015,3,36,15123,
31/12/2015,3,36,14935,
31/01/2016,3,36,15115,
29/02/2016,3,36,15231,
31/03/2016,3,36,15408,
30/04/2016,3,36,15544,
31/05/2016,3,36,15495,
30/06/2016,3,36,14887,
31/07/2016,3,36,14896,
31/08/2016,3,36,14951,
30/09/2016,3,36,15056,
31/10/2016,3,36,15225,
30/11/2016,3,36,15631,
31/12/2016,3,36,15597,
31/01/2017,3,36,14862,
28/02/2017,3,36,15159,
31/03/2017,3,36,15493,
30/04/2017,3,36,15334,
31/05/2017,3,36,14916,
30/06/2017,3,36,15144,
31/07/2017,3,36,15240,
31/08/2017,3,36,14892,
30/09/2017,3,36,14988,
31/10/2017,3,36,14912,
30/11/2017,3,36,14838,
31/12/2017,3,36,14500,
31/01/2018,3,36,14968,
28/02/2018,3,36,15226,
31/03/2018,3,36,15225,
30/04/2018,3,36,14957,
31/05/2018,3,36,15288,
30/06/2018,3,36,15335,
31/07/2018,3,36,15629,
31/08/2018,3,36,15690,
30/09/2018,3,36,16089,
31/10/2018,3,36,16208,
30/11/2018,3,36,16458,
31/12/2018,3,36,16207,
31/01/2019,3,36,16244,
28/02/2019,3,36,16288,
31/03/2019,3,36,16910,
30/04/2019,3,36,16998,
31/05/2019,3,36,17207,
30/06/2019,3,36,17315,
31/07/2019,3,36,17442,
31/08/2019,3,36,17440,
30/09/2019,3,36,17262,
31/10/2019,3,36,17262,
30/11/2019,3,36,17076,
31/12/2019,3,36,16843,
31/01/2020,3,36,16846,
29/02/2020,3,36,16921,
31/03/2020,3,36,17087,
30/04/2020,3,36,17020,
31/05/2020,3,36,17048,
30/06/2020,3,36,17031,
31/07/2020,3,36,17003,
31/08/2020,3,36,17104,
30/09/2020,3,36,17261,
31/10/2020,3,36,17428,
30/11/2020,3,36,17589,
31/12/2020,3,36,17205,
31/01/2021,3,36,17204,
28/02/2021,3,36,17690,
31/03/2021,3,36,17924,
30/04/2021,3,36,18063,
31/05/2021,3,36,18677,
30/06/2021,3,36,19481,
31/07/2021,3,36,22143,
31/08/2021,3,36,22022,
30/09/2021,3,36,22605,
31/10/2021,3,36,22581,
30/11/2021,3,36,22622,
31/12/2021,3,36,22659,
31/01/2022,3,36,22697,
28/02/2022,3,36,22974,
31/03/2022,3,36,22990,
30/04/2022,3,36,22961,
31/05/2022,3,36,23081,
30/06/2022,3,36,23161,
31/07/2022,3,36,23442,
31/08/2022,3,36,23733,
30/09/2022,3,36,23991,
31/10/2022,3,36,24094,
30/11/2022,3,36,24203,
31/12/2022,3,36,23937,
31/01/2023,3,36,23781,23781
28/02/2023,3,36,24125,24125
31/03/2023,3,36,24288,24288
30/04/2023,3,36,24137,24137
31/05/2023,3,36,24037,24037
30/06/2023,3,36,24157,24157
31/07/2023,3,36,24344,24344
31/08/2023,3,36,25159,25159
30/09/2023,3,36,25510,25510
31/10/2023,3,36,25781,25781
30/11/2023,3,36,26201,26201
31/12/2023,3,36,25979,25979
31/01/2024,3,36,26135,26135
29/02/2024,3,36,26660,26660
31/03/2024,3,36,27169,27169
30/04/2024,3,36,26468,26468
31/05/2024,3,36,26626,26626
30/06/2024,3,36,26493,26493
31/07/2024,3,36,26628,26628
31/08/2024,3,36,26476,26476
30/09/2024,3,36,26770,26770
31/10/2024,3,36,27230,27230
30/11/2024,3,36,27540,27540
31/12/2024,3,36,27152,27152
31/01/2025,3,36,27436,27436
28/02/2025,3,36,28108,28108
31/03/2025,3,36,28496,28496
30/04/2025,3,36,28440,28440
31/05/2025,3,36,28994,28994
30/06/2025,3,36,29923,29923
31/07/2025,3,36,30777,30777
31/08/2025,3,36,31766,31766
30/09/2025,3,36,32665,32665
31/10/2025,3,36,33653,33653
30/11/2025,3,36,34087,34087
31/12/2025,3,36,33137,33137
31/01/2026,3,36,32677,32677
31/03/2010,3,37,41973,
30/04/2010,3,37,42883,
31/05/2010,3,37,43816,
30/06/2010,3,37,46821,
31/07/2010,3,37,47900,
31/08/2010,3,37,49970,
30/09/2010,3,37,48775,
31/10/2010,3,37,49209,
30/11/2010,3,37,48737,
31/12/2010,3,37,47472,
31/01/2011,3,37,47743,
28/02/2011,3,37,47291,
31/03/2011,3,37,46492,
30/04/2011,3,37,45725,
31/05/2011,3,37,46168,
30/06/2011,3,37,45193,
31/07/2011,3,37,45347,
31/08/2011,3,37,45131,
30/09/2011,3,37,44828,
31/10/2011,3,37,44889,
30/11/2011,3,37,45582,
31/12/2011,3,37,43358,
31/01/2012,3,37,40821,
29/02/2012,3,37,40601,
31/03/2012,3,37,40513,
30/04/2012,3,37,40412,
31/05/2012,3,37,40920,
30/06/2012,3,37,41048,
31/07/2012,3,37,41127,
31/08/2012,3,37,41239,
30/09/2012,3,37,40917,
31/10/2012,3,37,42134,
30/11/2012,3,37,42278,
31/12/2012,3,37,42071,
31/01/2013,3,37,41446,
28/02/2013,3,37,41769,
31/03/2013,3,37,42204,
30/04/2013,3,37,44509,
31/05/2013,3,37,45358,
30/06/2013,3,37,44523,
31/07/2013,3,37,45898,
31/08/2013,3,37,45610,
30/09/2013,3,37,45577,
31/10/2013,3,37,44250,
30/11/2013,3,37,43195,
31/12/2013,3,37,42984,
31/01/2014,3,37,42696,
28/02/2014,3,37,41702,
31/03/2014,3,37,42163,
30/04/2014,3,37,42383,
31/05/2014,3,37,42930,
30/06/2014,3,37,43346,
31/07/2014,3,37,43026,
31/08/2014,3,37,43173,
30/09/2014,3,37,43898,
31/10/2014,3,37,43472,
30/11/2014,3,37,44106,
31/12/2014,3,37,44199,
31/01/2015,3,37,43630,
28/02/2015,3,37,44012,
31/03/2015,3,37,44728,
30/04/2015,3,37,44995,
31/05/2015,3,37,45941,
30/06/2015,3,37,46591,
31/07/2015,3,37,45138,
31/08/2015,3,37,45571,
30/09/2015,3,37,46058,
31/10/2015,3,37,45553,
30/11/2015,3,37,46360,
31/12/2015,3,37,45810,
31/01/2016,3,37,45258,
29/02/2016,3,37,45683,
31/03/2016,3,37,45621,
30/04/2016,3,37,45866,
31/05/2016,3,37,46651,
30/06/2016,3,37,47524,
31/07/2016,3,37,48373,
31/08/2016,3,37,49760,
30/09/2016,3,37,48868,
31/10/2016,3,37,50063,
30/11/2016,3,37,51472,
31/12/2016,3,37,50560,
31/01/2017,3,37,49661,
28/02/2017,3,37,50752,
31/03/2017,3,37,51116,
30/04/2017,3,37,51583,
31/05/2017,3,37,52853,
30/06/2017,3,37,54117,
31/07/2017,3,37,55093,
31/08/2017,3,37,55701,
30/09/2017,3,37,56097,
31/10/2017,3,37,56126,
30/11/2017,3,37,56805,
31/12/2017,3,37,55839,
31/01/2018,3,37,54658,
28/02/2018,3,37,55784,
31/03/2018,3,37,56722,
30/04/2018,3,37,57438,
31/05/2018,3,37,58641,
30/06/2018,3,37,59841,
31/07/2018,3,37,61119,
31/08/2018,3,37,61480,
30/09/2018,3,37,61815,
31/10/2018,3,37,61960,
30/11/2018,3,37,62445,
31/12/2018,3,37,62401,
31/01/2019,3,37,63492,
28/02/2019,3,37,64337,
31/03/2019,3,37,65077,
30/04/2019,3,37,65358,
31/05/2019,3,37,66009,
30/06/2019,3,37,67535,
31/07/2019,3,37,68004,
31/08/2019,3,37,68731,
30/09/2019,3,37,68855,
31/10/2019,3,37,66746,
30/11/2019,3,37,66189,
31/12/2019,3,37,64161,
31/01/2020,3,37,62267,
29/02/2020,3,37,62369,
31/03/2020,3,37,60887,
30/04/2020,3,37,59701,
31/05/2020,3,37,58327,
30/06/2020,3,37,57589,
31/07/2020,3,37,56692,
31/08/2020,3,37,57204,
30/09/2020,3,37,56984,
31/10/2020,3,37,57246,
30/11/2020,3,37,55672,
31/12/2020,3,37,55909,
31/01/2021,3,37,56273,
28/02/2021,3,37,57482,
31/03/2021,3,37,57801,
30/04/2021,3,37,57951,
31/05/2021,3,37,57861,
30/06/2021,3,37,56936,
31/07/2021,3,37,58203,
31/08/2021,3,37,58725,
30/09/2021,3,37,59020,
31/10/2021,3,37,59264,
30/11/2021,3,37,59922,
31/12/2021,3,37,60651,
31/01/2022,3,37,61164,
28/02/2022,3,37,62517,
31/03/2022,3,37,64469,
30/04/2022,3,37,65421,
31/05/2022,3,37,66631,
30/06/2022,3,37,68492,
31/07/2022,3,37,69684,
31/08/2022,3,37,70608,
30/09/2022,3,37,72034,
31/10/2022,3,37,73425,
30/11/2022,3,37,73848,
31/12/2022,3,37,73539,
31/01/2023,3,37,77908,77908
28/02/2023,3,37,77882,77882
31/03/2023,3,37,78868,78868
30/04/2023,3,37,78474,78474
31/05/2023,3,37,78076,78076
30/06/2023,3,37,78229,78229
31/07/2023,3,37,77148,77148
31/08/2023,3,37,75943,75943
30/09/2023,3,37,75325,75325
31/10/2023,3,37,74106,74106
30/11/2023,3,37,73112,73112
31/12/2023,3,37,71333,71333
31/01/2024,3,37,70329,70329
29/02/2024,3,37,70112,70112
31/03/2024,3,37,68701,68701
30/04/2024,3,37,68150,68150
31/05/2024,3,37,68316,68316
30/06/2024,3,37,68771,68771
31/07/2024,3,37,69376,69376
31/08/2024,3,37,69432,69432
30/09/2024,3,37,70088,70088
31/10/2024,3,37,70661,70661
30/11/2024,3,37,70355,70355
31/12/2024,3,37,69851,69851
31/01/2025,3,37,69646,69646
28/02/2025,3,37,69467,69467
31/03/2025,3,37,69602,69602
30/04/2025,3,37,69611,69611
31/05/2025,3,37,69375,69375
30/06/2025,3,37,68921,68921
31/07/2025,3,37,68747,68747
31/08/2025,3,37,67861,67861
30/09/2025,3,37,67150,67150
31/10/2025,3,37,67858,67858
30/11/2025,3,37,67745,67745
31/12/2025,3,37,67037,67037
31/01/2026,3,37,66651,66651
31/03/2010,3,38,10806,
30/04/2010,3,38,10893,
31/05/2010,3,38,11050,
30/06/2010,3,38,11300,
31/07/2010,3,38,11495,
31/08/2010,3,38,11721,
30/09/2010,3,38,11827,
31/10/2010,3,38,12089,
30/11/2010,3,38,12271,
31/12/2010,3,38,12194,
31/01/2011,3,38,12484,
28/02/2011,3,38,12971,
31/03/2011,3,38,13427,
30/04/2011,3,38,13669,
31/05/2011,3,38,13752,
30/06/2011,3,38,13707,
31/07/2011,3,38,14236,
31/08/2011,3,38,14630,
30/09/2011,3,38,15086,
31/10/2011,3,38,15519,
30/11/2011,3,38,15424,
31/12/2011,3,38,15302,
31/01/2012,3,38,14993,
29/02/2012,3,38,15056,
31/03/2012,3,38,15231,
30/04/2012,3,38,15133,
31/05/2012,3,38,15304,
30/06/2012,3,38,15458,
31/07/2012,3,38,15413,
31/08/2012,3,38,15385,
30/09/2012,3,38,15305,
31/10/2012,3,38,15357,
30/11/2012,3,38,15244,
31/12/2012,3,38,15152,
31/01/2013,3,38,15002,
28/02/2013,3,38,15056,
31/03/2013,3,38,15154,
30/04/2013,3,38,15291,
31/05/2013,3,38,15263,
30/06/2013,3,38,15304,
31/07/2013,3,38,15499,
31/08/2013,3,38,15716,
30/09/2013,3,38,16047,
31/10/2013,3,38,16632,
30/11/2013,3,38,16744,
31/12/2013,3,38,16343,
31/01/2014,3,38,16607,
28/02/2014,3,38,16936,
31/03/2014,3,38,17541,
30/04/2014,3,38,17700,
31/05/2014,3,38,17920,
30/06/2014,3,38,18144,
31/07/2014,3,38,18229,
31/08/2014,3,38,18316,
30/09/2014,3,38,18687,
31/10/2014,3,38,19002,
30/11/2014,3,38,19111,
31/12/2014,3,38,18968,
31/01/2015,3,38,18922,
28/02/2015,3,38,18950,
31/03/2015,3,38,19161,
30/04/2015,3,38,19182,
31/05/2015,3,38,19454,
30/06/2015,3,38,19838,
31/07/2015,3,38,20116,
31/08/2015,3,38,20250,
30/09/2015,3,38,20391,
31/10/2015,3,38,21059,
30/11/2015,3,38,21152,
31/12/2015,3,38,21003,
31/01/2016,3,38,21131,
29/02/2016,3,38,21356,
31/03/2016,3,38,21344,
30/04/2016,3,38,21568,
31/05/2016,3,38,21852,
30/06/2016,3,38,22515,
31/07/2016,3,38,23313,
31/08/2016,3,38,23583,
30/09/2016,3,38,24299,
31/10/2016,3,38,24427,
30/11/2016,3,38,24497,
31/12/2016,3,38,24145,
31/01/2017,3,38,24520,
28/02/2017,3,38,24194,
31/03/2017,3,38,24962,
30/04/2017,3,38,25748,
31/05/2017,3,38,26357,
30/06/2017,3,38,27246,
31/07/2017,3,38,28210,
31/08/2017,3,38,28808,
30/09/2017,3,38,29004,
31/10/2017,3,38,29116,
30/11/2017,3,38,28931,
31/12/2017,3,38,28644,
31/01/2018,3,38,28581,
28/02/2018,3,38,28512,
31/03/2018,3,38,28362,
30/04/2018,3,38,28543,
31/05/2018,3,38,28444,
30/06/2018,3,38,28629,
31/07/2018,3,38,29131,
31/08/2018,3,38,29549,
30/09/2018,3,38,29871,
31/10/2018,3,38,29832,
30/11/2018,3,38,29592,
31/12/2018,3,38,28983,
31/01/2019,3,38,28858,
28/02/2019,3,38,28890,
31/03/2019,3,38,29143,
30/04/2019,3,38,28794,
31/05/2019,3,38,28516,
30/06/2019,3,38,28330,
31/07/2019,3,38,28498,
31/08/2019,3,38,28827,
30/09/2019,3,38,29147,
31/10/2019,3,38,28754,
30/11/2019,3,38,28353,
31/12/2019,3,38,27913,
31/01/2020,3,38,27987,
29/02/2020,3,38,28191,
31/03/2020,3,38,27334,
30/04/2020,3,38,26504,
31/05/2020,3,38,25921,
30/06/2020,3,38,25820,
31/07/2020,3,38,25931,
31/08/2020,3,38,26081,
30/09/2020,3,38,26537,
31/10/2020,3,38,27167,
30/11/2020,3,38,28137,
31/12/2020,3,38,27572,
31/01/2021,3,38,28157,
28/02/2021,3,38,27931,
31/03/2021,3,38,27821,
30/04/2021,3,38,27855,
31/05/2021,3,38,28055,
30/06/2021,3,38,28218,
31/07/2021,3,38,28886,
31/08/2021,3,38,28703,
30/09/2021,3,38,28546,
31/10/2021,3,38,28486,
30/11/2021,3,38,28188,
31/12/2021,3,38,27679,
31/01/2022,3,38,28023,
28/02/2022,3,38,28475,
31/03/2022,3,38,28833,
30/04/2022,3,38,28785,
31/05/2022,3,38,28915,
30/06/2022,3,38,29221,
31/07/2022,3,38,29478,
31/08/2022,3,38,29700,
30/09/2022,3,38,29640,
31/10/2022,3,38,29921,
30/11/2022,3,38,29825,
31/12/2022,3,38,29463,
31/01/2023,3,38,27034,27034
28/02/2023,3,38,27327,27327
31/03/2023,3,38,27480,27480
30/04/2023,3,38,27445,27445
31/05/2023,3,38,27780,27780
30/06/2023,3,38,27785,27785
31/07/2023,3,38,27876,27876
31/08/2023,3,38,27813,27813
30/09/2023,3,38,28491,28491
31/10/2023,3,38,28952,28952
30/11/2023,3,38,29149,29149
31/12/2023,3,38,28656,28656
31/01/2024,3,38,28881,28881
29/02/2024,3,38,29276,29276
31/03/2024,3,38,29554,29554
30/04/2024,3,38,29698,29698
31/05/2024,3,38,29798,29798
30/06/2024,3,38,30167,30167
31/07/2024,3,38,30515,30515
31/08/2024,3,38,30444,30444
30/09/2024,3,38,30489,30489
31/10/2024,3,38,30699,30699
30/11/2024,3,38,30568,30568
31/12/2024,3,38,29966,29966
31/01/2025,3,38,30047,30047
28/02/2025,3,38,30208,30208
31/03/2025,3,38,30037,30037
30/04/2025,3,38,30061,30061
31/05/2025,3,38,29890,29890
30/06/2025,3,38,29678,29678
31/07/2025,3,38,29654,29654
31/08/2025,3,38,29583,29583
30/09/2025,3,38,29663,29663
31/10/2025,3,38,29644,29644
30/11/2025,3,38,29703,29703
31/12/2025,3,38,29244,29244
31/01/2026,3,38,30190,30190
31/03/2010,3,39,8763,
30/04/2010,3,39,9049,
31/05/2010,3,39,8805,
30/06/2010,3,39,8542,
31/07/2010,3,39,8497,
31/08/2010,3,39,8379,
30/09/2010,3,39,8374,
31/10/2010,3,39,8564,
30/11/2010,3,39,8663,
31/12/2010,3,39,8624,
31/01/2011,3,39,8428,
28/02/2011,3,39,8407,
31/03/2011,3,39,8463,
30/04/2011,3,39,8505,
31/05/2011,3,39,8511,
30/06/2011,3,39,8501,
31/07/2011,3,39,8757,
31/08/2011,3,39,8840,
30/09/2011,3,39,8829,
31/10/2011,3,39,8593,
30/11/2011,3,39,8654,
31/12/2011,3,39,8611,
31/01/2012,3,39,8557,
29/02/2012,3,39,8667,
31/03/2012,3,39,8717,
30/04/2012,3,39,8634,
31/05/2012,3,39,8670,
30/06/2012,3,39,8584,
31/07/2012,3,39,8598,
31/08/2012,3,39,8619,
30/09/2012,3,39,8545,
31/10/2012,3,39,8540,
30/11/2012,3,39,8305,
31/12/2012,3,39,8307,
31/01/2013,3,39,8176,
28/02/2013,3,39,8216,
31/03/2013,3,39,8499,
30/04/2013,3,39,8579,
31/05/2013,3,39,8672,
30/06/2013,3,39,8741,
31/07/2013,3,39,8777,
31/08/2013,3,39,8219,
30/09/2013,3,39,8177,
31/10/2013,3,39,8285,
30/11/2013,3,39,8237,
31/12/2013,3,39,8158,
31/01/2014,3,39,8102,
28/02/2014,3,39,8178,
31/03/2014,3,39,8065,
30/04/2014,3,39,8108,
31/05/2014,3,39,7983,
30/06/2014,3,39,8160,
31/07/2014,3,39,8194,
31/08/2014,3,39,8371,
30/09/2014,3,39,8473,
31/10/2014,3,39,8560,
30/11/2014,3,39,8723,
31/12/2014,3,39,8710,
31/01/2015,3,39,8810,
28/02/2015,3,39,8965,
31/03/2015,3,39,9352,
30/04/2015,3,39,9237,
31/05/2015,3,39,9139,
30/06/2015,3,39,9198,
31/07/2015,3,39,9164,
31/08/2015,3,39,9403,
30/09/2015,3,39,9300,
31/10/2015,3,39,9413,
30/11/2015,3,39,9453,
31/12/2015,3,39,9381,
31/01/2016,3,39,9486,
29/02/2016,3,39,9504,
31/03/2016,3,39,9317,
30/04/2016,3,39,9528,
31/05/2016,3,39,9773,
30/06/2016,3,39,9899,
31/07/2016,3,39,9988,
31/08/2016,3,39,10228,
30/09/2016,3,39,10255,
31/10/2016,3,39,10438,
30/11/2016,3,39,10682,
31/12/2016,3,39,10658,
31/01/2017,3,39,11173,
28/02/2017,3,39,11820,
31/03/2017,3,39,12050,
30/04/2017,3,39,12138,
31/05/2017,3,39,12131,
30/06/2017,3,39,12351,
31/07/2017,3,39,11923,
31/08/2017,3,39,12249,
30/09/2017,3,39,12327,
31/10/2017,3,39,12496,
30/11/2017,3,39,12622,
31/12/2017,3,39,12500,
31/01/2018,3,39,12145,
28/02/2018,3,39,12225,
31/03/2018,3,39,12221,
30/04/2018,3,39,11930,
31/05/2018,3,39,11720,
30/06/2018,3,39,11878,
31/07/2018,3,39,12043,
31/08/2018,3,39,12205,
30/09/2018,3,39,12399,
31/10/2018,3,39,12605,
30/11/2018,3,39,12673,
31/12/2018,3,39,11715,
31/01/2019,3,39,11773,
28/02/2019,3,39,11867,
31/03/2019,3,39,12081,
30/04/2019,3,39,12150,
31/05/2019,3,39,12088,
30/06/2019,3,39,11147,
31/07/2019,3,39,11136,
31/08/2019,3,39,11133,
30/09/2019,3,39,11298,
31/10/2019,3,39,11390,
30/11/2019,3,39,11444,
31/12/2019,3,39,11316,
31/01/2020,3,39,11750,
29/02/2020,3,39,11459,
31/03/2020,3,39,11173,
30/04/2020,3,39,10753,
31/05/2020,3,39,10782,
30/06/2020,3,39,10740,
31/07/2020,3,39,10751,
31/08/2020,3,39,10912,
30/09/2020,3,39,11111,
31/10/2020,3,39,11317,
30/11/2020,3,39,11578,
31/12/2020,3,39,11240,
31/01/2021,3,39,11266,
28/02/2021,3,39,11855,
31/03/2021,3,39,11901,
30/04/2021,3,39,11900,
31/05/2021,3,39,11842,
30/06/2021,3,39,12122,
31/07/2021,3,39,12080,
31/08/2021,3,39,12304,
30/09/2021,3,39,12446,
31/10/2021,3,39,12528,
30/11/2021,3,39,12171,
31/12/2021,3,39,12129,
31/01/2022,3,39,12243,
28/02/2022,3,39,12271,
31/03/2022,3,39,12454,
30/04/2022,3,39,12462,
31/05/2022,3,39,12742,
30/06/2022,3,39,13086,
31/07/2022,3,39,13286,
31/08/2022,3,39,13280,
30/09/2022,3,39,13316,
31/10/2022,3,39,13420,
30/11/2022,3,39,13324,
31/12/2022,3,39,13200,
31/01/2023,3,39,13167,13167
28/02/2023,3,39,13405,13405
31/03/2023,3,39,13526,13526
30/04/2023,3,39,13631,13631
31/05/2023,3,39,13860,13860
30/06/2023,3,39,14252,14252
31/07/2023,3,39,14364,14364
31/08/2023,3,39,14651,14651
30/09/2023,3,39,14726,14726
31/10/2023,3,39,14885,14885
30/11/2023,3,39,14805,14805
31/12/2023,3,39,14465,14465
31/01/2024,3,39,14328,14328
29/02/2024,3,39,14410,14410
31/03/2024,3,39,14492,14492
30/04/2024,3,39,14452,14452
31/05/2024,3,39,14569,14569
30/06/2024,3,39,14493,14493
31/07/2024,3,39,14471,14471
31/08/2024,3,39,14301,14301
30/09/2024,3,39,14225,14225
31/10/2024,3,39,14039,14039
30/11/2024,3,39,13856,13856
31/12/2024,3,39,13978,13978
31/01/2025,3,39,14174,14174
28/02/2025,3,39,14361,14361
31/03/2025,3,39,14559,14559
30/04/2025,3,39,14495,14495
31/05/2025,3,39,14418,14418
30/06/2025,3,39,14345,14345
31/07/2025,3,39,14260,14260
31/08/2025,3,39,14009,14009
30/09/2025,3,39,14313,14313
31/10/2025,3,39,14532,14532
30/11/2025,3,39,14527,14527
31/12/2025,3,39,14190,14190
31/01/2026,3,39,14564,14564
31/03/2010,4,41,69998,
30/04/2010,4,41,72148,
31/05/2010,4,41,73426,
30/06/2010,4,41,76327,
31/07/2010,4,41,77389,
31/08/2010,4,41,79531,
30/09/2010,4,41,80394,
31/10/2010,4,41,81516,
30/11/2010,4,41,80440,
31/12/2010,4,41,75737,
31/01/2011,4,41,76045,
28/02/2011,4,41,77099,
31/03/2011,4,41,79932,
30/04/2011,4,41,80007,
31/05/2011,4,41,81246,
30/06/2011,4,41,81572,
31/07/2011,4,41,80419,
31/08/2011,4,41,79493,
30/09/2011,4,41,80685,
31/10/2011,4,41,80389,
30/11/2011,4,41,80030,
31/12/2011,4,41,74202,
31/01/2012,4,41,74145,
29/02/2012,4,41,75592,
31/03/2012,4,41,78237,
30/04/2012,4,41,77251,
31/05/2012,4,41,77016,
30/06/2012,4,41,77742,
31/07/2012,4,41,79089,
31/08/2012,4,41,80146,
30/09/2012,4,41,79985,
31/10/2012,4,41,80424,
30/11/2012,4,41,79541,
31/12/2012,4,41,74622,
31/01/2013,4,41,75205,
28/02/2013,4,41,76371,
31/03/2013,4,41,75502,
30/04/2013,4,41,77367,
31/05/2013,4,41,78240,
30/06/2013,4,41,78796,
31/07/2013,4,41,79709,
31/08/2013,4,41,80642,
30/09/2013,4,41,79393,
31/10/2013,4,41,81156,
30/11/2013,4,41,79930,
31/12/2013,4,41,75671,
31/01/2014,4,41,75036,
28/02/2014,4,41,75789,
31/03/2014,4,41,77690,
30/04/2014,4,41,78739,
31/05/2014,4,41,80558,
30/06/2014,4,41,82755,
31/07/2014,4,41,84675,
31/08/2014,4,41,84710,
30/09/2014,4,41,85102,
31/10/2014,4,41,88144,
30/11/2014,4,41,87723,
31/12/2014,4,41,83254,
31/01/2015,4,41,85924,
28/02/2015,4,41,88581,
31/03/2015,4,41,89506,
30/04/2015,4,41,90320,
31/05/2015,4,41,90188,
30/06/2015,4,41,90881,
31/07/2015,4,41,93584,
31/08/2015,4,41,94327,
30/09/2015,4,41,95651,
31/10/2015,4,41,96043,
30/11/2015,4,41,96257,
31/12/2015,4,41,91288,
31/01/2016,4,41,93355,
29/02/2016,4,41,95204,
31/03/2016,4,41,95105,
30/04/2016,4,41,98021,
31/05/2016,4,41,98464,
30/06/2016,4,41,98359,
31/07/2016,4,41,99452,
31/08/2016,4,41,100451,
30/09/2016,4,41,102892,
31/10/2016,4,41,104379,
30/11/2016,4,41,104810,
31/12/2016,4,41,100920,
31/01/2017,4,41,103154,
28/02/2017,4,41,103111,
31/03/2017,4,41,106477,
30/04/2017,4,41,106235,
31/05/2017,4,41,107903,
30/06/2017,4,41,108294,
31/07/2017,4,41,108909,
31/08/2017,4,41,111270,
30/09/2017,4,41,112799,
31/10/2017,4,41,115358,
30/11/2017,4,41,115281,
31/12/2017,4,41,108952,
31/01/2018,4,41,112392,
28/02/2018,4,41,115482,
31/03/2018,4,41,114700,
30/04/2018,4,41,116946,
31/05/2018,4,41,118439,
30/06/2018,4,41,117038,
31/07/2018,4,41,117601,
31/08/2018,4,41,118185,
30/09/2018,4,41,116575,
31/10/2018,4,41,117317,
30/11/2018,4,41,114121,
31/12/2018,4,41,105981,
31/01/2019,4,41,111613,
28/02/2019,4,41,113084,
31/03/2019,4,41,112171,
30/04/2019,4,41,111413,
31/05/2019,4,41,112808,
30/06/2019,4,41,112248,
31/07/2019,4,41,115104,
31/08/2019,4,41,114093,
30/09/2019,4,41,113395,
31/10/2019,4,41,113217,
30/11/2019,4,41,112379,
31/12/2019,4,41,105759,
31/01/2020,4,41,110566,
29/02/2020,4,41,113085,
31/03/2020,4,41,112240,
30/04/2020,4,41,102807,
31/05/2020,4,41,101486,
30/06/2020,4,41,102881,
31/07/2020,4,41,101487,
31/08/2020,4,41,101374,
30/09/2020,4,41,101462,
31/10/2020,4,41,102472,
30/11/2020,4,41,102867,
31/12/2020,4,41,96665,
31/01/2021,4,41,98946,
28/02/2021,4,41,98807,
31/03/2021,4,41,98064,
30/04/2021,4,41,99967,
31/05/2021,4,41,101762,
30/06/2021,4,41,104004,
31/07/2021,4,41,103193,
31/08/2021,4,41,105012,
30/09/2021,4,41,105564,
31/10/2021,4,41,105707,
30/11/2021,4,41,105642,
31/12/2021,4,41,99351,
31/01/2022,4,41,100894,
28/02/2022,4,41,101205,
31/03/2022,4,41,101900,
30/04/2022,4,41,102081,
31/05/2022,4,41,103997,
30/06/2022,4,41,104996,
31/07/2022,4,41,106727,
31/08/2022,4,41,108318,
30/09/2022,4,41,108423,
31/10/2022,4,41,113781,
30/11/2022,4,41,115311,
31/12/2022,4,41,109309,
31/01/2023,4,41,112548,112548
28/02/2023,4,41,113686,113686
31/03/2023,4,41,113270,113270
30/04/2023,4,41,112400,112400
31/05/2023,4,41,113226,113226
30/06/2023,4,41,114315,114315
31/07/2023,4,41,114226,114226
31/08/2023,4,41,117958,117958
30/09/2023,4,41,117424,117424
31/10/2023,4,41,118385,118385
30/11/2023,4,41,116497,116497
31/12/2023,4,41,110107,110107
31/01/2024,4,41,114601,114601
29/02/2024,4,41,116162,116162
31/03/2024,4,41,113268,113268
30/04/2024,4,41,114599,114599
31/05/2024,4,41,112437,112437
30/06/2024,4,41,114129,114129
31/07/2024,4,41,115588,115588
31/08/2024,4,41,114638,114638
30/09/2024,4,41,115566,115566
31/10/2024,4,41,116483,116483
30/11/2024,4,41,114691,114691
31/12/2024,4,41,108891,108891
31/01/2025,4,41,109922,109922
28/02/2025,4,41,111604,111604
31/03/2025,4,41,111504,111504
30/04/2025,4,41,111752,111752
31/05/2025,4,41,110785,110785
30/06/2025,4,41,112434,112434
31/07/2025,4,41,112585,112585
31/08/2025,4,41,114393,114393
30/09/2025,4,41,114518,114518
31/10/2025,4,41,115554,115554
30/11/2025,4,41,113643,113643
31/12/2025,4,41,106650,106650
31/01/2026,4,41,108841,108841
31/03/2010,4,42,15242,
30/04/2010,4,42,15420,
31/05/2010,4,42,15433,
30/06/2010,4,42,15732,
31/07/2010,4,42,16080,
31/08/2010,4,42,16275,
30/09/2010,4,42,16399,
31/10/2010,4,42,16641,
30/11/2010,4,42,16945,
31/12/2010,4,42,17064,
31/01/2011,4,42,17019,
28/02/2011,4,42,17287,
31/03/2011,4,42,17169,
30/04/2011,4,42,17134,
31/05/2011,4,42,17425,
30/06/2011,4,42,17752,
31/07/2011,4,42,17457,
31/08/2011,4,42,17600,
30/09/2011,4,42,17960,
31/10/2011,4,42,18244,
30/11/2011,4,42,18239,
31/12/2011,4,42,17717,
31/01/2012,4,42,17620,
29/02/2012,4,42,18346,
31/03/2012,4,42,18489,
30/04/2012,4,42,18554,
31/05/2012,4,42,19162,
30/06/2012,4,42,19381,
31/07/2012,4,42,19642,
31/08/2012,4,42,20183,
30/09/2012,4,42,20277,
31/10/2012,4,42,21214,
30/11/2012,4,42,20992,
31/12/2012,4,42,20583,
31/01/2013,4,42,20434,
28/02/2013,4,42,20851,
31/03/2013,4,42,20842,
30/04/2013,4,42,21414,
31/05/2013,4,42,22025,
30/06/2013,4,42,22398,
31/07/2013,4,42,22080,
31/08/2013,4,42,22248,
30/09/2013,4,42,22241,
31/10/2013,4,42,22725,
30/11/2013,4,42,22613,
31/12/2013,4,42,22723,
31/01/2014,4,42,22488,
28/02/2014,4,42,22587,
31/03/2014,4,42,22553,
30/04/2014,4,42,22839,
31/05/2014,4,42,22936,
30/06/2014,4,42,23080,
31/07/2014,4,42,23467,
31/08/2014,4,42,23558,
30/09/2014,4,42,24196,
31/10/2014,4,42,24558,
30/11/2014,4,42,24741,
31/12/2014,4,42,23994,
31/01/2015,4,42,24269,
28/02/2015,4,42,25034,
31/03/2015,4,42,25617,
30/04/2015,4,42,25785,
31/05/2015,4,42,26048,
30/06/2015,4,42,27034,
31/07/2015,4,42,27289,
31/08/2015,4,42,28074,
30/09/2015,4,42,28003,
31/10/2015,4,42,28055,
30/11/2015,4,42,28273,
31/12/2015,4,42,28299,
31/01/2016,4,42,28243,
29/02/2016,4,42,28884,
31/03/2016,4,42,29130,
30/04/2016,4,42,29288,
31/05/2016,4,42,29645,
30/06/2016,4,42,29672,
31/07/2016,4,42,29288,
31/08/2016,4,42,29384,
30/09/2016,4,42,29722,
31/10/2016,4,42,29993,
30/11/2016,4,42,30941,
31/12/2016,4,42,29970,
31/01/2017,4,42,30721,
28/02/2017,4,42,31803,
31/03/2017,4,42,32558,
30/04/2017,4,42,32193,
31/05/2017,4,42,32256,
30/06/2017,4,42,32489,
31/07/2017,4,42,33164,
31/08/2017,4,42,33930,
30/09/2017,4,42,34335,
31/10/2017,4,42,35250,
30/11/2017,4,42,35980,
31/12/2017,4,42,35520,
31/01/2018,4,42,35516,
28/02/2018,4,42,36022,
31/03/2018,4,42,35588,
30/04/2018,4,42,37033,
31/05/2018,4,42,37023,
30/06/2018,4,42,37058,
31/07/2018,4,42,37092,
31/08/2018,4,42,36350,
30/09/2018,4,42,36894,
31/10/2018,4,42,36611,
30/11/2018,4,42,36197,
31/12/2018,4,42,35273,
31/01/2019,4,42,35700,
28/02/2019,4,42,36053,
31/03/2019,4,42,36105,
30/04/2019,4,42,36559,
31/05/2019,4,42,36611,
30/06/2019,4,42,37274,
31/07/2019,4,42,36911,
31/08/2019,4,42,37297,
30/09/2019,4,42,37191,
31/10/2019,4,42,37716,
30/11/2019,4,42,37377,
31/12/2019,4,42,36184,
31/01/2020,4,42,37044,
29/02/2020,4,42,37613,
31/03/2020,4,42,37450,
30/04/2020,4,42,35881,
31/05/2020,4,42,36089,
30/06/2020,4,42,36876,
31/07/2020,4,42,36714,
31/08/2020,4,42,36543,
30/09/2020,4,42,36379,
31/10/2020,4,42,36972,
30/11/2020,4,42,37345,
31/12/2020,4,42,36484,
31/01/2021,4,42,36528,
28/02/2021,4,42,36525,
31/03/2021,4,42,36582,
30/04/2021,4,42,36312,
31/05/2021,4,42,36769,
30/06/2021,4,42,36921,
31/07/2021,4,42,34230,
31/08/2021,4,42,34591,
30/09/2021,4,42,35248,
31/10/2021,4,42,35858,
30/11/2021,4,42,36181,
31/12/2021,4,42,35196,
31/01/2022,4,42,34794,
28/02/2022,4,42,35183,
31/03/2022,4,42,35444,
30/04/2022,4,42,35054,
31/05/2022,4,42,35465,
30/06/2022,4,42,35591,
31/07/2022,4,42,35615,
31/08/2022,4,42,36323,
30/09/2022,4,42,36740,
31/10/2022,4,42,36800,
30/11/2022,4,42,36817,
31/12/2022,4,42,36037,
31/01/2023,4,42,36279,36279
28/02/2023,4,42,36913,36913
31/03/2023,4,42,36739,36739
30/04/2023,4,42,37187,37187
31/05/2023,4,42,37926,37926
30/06/2023,4,42,38534,38534
31/07/2023,4,42,39029,39029
31/08/2023,4,42,39065,39065
30/09/2023,4,42,39327,39327
31/10/2023,4,42,39420,39420
30/11/2023,4,42,40274,40274
31/12/2023,4,42,38922,38922
31/01/2024,4,42,39490,39490
29/02/2024,4,42,38919,38919
31/03/2024,4,42,38228,38228
30/04/2024,4,42,38654,38654
31/05/2024,4,42,38787,38787
30/06/2024,4,42,38995,38995
31/07/2024,4,42,38768,38768
31/08/2024,4,42,39296,39296
30/09/2024,4,42,39294,39294
31/10/2024,4,42,39081,39081
30/11/2024,4,42,38891,38891
31/12/2024,4,42,38038,38038
31/01/2025,4,42,38435,38435
28/02/2025,4,42,38943,38943
31/03/2025,4,42,39741,39741
30/04/2025,4,42,40325,40325
31/05/2025,4,42,39920,39920
30/06/2025,4,42,40234,40234
31/07/2025,4,42,39846,39846
31/08/2025,4,42,39642,39642
30/09/2025,4,42,39861,39861
31/10/2025,4,42,39484,39484
30/11/2025,4,42,39184,39184
31/12/2025,4,42,37620,37620
31/01/2026,4,42,37519,37519
31/03/2010,5,50,5751,
30/04/2010,5,50,5819,
31/05/2010,5,50,5885,
30/06/2010,5,50,5922,
31/07/2010,5,50,5999,
31/08/2010,5,50,5592,
30/09/2010,5,50,5555,
31/10/2010,5,50,5625,
30/11/2010,5,50,5450,
31/12/2010,5,50,5747,
31/01/2011,5,50,5510,
28/02/2011,5,50,5486,
31/03/2011,5,50,5466,
30/04/2011,5,50,5564,
31/05/2011,5,50,5435,
30/06/2011,5,50,5453,
31/07/2011,5,50,5635,
31/08/2011,5,50,5534,
30/09/2011,5,50,5488,
31/10/2011,5,50,5592,
30/11/2011,5,50,5449,
31/12/2011,5,50,5654,
31/01/2012,5,50,5355,
29/02/2012,5,50,5356,
31/03/2012,5,50,5429,
30/04/2012,5,50,5511,
31/05/2012,5,50,5519,
30/06/2012,5,50,5434,
31/07/2012,5,50,5533,
31/08/2012,5,50,5421,
30/09/2012,5,50,5405,
31/10/2012,5,50,5430,
30/11/2012,5,50,5403,
31/12/2012,5,50,5567,
31/01/2013,5,50,5387,
28/02/2013,5,50,5391,
31/03/2013,5,50,5502,
30/04/2013,5,50,5412,
31/05/2013,5,50,5512,
30/06/2013,5,50,5436,
31/07/2013,5,50,5530,
31/08/2013,5,50,5427,
30/09/2013,5,50,5337,
31/10/2013,5,50,5367,
30/11/2013,5,50,5400,
31/12/2013,5,50,5638,
31/01/2014,5,50,5358,
28/02/2014,5,50,5400,
31/03/2014,5,50,5348,
30/04/2014,5,50,5452,
31/05/2014,5,50,5454,
30/06/2014,5,50,5377,
31/07/2014,5,50,5566,
31/08/2014,5,50,5364,
30/09/2014,5,50,5580,
31/10/2014,5,50,5557,
30/11/2014,5,50,5478,
31/12/2014,5,50,5699,
31/01/2015,5,50,5426,
28/02/2015,5,50,5254,
31/03/2015,5,50,5348,
30/04/2015,5,50,5366,
31/05/2015,5,50,5322,
30/06/2015,5,50,5338,
31/07/2015,5,50,5408,
31/08/2015,5,50,5167,
30/09/2015,5,50,5188,
31/10/2015,5,50,5116,
30/11/2015,5,50,5180,
31/12/2015,5,50,5348,
31/01/2016,5,50,5177,
29/02/2016,5,50,5187,
31/03/2016,5,50,5348,
30/04/2016,5,50,5267,
31/05/2016,5,50,5272,
30/06/2016,5,50,5304,
31/07/2016,5,50,5362,
31/08/2016,5,50,5302,
30/09/2016,5,50,5364,
31/10/2016,5,50,5331,
30/11/2016,5,50,5388,
31/12/2016,5,50,5415,
31/01/2017,5,50,5268,
28/02/2017,5,50,5243,
31/03/2017,5,50,5216,
30/04/2017,5,50,5183,
31/05/2017,5,50,5131,
30/06/2017,5,50,5144,
31/07/2017,5,50,5180,
31/08/2017,5,50,5137,
30/09/2017,5,50,5157,
31/10/2017,5,50,5212,
30/11/2017,5,50,5190,
31/12/2017,5,50,5207,
31/01/2018,5,50,5178,
28/02/2018,5,50,5219,
31/03/2018,5,50,5272,
30/04/2018,5,50,5208,
31/05/2018,5,50,5363,
30/06/2018,5,50,5488,
31/07/2018,5,50,5562,
31/08/2018,5,50,5607,
30/09/2018,5,50,5518,
31/10/2018,5,50,5559,
30/11/2018,5,50,5605,
31/12/2018,5,50,5629,
31/01/2019,5,50,5566,
28/02/2019,5,50,5597,
31/03/2019,5,50,5584,
30/04/2019,5,50,5674,
31/05/2019,5,50,5722,
30/06/2019,5,50,5678,
31/07/2019,5,50,5737,
31/08/2019,5,50,5686,
30/09/2019,5,50,5676,
31/10/2019,5,50,5794,
30/11/2019,5,50,5707,
31/12/2019,5,50,5753,
31/01/2020,5,50,5627,
29/02/2020,5,50,5605,
31/03/2020,5,50,5639,
30/04/2020,5,50,5503,
31/05/2020,5,50,5436,
30/06/2020,5,50,5480,
31/07/2020,5,50,5526,
31/08/2020,5,50,5517,
30/09/2020,5,50,5532,
31/10/2020,5,50,5516,
30/11/2020,5,50,5590,
31/12/2020,5,50,5624,
31/01/2021,5,50,5685,
28/02/2021,5,50,5654,
31/03/2021,5,50,5651,
30/04/2021,5,50,5576,
31/05/2021,5,50,5584,
30/06/2021,5,50,5646,
31/07/2021,5,50,5413,
31/08/2021,5,50,5453,
30/09/2021,5,50,5392,
31/10/2021,5,50,5358,
30/11/2021,5,50,5329,
31/12/2021,5,50,5354,
31/01/2022,5,50,5346,
28/02/2022,5,50,5386,
31/03/2022,5,50,5360,
30/04/2022,5,50,5331,
31/05/2022,5,50,5331,
30/06/2022,5,50,5423,
31/07/2022,5,50,5416,
31/08/2022,5,50,5437,
30/09/2022,5,50,5394,
31/10/2022,5,50,5443,
30/11/2022,5,50,5516,
31/12/2022,5,50,5532,
31/01/2023,5,50,5518,5518
28/02/2023,5,50,5555,5555
31/03/2023,5,50,5581,5581
30/04/2023,5,50,5548,5548
31/05/2023,5,50,5559,5559
30/06/2023,5,50,5564,5564
31/07/2023,5,50,5613,5613
31/08/2023,5,50,5584,5584
30/09/2023,5,50,5607,5607
31/10/2023,5,50,5616,5616
30/11/2023,5,50,5592,5592
31/12/2023,5,50,5651,5651
31/01/2024,5,50,5571,5571
29/02/2024,5,50,5557,5557
31/03/2024,5,50,5609,5609
30/04/2024,5,50,5669,5669
31/05/2024,5,50,5697,5697
30/06/2024,5,50,5682,5682
31/07/2024,5,50,5707,5707
31/08/2024,5,50,5680,5680
30/09/2024,5,50,5683,5683
31/10/2024,5,50,5702,5702
30/11/2024,5,50,5712,5712
31/12/2024,5,50,5822,5822
31/01/2025,5,50,5845,5845
28/02/2025,5,50,5809,5809
31/03/2025,5,50,5828,5828
30/04/2025,5,50,5860,5860
31/05/2025,5,50,5909,5909
30/06/2025,5,50,5965,5965
31/07/2025,5,50,6067,6067
31/08/2025,5,50,5998,5998
30/09/2025,5,50,5939,5939
31/10/2025,5,50,5996,5996
30/11/2025,5,50,6006,6006
31/12/2025,5,50,6036,6036
31/01/2026,5,50,5991,5991
31/03/2010,5,51,3756,
30/04/2010,5,51,3792,
31/05/2010,5,51,3741,
30/06/2010,5,51,3772,
31/07/2010,5,51,3707,
31/08/2010,5,51,3741,
30/09/2010,5,51,3687,
31/10/2010,5,51,3678,
30/11/2010,5,51,3654,
31/12/2010,5,51,3564,
31/01/2011,5,51,3662,
28/02/2011,5,51,3705,
31/03/2011,5,51,3688,
30/04/2011,5,51,3773,
31/05/2011,5,51,3770,
30/06/2011,5,51,3726,
31/07/2011,5,51,3660,
31/08/2011,5,51,3677,
30/09/2011,5,51,3669,
31/10/2011,5,51,3627,
30/11/2011,5,51,3622,
31/12/2011,5,51,3537,
31/01/2012,5,51,3643,
29/02/2012,5,51,3673,
31/03/2012,5,51,3695,
30/04/2012,5,51,3698,
31/05/2012,5,51,3664,
30/06/2012,5,51,3726,
31/07/2012,5,51,3663,
31/08/2012,5,51,3704,
30/09/2012,5,51,3665,
31/10/2012,5,51,3639,
30/11/2012,5,51,3684,
31/12/2012,5,51,3679,
31/01/2013,5,51,3720,
28/02/2013,5,51,3754,
31/03/2013,5,51,3675,
30/04/2013,5,51,3766,
31/05/2013,5,51,3742,
30/06/2013,5,51,3740,
31/07/2013,5,51,3707,
31/08/2013,5,51,3749,
30/09/2013,5,51,3834,
31/10/2013,5,51,3741,
30/11/2013,5,51,3743,
31/12/2013,5,51,3731,
31/01/2014,5,51,3790,
28/02/2014,5,51,3853,
31/03/2014,5,51,3870,
30/04/2014,5,51,3876,
31/05/2014,5,51,3853,
30/06/2014,5,51,3849,
31/07/2014,5,51,3863,
31/08/2014,5,51,3876,
30/09/2014,5,51,3821,
31/10/2014,5,51,3821,
30/11/2014,5,51,3868,
31/12/2014,5,51,3849,
31/01/2015,5,51,3906,
28/02/2015,5,51,3967,
31/03/2015,5,51,4041,
30/04/2015,5,51,4036,
31/05/2015,5,51,4028,
30/06/2015,5,51,4039,
31/07/2015,5,51,4032,
31/08/2015,5,51,4037,
30/09/2015,5,51,3933,
31/10/2015,5,51,3931,
30/11/2015,5,51,3946,
31/12/2015,5,51,3981,
31/01/2016,5,51,3976,
29/02/2016,5,51,4043,
31/03/2016,5,51,4081,
30/04/2016,5,51,4027,
31/05/2016,5,51,3932,
30/06/2016,5,51,3934,
31/07/2016,5,51,3928,
31/08/2016,5,51,3936,
30/09/2016,5,51,3883,
31/10/2016,5,51,3918,
30/11/2016,5,51,3865,
31/12/2016,5,51,3914,
31/01/2017,5,51,3943,
28/02/2017,5,51,3990,
31/03/2017,5,51,4048,
30/04/2017,5,51,4038,
31/05/2017,5,51,4019,
30/06/2017,5,51,4034,
31/07/2017,5,51,4045,
31/08/2017,5,51,4031,
30/09/2017,5,51,3950,
31/10/2017,5,51,3973,
30/11/2017,5,51,3910,
31/12/2017,5,51,3987,
31/01/2018,5,51,3985,
28/02/2018,5,51,4032,
31/03/2018,5,51,4003,
30/04/2018,5,51,4013,
31/05/2018,5,51,4001,
30/06/2018,5,51,3993,
31/07/2018,5,51,4012,
31/08/2018,5,51,4015,
30/09/2018,5,51,3974,
31/10/2018,5,51,3947,
30/11/2018,5,51,3859,
31/12/2018,5,51,3829,
31/01/2019,5,51,3882,
28/02/2019,5,51,3940,
31/03/2019,5,51,3925,
30/04/2019,5,51,3924,
31/05/2019,5,51,3965,
30/06/2019,5,51,3966,
31/07/2019,5,51,4017,
31/08/2019,5,51,4016,
30/09/2019,5,51,3970,
31/10/2019,5,51,3961,
30/11/2019,5,51,3930,
31/12/2019,5,51,3944,
31/01/2020,5,51,4268,
29/02/2020,5,51,4347,
31/03/2020,5,51,4282,
30/04/2020,5,51,4255,
31/05/2020,5,51,4297,
30/06/2020,5,51,3994,
31/07/2020,5,51,4303,
31/08/2020,5,51,4301,
30/09/2020,5,51,4379,
31/10/2020,5,51,4385,
30/11/2020,5,51,4366,
31/12/2020,5,51,4360,
31/01/2021,5,51,4307,
28/02/2021,5,51,4346,
31/03/2021,5,51,4481,
30/04/2021,5,51,4401,
31/05/2021,5,51,4423,
30/06/2021,5,51,4457,
31/07/2021,5,51,4190,
31/08/2021,5,51,4159,
30/09/2021,5,51,4170,
31/10/2021,5,51,4150,
30/11/2021,5,51,4241,
31/12/2021,5,51,4039,
31/01/2022,5,51,4087,
28/02/2022,5,51,4164,
31/03/2022,5,51,4259,
30/04/2022,5,51,4209,
31/05/2022,5,51,4269,
30/06/2022,5,51,4315,
31/07/2022,5,51,4266,
31/08/2022,5,51,4326,
30/09/2022,5,51,4292,
31/10/2022,5,51,4302,
30/11/2022,5,51,4331,
31/12/2022,5,51,4282,
31/01/2023,5,51,4329,4329
28/02/2023,5,51,4416,4416
31/03/2023,5,51,4437,4437
30/04/2023,5,51,4444,4444
31/05/2023,5,51,4461,4461
30/06/2023,5,51,4496,4496
31/07/2023,5,51,4475,4475
31/08/2023,5,51,4501,4501
30/09/2023,5,51,4500,4500
31/10/2023,5,51,4529,4529
30/11/2023,5,51,4483,4483
31/12/2023,5,51,4493,4493
31/01/2024,5,51,4511,4511
29/02/2024,5,51,4578,4578
31/03/2024,5,51,4631,4631
30/04/2024,5,51,4669,4669
31/05/2024,5,51,4697,4697
30/06/2024,5,51,4705,4705
31/07/2024,5,51,4670,4670
31/08/2024,5,51,4632,4632
30/09/2024,5,51,4573,4573
31/10/2024,5,51,4647,4647
30/11/2024,5,51,4669,4669
31/12/2024,5,51,4589,4589
31/01/2025,5,51,4593,4593
28/02/2025,5,51,4691,4691
31/03/2025,5,51,4687,4687
30/04/2025,5,51,4701,4701
31/05/2025,5,51,4715,4715
30/06/2025,5,51,4705,4705
31/07/2025,5,51,4694,4694
31/08/2025,5,51,4674,4674
30/09/2025,5,51,4648,4648
31/10/2025,5,51,4727,4727
30/11/2025,5,51,4752,4752
31/12/2025,5,51,4721,4721
31/01/2026,5,51,4709,4709
31/03/2010,6,61,46121,
30/04/2010,6,61,46261,
31/05/2010,6,61,46435,
30/06/2010,6,61,46483,
31/07/2010,6,61,47445,
31/08/2010,6,61,47166,
30/09/2010,6,61,46921,
31/10/2010,6,61,47028,
30/11/2010,6,61,46772,
31/12/2010,6,61,47008,
31/01/2011,6,61,46766,
28/02/2011,6,61,46868,
31/03/2011,6,61,47085,
30/04/2011,6,61,47575,
31/05/2011,6,61,47868,
30/06/2011,6,61,47746,
31/07/2011,6,61,47946,
31/08/2011,6,61,49253,
30/09/2011,6,61,50242,
31/10/2011,6,61,50487,
30/11/2011,6,61,49392,
31/12/2011,6,61,49302,
31/01/2012,6,61,49329,
29/02/2012,6,61,49820,
31/03/2012,6,61,50268,
30/04/2012,6,61,50451,
31/05/2012,6,61,50703,
30/06/2012,6,61,50660,
31/07/2012,6,61,50730,
31/08/2012,6,61,50960,
30/09/2012,6,61,51027,
31/10/2012,6,61,51282,
30/11/2012,6,61,51242,
31/12/2012,6,61,51398,
31/01/2013,6,61,52713,
28/02/2013,6,61,52964,
31/03/2013,6,61,53059,
30/04/2013,6,61,54402,
31/05/2013,6,61,54637,
30/06/2013,6,61,53692,
31/07/2013,6,61,53282,
31/08/2013,6,61,53545,
30/09/2013,6,61,53771,
31/10/2013,6,61,54271,
30/11/2013,6,61,54658,
31/12/2013,6,61,54295,
31/01/2014,6,61,52147,
28/02/2014,6,61,51835,
31/03/2014,6,61,52431,
30/04/2014,6,61,52804,
31/05/2014,6,61,53342,
30/06/2014,6,61,53710,
31/07/2014,6,61,53842,
31/08/2014,6,61,54036,
30/09/2014,6,61,54352,
31/10/2014,6,61,54820,
30/11/2014,6,61,55578,
31/12/2014,6,61,55497,
31/01/2015,6,61,56152,
28/02/2015,6,61,56324,
31/03/2015,6,61,56593,
30/04/2015,6,61,56236,
31/05/2015,6,61,56790,
30/06/2015,6,61,57104,
31/07/2015,6,61,57523,
31/08/2015,6,61,57586,
30/09/2015,6,61,57525,
31/10/2015,6,61,57459,
30/11/2015,6,61,57697,
31/12/2015,6,61,58110,
31/01/2016,6,61,58697,
29/02/2016,6,61,59249,
31/03/2016,6,61,59377,
30/04/2016,6,61,59687,
31/05/2016,6,61,59564,
30/06/2016,6,61,59978,
31/07/2016,6,61,59793,
31/08/2016,6,61,60938,
30/09/2016,6,61,62074,
31/10/2016,6,61,62644,
30/11/2016,6,61,63830,
31/12/2016,6,61,65614,
31/01/2017,6,61,66628,
28/02/2017,6,61,65301,
31/03/2017,6,61,62702,
30/04/2017,6,61,63123,
31/05/2017,6,61,62575,
30/06/2017,6,61,62907,
31/07/2017,6,61,63181,
31/08/2017,6,61,62852,
30/09/2017,6,61,63466,
31/10/2017,6,61,63648,
30/11/2017,6,61,64308,
31/12/2017,6,61,63765,
31/01/2018,6,61,63214,
28/02/2018,6,61,63982,
31/03/2018,6,61,63996,
30/04/2018,6,61,63885,
31/05/2018,6,61,64209,
30/06/2018,6,61,64652,
31/07/2018,6,61,65222,
31/08/2018,6,61,64727,
30/09/2018,6,61,64388,
31/10/2018,6,61,65719,
30/11/2018,6,61,66925,
31/12/2018,6,61,66223,
31/01/2019,6,61,66527,
28/02/2019,6,61,66279,
31/03/2019,6,61,66184,
30/04/2019,6,61,66918,
31/05/2019,6,61,67558,
30/06/2019,6,61,67456,
31/07/2019,6,61,67293,
31/08/2019,6,61,66891,
30/09/2019,6,61,67077,
31/10/2019,6,61,67340,
30/11/2019,6,61,67911,
31/12/2019,6,61,67649,
31/01/2020,6,61,67821,
29/02/2020,6,61,67997,
31/03/2020,6,61,67859,
30/04/2020,6,61,67785,
31/05/2020,6,61,67413,
30/06/2020,6,61,67048,
31/07/2020,6,61,67321,
31/08/2020,6,61,67840,
30/09/2020,6,61,68330,
31/10/2020,6,61,68913,
30/11/2020,6,61,68905,
31/12/2020,6,61,68684,
31/01/2021,6,61,68889,
28/02/2021,6,61,69476,
31/03/2021,6,61,69907,
30/04/2021,6,61,70252,
31/05/2021,6,61,70686,
30/06/2021,6,61,71020,
31/07/2021,6,61,75762,
31/08/2021,6,61,76885,
30/09/2021,6,61,76606,
31/10/2021,6,61,77459,
30/11/2021,6,61,77795,
31/12/2021,6,61,76849,
31/01/2022,6,61,77267,
28/02/2022,6,61,77288,
31/03/2022,6,61,77423,
30/04/2022,6,61,77135,
31/05/2022,6,61,77058,
30/06/2022,6,61,77371,
31/07/2022,6,61,77524,
31/08/2022,6,61,78354,
30/09/2022,6,61,78693,
31/10/2022,6,61,79258,
30/11/2022,6,61,79770,
31/12/2022,6,61,79016,
31/01/2023,6,61,78690,78690
28/02/2023,6,61,79247,79247
31/03/2023,6,61,79957,79957
30/04/2023,6,61,80865,80865
31/05/2023,6,61,81592,81592
30/06/2023,6,61,82029,82029
31/07/2023,6,61,82689,82689
31/08/2023,6,61,83352,83352
30/09/2023,6,61,84099,84099
31/10/2023,6,61,85330,85330
30/11/2023,6,61,85613,85613
31/12/2023,6,61,84867,84867
31/01/2024,6,61,85365,85365
29/02/2024,6,61,85970,85970
31/03/2024,6,61,86469,86469
30/04/2024,6,61,88026,88026
31/05/2024,6,61,88182,88182
30/06/2024,6,61,88363,88363
31/07/2024,6,61,89145,89145
31/08/2024,6,61,89286,89286
30/09/2024,6,61,89597,89597
31/10/2024,6,61,91971,91971
30/11/2024,6,61,91989,91989
31/12/2024,6,61,92145,92145
31/01/2025,6,61,93664,93664
28/02/2025,6,61,94475,94475
31/03/2025,6,61,94198,94198
30/04/2025,6,61,96246,96246
31/05/2025,6,61,96570,96570
30/06/2025,6,61,97224,97224
31/07/2025,6,61,99340,99340
31/08/2025,6,61,98946,98946
30/09/2025,6,61,99715,99715
31/10/2025,6,61,100380,100380
30/11/2025,6,61,101465,101465
31/12/2025,6,61,101401,101401
31/01/2026,6,61,101548,101548
31/03/2010,6,62,42340,
30/04/2010,6,62,42434,
31/05/2010,6,62,42628,
30/06/2010,6,62,42908,
31/07/2010,6,62,43108,
31/08/2010,6,62,43166,
30/09/2010,6,62,43266,
31/10/2010,6,62,43616,
30/11/2010,6,62,44331,
31/12/2010,6,62,44167,
31/01/2011,6,62,43285,
28/02/2011,6,62,43006,
31/03/2011,6,62,43075,
30/04/2011,6,62,43470,
31/05/2011,6,62,44068,
30/06/2011,6,62,44422,
31/07/2011,6,62,45135,
31/08/2011,6,62,44994,
30/09/2011,6,62,45401,
31/10/2011,6,62,46308,
30/11/2011,6,62,47470,
31/12/2011,6,62,47760,
31/01/2012,6,62,46885,
29/02/2012,6,62,47314,
31/03/2012,6,62,47511,
30/04/2012,6,62,47371,
31/05/2012,6,62,47848,
30/06/2012,6,62,48469,
31/07/2012,6,62,48872,
31/08/2012,6,62,49181,
30/09/2012,6,62,49249,
31/10/2012,6,62,49898,
30/11/2012,6,62,50674,
31/12/2012,6,62,50818,
31/01/2013,6,62,49717,
28/02/2013,6,62,49985,
31/03/2013,6,62,50030,
30/04/2013,6,62,49999,
31/05/2013,6,62,50216,
30/06/2013,6,62,50150,
31/07/2013,6,62,50647,
31/08/2013,6,62,51899,
30/09/2013,6,62,52621,
31/10/2013,6,62,53287,
30/11/2013,6,62,54639,
31/12/2013,6,62,55450,
31/01/2014,6,62,54816,
28/02/2014,6,62,55045,
31/03/2014,6,62,55054,
30/04/2014,6,62,55471,
31/05/2014,6,62,56458,
30/06/2014,6,62,57259,
31/07/2014,6,62,57658,
31/08/2014,6,62,57718,
30/09/2014,6,62,57730,
31/10/2014,6,62,58269,
30/11/2014,6,62,59534,
31/12/2014,6,62,59409,
31/01/2015,6,62,58852,
28/02/2015,6,62,59413,
31/03/2015,6,62,60542,
30/04/2015,6,62,60872,
31/05/2015,6,62,61384,
30/06/2015,6,62,62273,
31/07/2015,6,62,62092,
31/08/2015,6,62,61595,
30/09/2015,6,62,61500,
31/10/2015,6,62,62242,
30/11/2015,6,62,63219,
31/12/2015,6,62,62633,
31/01/2016,6,62,61592,
29/02/2016,6,62,61731,
31/03/2016,6,62,61610,
30/04/2016,6,62,61366,
31/05/2016,6,62,61970,
30/06/2016,6,62,62718,
31/07/2016,6,62,62845,
31/08/2016,6,62,62609,
30/09/2016,6,62,63134,
31/10/2016,6,62,63567,
30/11/2016,6,62,63701,
31/12/2016,6,62,62777,
31/01/2017,6,62,62595,
28/02/2017,6,62,61735,
31/03/2017,6,62,61377,
30/04/2017,6,62,61991,
31/05/2017,6,62,62684,
30/06/2017,6,62,63286,
31/07/2017,6,62,64624,
31/08/2017,6,62,64701,
30/09/2017,6,62,64947,
31/10/2017,6,62,66180,
30/11/2017,6,62,67043,
31/12/2017,6,62,66590,
31/01/2018,6,62,65397,
28/02/2018,6,62,65627,
31/03/2018,6,62,65185,
30/04/2018,6,62,64838,
31/05/2018,6,62,65291,
30/06/2018,6,62,64927,
31/07/2018,6,62,65312,
31/08/2018,6,62,65144,
30/09/2018,6,62,65384,
31/10/2018,6,62,66167,
30/11/2018,6,62,66656,
31/12/2018,6,62,66889,
31/01/2019,6,62,65864,
28/02/2019,6,62,66092,
31/03/2019,6,62,65412,
30/04/2019,6,62,64631,
31/05/2019,6,62,65131,
30/06/2019,6,62,65650,
31/07/2019,6,62,65786,
31/08/2019,6,62,65667,
30/09/2019,6,62,65982,
31/10/2019,6,62,66600,
30/11/2019,6,62,67706,
31/12/2019,6,62,66539,
31/01/2020,6,62,66213,
29/02/2020,6,62,66734,
31/03/2020,6,62,66240,
30/04/2020,6,62,64063,
31/05/2020,6,62,62924,
30/06/2020,6,62,62638,
31/07/2020,6,62,62799,
31/08/2020,6,62,62995,
30/09/2020,6,62,63031,
31/10/2020,6,62,64290,
30/11/2020,6,62,65400,
31/12/2020,6,62,64177,
31/01/2021,6,62,63307,
28/02/2021,6,62,63369,
31/03/2021,6,62,63690,
30/04/2021,6,62,64356,
31/05/2021,6,62,64595,
30/06/2021,6,62,64695,
31/07/2021,6,62,67244,
31/08/2021,6,62,67249,
30/09/2021,6,62,67461,
31/10/2021,6,62,67355,
30/11/2021,6,62,68121,
31/12/2021,6,62,67643,
31/01/2022,6,62,67146,
28/02/2022,6,62,66880,
31/03/2022,6,62,66639,
30/04/2022,6,62,66446,
31/05/2022,6,62,66743,
30/06/2022,6,62,67725,
31/07/2022,6,62,67829,
31/08/2022,6,62,68068,
30/09/2022,6,62,68456,
31/10/2022,6,62,69447,
30/11/2022,6,62,70647,
31/12/2022,6,62,70017,
31/01/2023,6,62,69566,69566
28/02/2023,6,62,70037,70037
31/03/2023,6,62,70295,70295
30/04/2023,6,62,70524,70524
31/05/2023,6,62,70798,70798
30/06/2023,6,62,72337,72337
31/07/2023,6,62,72399,72399
31/08/2023,6,62,71794,71794
30/09/2023,6,62,71171,71171
31/10/2023,6,62,71864,71864
30/11/2023,6,62,73456,73456
31/12/2023,6,62,72632,72632
31/01/2024,6,62,71800,71800
29/02/2024,6,62,70824,70824
31/03/2024,6,62,71667,71667
30/04/2024,6,62,71855,71855
31/05/2024,6,62,72110,72110
30/06/2024,6,62,72242,72242
31/07/2024,6,62,72755,72755
31/08/2024,6,62,72095,72095
30/09/2024,6,62,72509,72509
31/10/2024,6,62,72419,72419
30/11/2024,6,62,72987,72987
31/12/2024,6,62,72327,72327
31/01/2025,6,62,70712,70712
28/02/2025,6,62,70940,70940
31/03/2025,6,62,70871,70871
30/04/2025,6,62,70678,70678
31/05/2025,6,62,70796,70796
30/06/2025,6,62,70994,70994
31/07/2025,6,62,72024,72024
31/08/2025,6,62,71236,71236
30/09/2025,6,62,71072,71072
31/10/2025,6,62,70858,70858
30/11/2025,6,62,71633,71633
31/12/2025,6,62,71151,71151
31/01/2026,6,62,69459,69459
31/03/2010,6,63,13033,
30/04/2010,6,63,13093,
31/05/2010,6,63,13173,
30/06/2010,6,63,13367,
31/07/2010,6,63,13468,
31/08/2010,6,63,13578,
30/09/2010,6,63,13607,
31/10/2010,6,63,13781,
30/11/2010,6,63,14082,
31/12/2010,6,63,13874,
31/01/2011,6,63,13601,
28/02/2011,6,63,13607,
31/03/2011,6,63,13523,
30/04/2011,6,63,13473,
31/05/2011,6,63,13376,
30/06/2011,6,63,13518,
31/07/2011,6,63,13643,
31/08/2011,6,63,13621,
30/09/2011,6,63,13361,
31/10/2011,6,63,13867,
30/11/2011,6,63,14157,
31/12/2011,6,63,14001,
31/01/2012,6,63,13699,
29/02/2012,6,63,13857,
31/03/2012,6,63,13606,
30/04/2012,6,63,13576,
31/05/2012,6,63,13595,
30/06/2012,6,63,13690,
31/07/2012,6,63,13645,
31/08/2012,6,63,13790,
30/09/2012,6,63,13763,
31/10/2012,6,63,14089,
30/11/2012,6,63,14209,
31/12/2012,6,63,14064,
31/01/2013,6,63,13619,
28/02/2013,6,63,13638,
31/03/2013,6,63,13760,
30/04/2013,6,63,13881,
31/05/2013,6,63,14164,
30/06/2013,6,63,13932,
31/07/2013,6,63,13916,
31/08/2013,6,63,13844,
30/09/2013,6,63,13811,
31/10/2013,6,63,13908,
30/11/2013,6,63,14107,
31/12/2013,6,63,13979,
31/01/2014,6,63,13591,
28/02/2014,6,63,13744,
31/03/2014,6,63,13944,
30/04/2014,6,63,13972,
31/05/2014,6,63,13990,
30/06/2014,6,63,14029,
31/07/2014,6,63,14135,
31/08/2014,6,63,14125,
30/09/2014,6,63,14473,
31/10/2014,6,63,14643,
30/11/2014,6,63,14613,
31/12/2014,6,63,14973,
31/01/2015,6,63,14393,
28/02/2015,6,63,14705,
31/03/2015,6,63,14705,
30/04/2015,6,63,14702,
31/05/2015,6,63,14169,
30/06/2015,6,63,14650,
31/07/2015,6,63,14670,
31/08/2015,6,63,14412,
30/09/2015,6,63,14503,
31/10/2015,6,63,14682,
30/11/2015,6,63,14669,
31/12/2015,6,63,14572,
31/01/2016,6,63,14618,
29/02/2016,6,63,14554,
31/03/2016,6,63,14657,
30/04/2016,6,63,14754,
31/05/2016,6,63,14802,
30/06/2016,6,63,14904,
31/07/2016,6,63,15107,
31/08/2016,6,63,15137,
30/09/2016,6,63,15401,
31/10/2016,6,63,15763,
30/11/2016,6,63,15929,
31/12/2016,6,63,15770,
31/01/2017,6,63,15443,
28/02/2017,6,63,15348,
31/03/2017,6,63,15241,
30/04/2017,6,63,15221,
31/05/2017,6,63,15150,
30/06/2017,6,63,15172,
31/07/2017,6,63,15436,
31/08/2017,6,63,15430,
30/09/2017,6,63,16997,
31/10/2017,6,63,17220,
30/11/2017,6,63,17296,
31/12/2017,6,63,17028,
31/01/2018,6,63,16888,
28/02/2018,6,63,17057,
31/03/2018,6,63,17149,
30/04/2018,6,63,17363,
31/05/2018,6,63,17544,
30/06/2018,6,63,17556,
31/07/2018,6,63,17710,
31/08/2018,6,63,17872,
30/09/2018,6,63,18116,
31/10/2018,6,63,18322,
30/11/2018,6,63,18335,
31/12/2018,6,63,17999,
31/01/2019,6,63,17765,
28/02/2019,6,63,17668,
31/03/2019,6,63,17871,
30/04/2019,6,63,17153,
31/05/2019,6,63,17110,
30/06/2019,6,63,17065,
31/07/2019,6,63,17159,
31/08/2019,6,63,17777,
30/09/2019,6,63,17702,
31/10/2019,6,63,18087,
30/11/2019,6,63,18588,
31/12/2019,6,63,18453,
31/01/2020,6,63,18180,
29/02/2020,6,63,18374,
31/03/2020,6,63,18423,
30/04/2020,6,63,17567,
31/05/2020,6,63,17370,
30/06/2020,6,63,17591,
31/07/2020,6,63,17898,
31/08/2020,6,63,18016,
30/09/2020,6,63,18273,
31/10/2020,6,63,18732,
30/11/2020,6,63,19075,
31/12/2020,6,63,18967,
31/01/2021,6,63,18507,
28/02/2021,6,63,18772,
31/03/2021,6,63,18476,
30/04/2021,6,63,18507,
31/05/2021,6,63,18613,
30/06/2021,6,63,18566,
31/07/2021,6,63,19400,
31/08/2021,6,63,19831,
30/09/2021,6,63,19673,
31/10/2021,6,63,19960,
30/11/2021,6,63,20104,
31/12/2021,6,63,19911,
31/01/2022,6,63,19663,
28/02/2022,6,63,19888,
31/03/2022,6,63,20212,
30/04/2022,6,63,20414,
31/05/2022,6,63,20603,
30/06/2022,6,63,20479,
31/07/2022,6,63,20623,
31/08/2022,6,63,20836,
30/09/2022,6,63,20883,
31/10/2022,6,63,20915,
30/11/2022,6,63,21079,
31/12/2022,6,63,20604,
31/01/2023,6,63,20200,20200
28/02/2023,6,63,20212,20212
31/03/2023,6,63,20233,20233
30/04/2023,6,63,20120,20120
31/05/2023,6,63,20217,20217
30/06/2023,6,63,20256,20256
31/07/2023,6,63,20458,20458
31/08/2023,6,63,20498,20498
30/09/2023,6,63,20253,20253
31/10/2023,6,63,20443,20443
30/11/2023,6,63,20712,20712
31/12/2023,6,63,20491,20491
31/01/2024,6,63,20360,20360
29/02/2024,6,63,20139,20139
31/03/2024,6,63,20343,20343
30/04/2024,6,63,20301,20301
31/05/2024,6,63,20211,20211
30/06/2024,6,63,20203,20203
31/07/2024,6,63,20278,20278
31/08/2024,6,63,20215,20215
30/09/2024,6,63,20352,20352
31/10/2024,6,63,20521,20521
30/11/2024,6,63,20688,20688
31/12/2024,6,63,20483,20483
31/01/2025,6,63,20074,20074
28/02/2025,6,63,20020,20020
31/03/2025,6,63,19319,19319
30/04/2025,6,63,19421,19421
31/05/2025,6,63,19181,19181
30/06/2025,6,63,19270,19270
31/07/2025,6,63,19659,19659
31/08/2025,6,63,24743,24743
30/09/2025,6,63,19214,19214
31/10/2025,6,63,19075,19075
30/11/2025,6,63,19518,19518
31/12/2025,6,63,20305,20305
31/01/2026,6,63,21688,21688
31/03/2010,6,64,33419,
30/04/2010,6,64,32582,
31/05/2010,6,64,32560,
30/06/2010,6,64,32665,
31/07/2010,6,64,33202,
31/08/2010,6,64,33592,
30/09/2010,6,64,34149,
31/10/2010,6,64,35696,
30/11/2010,6,64,37261,
31/12/2010,6,64,36762,
31/01/2011,6,64,35660,
28/02/2011,6,64,36353,
31/03/2011,6,64,38003,
30/04/2011,6,64,38006,
31/05/2011,6,64,38230,
30/06/2011,6,64,38069,
31/07/2011,6,64,38626,
31/08/2011,6,64,38890,
30/09/2011,6,64,39050,
31/10/2011,6,64,40675,
30/11/2011,6,64,42105,
31/12/2011,6,64,41487,
31/01/2012,6,64,40250,
29/02/2012,6,64,40392,
31/03/2012,6,64,40366,
30/04/2012,6,64,39965,
31/05/2012,6,64,40259,
30/06/2012,6,64,41121,
31/07/2012,6,64,41821,
31/08/2012,6,64,42147,
30/09/2012,6,64,42693,
31/10/2012,6,64,43917,
30/11/2012,6,64,44841,
31/12/2012,6,64,44408,
31/01/2013,6,64,42996,
28/02/2013,6,64,43168,
31/03/2013,6,64,43139,
30/04/2013,6,64,42008,
31/05/2013,6,64,41868,
30/06/2013,6,64,43156,
31/07/2013,6,64,43199,
31/08/2013,6,64,43705,
30/09/2013,6,64,43998,
31/10/2013,6,64,44466,
30/11/2013,6,64,45447,
31/12/2013,6,64,43521,
31/01/2014,6,64,43371,
28/02/2014,6,64,43739,
31/03/2014,6,64,43970,
30/04/2014,6,64,43629,
31/05/2014,6,64,43992,
30/06/2014,6,64,44353,
31/07/2014,6,64,44858,
31/08/2014,6,64,45107,
30/09/2014,6,64,45477,
31/10/2014,6,64,45863,
30/11/2014,6,64,47147,
31/12/2014,6,64,46376,
31/01/2015,6,64,44940,
28/02/2015,6,64,44946,
31/03/2015,6,64,45064,
30/04/2015,6,64,44940,
31/05/2015,6,64,44980,
30/06/2015,6,64,45352,
31/07/2015,6,64,45729,
31/08/2015,6,64,46173,
30/09/2015,6,64,46383,
31/10/2015,6,64,47425,
30/11/2015,6,64,48466,
31/12/2015,6,64,47637,
31/01/2016,6,64,46271,
29/02/2016,6,64,46435,
31/03/2016,6,64,46357,
30/04/2016,6,64,46419,
31/05/2016,6,64,46312,
30/06/2016,6,64,46656,
31/07/2016,6,64,46617,
31/08/2016,6,64,46857,
30/09/2016,6,64,47028,
31/10/2016,6,64,47929,
30/11/2016,6,64,48963,
31/12/2016,6,64,48000,
31/01/2017,6,64,48174,
28/02/2017,6,64,48047,
31/03/2017,6,64,47937,
30/04/2017,6,64,47426,
31/05/2017,6,64,47037,
30/06/2017,6,64,47680,
31/07/2017,6,64,48202,
31/08/2017,6,64,48343,
30/09/2017,6,64,47473,
31/10/2017,6,64,48814,
30/11/2017,6,64,49667,
31/12/2017,6,64,48840,
31/01/2018,6,64,47672,
28/02/2018,6,64,47958,
31/03/2018,6,64,47863,
30/04/2018,6,64,47911,
31/05/2018,6,64,48015,
30/06/2018,6,64,48467,
31/07/2018,6,64,48876,
31/08/2018,6,64,48632,
30/09/2018,6,64,48639,
31/10/2018,6,64,49447,
30/11/2018,6,64,50188,
31/12/2018,6,64,49460,
31/01/2019,6,64,48430,
28/02/2019,6,64,48386,
31/03/2019,6,64,48337,
30/04/2019,6,64,47848,
31/05/2019,6,64,48456,
30/06/2019,6,64,49571,
31/07/2019,6,64,50332,
31/08/2019,6,64,49964,
30/09/2019,6,64,50673,
31/10/2019,6,64,52357,
30/11/2019,6,64,53909,
31/12/2019,6,64,52556,
31/01/2020,6,64,51529,
29/02/2020,6,64,51427,
31/03/2020,6,64,51943,
30/04/2020,6,64,53219,
31/05/2020,6,64,52185,
30/06/2020,6,64,51312,
31/07/2020,6,64,51380,
31/08/2020,6,64,51498,
30/09/2020,6,64,51663,
31/10/2020,6,64,52441,
30/11/2020,6,64,53646,
31/12/2020,6,64,52942,
31/01/2021,6,64,50759,
28/02/2021,6,64,50532,
31/03/2021,6,64,50562,
30/04/2021,6,64,50275,
31/05/2021,6,64,50519,
30/06/2021,6,64,49602,
31/07/2021,6,64,48310,
31/08/2021,6,64,47177,
30/09/2021,6,64,47415,
31/10/2021,6,64,47617,
30/11/2021,6,64,48602,
31/12/2021,6,64,46725,
31/01/2022,6,64,45811,
28/02/2022,6,64,45841,
31/03/2022,6,64,45465,
30/04/2022,6,64,45762,
31/05/2022,6,64,46081,
30/06/2022,6,64,47817,
31/07/2022,6,64,45928,
31/08/2022,6,64,46170,
30/09/2022,6,64,46857,
31/10/2022,6,64,48903,
30/11/2022,6,64,49834,
31/12/2022,6,64,48373,
31/01/2023,6,64,47283,47283
28/02/2023,6,64,47275,47275
31/03/2023,6,64,47198,47198
30/04/2023,6,64,48076,48076
31/05/2023,6,64,48032,48032
30/06/2023,6,64,47918,47918
31/07/2023,6,64,48355,48355
31/08/2023,6,64,47916,47916
30/09/2023,6,64,49004,49004
31/10/2023,6,64,49337,49337
30/11/2023,6,64,51192,51192
31/12/2023,6,64,49395,49395
31/01/2024,6,64,49376,49376
29/02/2024,6,64,49598,49598
31/03/2024,6,64,49597,49597
30/04/2024,6,64,49522,49522
31/05/2024,6,64,50367,50367
30/06/2024,6,64,50986,50986
31/07/2024,6,64,51493,51493
31/08/2024,6,64,51042,51042
30/09/2024,6,64,52532,52532
31/10/2024,6,64,54012,54012
30/11/2024,6,64,54094,54094
31/12/2024,6,64,52009,52009
31/01/2025,6,64,51552,51552
28/02/2025,6,64,52145,52145
31/03/2025,6,64,52526,52526
30/04/2025,6,64,51050,51050
31/05/2025,6,64,51877,51877
30/06/2025,6,64,51724,51724
31/07/2025,6,64,52309,52309
31/08/2025,6,64,52302,52302
30/09/2025,6,64,53368,53368
31/10/2025,6,64,55471,55471
30/11/2025,6,64,56596,56596
31/12/2025,6,64,55791,55791
31/01/2026,6,64,55169,55169
31/03/2010,6,65,15176,
30/04/2010,6,65,15244,
31/05/2010,6,65,15418,
30/06/2010,6,65,15579,
31/07/2010,6,65,15639,
31/08/2010,6,65,15735,
30/09/2010,6,65,15855,
31/10/2010,6,65,15863,
30/11/2010,6,65,16034,
31/12/2010,6,65,16063,
31/01/2011,6,65,15979,
28/02/2011,6,65,16081,
31/03/2011,6,65,16359,
30/04/2011,6,65,16444,
31/05/2011,6,65,16553,
30/06/2011,6,65,16658,
31/07/2011,6,65,16639,
31/08/2011,6,65,16750,
30/09/2011,6,65,16802,
31/10/2011,6,65,16874,
30/11/2011,6,65,16919,
31/12/2011,6,65,16965,
31/01/2012,6,65,16997,
29/02/2012,6,65,17027,
31/03/2012,6,65,17045,
30/04/2012,6,65,17096,
31/05/2012,6,65,17232,
30/06/2012,6,65,17391,
31/07/2012,6,65,17443,
31/08/2012,6,65,17574,
30/09/2012,6,65,17572,
31/10/2012,6,65,17422,
30/11/2012,6,65,17376,
31/12/2012,6,65,17376,
31/01/2013,6,65,17649,
28/02/2013,6,65,17678,
31/03/2013,6,65,17729,
30/04/2013,6,65,17946,
31/05/2013,6,65,18095,
30/06/2013,6,65,18065,
31/07/2013,6,65,18243,
31/08/2013,6,65,18168,
30/09/2013,6,65,18270,
31/10/2013,6,65,18377,
30/11/2013,6,65,18405,
31/12/2013,6,65,18179,
31/01/2014,6,65,18245,
28/02/2014,6,65,18399,
31/03/2014,6,65,18437,
30/04/2014,6,65,18453,
31/05/2014,6,65,18225,
30/06/2014,6,65,18272,
31/07/2014,6,65,18460,
31/08/2014,6,65,18437,
30/09/2014,6,65,18453,
31/10/2014,6,65,18420,
30/11/2014,6,65,18366,
31/12/2014,6,65,18331,
31/01/2015,6,65,18406,
28/02/2015,6,65,18588,
31/03/2015,6,65,18680,
30/04/2015,6,65,18667,
31/05/2015,6,65,18656,
30/06/2015,6,65,19058,
31/07/2015,6,65,19109,
31/08/2015,6,65,19149,
30/09/2015,6,65,19190,
31/10/2015,6,65,19169,
30/11/2015,6,65,19188,
31/12/2015,6,65,19093,
31/01/2016,6,65,19135,
29/02/2016,6,65,19205,
31/03/2016,6,65,19213,
30/04/2016,6,65,19307,
31/05/2016,6,65,19349,
30/06/2016,6,65,19300,
31/07/2016,6,65,19438,
31/08/2016,6,65,19524,
30/09/2016,6,65,19665,
31/10/2016,6,65,19618,
30/11/2016,6,65,19735,
31/12/2016,6,65,19628,
31/01/2017,6,65,19157,
28/02/2017,6,65,19383,
31/03/2017,6,65,19516,
30/04/2017,6,65,19555,
31/05/2017,6,65,19601,
30/06/2017,6,65,19674,
31/07/2017,6,65,19654,
31/08/2017,6,65,19767,
30/09/2017,6,65,19747,
31/10/2017,6,65,19862,
30/11/2017,6,65,19823,
31/12/2017,6,65,19787,
31/01/2018,6,65,19899,
28/02/2018,6,65,19851,
31/03/2018,6,65,19860,
30/04/2018,6,65,19607,
31/05/2018,6,65,19559,
30/06/2018,6,65,19719,
31/07/2018,6,65,19794,
31/08/2018,6,65,19886,
30/09/2018,6,65,19904,
31/10/2018,6,65,20058,
30/11/2018,6,65,20087,
31/12/2018,6,65,19981,
31/01/2019,6,65,19860,
28/02/2019,6,65,20134,
31/03/2019,6,65,20241,
30/04/2019,6,65,20233,
31/05/2019,6,65,20468,
30/06/2019,6,65,20651,
31/07/2019,6,65,20815,
31/08/2019,6,65,20868,
30/09/2019,6,65,20915,
31/10/2019,6,65,20920,
30/11/2019,6,65,21023,
31/12/2019,6,65,21288,
31/01/2020,6,65,21665,
29/02/2020,6,65,21907,
31/03/2020,6,65,22211,
30/04/2020,6,65,22352,
31/05/2020,6,65,22193,
30/06/2020,6,65,22286,
31/07/2020,6,65,22502,
31/08/2020,6,65,22723,
30/09/2020,6,65,22793,
31/10/2020,6,65,22920,
30/11/2020,6,65,22952,
31/12/2020,6,65,22846,
31/01/2021,6,65,22972,
28/02/2021,6,65,23102,
31/03/2021,6,65,23258,
30/04/2021,6,65,23220,
31/05/2021,6,65,23190,
30/06/2021,6,65,23234,
31/07/2021,6,65,23946,
31/08/2021,6,65,24042,
30/09/2021,6,65,23877,
31/10/2021,6,65,23645,
30/11/2021,6,65,23376,
31/12/2021,6,65,23100,
31/01/2022,6,65,22996,
28/02/2022,6,65,22910,
31/03/2022,6,65,22739,
30/04/2022,6,65,22664,
31/05/2022,6,65,22645,
30/06/2022,6,65,22624,
31/07/2022,6,65,22634,
31/08/2022,6,65,22637,
30/09/2022,6,65,22472,
31/10/2022,6,65,22521,
30/11/2022,6,65,22432,
31/12/2022,6,65,22400,
31/01/2023,6,65,22420,22420
28/02/2023,6,65,22551,22551
31/03/2023,6,65,22621,22621
30/04/2023,6,65,22648,22648
31/05/2023,6,65,22678,22678
30/06/2023,6,65,22653,22653
31/07/2023,6,65,22810,22810
31/08/2023,6,65,22905,22905
30/09/2023,6,65,22901,22901
31/10/2023,6,65,22997,22997
30/11/2023,6,65,23137,23137
31/12/2023,6,65,23088,23088
31/01/2024,6,65,23216,23216
29/02/2024,6,65,23314,23314
31/03/2024,6,65,23419,23419
30/04/2024,6,65,23443,23443
31/05/2024,6,65,23454,23454
30/06/2024,6,65,23534,23534
31/07/2024,6,65,23739,23739
31/08/2024,6,65,23844,23844
30/09/2024,6,65,23931,23931
31/10/2024,6,65,24079,24079
30/11/2024,6,65,24545,24545
31/12/2024,6,65,24424,24424
31/01/2025,6,65,24166,24166
28/02/2025,6,65,24249,24249
31/03/2025,6,65,24139,24139
30/04/2025,6,65,24027,24027
31/05/2025,6,65,24027,24027
30/06/2025,6,65,23970,23970
31/07/2025,6,65,24346,24346
31/08/2025,6,65,24385,24385
30/09/2025,6,65,24412,24412
31/10/2025,6,65,24381,24381
30/11/2025,6,65,24452,24452
31/12/2025,6,65,24034,24034
31/01/2026,6,65,24128,24128
31/03/2010,6,66,33889,
30/04/2010,6,66,34012,
31/05/2010,6,66,34494,
30/06/2010,6,66,34523,
31/07/2010,6,66,34620,
31/08/2010,6,66,34923,
30/09/2010,6,66,34838,
31/10/2010,6,66,35202,
30/11/2010,6,66,35495,
31/12/2010,6,66,35206,
31/01/2011,6,66,35351,
28/02/2011,6,66,35727,
31/03/2011,6,66,35899,
30/04/2011,6,66,35820,
31/05/2011,6,66,35832,
30/06/2011,6,66,35813,
31/07/2011,6,66,36967,
31/08/2011,6,66,37004,
30/09/2011,6,66,37314,
31/10/2011,6,66,37359,
30/11/2011,6,66,37498,
31/12/2011,6,66,37350,
31/01/2012,6,66,37399,
29/02/2012,6,66,37668,
31/03/2012,6,66,37895,
30/04/2012,6,66,38347,
31/05/2012,6,66,38744,
30/06/2012,6,66,38808,
31/07/2012,6,66,39254,
31/08/2012,6,66,39183,
30/09/2012,6,66,39273,
31/10/2012,6,66,39558,
30/11/2012,6,66,39637,
31/12/2012,6,66,39396,
31/01/2013,6,66,39590,
28/02/2013,6,66,39487,
31/03/2013,6,66,39851,
30/04/2013,6,66,39862,
31/05/2013,6,66,39653,
30/06/2013,6,66,39791,
31/07/2013,6,66,39965,
31/08/2013,6,66,39943,
30/09/2013,6,66,40099,
31/10/2013,6,66,40448,
30/11/2013,6,66,40445,
31/12/2013,6,66,39912,
31/01/2014,6,66,39888,
28/02/2014,6,66,40267,
31/03/2014,6,66,40295,
30/04/2014,6,66,40497,
31/05/2014,6,66,40670,
30/06/2014,6,66,40910,
31/07/2014,6,66,41449,
31/08/2014,6,66,42125,
30/09/2014,6,66,42334,
31/10/2014,6,66,42875,
30/11/2014,6,66,43093,
31/12/2014,6,66,43144,
31/01/2015,6,66,43285,
28/02/2015,6,66,43466,
31/03/2015,6,66,43438,
30/04/2015,6,66,43780,
31/05/2015,6,66,43979,
30/06/2015,6,66,44312,
31/07/2015,6,66,44359,
31/08/2015,6,66,44677,
30/09/2015,6,66,45090,
31/10/2015,6,66,45782,
30/11/2015,6,66,46431,
31/12/2015,6,66,46236,
31/01/2016,6,66,46559,
29/02/2016,6,66,46852,
31/03/2016,6,66,47374,
30/04/2016,6,66,47671,
31/05/2016,6,66,48216,
30/06/2016,6,66,48695,
31/07/2016,6,66,48910,
31/08/2016,6,66,49371,
30/09/2016,6,66,49462,
31/10/2016,6,66,49977,
30/11/2016,6,66,50846,
31/12/2016,6,66,50419,
31/01/2017,6,66,49201,
28/02/2017,6,66,49797,
31/03/2017,6,66,49139,
30/04/2017,6,66,48510,
31/05/2017,6,66,48721,
30/06/2017,6,66,48811,
31/07/2017,6,66,48650,
31/08/2017,6,66,48961,
30/09/2017,6,66,49106,
31/10/2017,6,66,48891,
30/11/2017,6,66,49102,
31/12/2017,6,66,48504,
31/01/2018,6,66,48776,
28/02/2018,6,66,49688,
31/03/2018,6,66,49846,
30/04/2018,6,66,50030,
31/05/2018,6,66,50211,
30/06/2018,6,66,50402,
31/07/2018,6,66,50167,
31/08/2018,6,66,50431,
30/09/2018,6,66,50670,
31/10/2018,6,66,50964,
30/11/2018,6,66,51237,
31/12/2018,6,66,50776,
31/01/2019,6,66,51579,
28/02/2019,6,66,51415,
31/03/2019,6,66,51534,
30/04/2019,6,66,52371,
31/05/2019,6,66,52809,
30/06/2019,6,66,53199,
31/07/2019,6,66,53157,
31/08/2019,6,66,53180,
30/09/2019,6,66,53230,
31/10/2019,6,66,53314,
30/11/2019,6,66,53218,
31/12/2019,6,66,52599,
31/01/2020,6,66,52366,
29/02/2020,6,66,52969,
31/03/2020,6,66,53034,
30/04/2020,6,66,52335,
31/05/2020,6,66,52407,
30/06/2020,6,66,53187,
31/07/2020,6,66,53579,
31/08/2020,6,66,54042,
30/09/2020,6,66,53784,
31/10/2020,6,66,54614,
30/11/2020,6,66,55047,
31/12/2020,6,66,54731,
31/01/2021,6,66,54677,
28/02/2021,6,66,55191,
31/03/2021,6,66,55348,
30/04/2021,6,66,55816,
31/05/2021,6,66,54479,
30/06/2021,6,66,56035,
31/07/2021,6,66,57745,
31/08/2021,6,66,57990,
30/09/2021,6,66,58267,
31/10/2021,6,66,58381,
30/11/2021,6,66,58545,
31/12/2021,6,66,58238,
31/01/2022,6,66,58526,
28/02/2022,6,66,58788,
31/03/2022,6,66,59065,
30/04/2022,6,66,59416,
31/05/2022,6,66,59698,
30/06/2022,6,66,59930,
31/07/2022,6,66,60250,
31/08/2022,6,66,60592,
30/09/2022,6,66,60738,
31/10/2022,6,66,61672,
30/11/2022,6,66,61621,
31/12/2022,6,66,61234,
31/01/2023,6,66,60814,60814
28/02/2023,6,66,61376,61376
31/03/2023,6,66,61684,61684
30/04/2023,6,66,61945,61945
31/05/2023,6,66,62352,62352
30/06/2023,6,66,63108,63108
31/07/2023,6,66,63042,63042
31/08/2023,6,66,62802,62802
30/09/2023,6,66,62816,62816
31/10/2023,6,66,62952,62952
30/11/2023,6,66,63162,63162
31/12/2023,6,66,62464,62464
31/01/2024,6,66,62601,62601
29/02/2024,6,66,63079,63079
31/03/2024,6,66,63109,63109
30/04/2024,6,66,63728,63728
31/05/2024,6,66,63757,63757
30/06/2024,6,66,64794,64794
31/07/2024,6,66,64892,64892
31/08/2024,6,66,64867,64867
30/09/2024,6,66,64546,64546
31/10/2024,6,66,64725,64725
30/11/2024,6,66,64428,64428
31/12/2024,6,66,64092,64092
31/01/2025,6,66,64517,64517
28/02/2025,6,66,64188,64188
31/03/2025,6,66,64233,64233
30/04/2025,6,66,63960,63960
31/05/2025,6,66,63834,63834
30/06/2025,6,66,63567,63567
31/07/2025,6,66,64066,64066
31/08/2025,6,66,63920,63920
30/09/2025,6,66,63678,63678
31/10/2025,6,66,63924,63924
30/11/2025,6,66,64240,64240
31/12/2025,6,66,64265,64265
31/01/2026,6,66,63298,63298
31/03/2010,6,67,20595,
30/04/2010,6,67,20719,
31/05/2010,6,67,20871,
30/06/2010,6,67,21081,
31/07/2010,6,67,20984,
31/08/2010,6,67,21442,
30/09/2010,6,67,21560,
31/10/2010,6,67,21762,
30/11/2010,6,67,21854,
31/12/2010,6,67,22028,
31/01/2011,6,67,22009,
28/02/2011,6,67,22093,
31/03/2011,6,67,22291,
30/04/2011,6,67,22525,
31/05/2011,6,67,22671,
30/06/2011,6,67,23013,
31/07/2011,6,67,23063,
31/08/2011,6,67,22980,
30/09/2011,6,67,23585,
31/10/2011,6,67,23464,
30/11/2011,6,67,23579,
31/12/2011,6,67,23522,
31/01/2012,6,67,23676,
29/02/2012,6,67,23805,
31/03/2012,6,67,24015,
30/04/2012,6,67,24102,
31/05/2012,6,67,24488,
30/06/2012,6,67,24607,
31/07/2012,6,67,24918,
31/08/2012,6,67,25026,
30/09/2012,6,67,25319,
31/10/2012,6,67,25505,
30/11/2012,6,67,25611,
31/12/2012,6,67,25655,
31/01/2013,6,67,25706,
28/02/2013,6,67,25951,
31/03/2013,6,67,25998,
30/04/2013,6,67,26354,
31/05/2013,6,67,26418,
30/06/2013,6,67,26462,
31/07/2013,6,67,26267,
31/08/2013,6,67,26198,
30/09/2013,6,67,26252,
31/10/2013,6,67,26327,
30/11/2013,6,67,26435,
31/12/2013,6,67,26259,
31/01/2014,6,67,26096,
28/02/2014,6,67,26491,
31/03/2014,6,67,26685,
30/04/2014,6,67,27088,
31/05/2014,6,67,27016,
30/06/2014,6,67,26931,
31/07/2014,6,67,27187,
31/08/2014,6,67,27209,
30/09/2014,6,67,27431,
31/10/2014,6,67,27350,
30/11/2014,6,67,27531,
31/12/2014,6,67,27252,
31/01/2015,6,67,27384,
28/02/2015,6,67,27534,
31/03/2015,6,67,28691,
30/04/2015,6,67,27603,
31/05/2015,6,67,28987,
30/06/2015,6,67,28904,
31/07/2015,6,67,29558,
31/08/2015,6,67,32386,
30/09/2015,6,67,32409,
31/10/2015,6,67,32804,
30/11/2015,6,67,32687,
31/12/2015,6,67,32604,
31/01/2016,6,67,32513,
29/02/2016,6,67,32776,
31/03/2016,6,67,33833,
30/04/2016,6,67,34005,
31/05/2016,6,67,34002,
30/06/2016,6,67,34306,
31/07/2016,6,67,34239,
31/08/2016,6,67,35917,
30/09/2016,6,67,36270,
31/10/2016,6,67,36992,
30/11/2016,6,67,37339,
31/12/2016,6,67,37253,
31/01/2017,6,67,38791,
28/02/2017,6,67,39245,
31/03/2017,6,67,39750,
30/04/2017,6,67,39778,
31/05/2017,6,67,40331,
30/06/2017,6,67,39961,
31/07/2017,6,67,39685,
31/08/2017,6,67,39649,
30/09/2017,6,67,40191,
31/10/2017,6,67,40343,
30/11/2017,6,67,40800,
31/12/2017,6,67,40525,
31/01/2018,6,67,40415,
28/02/2018,6,67,41219,
31/03/2018,6,67,41723,
30/04/2018,6,67,42800,
31/05/2018,6,67,42925,
30/06/2018,6,67,43080,
31/07/2018,6,67,43305,
31/08/2018,6,67,43502,
30/09/2018,6,67,43571,
31/10/2018,6,67,43666,
30/11/2018,6,67,43769,
31/12/2018,6,67,43665,
31/01/2019,6,67,44002,
28/02/2019,6,67,44471,
31/03/2019,6,67,44597,
30/04/2019,6,67,45291,
31/05/2019,6,67,44961,
30/06/2019,6,67,44811,
31/07/2019,6,67,44707,
31/08/2019,6,67,44909,
30/09/2019,6,67,44990,
31/10/2019,6,67,45188,
30/11/2019,6,67,44725,
31/12/2019,6,67,43774,
31/01/2020,6,67,42983,
29/02/2020,6,67,42850,
31/03/2020,6,67,42659,
30/04/2020,6,67,42070,
31/05/2020,6,67,41785,
30/06/2020,6,67,41701,
31/07/2020,6,67,41410,
31/08/2020,6,67,41329,
30/09/2020,6,67,41858,
31/10/2020,6,67,42108,
30/11/2020,6,67,42337,
31/12/2020,6,67,42384,
31/01/2021,6,67,42419,
28/02/2021,6,67,42664,
31/03/2021,6,67,43445,
30/04/2021,6,67,43674,
31/05/2021,6,67,44211,
30/06/2021,6,67,44467,
31/07/2021,6,67,45233,
31/08/2021,6,67,45684,
30/09/2021,6,67,46379,
31/10/2021,6,67,47286,
30/11/2021,6,67,47239,
31/12/2021,6,67,46749,
31/01/2022,6,67,47115,
28/02/2022,6,67,47514,
31/03/2022,6,67,47849,
30/04/2022,6,67,48027,
31/05/2022,6,67,48430,
30/06/2022,6,67,48641,
31/07/2022,6,67,48716,
31/08/2022,6,67,48963,
30/09/2022,6,67,49096,
31/10/2022,6,67,50090,
30/11/2022,6,67,50150,
31/12/2022,6,67,49835,
31/01/2023,6,67,50356,50356
28/02/2023,6,67,50692,50692
31/03/2023,6,67,51269,51269
30/04/2023,6,67,51476,51476
31/05/2023,6,67,50448,50448
30/06/2023,6,67,50616,50616
31/07/2023,6,67,51107,51107
31/08/2023,6,67,50794,50794
30/09/2023,6,67,50727,50727
31/10/2023,6,67,50911,50911
30/11/2023,6,67,51036,51036
31/12/2023,6,67,50675,50675
31/01/2024,6,67,51005,51005
29/02/2024,6,67,51323,51323
31/03/2024,6,67,51099,51099
30/04/2024,6,67,51965,51965
31/05/2024,6,67,52075,52075
30/06/2024,6,67,51810,51810
31/07/2024,6,67,51944,51944
31/08/2024,6,67,51791,51791
30/09/2024,6,67,51275,51275
31/10/2024,6,67,51266,51266
30/11/2024,6,67,51138,51138
31/12/2024,6,67,50737,50737
31/01/2025,6,67,51226,51226
28/02/2025,6,67,51797,51797
31/03/2025,6,67,52183,52183
30/04/2025,6,67,51526,51526
31/05/2025,6,67,50582,50582
30/06/2025,6,67,50419,50419
31/07/2025,6,67,50359,50359
31/08/2025,6,67,50377,50377
30/09/2025,6,67,50818,50818
31/10/2025,6,67,51514,51514
30/11/2025,6,67,50833,50833
31/12/2025,6,67,50409,50409
31/01/2026,6,67,50740,50740
31/03/2010,6,68,15743,
30/04/2010,6,68,15860,
31/05/2010,6,68,15880,
30/06/2010,6,68,15917,
31/07/2010,6,68,16591,
31/08/2010,6,68,16628,
30/09/2010,6,68,16786,
31/10/2010,6,68,16824,
30/11/2010,6,68,16900,
31/12/2010,6,68,16942,
31/01/2011,6,68,16939,
28/02/2011,6,68,17206,
31/03/2011,6,68,17242,
30/04/2011,6,68,17277,
31/05/2011,6,68,17219,
30/06/2011,6,68,17192,
31/07/2011,6,68,17293,
31/08/2011,6,68,17225,
30/09/2011,6,68,17301,
31/10/2011,6,68,17435,
30/11/2011,6,68,17442,
31/12/2011,6,68,17453,
31/01/2012,6,68,17968,
29/02/2012,6,68,18023,
31/03/2012,6,68,17916,
30/04/2012,6,68,17978,
31/05/2012,6,68,17985,
30/06/2012,6,68,18082,
31/07/2012,6,68,18214,
31/08/2012,6,68,18368,
30/09/2012,6,68,18450,
31/10/2012,6,68,18917,
30/11/2012,6,68,19138,
31/12/2012,6,68,19136,
31/01/2013,6,68,19126,
28/02/2013,6,68,19403,
31/03/2013,6,68,19348,
30/04/2013,6,68,19494,
31/05/2013,6,68,19584,
30/06/2013,6,68,20090,
31/07/2013,6,68,20699,
31/08/2013,6,68,20880,
30/09/2013,6,68,21092,
31/10/2013,6,68,21381,
30/11/2013,6,68,21229,
31/12/2013,6,68,21314,
31/01/2014,6,68,21465,
28/02/2014,6,68,21702,
31/03/2014,6,68,21611,
30/04/2014,6,68,21644,
31/05/2014,6,68,21495,
30/06/2014,6,68,21643,
31/07/2014,6,68,21632,
31/08/2014,6,68,21758,
30/09/2014,6,68,21859,
31/10/2014,6,68,21950,
30/11/2014,6,68,21899,
31/12/2014,6,68,21866,
31/01/2015,6,68,21249,
28/02/2015,6,68,21472,
31/03/2015,6,68,21635,
30/04/2015,6,68,21757,
31/05/2015,6,68,21910,
30/06/2015,6,68,21977,
31/07/2015,6,68,22108,
31/08/2015,6,68,21994,
30/09/2015,6,68,22241,
31/10/2015,6,68,22423,
30/11/2015,6,68,22592,
31/12/2015,6,68,22533,
31/01/2016,6,68,22805,
29/02/2016,6,68,23057,
31/03/2016,6,68,23203,
30/04/2016,6,68,23383,
31/05/2016,6,68,23464,
30/06/2016,6,68,23530,
31/07/2016,6,68,23380,
31/08/2016,6,68,23318,
30/09/2016,6,68,23846,
31/10/2016,6,68,24180,
30/11/2016,6,68,24301,
31/12/2016,6,68,24552,
31/01/2017,6,68,25022,
28/02/2017,6,68,25153,
31/03/2017,6,68,25220,
30/04/2017,6,68,25093,
31/05/2017,6,68,25283,
30/06/2017,6,68,26220,
31/07/2017,6,68,26439,
31/08/2017,6,68,26733,
30/09/2017,6,68,26859,
31/10/2017,6,68,26885,
30/11/2017,6,68,26831,
31/12/2017,6,68,26802,
31/01/2018,6,68,27256,
28/02/2018,6,68,27207,
31/03/2018,6,68,28055,
30/04/2018,6,68,28022,
31/05/2018,6,68,28284,
30/06/2018,6,68,28607,
31/07/2018,6,68,28711,
31/08/2018,6,68,28739,
30/09/2018,6,68,28648,
31/10/2018,6,68,28795,
30/11/2018,6,68,28859,
31/12/2018,6,68,28570,
31/01/2019,6,68,28283,
28/02/2019,6,68,28464,
31/03/2019,6,68,28488,
30/04/2019,6,68,28067,
31/05/2019,6,68,28097,
30/06/2019,6,68,27911,
31/07/2019,6,68,27914,
31/08/2019,6,68,27379,
30/09/2019,6,68,27445,
31/10/2019,6,68,27667,
30/11/2019,6,68,27599,
31/12/2019,6,68,27118,
31/01/2020,6,68,30587,
29/02/2020,6,68,30491,
31/03/2020,6,68,30651,
30/04/2020,6,68,30093,
31/05/2020,6,68,28987,
30/06/2020,6,68,28708,
31/07/2020,6,68,27867,
31/08/2020,6,68,27852,
30/09/2020,6,68,27758,
31/10/2020,6,68,28023,
30/11/2020,6,68,27924,
31/12/2020,6,68,28998,
31/01/2021,6,68,29672,
28/02/2021,6,68,30170,
31/03/2021,6,68,30276,
30/04/2021,6,68,30355,
31/05/2021,6,68,30523,
30/06/2021,6,68,30368,
31/07/2021,6,68,28563,
31/08/2021,6,68,28012,
30/09/2021,6,68,29228,
31/10/2021,6,68,29192,
30/11/2021,6,68,29623,
31/12/2021,6,68,32156,
31/01/2022,6,68,32456,
28/02/2022,6,68,32694,
31/03/2022,6,68,32846,
30/04/2022,6,68,32843,
31/05/2022,6,68,32937,
30/06/2022,6,68,33210,
31/07/2022,6,68,33489,
31/08/2022,6,68,33678,
30/09/2022,6,68,33945,
31/10/2022,6,68,34037,
30/11/2022,6,68,34398,
31/12/2022,6,68,34405,
31/01/2023,6,68,34436,34436
28/02/2023,6,68,34687,34687
31/03/2023,6,68,34979,34979
30/04/2023,6,68,35175,35175
31/05/2023,6,68,35688,35688
30/06/2023,6,68,36197,36197
31/07/2023,6,68,36869,36869
31/08/2023,6,68,37061,37061
30/09/2023,6,68,37171,37171
31/10/2023,6,68,37485,37485
30/11/2023,6,68,37843,37843
31/12/2023,6,68,37811,37811
31/01/2024,6,68,38252,38252
29/02/2024,6,68,38356,38356
31/03/2024,6,68,38547,38547
30/04/2024,6,68,39040,39040
31/05/2024,6,68,39253,39253
30/06/2024,6,68,39388,39388
31/07/2024,6,68,39705,39705
31/08/2024,6,68,39806,39806
30/09/2024,6,68,38033,38033
31/10/2024,6,68,38202,38202
30/11/2024,6,68,37766,37766
31/12/2024,6,68,37681,37681
31/01/2025,6,68,37568,37568
28/02/2025,6,68,37768,37768
31/03/2025,6,68,37793,37793
30/04/2025,6,68,38909,38909
31/05/2025,6,68,38189,38189
30/06/2025,6,68,38867,38867
31/07/2025,6,68,38986,38986
31/08/2025,6,68,38620,38620
30/09/2025,6,68,38362,38362
31/10/2025,6,68,38832,38832
30/11/2025,6,68,38946,38946
31/12/2025,6,68,38749,38749
31/01/2026,6,68,38805,38805
31/03/2010,6,69,6524,
30/04/2010,6,69,6510,
31/05/2010,6,69,6715,
30/06/2010,6,69,6811,
31/07/2010,6,69,6101,
31/08/2010,6,69,6089,
30/09/2010,6,69,6195,
31/10/2010,6,69,5817,
30/11/2010,6,69,5835,
31/12/2010,6,69,5760,
31/01/2011,6,69,5814,
28/02/2011,6,69,5761,
31/03/2011,6,69,5857,
30/04/2011,6,69,6076,
31/05/2011,6,69,6054,
30/06/2011,6,69,6060,
31/07/2011,6,69,6790,
31/08/2011,6,69,6961,
30/09/2011,6,69,6826,
31/10/2011,6,69,7191,
30/11/2011,6,69,6946,
31/12/2011,6,69,6681,
31/01/2012,6,69,6600,
29/02/2012,6,69,6520,
31/03/2012,6,69,7155,
30/04/2012,6,69,6931,
31/05/2012,6,69,6938,
30/06/2012,6,69,6999,
31/07/2012,6,69,6964,
31/08/2012,6,69,7381,
30/09/2012,6,69,7625,
31/10/2012,6,69,7947,
30/11/2012,6,69,7987,
31/12/2012,6,69,8004,
31/01/2013,6,69,7895,
28/02/2013,6,69,8165,
31/03/2013,6,69,8649,
30/04/2013,6,69,8998,
31/05/2013,6,69,9381,
30/06/2013,6,69,9599,
31/07/2013,6,69,9013,
31/08/2013,6,69,9371,
30/09/2013,6,69,9600,
31/10/2013,6,69,9638,
30/11/2013,6,69,9187,
31/12/2013,6,69,9590,
31/01/2014,6,69,9716,
28/02/2014,6,69,9845,
31/03/2014,6,69,9973,
30/04/2014,6,69,8717,
31/05/2014,6,69,8596,
30/06/2014,6,69,8594,
31/07/2014,6,69,8333,
31/08/2014,6,69,8264,
30/09/2014,6,69,8274,
31/10/2014,6,69,8024,
30/11/2014,6,69,9031,
31/12/2014,6,69,8949,
31/01/2015,6,69,8798,
28/02/2015,6,69,8800,
31/03/2015,6,69,9149,
30/04/2015,6,69,10276,
31/05/2015,6,69,10498,
30/06/2015,6,69,9338,
31/07/2015,6,69,9244,
31/08/2015,6,69,9658,
30/09/2015,6,69,9609,
31/10/2015,6,69,9657,
30/11/2015,6,69,9637,
31/12/2015,6,69,9168,
31/01/2016,6,69,9093,
29/02/2016,6,69,9367,
31/03/2016,6,69,9439,
30/04/2016,6,69,9346,
31/05/2016,6,69,9393,
30/06/2016,6,69,9391,
31/07/2016,6,69,9645,
31/08/2016,6,69,9955,
30/09/2016,6,69,9930,
31/10/2016,6,69,10261,
30/11/2016,6,69,10479,
31/12/2016,6,69,10241,
31/01/2017,6,69,10280,
28/02/2017,6,69,10287,
31/03/2017,6,69,10671,
30/04/2017,6,69,11361,
31/05/2017,6,69,11509,
30/06/2017,6,69,11506,
31/07/2017,6,69,11482,
31/08/2017,6,69,11144,
30/09/2017,6,69,11583,
31/10/2017,6,69,11756,
30/11/2017,6,69,11610,
31/12/2017,6,69,11639,
31/01/2018,6,69,11592,
28/02/2018,6,69,11655,
31/03/2018,6,69,11696,
30/04/2018,6,69,11384,
31/05/2018,6,69,11500,
30/06/2018,6,69,11145,
31/07/2018,6,69,10855,
31/08/2018,6,69,11396,
30/09/2018,6,69,11616,
31/10/2018,6,69,11878,
30/11/2018,6,69,11987,
31/12/2018,6,69,10551,
31/01/2019,6,69,12235,
28/02/2019,6,69,11269,
31/03/2019,6,69,11289,
30/04/2019,6,69,11592,
31/05/2019,6,69,11597,
30/06/2019,6,69,11373,
31/07/2019,6,69,11238,
31/08/2019,6,69,11805,
30/09/2019,6,69,12355,
31/10/2019,6,69,12797,
30/11/2019,6,69,13635,
31/12/2019,6,69,13649,
31/01/2020,6,69,13738,
29/02/2020,6,69,13745,
31/03/2020,6,69,13823,
30/04/2020,6,69,13642,
31/05/2020,6,69,13562,
30/06/2020,6,69,13319,
31/07/2020,6,69,13064,
31/08/2020,6,69,13126,
30/09/2020,6,69,13178,
31/10/2020,6,69,13720,
30/11/2020,6,69,13679,
31/12/2020,6,69,13270,
31/01/2021,6,69,13751,
28/02/2021,6,69,13778,
31/03/2021,6,69,13671,
30/04/2021,6,69,13495,
31/05/2021,6,69,12811,
30/06/2021,6,69,14404,
31/07/2021,6,69,15849,
31/08/2021,6,69,16100,
30/09/2021,6,69,16568,
31/10/2021,6,69,17478,
30/11/2021,6,69,17829,
31/12/2021,6,69,17578,
31/01/2022,6,69,17242,
28/02/2022,6,69,16943,
31/03/2022,6,69,16798,
30/04/2022,6,69,16665,
31/05/2022,6,69,15962,
30/06/2022,6,69,15446,
31/07/2022,6,69,15588,
31/08/2022,6,69,15162,
30/09/2022,6,69,15872,
31/10/2022,6,69,16025,
30/11/2022,6,69,14058,
31/12/2022,6,69,13723,
31/01/2023,6,69,13640,13640
28/02/2023,6,69,13735,13735
31/03/2023,6,69,13939,13939
30/04/2023,6,69,13950,13950
31/05/2023,6,69,14156,14156
30/06/2023,6,69,14083,14083
31/07/2023,6,69,13899,13899
31/08/2023,6,69,13985,13985
30/09/2023,6,69,14474,14474
31/10/2023,6,69,14934,14934
30/11/2023,6,69,15068,15068
31/12/2023,6,69,14760,14760
31/01/2024,6,69,14649,14649
29/02/2024,6,69,14952,14952
31/03/2024,6,69,14849,14849
30/04/2024,6,69,15117,15117
31/05/2024,6,69,16910,16910
30/06/2024,6,69,15185,15185
31/07/2024,6,69,14673,14673
31/08/2024,6,69,14657,14657
30/09/2024,6,69,15054,15054
31/10/2024,6,69,15582,15582
30/11/2024,6,69,15504,15504
31/12/2024,6,69,15283,15283
31/01/2025,6,69,15101,15101
28/02/2025,6,69,15110,15110
31/03/2025,6,69,15324,15324
30/04/2025,6,69,15576,15576
31/05/2025,6,69,15515,15515
30/06/2025,6,69,15164,15164
31/07/2025,6,69,15106,15106
31/08/2025,6,69,15332,15332
30/09/2025,6,69,15559,15559
31/10/2025,6,69,16044,16044
30/11/2025,6,69,17479,17479
31/12/2025,6,69,15756,15756
31/01/2026,6,69,15069,15069
31/03/2010,7,71,32983,
30/04/2010,7,71,32916,
31/05/2010,7,71,33184,
30/06/2010,7,71,33209,
31/07/2010,7,71,33322,
31/08/2010,7,71,33555,
30/09/2010,7,71,33432,
31/10/2010,7,71,33720,
30/11/2010,7,71,33870,
31/12/2010,7,71,34169,
31/01/2011,7,71,34210,
28/02/2011,7,71,34301,
31/03/2011,7,71,34541,
30/04/2011,7,71,34583,
31/05/2011,7,71,33624,
30/06/2011,7,71,33678,
31/07/2011,7,71,33010,
31/08/2011,7,71,33236,
30/09/2011,7,71,33480,
31/10/2011,7,71,33416,
30/11/2011,7,71,33291,
31/12/2011,7,71,33474,
31/01/2012,7,71,33623,
29/02/2012,7,71,33778,
31/03/2012,7,71,33991,
30/04/2012,7,71,34170,
31/05/2012,7,71,34161,
30/06/2012,7,71,34060,
31/07/2012,7,71,35562,
31/08/2012,7,71,35773,
30/09/2012,7,71,35561,
31/10/2012,7,71,35898,
30/11/2012,7,71,36090,
31/12/2012,7,71,36051,
31/01/2013,7,71,35876,
28/02/2013,7,71,35998,
31/03/2013,7,71,36623,
30/04/2013,7,71,36527,
31/05/2013,7,71,36631,
30/06/2013,7,71,36909,
31/07/2013,7,71,36709,
31/08/2013,7,71,37355,
30/09/2013,7,71,37272,
31/10/2013,7,71,37209,
30/11/2013,7,71,36920,
31/12/2013,7,71,36763,
31/01/2014,7,71,36781,
28/02/2014,7,71,36827,
31/03/2014,7,71,36672,
30/04/2014,7,71,36896,
31/05/2014,7,71,37181,
30/06/2014,7,71,37411,
31/07/2014,7,71,37631,
31/08/2014,7,71,37875,
30/09/2014,7,71,37927,
31/10/2014,7,71,38068,
30/11/2014,7,71,38076,
31/12/2014,7,71,38233,
31/01/2015,7,71,38540,
28/02/2015,7,71,38823,
31/03/2015,7,71,39493,
30/04/2015,7,71,39848,
31/05/2015,7,71,39969,
30/06/2015,7,71,39868,
31/07/2015,7,71,40043,
31/08/2015,7,71,40112,
30/09/2015,7,71,40026,
31/10/2015,7,71,40127,
30/11/2015,7,71,40281,
31/12/2015,7,71,40188,
31/01/2016,7,71,40252,
29/02/2016,7,71,40704,
31/03/2016,7,71,40789,
30/04/2016,7,71,40561,
31/05/2016,7,71,40453,
30/06/2016,7,71,42151,
31/07/2016,7,71,42640,
31/08/2016,7,71,42880,
30/09/2016,7,71,43066,
31/10/2016,7,71,43251,
30/11/2016,7,71,43596,
31/12/2016,7,71,42806,
31/01/2017,7,71,42049,
28/02/2017,7,71,42924,
31/03/2017,7,71,43163,
30/04/2017,7,71,43457,
31/05/2017,7,71,43302,
30/06/2017,7,71,43543,
31/07/2017,7,71,43807,
31/08/2017,7,71,44442,
30/09/2017,7,71,44788,
31/10/2017,7,71,45007,
30/11/2017,7,71,45536,
31/12/2017,7,71,45105,
31/01/2018,7,71,45046,
28/02/2018,7,71,45273,
31/03/2018,7,71,45385,
30/04/2018,7,71,45584,
31/05/2018,7,71,45181,
30/06/2018,7,71,45252,
31/07/2018,7,71,45952,
31/08/2018,7,71,46085,
30/09/2018,7,71,46105,
31/10/2018,7,71,46288,
30/11/2018,7,71,46299,
31/12/2018,7,71,46282,
31/01/2019,7,71,46464,
28/02/2019,7,71,46686,
31/03/2019,7,71,46991,
30/04/2019,7,71,47311,
31/05/2019,7,71,47409,
30/06/2019,7,71,47425,
31/07/2019,7,71,47323,
31/08/2019,7,71,47282,
30/09/2019,7,71,47605,
31/10/2019,7,71,48631,
30/11/2019,7,71,49209,
31/12/2019,7,71,49366,
31/01/2020,7,71,49704,
29/02/2020,7,71,49903,
31/03/2020,7,71,51163,
30/04/2020,7,71,50943,
31/05/2020,7,71,50550,
30/06/2020,7,71,50715,
31/07/2020,7,71,50900,
31/08/2020,7,71,51073,
30/09/2020,7,71,51128,
31/10/2020,7,71,51044,
30/11/2020,7,71,51496,
31/12/2020,7,71,51087,
31/01/2021,7,71,50968,
28/02/2021,7,71,50703,
31/03/2021,7,71,50057,
30/04/2021,7,71,50105,
31/05/2021,7,71,51211,
30/06/2021,7,71,51328,
31/07/2021,7,71,51769,
31/08/2021,7,71,51770,
30/09/2021,7,71,50301,
31/10/2021,7,71,50449,
30/11/2021,7,71,50875,
31/12/2021,7,71,51076,
31/01/2022,7,71,51722,
28/02/2022,7,71,52349,
31/03/2022,7,71,52622,
30/04/2022,7,71,52801,
31/05/2022,7,71,52731,
30/06/2022,7,71,53084,
31/07/2022,7,71,53198,
31/08/2022,7,71,53207,
30/09/2022,7,71,53998,
31/10/2022,7,71,54350,
30/11/2022,7,71,54502,
31/12/2022,7,71,54068,
31/01/2023,7,71,54500,54500
28/02/2023,7,71,54608,54608
31/03/2023,7,71,54701,54701
30/04/2023,7,71,54804,54804
31/05/2023,7,71,54670,54670
30/06/2023,7,71,55057,55057
31/07/2023,7,71,54995,54995
31/08/2023,7,71,54963,54963
30/09/2023,7,71,55047,55047
31/10/2023,7,71,55662,55662
30/11/2023,7,71,56088,56088
31/12/2023,7,71,56033,56033
31/01/2024,7,71,56461,56461
29/02/2024,7,71,57373,57373
31/03/2024,7,71,57684,57684
30/04/2024,7,71,57675,57675
31/05/2024,7,71,57801,57801
30/06/2024,7,71,58108,58108
31/07/2024,7,71,58903,58903
31/08/2024,7,71,59262,59262
30/09/2024,7,71,60302,60302
31/10/2024,7,71,62031,62031
30/11/2024,7,71,59899,59899
31/12/2024,7,71,59052,59052
31/01/2025,7,71,59424,59424
28/02/2025,7,71,59426,59426
31/03/2025,7,71,59566,59566
30/04/2025,7,71,59376,59376
31/05/2025,7,71,59110,59110
30/06/2025,7,71,59085,59085
31/07/2025,7,71,59131,59131
31/08/2025,7,71,58886,58886
30/09/2025,7,71,59113,59113
31/10/2025,7,71,58730,58730
30/11/2025,7,71,59158,59158
31/12/2025,7,71,58590,58590
31/01/2026,7,71,58895,58895
31/03/2010,7,72,357,
30/04/2010,7,72,348,
31/05/2010,7,72,334,
30/06/2010,7,72,335,
31/07/2010,7,72,347,
31/08/2010,7,72,331,
30/09/2010,7,72,324,
31/10/2010,7,72,321,
30/11/2010,7,72,309,
31/12/2010,7,72,314,
31/01/2011,7,72,321,
28/02/2011,7,72,310,
31/03/2011,7,72,313,
30/04/2011,7,72,311,
31/05/2011,7,72,307,
30/06/2011,7,72,316,
31/07/2011,7,72,308,
31/08/2011,7,72,295,
30/09/2011,7,72,290,
31/10/2011,7,72,280,
30/11/2011,7,72,280,
31/12/2011,7,72,275,
31/01/2012,7,72,279,
29/02/2012,7,72,278,
31/03/2012,7,72,273,
30/04/2012,7,72,273,
31/05/2012,7,72,269,
30/06/2012,7,72,265,
31/07/2012,7,72,263,
31/08/2012,7,72,262,
30/09/2012,7,72,262,
31/10/2012,7,72,260,
30/11/2012,7,72,264,
31/12/2012,7,72,267,
31/01/2013,7,72,264,
28/02/2013,7,72,266,
31/03/2013,7,72,265,
30/04/2013,7,72,268,
31/05/2013,7,72,266,
30/06/2013,7,72,263,
31/07/2013,7,72,259,
31/08/2013,7,72,253,
30/09/2013,7,72,270,
31/10/2013,7,72,279,
30/11/2013,7,72,287,
31/12/2013,7,72,298,
31/01/2014,7,72,292,
28/02/2014,7,72,289,
31/03/2014,7,72,289,
30/04/2014,7,72,291,
31/05/2014,7,72,293,
30/06/2014,7,72,305,
31/07/2014,7,72,371,
31/08/2014,7,72,363,
30/09/2014,7,72,360,
31/10/2014,7,72,374,
30/11/2014,7,72,369,
31/12/2014,7,72,378,
31/01/2015,7,72,388,
28/02/2015,7,72,377,
31/03/2015,7,72,376,
30/04/2015,7,72,373,
31/05/2015,7,72,370,
30/06/2015,7,72,362,
31/07/2015,7,72,378,
31/08/2015,7,72,381,
30/09/2015,7,72,395,
31/10/2015,7,72,399,
30/11/2015,7,72,398,
31/12/2015,7,72,389,
31/01/2016,7,72,389,
29/02/2016,7,72,397,
31/03/2016,7,72,400,
30/04/2016,7,72,397,
31/05/2016,7,72,539,
30/06/2016,7,72,536,
31/07/2016,7,72,540,
31/08/2016,7,72,542,
30/09/2016,7,72,532,
31/10/2016,7,72,521,
30/11/2016,7,72,508,
31/12/2016,7,72,500,
31/01/2017,7,72,494,
28/02/2017,7,72,500,
31/03/2017,7,72,513,
30/04/2017,7,72,506,
31/05/2017,7,72,506,
30/06/2017,7,72,380,
31/07/2017,7,72,385,
31/08/2017,7,72,385,
30/09/2017,7,72,384,
31/10/2017,7,72,390,
30/11/2017,7,72,389,
31/12/2017,7,72,393,
31/01/2018,7,72,400,
28/02/2018,7,72,624,
31/03/2018,7,72,663,
30/04/2018,7,72,633,
31/05/2018,7,72,632,
30/06/2018,7,72,627,
31/07/2018,7,72,632,
31/08/2018,7,72,653,
30/09/2018,7,72,672,
31/10/2018,7,72,701,
30/11/2018,7,72,684,
31/12/2018,7,72,607,
31/01/2019,7,72,624,
28/02/2019,7,72,763,
31/03/2019,7,72,668,
30/04/2019,7,72,715,
31/05/2019,7,72,606,
30/06/2019,7,72,633,
31/07/2019,7,72,640,
31/08/2019,7,72,662,
30/09/2019,7,72,724,
31/10/2019,7,72,702,
30/11/2019,7,72,645,
31/12/2019,7,72,672,
31/01/2020,7,72,501,
29/02/2020,7,72,620,
31/03/2020,7,72,576,
30/04/2020,7,72,522,
31/05/2020,7,72,304,
30/06/2020,7,72,294,
31/07/2020,7,72,291,
31/08/2020,7,72,280,
30/09/2020,7,72,415,
31/10/2020,7,72,305,
30/11/2020,7,72,265,
31/12/2020,7,72,288,
31/01/2021,7,72,284,
28/02/2021,7,72,314,
31/03/2021,7,72,259,
30/04/2021,7,72,294,
31/05/2021,7,72,358,
30/06/2021,7,72,434,
31/07/2021,7,72,457,
31/08/2021,7,72,514,
30/09/2021,7,72,498,
31/10/2021,7,72,532,
30/11/2021,7,72,656,
31/12/2021,7,72,544,
31/01/2022,7,72,629,
28/02/2022,7,72,534,
31/03/2022,7,72,533,
30/04/2022,7,72,534,
31/05/2022,7,72,689,
30/06/2022,7,72,543,
31/07/2022,7,72,548,
31/08/2022,7,72,514,
30/09/2022,7,72,569,
31/10/2022,7,72,574,
30/11/2022,7,72,570,
31/12/2022,7,72,569,
31/01/2023,7,72,612,612
28/02/2023,7,72,671,671
31/03/2023,7,72,763,763
30/04/2023,7,72,719,719
31/05/2023,7,72,759,759
30/06/2023,7,72,789,789
31/07/2023,7,72,657,657
31/08/2023,7,72,671,671
30/09/2023,7,72,700,700
31/10/2023,7,72,712,712
30/11/2023,7,72,820,820
31/12/2023,7,72,855,855
31/01/2024,7,72,856,856
29/02/2024,7,72,811,811
31/03/2024,7,72,834,834
30/04/2024,7,72,909,909
31/05/2024,7,72,759,759
30/06/2024,7,72,751,751
31/07/2024,7,72,826,826
31/08/2024,7,72,866,866
30/09/2024,7,72,770,770
31/10/2024,7,72,778,778
30/11/2024,7,72,874,874
31/12/2024,7,72,880,880
31/01/2025,7,72,894,894
28/02/2025,7,72,903,903
31/03/2025,7,72,887,887
30/04/2025,7,72,938,938
31/05/2025,7,72,905,905
30/06/2025,7,72,872,872
31/07/2025,7,72,892,892
31/08/2025,7,72,916,916
30/09/2025,7,72,865,865
31/10/2025,7,72,904,904
30/11/2025,7,72,961,961
31/12/2025,7,72,992,992
31/01/2026,7,72,912,912
31/03/2010,7,73,1963,
30/04/2010,7,73,1984,
31/05/2010,7,73,1954,
30/06/2010,7,73,2029,
31/07/2010,7,73,2086,
31/08/2010,7,73,2015,
30/09/2010,7,73,1889,
31/10/2010,7,73,1891,
30/11/2010,7,73,2028,
31/12/2010,7,73,1559,
31/01/2011,7,73,1446,
28/02/2011,7,73,1475,
31/03/2011,7,73,1475,
30/04/2011,7,73,1706,
31/05/2011,7,73,1672,
30/06/2011,7,73,1730,
31/07/2011,7,73,1749,
31/08/2011,7,73,1784,
30/09/2011,7,73,1798,
31/10/2011,7,73,1806,
30/11/2011,7,73,1878,
31/12/2011,7,73,1906,
31/01/2012,7,73,1899,
29/02/2012,7,73,1924,
31/03/2012,7,73,1823,
30/04/2012,7,73,1925,
31/05/2012,7,73,1932,
30/06/2012,7,73,2090,
31/07/2012,7,73,2084,
31/08/2012,7,73,2113,
30/09/2012,7,73,2104,
31/10/2012,7,73,2086,
30/11/2012,7,73,2232,
31/12/2012,7,73,2181,
31/01/2013,7,73,2204,
28/02/2013,7,73,2217,
31/03/2013,7,73,2220,
30/04/2013,7,73,2186,
31/05/2013,7,73,2201,
30/06/2013,7,73,2196,
31/07/2013,7,73,2293,
31/08/2013,7,73,2407,
30/09/2013,7,73,2457,
31/10/2013,7,73,2524,
30/11/2013,7,73,2637,
31/12/2013,7,73,2394,
31/01/2014,7,73,2410,
28/02/2014,7,73,2415,
31/03/2014,7,73,2422,
30/04/2014,7,73,2417,
31/05/2014,7,73,2464,
30/06/2014,7,73,2501,
31/07/2014,7,73,2526,
31/08/2014,7,73,2519,
30/09/2014,7,73,2481,
31/10/2014,7,73,2421,
30/11/2014,7,73,2505,
31/12/2014,7,73,2579,
31/01/2015,7,73,2562,
28/02/2015,7,73,2517,
31/03/2015,7,73,2520,
30/04/2015,7,73,2488,
31/05/2015,7,73,2416,
30/06/2015,7,73,2427,
31/07/2015,7,73,2439,
31/08/2015,7,73,2420,
30/09/2015,7,73,2424,
31/10/2015,7,73,2438,
30/11/2015,7,73,2497,
31/12/2015,7,73,2486,
31/01/2016,7,73,2598,
29/02/2016,7,73,2613,
31/03/2016,7,73,2630,
30/04/2016,7,73,2612,
31/05/2016,7,73,2632,
30/06/2016,7,73,2711,
31/07/2016,7,73,2739,
31/08/2016,7,73,2738,
30/09/2016,7,73,2757,
31/10/2016,7,73,2650,
30/11/2016,7,73,2863,
31/12/2016,7,73,2845,
31/01/2017,7,73,2895,
28/02/2017,7,73,2874,
31/03/2017,7,73,2923,
30/04/2017,7,73,2985,
31/05/2017,7,73,2998,
30/06/2017,7,73,3034,
31/07/2017,7,73,3060,
31/08/2017,7,73,3114,
30/09/2017,7,73,3144,
31/10/2017,7,73,3176,
30/11/2017,7,73,3193,
31/12/2017,7,73,3238,
31/01/2018,7,73,3241,
28/02/2018,7,73,3246,
31/03/2018,7,73,3270,
30/04/2018,7,73,3274,
31/05/2018,7,73,3198,
30/06/2018,7,73,3204,
31/07/2018,7,73,3223,
31/08/2018,7,73,3272,
30/09/2018,7,73,3250,
31/10/2018,7,73,3299,
30/11/2018,7,73,3218,
31/12/2018,7,73,3219,
31/01/2019,7,73,3206,
28/02/2019,7,73,3229,
31/03/2019,7,73,3246,
30/04/2019,7,73,3246,
31/05/2019,7,73,3199,
30/06/2019,7,73,3250,
31/07/2019,7,73,3243,
31/08/2019,7,73,3222,
30/09/2019,7,73,3195,
31/10/2019,7,73,3236,
30/11/2019,7,73,3278,
31/12/2019,7,73,3351,
31/01/2020,7,73,3306,
29/02/2020,7,73,3316,
31/03/2020,7,73,3287,
30/04/2020,7,73,2918,
31/05/2020,7,73,2885,
30/06/2020,7,73,2867,
31/07/2020,7,73,3000,
31/08/2020,7,73,2993,
30/09/2020,7,73,2815,
31/10/2020,7,73,2854,
30/11/2020,7,73,2961,
31/12/2020,7,73,2955,
31/01/2021,7,73,2882,
28/02/2021,7,73,2878,
31/03/2021,7,73,2779,
30/04/2021,7,73,2834,
31/05/2021,7,73,2731,
30/06/2021,7,73,2920,
31/07/2021,7,73,3123,
31/08/2021,7,73,3236,
30/09/2021,7,73,3454,
31/10/2021,7,73,3517,
30/11/2021,7,73,3595,
31/12/2021,7,73,3709,
31/01/2022,7,73,3741,
28/02/2022,7,73,3762,
31/03/2022,7,73,3784,
30/04/2022,7,73,4005,
31/05/2022,7,73,4079,
30/06/2022,7,73,4176,
31/07/2022,7,73,4258,
31/08/2022,7,73,4286,
30/09/2022,7,73,4302,
31/10/2022,7,73,4430,
30/11/2022,7,73,4381,
31/12/2022,7,73,4603,
31/01/2023,7,73,4611,4611
28/02/2023,7,73,4652,4652
31/03/2023,7,73,4735,4735
30/04/2023,7,73,4761,4761
31/05/2023,7,73,4796,4796
30/06/2023,7,73,4829,4829
31/07/2023,7,73,4900,4900
31/08/2023,7,73,4933,4933
30/09/2023,7,73,4906,4906
31/10/2023,7,73,4426,4426
30/11/2023,7,73,4780,4780
31/12/2023,7,73,5130,5130
31/01/2024,7,73,5185,5185
29/02/2024,7,73,5156,5156
31/03/2024,7,73,5218,5218
30/04/2024,7,73,5223,5223
31/05/2024,7,73,5118,5118
30/06/2024,7,73,5088,5088
31/07/2024,7,73,5125,5125
31/08/2024,7,73,5231,5231
30/09/2024,7,73,5155,5155
31/10/2024,7,73,5301,5301
30/11/2024,7,73,5330,5330
31/12/2024,7,73,5336,5336
31/01/2025,7,73,5347,5347
28/02/2025,7,73,5343,5343
31/03/2025,7,73,5377,5377
30/04/2025,7,73,5312,5312
31/05/2025,7,73,5184,5184
30/06/2025,7,73,5148,5148
31/07/2025,7,73,5177,5177
31/08/2025,7,73,5159,5159
30/09/2025,7,73,5221,5221
31/10/2025,7,73,5410,5410
30/11/2025,7,73,5515,5515
31/12/2025,7,73,5519,5519
31/01/2026,7,73,5507,5507
31/03/2010,7,74,1758,
30/04/2010,7,74,1758,
31/05/2010,7,74,1772,
30/06/2010,7,74,1770,
31/07/2010,7,74,1769,
31/08/2010,7,74,1772,
30/09/2010,7,74,1785,
31/10/2010,7,74,1794,
30/11/2010,7,74,1826,
31/12/2010,7,74,1847,
31/01/2011,7,74,1837,
28/02/2011,7,74,1851,
31/03/2011,7,74,1883,
30/04/2011,7,74,1905,
31/05/2011,7,74,1899,
30/06/2011,7,74,1715,
31/07/2011,7,74,1715,
31/08/2011,7,74,2193,
30/09/2011,7,74,2159,
31/10/2011,7,74,2189,
30/11/2011,7,74,2185,
31/12/2011,7,74,2184,
31/01/2012,7,74,2167,
29/02/2012,7,74,2136,
31/03/2012,7,74,1917,
30/04/2012,7,74,1891,
31/05/2012,7,74,1884,
30/06/2012,7,74,1904,
31/07/2012,7,74,1885,
31/08/2012,7,74,1872,
30/09/2012,7,74,1834,
31/10/2012,7,74,1835,
30/11/2012,7,74,1838,
31/12/2012,7,74,1773,
31/01/2013,7,74,1736,
28/02/2013,7,74,1741,
31/03/2013,7,74,1767,
30/04/2013,7,74,1748,
31/05/2013,7,74,1740,
30/06/2013,7,74,1741,
31/07/2013,7,74,1740,
31/08/2013,7,74,1744,
30/09/2013,7,74,1739,
31/10/2013,7,74,1725,
30/11/2013,7,74,1735,
31/12/2013,7,74,1744,
31/01/2014,7,74,1718,
28/02/2014,7,74,1716,
31/03/2014,7,74,1731,
30/04/2014,7,74,1648,
31/05/2014,7,74,1630,
30/06/2014,7,74,1619,
31/07/2014,7,74,1623,
31/08/2014,7,74,1594,
30/09/2014,7,74,1430,
31/10/2014,7,74,1435,
30/11/2014,7,74,1448,
31/12/2014,7,74,1430,
31/01/2015,7,74,1418,
28/02/2015,7,74,1416,
31/03/2015,7,74,1453,
30/04/2015,7,74,1430,
31/05/2015,7,74,1275,
30/06/2015,7,74,1282,
31/07/2015,7,74,1266,
31/08/2015,7,74,1258,
30/09/2015,7,74,1263,
31/10/2015,7,74,1253,
30/11/2015,7,74,1257,
31/12/2015,7,74,1294,
31/01/2016,7,74,1285,
29/02/2016,7,74,1302,
31/03/2016,7,74,1312,
30/04/2016,7,74,1311,
31/05/2016,7,74,1312,
30/06/2016,7,74,1312,
31/07/2016,7,74,1342,
31/08/2016,7,74,1346,
30/09/2016,7,74,1337,
31/10/2016,7,74,1285,
30/11/2016,7,74,1274,
31/12/2016,7,74,1295,
31/01/2017,7,74,1286,
28/02/2017,7,74,1292,
31/03/2017,7,74,1288,
30/04/2017,7,74,1318,
31/05/2017,7,74,1313,
30/06/2017,7,74,1312,
31/07/2017,7,74,1326,
31/08/2017,7,74,1322,
30/09/2017,7,74,1316,
31/10/2017,7,74,1379,
30/11/2017,7,74,1386,
31/12/2017,7,74,1425,
31/01/2018,7,74,1252,
28/02/2018,7,74,1246,
31/03/2018,7,74,1279,
30/04/2018,7,74,1266,
31/05/2018,7,74,1275,
30/06/2018,7,74,1273,
31/07/2018,7,74,1296,
31/08/2018,7,74,1286,
30/09/2018,7,74,1196,
31/10/2018,7,74,1211,
30/11/2018,7,74,1256,
31/12/2018,7,74,1289,
31/01/2019,7,74,1272,
28/02/2019,7,74,1302,
31/03/2019,7,74,1294,
30/04/2019,7,74,1313,
31/05/2019,7,74,1221,
30/06/2019,7,74,1234,
31/07/2019,7,74,1223,
31/08/2019,7,74,1196,
30/09/2019,7,74,1189,
31/10/2019,7,74,1199,
30/11/2019,7,74,1222,
31/12/2019,7,74,1221,
31/01/2020,7,74,1220,
29/02/2020,7,74,1238,
31/03/2020,7,74,1243,
30/04/2020,7,74,1177,
31/05/2020,7,74,1130,
30/06/2020,7,74,1091,
31/07/2020,7,74,1075,
31/08/2020,7,74,1054,
30/09/2020,7,74,1041,
31/10/2020,7,74,1027,
30/11/2020,7,74,1024,
31/12/2020,7,74,1048,
31/01/2021,7,74,1029,
28/02/2021,7,74,1031,
31/03/2021,7,74,1040,
30/04/2021,7,74,1029,
31/05/2021,7,74,742,
30/06/2021,7,74,722,
31/07/2021,7,74,649,
31/08/2021,7,74,595,
30/09/2021,7,74,596,
31/10/2021,7,74,600,
30/11/2021,7,74,802,
31/12/2021,7,74,804,
31/01/2022,7,74,899,
28/02/2022,7,74,929,
31/03/2022,7,74,834,
30/04/2022,7,74,839,
31/05/2022,7,74,851,
30/06/2022,7,74,854,
31/07/2022,7,74,862,
31/08/2022,7,74,870,
30/09/2022,7,74,855,
31/10/2022,7,74,875,
30/11/2022,7,74,883,
31/12/2022,7,74,876,
31/01/2023,7,74,889,889
28/02/2023,7,74,885,885
31/03/2023,7,74,884,884
30/04/2023,7,74,909,909
31/05/2023,7,74,948,948
30/06/2023,7,74,981,981
31/07/2023,7,74,991,991
31/08/2023,7,74,1013,1013
30/09/2023,7,74,1000,1000
31/10/2023,7,74,1031,1031
30/11/2023,7,74,1111,1111
31/12/2023,7,74,1056,1056
31/01/2024,7,74,980,980
29/02/2024,7,74,1016,1016
31/03/2024,7,74,987,987
30/04/2024,7,74,969,969
31/05/2024,7,74,963,963
30/06/2024,7,74,887,887
31/07/2024,7,74,887,887
31/08/2024,7,74,950,950
30/09/2024,7,74,965,965
31/10/2024,7,74,969,969
30/11/2024,7,74,963,963
31/12/2024,7,74,936,936
31/01/2025,7,74,897,897
28/02/2025,7,74,898,898
31/03/2025,7,74,886,886
30/04/2025,7,74,907,907
31/05/2025,7,74,888,888
30/06/2025,7,74,917,917
31/07/2025,7,74,894,894
31/08/2025,7,74,890,890
30/09/2025,7,74,900,900
31/10/2025,7,74,911,911
30/11/2025,7,74,933,933
31/12/2025,7,74,903,903
31/01/2026,7,74,872,872
31/03/2010,7,75,12421,
30/04/2010,7,75,12408,
31/05/2010,7,75,12494,
30/06/2010,7,75,12745,
31/07/2010,7,75,12829,
31/08/2010,7,75,12852,
30/09/2010,7,75,12955,
31/10/2010,7,75,13047,
30/11/2010,7,75,13206,
31/12/2010,7,75,12753,
31/01/2011,7,75,12848,
28/02/2011,7,75,12842,
31/03/2011,7,75,12772,
30/04/2011,7,75,12704,
31/05/2011,7,75,13267,
30/06/2011,7,75,13387,
31/07/2011,7,75,13709,
31/08/2011,7,75,13862,
30/09/2011,7,75,13940,
31/10/2011,7,75,14180,
30/11/2011,7,75,14182,
31/12/2011,7,75,13901,
31/01/2012,7,75,14103,
29/02/2012,7,75,14110,
31/03/2012,7,75,14071,
30/04/2012,7,75,13991,
31/05/2012,7,75,14285,
30/06/2012,7,75,14296,
31/07/2012,7,75,13064,
31/08/2012,7,75,12991,
30/09/2012,7,75,13151,
31/10/2012,7,75,13026,
30/11/2012,7,75,13088,
31/12/2012,7,75,13003,
31/01/2013,7,75,13181,
28/02/2013,7,75,13279,
31/03/2013,7,75,13810,
30/04/2013,7,75,13747,
31/05/2013,7,75,13638,
30/06/2013,7,75,13481,
31/07/2013,7,75,13730,
31/08/2013,7,75,13822,
30/09/2013,7,75,13855,
31/10/2013,7,75,13903,
30/11/2013,7,75,14188,
31/12/2013,7,75,14251,
31/01/2014,7,75,14392,
28/02/2014,7,75,14708,
31/03/2014,7,75,14626,
30/04/2014,7,75,14734,
31/05/2014,7,75,14929,
30/06/2014,7,75,14981,
31/07/2014,7,75,15015,
31/08/2014,7,75,15465,
30/09/2014,7,75,15702,
31/10/2014,7,75,15748,
30/11/2014,7,75,16037,
31/12/2014,7,75,16197,
31/01/2015,7,75,16214,
28/02/2015,7,75,16436,
31/03/2015,7,75,16921,
30/04/2015,7,75,16989,
31/05/2015,7,75,17124,
30/06/2015,7,75,17198,
31/07/2015,7,75,17495,
31/08/2015,7,75,17626,
30/09/2015,7,75,18060,
31/10/2015,7,75,18166,
30/11/2015,7,75,18451,
31/12/2015,7,75,18339,
31/01/2016,7,75,18077,
29/02/2016,7,75,17877,
31/03/2016,7,75,18281,
30/04/2016,7,75,18316,
31/05/2016,7,75,17708,
30/06/2016,7,75,17220,
31/07/2016,7,75,17640,
31/08/2016,7,75,17849,
30/09/2016,7,75,17678,
31/10/2016,7,75,17650,
30/11/2016,7,75,17782,
31/12/2016,7,75,17467,
31/01/2017,7,75,17479,
28/02/2017,7,75,17429,
31/03/2017,7,75,18025,
30/04/2017,7,75,18190,
31/05/2017,7,75,18856,
30/06/2017,7,75,18834,
31/07/2017,7,75,19177,
31/08/2017,7,75,18566,
30/09/2017,7,75,18756,
31/10/2017,7,75,18961,
30/11/2017,7,75,19510,
31/12/2017,7,75,19612,
31/01/2018,7,75,20524,
28/02/2018,7,75,20426,
31/03/2018,7,75,20637,
30/04/2018,7,75,20244,
31/05/2018,7,75,20993,
30/06/2018,7,75,20917,
31/07/2018,7,75,20739,
31/08/2018,7,75,21046,
30/09/2018,7,75,20872,
31/10/2018,7,75,20993,
30/11/2018,7,75,21987,
31/12/2018,7,75,21882,
31/01/2019,7,75,21747,
28/02/2019,7,75,22199,
31/03/2019,7,75,22413,
30/04/2019,7,75,22131,
31/05/2019,7,75,22277,
30/06/2019,7,75,21834,
31/07/2019,7,75,22090,
31/08/2019,7,75,22034,
30/09/2019,7,75,22263,
31/10/2019,7,75,22486,
30/11/2019,7,75,22348,
31/12/2019,7,75,22235,
31/01/2020,7,75,22456,
29/02/2020,7,75,22775,
31/03/2020,7,75,23091,
30/04/2020,7,75,22996,
31/05/2020,7,75,22654,
30/06/2020,7,75,22579,
31/07/2020,7,75,22784,
31/08/2020,7,75,23018,
30/09/2020,7,75,23181,
31/10/2020,7,75,23269,
30/11/2020,7,75,23678,
31/12/2020,7,75,23417,
31/01/2021,7,75,23587,
28/02/2021,7,75,24061,
31/03/2021,7,75,24191,
30/04/2021,7,75,24182,
31/05/2021,7,75,24519,
30/06/2021,7,75,24353,
31/07/2021,7,75,28377,
31/08/2021,7,75,29080,
30/09/2021,7,75,29973,
31/10/2021,7,75,30391,
30/11/2021,7,75,32202,
31/12/2021,7,75,31388,
31/01/2022,7,75,31695,
28/02/2022,7,75,32254,
31/03/2022,7,75,32322,
30/04/2022,7,75,32362,
31/05/2022,7,75,32656,
30/06/2022,7,75,33193,
31/07/2022,7,75,32774,
31/08/2022,7,75,33027,
30/09/2022,7,75,34548,
31/10/2022,7,75,34816,
30/11/2022,7,75,34790,
31/12/2022,7,75,34493,
31/01/2023,7,75,34154,34154
28/02/2023,7,75,34064,34064
31/03/2023,7,75,34199,34199
30/04/2023,7,75,34349,34349
31/05/2023,7,75,34961,34961
30/06/2023,7,75,34962,34962
31/07/2023,7,75,35156,35156
31/08/2023,7,75,35886,35886
30/09/2023,7,75,36122,36122
31/10/2023,7,75,37338,37338
30/11/2023,7,75,38017,38017
31/12/2023,7,75,38083,38083
31/01/2024,7,75,38627,38627
29/02/2024,7,75,39190,39190
31/03/2024,7,75,39703,39703
30/04/2024,7,75,39994,39994
31/05/2024,7,75,41244,41244
30/06/2024,7,75,41013,41013
31/07/2024,7,75,41197,41197
31/08/2024,7,75,40767,40767
30/09/2024,7,75,40937,40937
31/10/2024,7,75,42972,42972
30/11/2024,7,75,43519,43519
31/12/2024,7,75,42421,42421
31/01/2025,7,75,42593,42593
28/02/2025,7,75,43311,43311
31/03/2025,7,75,43778,43778
30/04/2025,7,75,44070,44070
31/05/2025,7,75,44483,44483
30/06/2025,7,75,43806,43806
31/07/2025,7,75,44351,44351
31/08/2025,7,75,44338,44338
30/09/2025,7,75,44335,44335
31/10/2025,7,75,45431,45431
30/11/2025,7,75,45645,45645
31/12/2025,7,75,44129,44129
31/01/2026,7,75,45158,45158
31/03/2010,7,76,6186,
30/04/2010,7,76,6208,
31/05/2010,7,76,6218,
30/06/2010,7,76,6232,
31/07/2010,7,76,6234,
31/08/2010,7,76,6336,
30/09/2010,7,76,6426,
31/10/2010,7,76,6593,
30/11/2010,7,76,6782,
31/12/2010,7,76,6782,
31/01/2011,7,76,6719,
28/02/2011,7,76,6671,
31/03/2011,7,76,6831,
30/04/2011,7,76,6836,
31/05/2011,7,76,6972,
30/06/2011,7,76,7013,
31/07/2011,7,76,7100,
31/08/2011,7,76,7171,
30/09/2011,7,76,7071,
31/10/2011,7,76,7165,
30/11/2011,7,76,7240,
31/12/2011,7,76,7211,
31/01/2012,7,76,7290,
29/02/2012,7,76,7207,
31/03/2012,7,76,7127,
30/04/2012,7,76,7125,
31/05/2012,7,76,7199,
30/06/2012,7,76,7153,
31/07/2012,7,76,7603,
31/08/2012,7,76,8240,
30/09/2012,7,76,7961,
31/10/2012,7,76,8220,
30/11/2012,7,76,8268,
31/12/2012,7,76,8354,
31/01/2013,7,76,6988,
28/02/2013,7,76,6963,
31/03/2013,7,76,6929,
30/04/2013,7,76,7009,
31/05/2013,7,76,6991,
30/06/2013,7,76,7092,
31/07/2013,7,76,7112,
31/08/2013,7,76,7113,
30/09/2013,7,76,7336,
31/10/2013,7,76,7512,
30/11/2013,7,76,7603,
31/12/2013,7,76,7502,
31/01/2014,7,76,7520,
28/02/2014,7,76,7582,
31/03/2014,7,76,7613,
30/04/2014,7,76,7524,
31/05/2014,7,76,7596,
30/06/2014,7,76,7249,
31/07/2014,7,76,7211,
31/08/2014,7,76,7152,
30/09/2014,7,76,7210,
31/10/2014,7,76,7369,
30/11/2014,7,76,7629,
31/12/2014,7,76,7573,
31/01/2015,7,76,7592,
28/02/2015,7,76,7478,
31/03/2015,7,76,7464,
30/04/2015,7,76,7586,
31/05/2015,7,76,7691,
30/06/2015,7,76,7712,
31/07/2015,7,76,7654,
31/08/2015,7,76,7651,
30/09/2015,7,76,7730,
31/10/2015,7,76,7992,
30/11/2015,7,76,8187,
31/12/2015,7,76,8283,
31/01/2016,7,76,8724,
29/02/2016,7,76,8650,
31/03/2016,7,76,8703,
30/04/2016,7,76,8746,
31/05/2016,7,76,8836,
30/06/2016,7,76,9002,
31/07/2016,7,76,8972,
31/08/2016,7,76,8969,
30/09/2016,7,76,8986,
31/10/2016,7,76,9121,
30/11/2016,7,76,9245,
31/12/2016,7,76,9342,
31/01/2017,7,76,9190,
28/02/2017,7,76,9151,
31/03/2017,7,76,8979,
30/04/2017,7,76,9271,
31/05/2017,7,76,9278,
30/06/2017,7,76,9254,
31/07/2017,7,76,9385,
31/08/2017,7,76,9389,
30/09/2017,7,76,9576,
31/10/2017,7,76,9777,
30/11/2017,7,76,10166,
31/12/2017,7,76,10188,
31/01/2018,7,76,10196,
28/02/2018,7,76,9707,
31/03/2018,7,76,9623,
30/04/2018,7,76,9307,
31/05/2018,7,76,9163,
30/06/2018,7,76,9092,
31/07/2018,7,76,9019,
31/08/2018,7,76,8843,
30/09/2018,7,76,9000,
31/10/2018,7,76,9105,
30/11/2018,7,76,9342,
31/12/2018,7,76,9455,
31/01/2019,7,76,9355,
28/02/2019,7,76,9240,
31/03/2019,7,76,9268,
30/04/2019,7,76,9238,
31/05/2019,7,76,9084,
30/06/2019,7,76,9854,
31/07/2019,7,76,9824,
31/08/2019,7,76,9874,
30/09/2019,7,76,10013,
31/10/2019,7,76,9933,
30/11/2019,7,76,10278,
31/12/2019,7,76,10123,
31/01/2020,7,76,9928,
29/02/2020,7,76,9929,
31/03/2020,7,76,9807,
30/04/2020,7,76,9664,
31/05/2020,7,76,9627,
30/06/2020,7,76,9624,
31/07/2020,7,76,9560,
31/08/2020,7,76,9514,
30/09/2020,7,76,9561,
31/10/2020,7,76,9561,
30/11/2020,7,76,9564,
31/12/2020,7,76,9622,
31/01/2021,7,76,9460,
28/02/2021,7,76,9672,
31/03/2021,7,76,9721,
30/04/2021,7,76,9814,
31/05/2021,7,76,9838,
30/06/2021,7,76,9790,
31/07/2021,7,76,8880,
31/08/2021,7,76,9137,
30/09/2021,7,76,9453,
31/10/2021,7,76,9569,
30/11/2021,7,76,9742,
31/12/2021,7,76,9734,
31/01/2022,7,76,9657,
28/02/2022,7,76,9717,
31/03/2022,7,76,9729,
30/04/2022,7,76,9619,
31/05/2022,7,76,9650,
30/06/2022,7,76,9729,
31/07/2022,7,76,9745,
31/08/2022,7,76,9704,
30/09/2022,7,76,9776,
31/10/2022,7,76,9799,
30/11/2022,7,76,9906,
31/12/2022,7,76,9835,
31/01/2023,7,76,9739,9739
28/02/2023,7,76,9723,9723
31/03/2023,7,76,9710,9710
30/04/2023,7,76,9671,9671
31/05/2023,7,76,9618,9618
30/06/2023,7,76,9785,9785
31/07/2023,7,76,9751,9751
31/08/2023,7,76,9952,9952
30/09/2023,7,76,10089,10089
31/10/2023,7,76,10354,10354
30/11/2023,7,76,10617,10617
31/12/2023,7,76,10836,10836
31/01/2024,7,76,10973,10973
29/02/2024,7,76,10888,10888
31/03/2024,7,76,10910,10910
30/04/2024,7,76,10975,10975
31/05/2024,7,76,11057,11057
30/06/2024,7,76,10834,10834
31/07/2024,7,76,10869,10869
31/08/2024,7,76,10990,10990
30/09/2024,7,76,11126,11126
31/10/2024,7,76,11402,11402
30/11/2024,7,76,11525,11525
31/12/2024,7,76,11252,11252
31/01/2025,7,76,11170,11170
28/02/2025,7,76,11081,11081
31/03/2025,7,76,10852,10852
30/04/2025,7,76,10731,10731
31/05/2025,7,76,10841,10841
30/06/2025,7,76,10303,10303
31/07/2025,7,76,10137,10137
31/08/2025,7,76,10032,10032
30/09/2025,7,76,10147,10147
31/10/2025,7,76,9876,9876
30/11/2025,7,76,9788,9788
31/12/2025,7,76,9653,9653
31/01/2026,7,76,9435,9435
31/03/2010,8,81,12100,
30/04/2010,8,81,12177,
31/05/2010,8,81,12185,
30/06/2010,8,81,12274,
31/07/2010,8,81,12386,
31/08/2010,8,81,12322,
30/09/2010,8,81,12466,
31/10/2010,8,81,12504,
30/11/2010,8,81,12513,
31/12/2010,8,81,12488,
31/01/2011,8,81,12910,
28/02/2011,8,81,13069,
31/03/2011,8,81,13036,
30/04/2011,8,81,13064,
31/05/2011,8,81,13068,
30/06/2011,8,81,13017,
31/07/2011,8,81,12997,
31/08/2011,8,81,13075,
30/09/2011,8,81,13067,
31/10/2011,8,81,13081,
30/11/2011,8,81,13248,
31/12/2011,8,81,13286,
31/01/2012,8,81,13340,
29/02/2012,8,81,13322,
31/03/2012,8,81,13425,
30/04/2012,8,81,13473,
31/05/2012,8,81,13529,
30/06/2012,8,81,13641,
31/07/2012,8,81,14052,
31/08/2012,8,81,13960,
30/09/2012,8,81,14121,
31/10/2012,8,81,14072,
30/11/2012,8,81,14465,
31/12/2012,8,81,14473,
31/01/2013,8,81,14389,
28/02/2013,8,81,14426,
31/03/2013,8,81,15894,
30/04/2013,8,81,15973,
31/05/2013,8,81,15830,
30/06/2013,8,81,15845,
31/07/2013,8,81,15926,
31/08/2013,8,81,15953,
30/09/2013,8,81,15966,
31/10/2013,8,81,15996,
30/11/2013,8,81,16261,
31/12/2013,8,81,16204,
31/01/2014,8,81,16375,
28/02/2014,8,81,16296,
31/03/2014,8,81,16329,
30/04/2014,8,81,14945,
31/05/2014,8,81,14815,
30/06/2014,8,81,15423,
31/07/2014,8,81,15431,
31/08/2014,8,81,15392,
30/09/2014,8,81,15357,
31/10/2014,8,81,15363,
30/11/2014,8,81,15390,
31/12/2014,8,81,15461,
31/01/2015,8,81,15330,
28/02/2015,8,81,15014,
31/03/2015,8,81,14742,
30/04/2015,8,81,14789,
31/05/2015,8,81,15140,
30/06/2015,8,81,14593,
31/07/2015,8,81,14441,
31/08/2015,8,81,14464,
30/09/2015,8,81,14417,
31/10/2015,8,81,14426,
30/11/2015,8,81,14477,
31/12/2015,8,81,14522,
31/01/2016,8,81,14405,
29/02/2016,8,81,14699,
31/03/2016,8,81,14529,
30/04/2016,8,81,14602,
31/05/2016,8,81,14584,
30/06/2016,8,81,15325,
31/07/2016,8,81,14677,
31/08/2016,8,81,14683,
30/09/2016,8,81,14604,
31/10/2016,8,81,14615,
30/11/2016,8,81,15528,
31/12/2016,8,81,15494,
31/01/2017,8,81,15579,
28/02/2017,8,81,15588,
31/03/2017,8,81,15592,
30/04/2017,8,81,15698,
31/05/2017,8,81,15657,
30/06/2017,8,81,15628,
31/07/2017,8,81,15330,
31/08/2017,8,81,15141,
30/09/2017,8,81,15085,
31/10/2017,8,81,15160,
30/11/2017,8,81,15107,
31/12/2017,8,81,15165,
31/01/2018,8,81,15052,
28/02/2018,8,81,15098,
31/03/2018,8,81,15042,
30/04/2018,8,81,15115,
31/05/2018,8,81,15209,
30/06/2018,8,81,15190,
31/07/2018,8,81,15235,
31/08/2018,8,81,15257,
30/09/2018,8,81,15101,
31/10/2018,8,81,15215,
30/11/2018,8,81,14837,
31/12/2018,8,81,14831,
31/01/2019,8,81,14889,
28/02/2019,8,81,14931,
31/03/2019,8,81,14911,
30/04/2019,8,81,14806,
31/05/2019,8,81,14802,
30/06/2019,8,81,14837,
31/07/2019,8,81,14856,
31/08/2019,8,81,14865,
30/09/2019,8,81,14837,
31/10/2019,8,81,14865,
30/11/2019,8,81,14882,
31/12/2019,8,81,14828,
31/01/2020,8,81,14839,
29/02/2020,8,81,14895,
31/03/2020,8,81,14982,
30/04/2020,8,81,14909,
31/05/2020,8,81,14775,
30/06/2020,8,81,14791,
31/07/2020,8,81,14861,
31/08/2020,8,81,15025,
30/09/2020,8,81,14988,
31/10/2020,8,81,14875,
30/11/2020,8,81,14999,
31/12/2020,8,81,15242,
31/01/2021,8,81,15764,
28/02/2021,8,81,15732,
31/03/2021,8,81,15628,
30/04/2021,8,81,15587,
31/05/2021,8,81,15473,
30/06/2021,8,81,15966,
31/07/2021,8,81,19171,
31/08/2021,8,81,19397,
30/09/2021,8,81,19375,
31/10/2021,8,81,19920,
30/11/2021,8,81,19989,
31/12/2021,8,81,19651,
31/01/2022,8,81,19595,
28/02/2022,8,81,19663,
31/03/2022,8,81,19716,
30/04/2022,8,81,19723,
31/05/2022,8,81,19761,
30/06/2022,8,81,19845,
31/07/2022,8,81,19992,
31/08/2022,8,81,20112,
30/09/2022,8,81,20170,
31/10/2022,8,81,20296,
30/11/2022,8,81,20120,
31/12/2022,8,81,20229,
31/01/2023,8,81,20358,20358
28/02/2023,8,81,20472,20472
31/03/2023,8,81,20521,20521
30/04/2023,8,81,20674,20674
31/05/2023,8,81,20842,20842
30/06/2023,8,81,20962,20962
31/07/2023,8,81,21147,21147
31/08/2023,8,81,21317,21317
30/09/2023,8,81,21261,21261
31/10/2023,8,81,21427,21427
30/11/2023,8,81,21391,21391
31/12/2023,8,81,21360,21360
31/01/2024,8,81,21439,21439
29/02/2024,8,81,21523,21523
31/03/2024,8,81,21552,21552
30/04/2024,8,81,21530,21530
31/05/2024,8,81,21480,21480
30/06/2024,8,81,21410,21410
31/07/2024,8,81,21657,21657
31/08/2024,8,81,21683,21683
30/09/2024,8,81,21696,21696
31/10/2024,8,81,21754,21754
30/11/2024,8,81,21565,21565
31/12/2024,8,81,21423,21423
31/01/2025,8,81,21420,21420
28/02/2025,8,81,21332,21332
31/03/2025,8,81,21400,21400
30/04/2025,8,81,21765,21765
31/05/2025,8,81,21769,21769
30/06/2025,8,81,21816,21816
31/07/2025,8,81,21833,21833
31/08/2025,8,81,21760,21760
30/09/2025,8,81,21729,21729
31/10/2025,8,81,21712,21712
30/11/2025,8,81,21579,21579
31/12/2025,8,81,21437,21437
31/01/2026,8,81,21283,21283
31/03/2010,8,82,3854,
30/04/2010,8,82,3794,
31/05/2010,8,82,3881,
30/06/2010,8,82,3842,
31/07/2010,8,82,3921,
31/08/2010,8,82,3947,
30/09/2010,8,82,4034,
31/10/2010,8,82,4127,
30/11/2010,8,82,4221,
31/12/2010,8,82,4231,
31/01/2011,8,82,4189,
28/02/2011,8,82,4098,
31/03/2011,8,82,4166,
30/04/2011,8,82,4264,
31/05/2011,8,82,4434,
30/06/2011,8,82,4553,
31/07/2011,8,82,4589,
31/08/2011,8,82,4670,
30/09/2011,8,82,4777,
31/10/2011,8,82,4845,
30/11/2011,8,82,4842,
31/12/2011,8,82,4856,
31/01/2012,8,82,4839,
29/02/2012,8,82,4861,
31/03/2012,8,82,4832,
30/04/2012,8,82,4877,
31/05/2012,8,82,4924,
30/06/2012,8,82,4951,
31/07/2012,8,82,5014,
31/08/2012,8,82,5154,
30/09/2012,8,82,5236,
31/10/2012,8,82,5233,
30/11/2012,8,82,5300,
31/12/2012,8,82,5310,
31/01/2013,8,82,5420,
28/02/2013,8,82,5531,
31/03/2013,8,82,5464,
30/04/2013,8,82,5603,
31/05/2013,8,82,5551,
30/06/2013,8,82,5518,
31/07/2013,8,82,5549,
31/08/2013,8,82,5530,
30/09/2013,8,82,5539,
31/10/2013,8,82,5638,
30/11/2013,8,82,5662,
31/12/2013,8,82,5579,
31/01/2014,8,82,5116,
28/02/2014,8,82,5212,
31/03/2014,8,82,5232,
30/04/2014,8,82,5234,
31/05/2014,8,82,5366,
30/06/2014,8,82,5523,
31/07/2014,8,82,5416,
31/08/2014,8,82,5657,
30/09/2014,8,82,5613,
31/10/2014,8,82,5534,
30/11/2014,8,82,5490,
31/12/2014,8,82,5564,
31/01/2015,8,82,5493,
28/02/2015,8,82,5512,
31/03/2015,8,82,5518,
30/04/2015,8,82,5610,
31/05/2015,8,82,5780,
30/06/2015,8,82,5929,
31/07/2015,8,82,6023,
31/08/2015,8,82,6036,
30/09/2015,8,82,6091,
31/10/2015,8,82,5932,
30/11/2015,8,82,5932,
31/12/2015,8,82,5869,
31/01/2016,8,82,5875,
29/02/2016,8,82,5856,
31/03/2016,8,82,5874,
30/04/2016,8,82,5866,
31/05/2016,8,82,5906,
30/06/2016,8,82,5843,
31/07/2016,8,82,5763,
31/08/2016,8,82,5891,
30/09/2016,8,82,5927,
31/10/2016,8,82,5987,
30/11/2016,8,82,5985,
31/12/2016,8,82,5961,
31/01/2017,8,82,6369,
28/02/2017,8,82,6350,
31/03/2017,8,82,6353,
30/04/2017,8,82,6317,
31/05/2017,8,82,6219,
30/06/2017,8,82,6374,
31/07/2017,8,82,6411,
31/08/2017,8,82,6502,
30/09/2017,8,82,6663,
31/10/2017,8,82,6703,
30/11/2017,8,82,6675,
31/12/2017,8,82,6681,
31/01/2018,8,82,6461,
28/02/2018,8,82,6337,
31/03/2018,8,82,6412,
30/04/2018,8,82,6419,
31/05/2018,8,82,6480,
30/06/2018,8,82,6349,
31/07/2018,8,82,6278,
31/08/2018,8,82,6270,
30/09/2018,8,82,6264,
31/10/2018,8,82,6304,
30/11/2018,8,82,6326,
31/12/2018,8,82,6223,
31/01/2019,8,82,6149,
28/02/2019,8,82,6106,
31/03/2019,8,82,6061,
30/04/2019,8,82,5998,
31/05/2019,8,82,5997,
30/06/2019,8,82,6066,
31/07/2019,8,82,6173,
31/08/2019,8,82,6220,
30/09/2019,8,82,6238,
31/10/2019,8,82,6295,
30/11/2019,8,82,6377,
31/12/2019,8,82,6349,
31/01/2020,8,82,7058,
29/02/2020,8,82,6971,
31/03/2020,8,82,7038,
30/04/2020,8,82,6911,
31/05/2020,8,82,6705,
30/06/2020,8,82,6744,
31/07/2020,8,82,6715,
31/08/2020,8,82,6678,
30/09/2020,8,82,6700,
31/10/2020,8,82,6697,
30/11/2020,8,82,6740,
31/12/2020,8,82,6736,
31/01/2021,8,82,6791,
28/02/2021,8,82,6814,
31/03/2021,8,82,6693,
30/04/2021,8,82,6707,
31/05/2021,8,82,6797,
30/06/2021,8,82,6946,
31/07/2021,8,82,6963,
31/08/2021,8,82,6418,
30/09/2021,8,82,6709,
31/10/2021,8,82,6796,
30/11/2021,8,82,6894,
31/12/2021,8,82,6918,
31/01/2022,8,82,6952,
28/02/2022,8,82,7046,
31/03/2022,8,82,7122,
30/04/2022,8,82,7279,
31/05/2022,8,82,7293,
30/06/2022,8,82,7276,
31/07/2022,8,82,7234,
31/08/2022,8,82,7204,
30/09/2022,8,82,7199,
31/10/2022,8,82,6989,
30/11/2022,8,82,7037,
31/12/2022,8,82,7002,
31/01/2023,8,82,6970,6970
28/02/2023,8,82,6930,6930
31/03/2023,8,82,6938,6938
30/04/2023,8,82,6949,6949
31/05/2023,8,82,6921,6921
30/06/2023,8,82,6994,6994
31/07/2023,8,82,6964,6964
31/08/2023,8,82,6936,6936
30/09/2023,8,82,6909,6909
31/10/2023,8,82,6847,6847
30/11/2023,8,82,6915,6915
31/12/2023,8,82,6819,6819
31/01/2024,8,82,6680,6680
29/02/2024,8,82,6634,6634
31/03/2024,8,82,6507,6507
30/04/2024,8,82,6453,6453
31/05/2024,8,82,6455,6455
30/06/2024,8,82,6491,6491
31/07/2024,8,82,6455,6455
31/08/2024,8,82,6511,6511
30/09/2024,8,82,6524,6524
31/10/2024,8,82,6610,6610
30/11/2024,8,82,6574,6574
31/12/2024,8,82,6537,6537
31/01/2025,8,82,6535,6535
28/02/2025,8,82,6423,6423
31/03/2025,8,82,6410,6410
30/04/2025,8,82,6368,6368
31/05/2025,8,82,6365,6365
30/06/2025,8,82,6317,6317
31/07/2025,8,82,6301,6301
31/08/2025,8,82,6333,6333
30/09/2025,8,82,6325,6325
31/10/2025,8,82,6413,6413
30/11/2025,8,82,6469,6469
31/12/2025,8,82,6407,6407
31/01/2026,8,82,6382,6382
31/03/2010,8,83,3535,
30/04/2010,8,83,3504,
31/05/2010,8,83,3635,
30/06/2010,8,83,3699,
31/07/2010,8,83,3721,
31/08/2010,8,83,3650,
30/09/2010,8,83,3526,
31/10/2010,8,83,3367,
30/11/2010,8,83,3127,
31/12/2010,8,83,3226,
31/01/2011,8,83,3056,
28/02/2011,8,83,2939,
31/03/2011,8,83,2931,
30/04/2011,8,83,2955,
31/05/2011,8,83,2988,
30/06/2011,8,83,2985,
31/07/2011,8,83,2991,
31/08/2011,8,83,3072,
30/09/2011,8,83,3080,
31/10/2011,8,83,3123,
30/11/2011,8,83,3098,
31/12/2011,8,83,3077,
31/01/2012,8,83,3238,
29/02/2012,8,83,3257,
31/03/2012,8,83,3320,
30/04/2012,8,83,3370,
31/05/2012,8,83,3427,
30/06/2012,8,83,3476,
31/07/2012,8,83,3519,
31/08/2012,8,83,3456,
30/09/2012,8,83,3393,
31/10/2012,8,83,3377,
30/11/2012,8,83,3502,
31/12/2012,8,83,3426,
31/01/2013,8,83,3377,
28/02/2013,8,83,3411,
31/03/2013,8,83,3389,
30/04/2013,8,83,3308,
31/05/2013,8,83,3312,
30/06/2013,8,83,3251,
31/07/2013,8,83,3232,
31/08/2013,8,83,3261,
30/09/2013,8,83,3356,
31/10/2013,8,83,3199,
30/11/2013,8,83,3237,
31/12/2013,8,83,3281,
31/01/2014,8,83,3241,
28/02/2014,8,83,3169,
31/03/2014,8,83,3251,
30/04/2014,8,83,3192,
31/05/2014,8,83,3209,
30/06/2014,8,83,3170,
31/07/2014,8,83,3271,
31/08/2014,8,83,3279,
30/09/2014,8,83,3809,
31/10/2014,8,83,3895,
30/11/2014,8,83,3843,
31/12/2014,8,83,3823,
31/01/2015,8,83,3320,
28/02/2015,8,83,3396,
31/03/2015,8,83,3635,
30/04/2015,8,83,3691,
31/05/2015,8,83,3742,
30/06/2015,8,83,3811,
31/07/2015,8,83,3791,
31/08/2015,8,83,3836,
30/09/2015,8,83,3790,
31/10/2015,8,83,3944,
30/11/2015,8,83,3877,
31/12/2015,8,83,3910,
31/01/2016,8,83,3883,
29/02/2016,8,83,3945,
31/03/2016,8,83,3995,
30/04/2016,8,83,3858,
31/05/2016,8,83,3809,
30/06/2016,8,83,3718,
31/07/2016,8,83,3864,
31/08/2016,8,83,3961,
30/09/2016,8,83,3960,
31/10/2016,8,83,4032,
30/11/2016,8,83,4066,
31/12/2016,8,83,4030,
31/01/2017,8,83,4059,
28/02/2017,8,83,4121,
31/03/2017,8,83,4738,
30/04/2017,8,83,4801,
31/05/2017,8,83,4821,
30/06/2017,8,83,4821,
31/07/2017,8,83,4924,
31/08/2017,8,83,5053,
30/09/2017,8,83,5043,
31/10/2017,8,83,5180,
30/11/2017,8,83,5269,
31/12/2017,8,83,4910,
31/01/2018,8,83,5198,
28/02/2018,8,83,5124,
31/03/2018,8,83,5143,
30/04/2018,8,83,5172,
31/05/2018,8,83,5082,
30/06/2018,8,83,5065,
31/07/2018,8,83,5061,
31/08/2018,8,83,5083,
30/09/2018,8,83,5236,
31/10/2018,8,83,4762,
30/11/2018,8,83,4800,
31/12/2018,8,83,4726,
31/01/2019,8,83,4734,
28/02/2019,8,83,4708,
31/03/2019,8,83,4703,
30/04/2019,8,83,4890,
31/05/2019,8,83,5074,
30/06/2019,8,83,5204,
31/07/2019,8,83,5288,
31/08/2019,8,83,5395,
30/09/2019,8,83,5421,
31/10/2019,8,83,5470,
30/11/2019,8,83,5467,
31/12/2019,8,83,5583,
31/01/2020,8,83,5868,
29/02/2020,8,83,6055,
31/03/2020,8,83,6103,
30/04/2020,8,83,6017,
31/05/2020,8,83,6242,
30/06/2020,8,83,6180,
31/07/2020,8,83,6361,
31/08/2020,8,83,6360,
30/09/2020,8,83,5954,
31/10/2020,8,83,6396,
30/11/2020,8,83,6390,
31/12/2020,8,83,5932,
31/01/2021,8,83,5959,
28/02/2021,8,83,6024,
31/03/2021,8,83,6330,
30/04/2021,8,83,6380,
31/05/2021,8,83,6085,
30/06/2021,8,83,6095,
31/07/2021,8,83,6467,
31/08/2021,8,83,6218,
30/09/2021,8,83,6258,
31/10/2021,8,83,6310,
30/11/2021,8,83,6391,
31/12/2021,8,83,6355,
31/01/2022,8,83,6397,
28/02/2022,8,83,6490,
31/03/2022,8,83,6401,
30/04/2022,8,83,6347,
31/05/2022,8,83,6344,
30/06/2022,8,83,6182,
31/07/2022,8,83,6221,
31/08/2022,8,83,6285,
30/09/2022,8,83,6324,
31/10/2022,8,83,6376,
30/11/2022,8,83,6387,
31/12/2022,8,83,6261,
31/01/2023,8,83,6322,6322
28/02/2023,8,83,6384,6384
31/03/2023,8,83,6447,6447
30/04/2023,8,83,6543,6543
31/05/2023,8,83,6626,6626
30/06/2023,8,83,6680,6680
31/07/2023,8,83,6724,6724
31/08/2023,8,83,6755,6755
30/09/2023,8,83,6942,6942
31/10/2023,8,83,7046,7046
30/11/2023,8,83,7155,7155
31/12/2023,8,83,7044,7044
31/01/2024,8,83,7376,7376
29/02/2024,8,83,7473,7473
31/03/2024,8,83,7448,7448
30/04/2024,8,83,7602,7602
31/05/2024,8,83,7796,7796
30/06/2024,8,83,8021,8021
31/07/2024,8,83,8377,8377
31/08/2024,8,83,8426,8426
30/09/2024,8,83,7675,7675
31/10/2024,8,83,7720,7720
30/11/2024,8,83,7686,7686
31/12/2024,8,83,7669,7669
31/01/2025,8,83,7834,7834
28/02/2025,8,83,8227,8227
31/03/2025,8,83,8024,8024
30/04/2025,8,83,7812,7812
31/05/2025,8,83,7752,7752
30/06/2025,8,83,7756,7756
31/07/2025,8,83,7748,7748
31/08/2025,8,83,7732,7732
30/09/2025,8,83,7799,7799
31/10/2025,8,83,7863,7863
30/11/2025,8,83,7903,7903
31/12/2025,8,83,7815,7815
31/01/2026,8,83,7911,7911
31/03/2010,8,84,125980,
30/04/2010,8,84,125718,
31/05/2010,8,84,126020,
30/06/2010,8,84,121951,
31/07/2010,8,84,121709,
31/08/2010,8,84,122540,
30/09/2010,8,84,123540,
31/10/2010,8,84,123258,
30/11/2010,8,84,124346,
31/12/2010,8,84,122277,
31/01/2011,8,84,120454,
28/02/2011,8,84,121563,
31/03/2011,8,84,119520,
30/04/2011,8,84,120036,
31/05/2011,8,84,120747,
30/06/2011,8,84,121475,
31/07/2011,8,84,122977,
31/08/2011,8,84,124922,
30/09/2011,8,84,126399,
31/10/2011,8,84,126164,
30/11/2011,8,84,127234,
31/12/2011,8,84,123957,
31/01/2012,8,84,123195,
29/02/2012,8,84,125846,
31/03/2012,8,84,127089,
30/04/2012,8,84,127485,
31/05/2012,8,84,127154,
30/06/2012,8,84,124288,
31/07/2012,8,84,124705,
31/08/2012,8,84,122893,
30/09/2012,8,84,124408,
31/10/2012,8,84,122149,
30/11/2012,8,84,124127,
31/12/2012,8,84,123448,
31/01/2013,8,84,125687,
28/02/2013,8,84,126931,
31/03/2013,8,84,125073,
30/04/2013,8,84,123417,
31/05/2013,8,84,124325,
30/06/2013,8,84,125170,
31/07/2013,8,84,125131,
31/08/2013,8,84,127333,
30/09/2013,8,84,126284,
31/10/2013,8,84,128767,
30/11/2013,8,84,128974,
31/12/2013,8,84,126248,
31/01/2014,8,84,126901,
28/02/2014,8,84,125892,
31/03/2014,8,84,127932,
30/04/2014,8,84,130088,
31/05/2014,8,84,131740,
30/06/2014,8,84,134024,
31/07/2014,8,84,136884,
31/08/2014,8,84,136981,
30/09/2014,8,84,137052,
31/10/2014,8,84,138809,
30/11/2014,8,84,140151,
31/12/2014,8,84,136276,
31/01/2015,8,84,138638,
28/02/2015,8,84,139289,
31/03/2015,8,84,139738,
30/04/2015,8,84,138294,
31/05/2015,8,84,135487,
30/06/2015,8,84,136031,
31/07/2015,8,84,137049,
31/08/2015,8,84,138399,
30/09/2015,8,84,138497,
31/10/2015,8,84,139137,
30/11/2015,8,84,141333,
31/12/2015,8,84,141119,
31/01/2016,8,84,140465,
29/02/2016,8,84,140952,
31/03/2016,8,84,141946,
30/04/2016,8,84,146688,
31/05/2016,8,84,148212,
30/06/2016,8,84,146544,
31/07/2016,8,84,149226,
31/08/2016,8,84,148923,
30/09/2016,8,84,150798,
31/10/2016,8,84,153265,
30/11/2016,8,84,153985,
31/12/2016,8,84,151213,
31/01/2017,8,84,151801,
28/02/2017,8,84,152711,
31/03/2017,8,84,158121,
30/04/2017,8,84,158270,
31/05/2017,8,84,157859,
30/06/2017,8,84,160250,
31/07/2017,8,84,162508,
31/08/2017,8,84,164563,
30/09/2017,8,84,165186,
31/10/2017,8,84,168715,
30/11/2017,8,84,168273,
31/12/2017,8,84,167532,
31/01/2018,8,84,165815,
28/02/2018,8,84,167452,
31/03/2018,8,84,167366,
30/04/2018,8,84,167896,
31/05/2018,8,84,169371,
30/06/2018,8,84,169531,
31/07/2018,8,84,169451,
31/08/2018,8,84,172932,
30/09/2018,8,84,174699,
31/10/2018,8,84,172965,
30/11/2018,8,84,176024,
31/12/2018,8,84,175260,
31/01/2019,8,84,178589,
28/02/2019,8,84,181426,
31/03/2019,8,84,181653,
30/04/2019,8,84,182858,
31/05/2019,8,84,183072,
30/06/2019,8,84,182724,
31/07/2019,8,84,182924,
31/08/2019,8,84,183054,
30/09/2019,8,84,184287,
31/10/2019,8,84,184559,
30/11/2019,8,84,187845,
31/12/2019,8,84,185964,
31/01/2020,8,84,182466,
29/02/2020,8,84,183985,
31/03/2020,8,84,182339,
30/04/2020,8,84,177530,
31/05/2020,8,84,176644,
30/06/2020,8,84,176552,
31/07/2020,8,84,178179,
31/08/2020,8,84,179507,
30/09/2020,8,84,182128,
31/10/2020,8,84,183166,
30/11/2020,8,84,184321,
31/12/2020,8,84,180178,
31/01/2021,8,84,181823,
28/02/2021,8,84,183755,
31/03/2021,8,84,183456,
30/04/2021,8,84,185273,
31/05/2021,8,84,184527,
30/06/2021,8,84,184937,
31/07/2021,8,84,167923,
31/08/2021,8,84,166229,
30/09/2021,8,84,164297,
31/10/2021,8,84,164520,
30/11/2021,8,84,163640,
31/12/2021,8,84,161092,
31/01/2022,8,84,161490,
28/02/2022,8,84,161379,
31/03/2022,8,84,163310,
30/04/2022,8,84,163198,
31/05/2022,8,84,164779,
30/06/2022,8,84,165666,
31/07/2022,8,84,166373,
31/08/2022,8,84,167622,
30/09/2022,8,84,167313,
31/10/2022,8,84,168418,
30/11/2022,8,84,170137,
31/12/2022,8,84,169070,
31/01/2023,8,84,170091,170091
28/02/2023,8,84,170349,170349
31/03/2023,8,84,170352,170352
30/04/2023,8,84,171056,171056
31/05/2023,8,84,169986,169986
30/06/2023,8,84,170079,170079
31/07/2023,8,84,171212,171212
31/08/2023,8,84,170576,170576
30/09/2023,8,84,171557,171557
31/10/2023,8,84,173303,173303
30/11/2023,8,84,176442,176442
31/12/2023,8,84,174758,174758
31/01/2024,8,84,174625,174625
29/02/2024,8,84,172454,172454
31/03/2024,8,84,172672,172672
30/04/2024,8,84,174503,174503
31/05/2024,8,84,172955,172955
30/06/2024,8,84,172322,172322
31/07/2024,8,84,173251,173251
31/08/2024,8,84,172323,172323
30/09/2024,8,84,177020,177020
31/10/2024,8,84,183375,183375
30/11/2024,8,84,181439,181439
31/12/2024,8,84,180469,180469
31/01/2025,8,84,179022,179022
28/02/2025,8,84,179531,179531
31/03/2025,8,84,178256,178256
30/04/2025,8,84,178613,178613
31/05/2025,8,84,177678,177678
30/06/2025,8,84,178296,178296
31/07/2025,8,84,178776,178776
31/08/2025,8,84,179636,179636
30/09/2025,8,84,187286,187286
31/10/2025,8,84,182857,182857
30/11/2025,8,84,184181,184181
31/12/2025,8,84,191644,191644
31/01/2026,8,84,181050,181050
31/03/2010,8,85,3926,
30/04/2010,8,85,3820,
31/05/2010,8,85,3821,
30/06/2010,8,85,3932,
31/07/2010,8,85,3908,
31/08/2010,8,85,3870,
30/09/2010,8,85,3940,
31/10/2010,8,85,4003,
30/11/2010,8,85,4104,
31/12/2010,8,85,4053,
31/01/2011,8,85,4093,
28/02/2011,8,85,4097,
31/03/2011,8,85,4158,
30/04/2011,8,85,4039,
31/05/2011,8,85,4161,
30/06/2011,8,85,4099,
31/07/2011,8,85,4027,
31/08/2011,8,85,4258,
30/09/2011,8,85,4223,
31/10/2011,8,85,4287,
30/11/2011,8,85,4250,
31/12/2011,8,85,4320,
31/01/2012,8,85,4106,
29/02/2012,8,85,4102,
31/03/2012,8,85,4255,
30/04/2012,8,85,4242,
31/05/2012,8,85,4239,
30/06/2012,8,85,4289,
31/07/2012,8,85,4235,
31/08/2012,8,85,4309,
30/09/2012,8,85,4448,
31/10/2012,8,85,4294,
30/11/2012,8,85,4189,
31/12/2012,8,85,4114,
31/01/2013,8,85,4010,
28/02/2013,8,85,4083,
31/03/2013,8,85,4058,
30/04/2013,8,85,3854,
31/05/2013,8,85,3689,
30/06/2013,8,85,3740,
31/07/2013,8,85,3718,
31/08/2013,8,85,3649,
30/09/2013,8,85,3615,
31/10/2013,8,85,3676,
30/11/2013,8,85,3769,
31/12/2013,8,85,3814,
31/01/2014,8,85,3915,
28/02/2014,8,85,3924,
31/03/2014,8,85,3878,
30/04/2014,8,85,3929,
31/05/2014,8,85,3847,
30/06/2014,8,85,3904,
31/07/2014,8,85,4000,
31/08/2014,8,85,3969,
30/09/2014,8,85,4034,
31/10/2014,8,85,3956,
30/11/2014,8,85,3921,
31/12/2014,8,85,4148,
31/01/2015,8,85,4053,
28/02/2015,8,85,4017,
31/03/2015,8,85,4023,
30/04/2015,8,85,4018,
31/05/2015,8,85,4165,
30/06/2015,8,85,4151,
31/07/2015,8,85,4297,
31/08/2015,8,85,4504,
30/09/2015,8,85,4640,
31/10/2015,8,85,4698,
30/11/2015,8,85,4760,
31/12/2015,8,85,4765,
31/01/2016,8,85,4770,
29/02/2016,8,85,4882,
31/03/2016,8,85,4943,
30/04/2016,8,85,4927,
31/05/2016,8,85,4991,
30/06/2016,8,85,5002,
31/07/2016,8,85,4765,
31/08/2016,8,85,4681,
30/09/2016,8,85,4688,
31/10/2016,8,85,4776,
30/11/2016,8,85,4669,
31/12/2016,8,85,4686,
31/01/2017,8,85,4734,
28/02/2017,8,85,4741,
31/03/2017,8,85,4833,
30/04/2017,8,85,4763,
31/05/2017,8,85,4835,
30/06/2017,8,85,4876,
31/07/2017,8,85,5017,
31/08/2017,8,85,4978,
30/09/2017,8,85,4959,
31/10/2017,8,85,5117,
30/11/2017,8,85,5210,
31/12/2017,8,85,5026,
31/01/2018,8,85,5153,
28/02/2018,8,85,5130,
31/03/2018,8,85,5007,
30/04/2018,8,85,5322,
31/05/2018,8,85,5463,
30/06/2018,8,85,5710,
31/07/2018,8,85,5524,
31/08/2018,8,85,5908,
30/09/2018,8,85,6195,
31/10/2018,8,85,6337,
30/11/2018,8,85,6153,
31/12/2018,8,85,5810,
31/01/2019,8,85,5939,
28/02/2019,8,85,5981,
31/03/2019,8,85,5835,
30/04/2019,8,85,5859,
31/05/2019,8,85,6010,
30/06/2019,8,85,6213,
31/07/2019,8,85,6252,
31/08/2019,8,85,6292,
30/09/2019,8,85,6333,
31/10/2019,8,85,6138,
30/11/2019,8,85,6215,
31/12/2019,8,85,6384,
31/01/2020,8,85,6852,
29/02/2020,8,85,6935,
31/03/2020,8,85,6840,
30/04/2020,8,85,6204,
31/05/2020,8,85,6111,
30/06/2020,8,85,5933,
31/07/2020,8,85,5800,
31/08/2020,8,85,5888,
30/09/2020,8,85,5446,
31/10/2020,8,85,5414,
30/11/2020,8,85,5505,
31/12/2020,8,85,5585,
31/01/2021,8,85,5578,
28/02/2021,8,85,5595,
31/03/2021,8,85,5801,
30/04/2021,8,85,5816,
31/05/2021,8,85,5899,
30/06/2021,8,85,5893,
31/07/2021,8,85,5576,
31/08/2021,8,85,5737,
30/09/2021,8,85,5881,
31/10/2021,8,85,5818,
30/11/2021,8,85,5727,
31/12/2021,8,85,5726,
31/01/2022,8,85,6082,
28/02/2022,8,85,6102,
31/03/2022,8,85,6176,
30/04/2022,8,85,6256,
31/05/2022,8,85,6297,
30/06/2022,8,85,6394,
31/07/2022,8,85,6406,
31/08/2022,8,85,6473,
30/09/2022,8,85,6516,
31/10/2022,8,85,6702,
30/11/2022,8,85,6902,
31/12/2022,8,85,6872,
31/01/2023,8,85,7182,7182
28/02/2023,8,85,6995,6995
31/03/2023,8,85,7014,7014
30/04/2023,8,85,7092,7092
31/05/2023,8,85,7120,7120
30/06/2023,8,85,7040,7040
31/07/2023,8,85,7252,7252
31/08/2023,8,85,7263,7263
30/09/2023,8,85,7380,7380
31/10/2023,8,85,7365,7365
30/11/2023,8,85,7572,7572
31/12/2023,8,85,7586,7586
31/01/2024,8,85,7802,7802
29/02/2024,8,85,7955,7955
31/03/2024,8,85,8078,8078
30/04/2024,8,85,8335,8335
31/05/2024,8,85,8437,8437
30/06/2024,8,85,8490,8490
31/07/2024,8,85,8625,8625
31/08/2024,8,85,8747,8747
30/09/2024,8,85,8865,8865
31/10/2024,8,85,9182,9182
30/11/2024,8,85,9140,9140
31/12/2024,8,85,9144,9144
31/01/2025,8,85,9245,9245
28/02/2025,8,85,9416,9416
31/03/2025,8,85,9604,9604
30/04/2025,8,85,9733,9733
31/05/2025,8,85,9718,9718
30/06/2025,8,85,9735,9735
31/07/2025,8,85,9701,9701
31/08/2025,8,85,9684,9684
30/09/2025,8,85,9404,9404
31/10/2025,8,85,9506,9506
30/11/2025,8,85,9460,9460
31/12/2025,8,85,9272,9272
31/01/2026,8,85,9353,9353
31/03/2010,8,86,21884,
30/04/2010,8,86,21575,
31/05/2010,8,86,21275,
30/06/2010,8,86,21100,
31/07/2010,8,86,21645,
31/08/2010,8,86,21178,
30/09/2010,8,86,21031,
31/10/2010,8,86,21645,
30/11/2010,8,86,22078,
31/12/2010,8,86,22702,
31/01/2011,8,86,22937,
28/02/2011,8,86,23571,
31/03/2011,8,86,23466,
30/04/2011,8,86,23733,
31/05/2011,8,86,22900,
30/06/2011,8,86,22953,
31/07/2011,8,86,23970,
31/08/2011,8,86,23096,
30/09/2011,8,86,23012,
31/10/2011,8,86,23691,
30/11/2011,8,86,24004,
31/12/2011,8,86,24105,
31/01/2012,8,86,23921,
29/02/2012,8,86,24008,
31/03/2012,8,86,24578,
30/04/2012,8,86,24708,
31/05/2012,8,86,24356,
30/06/2012,8,86,24277,
31/07/2012,8,86,24936,
31/08/2012,8,86,23969,
30/09/2012,8,86,23723,
31/10/2012,8,86,23924,
30/11/2012,8,86,24231,
31/12/2012,8,86,24582,
31/01/2013,8,86,23821,
28/02/2013,8,86,23803,
31/03/2013,8,86,24373,
30/04/2013,8,86,23350,
31/05/2013,8,86,23044,
30/06/2013,8,86,22972,
31/07/2013,8,86,23677,
31/08/2013,8,86,22777,
30/09/2013,8,86,22338,
31/10/2013,8,86,22442,
30/11/2013,8,86,23180,
31/12/2013,8,86,23337,
31/01/2014,8,86,23610,
28/02/2014,8,86,23909,
31/03/2014,8,86,24092,
30/04/2014,8,86,24045,
31/05/2014,8,86,23019,
30/06/2014,8,86,23039,
31/07/2014,8,86,24039,
31/08/2014,8,86,23296,
30/09/2014,8,86,22893,
31/10/2014,8,86,23588,
30/11/2014,8,86,24415,
31/12/2014,8,86,24671,
31/01/2015,8,86,24708,
28/02/2015,8,86,24818,
31/03/2015,8,86,24662,
30/04/2015,8,86,24314,
31/05/2015,8,86,23949,
30/06/2015,8,86,24363,
31/07/2015,8,86,25112,
31/08/2015,8,86,25083,
30/09/2015,8,86,25209,
31/10/2015,8,86,25810,
30/11/2015,8,86,26699,
31/12/2015,8,86,27093,
31/01/2016,8,86,27124,
29/02/2016,8,86,27488,
31/03/2016,8,86,27696,
30/04/2016,8,86,26976,
31/05/2016,8,86,26657,
30/06/2016,8,86,26869,
31/07/2016,8,86,27523,
31/08/2016,8,86,26501,
30/09/2016,8,86,26600,
31/10/2016,8,86,26488,
30/11/2016,8,86,26940,
31/12/2016,8,86,27031,
31/01/2017,8,86,27260,
28/02/2017,8,86,27460,
31/03/2017,8,86,27667,
30/04/2017,8,86,27541,
31/05/2017,8,86,27135,
30/06/2017,8,86,27437,
31/07/2017,8,86,28287,
31/08/2017,8,86,27891,
30/09/2017,8,86,27664,
31/10/2017,8,86,28031,
30/11/2017,8,86,28579,
31/12/2017,8,86,28544,
31/01/2018,8,86,28442,
28/02/2018,8,86,28410,
31/03/2018,8,86,28678,
30/04/2018,8,86,28264,
31/05/2018,8,86,28194,
30/06/2018,8,86,28336,
31/07/2018,8,86,28688,
31/08/2018,8,86,28366,
30/09/2018,8,86,28393,
31/10/2018,8,86,29016,
30/11/2018,8,86,29676,
31/12/2018,8,86,29790,
31/01/2019,8,86,30011,
28/02/2019,8,86,29978,
31/03/2019,8,86,30085,
30/04/2019,8,86,30394,
31/05/2019,8,86,30365,
30/06/2019,8,86,31163,
31/07/2019,8,86,31207,
31/08/2019,8,86,30444,
30/09/2019,8,86,30728,
31/10/2019,8,86,31238,
30/11/2019,8,86,31763,
31/12/2019,8,86,31709,
31/01/2020,8,86,32165,
29/02/2020,8,86,33189,
31/03/2020,8,86,29873,
30/04/2020,8,86,26746,
31/05/2020,8,86,25726,
30/06/2020,8,86,24712,
31/07/2020,8,86,24985,
31/08/2020,8,86,24931,
30/09/2020,8,86,25248,
31/10/2020,8,86,26294,
30/11/2020,8,86,26821,
31/12/2020,8,86,26840,
31/01/2021,8,86,25409,
28/02/2021,8,86,24996,
31/03/2021,8,86,26119,
30/04/2021,8,86,26486,
31/05/2021,8,86,26909,
30/06/2021,8,86,29949,
31/07/2021,8,86,30431,
31/08/2021,8,86,30201,
30/09/2021,8,86,29728,
31/10/2021,8,86,30309,
30/11/2021,8,86,31202,
31/12/2021,8,86,31212,
31/01/2022,8,86,30777,
28/02/2022,8,86,31102,
31/03/2022,8,86,31677,
30/04/2022,8,86,31858,
31/05/2022,8,86,31996,
30/06/2022,8,86,32399,
31/07/2022,8,86,32677,
31/08/2022,8,86,32687,
30/09/2022,8,86,33538,
31/10/2022,8,86,34008,
30/11/2022,8,86,34882,
31/12/2022,8,86,34825,
31/01/2023,8,86,34950,34950
28/02/2023,8,86,35156,35156
31/03/2023,8,86,35531,35531
30/04/2023,8,86,35543,35543
31/05/2023,8,86,35674,35674
30/06/2023,8,86,35934,35934
31/07/2023,8,86,36177,36177
31/08/2023,8,86,35992,35992
30/09/2023,8,86,35759,35759
31/10/2023,8,86,36043,36043
30/11/2023,8,86,36553,36553
31/12/2023,8,86,36828,36828
31/01/2024,8,86,36638,36638
29/02/2024,8,86,36958,36958
31/03/2024,8,86,37879,37879
30/04/2024,8,86,38006,38006
31/05/2024,8,86,37981,37981
30/06/2024,8,86,37970,37970
31/07/2024,8,86,38055,38055
31/08/2024,8,86,37821,37821
30/09/2024,8,86,36912,36912
31/10/2024,8,86,37580,37580
30/11/2024,8,86,37944,37944
31/12/2024,8,86,37634,37634
31/01/2025,8,86,37770,37770
28/02/2025,8,86,38109,38109
31/03/2025,8,86,38361,38361
30/04/2025,8,86,38225,38225
31/05/2025,8,86,37974,37974
30/06/2025,8,86,37889,37889
31/07/2025,8,86,37841,37841
31/08/2025,8,86,37735,37735
30/09/2025,8,86,37657,37657
31/10/2025,8,86,37945,37945
30/11/2025,8,86,38540,38540
31/12/2025,8,86,38618,38618
31/01/2026,8,86,38376,38376
31/03/2010,8,87,33623,
30/04/2010,8,87,33300,
31/05/2010,8,87,33291,
30/06/2010,8,87,33339,
31/07/2010,8,87,34690,
31/08/2010,8,87,33715,
30/09/2010,8,87,33634,
31/10/2010,8,87,33794,
30/11/2010,8,87,34451,
31/12/2010,8,87,34543,
31/01/2011,8,87,33964,
28/02/2011,8,87,34070,
31/03/2011,8,87,34083,
30/04/2011,8,87,34978,
31/05/2011,8,87,34080,
30/06/2011,8,87,34913,
31/07/2011,8,87,34993,
31/08/2011,8,87,34715,
30/09/2011,8,87,34757,
31/10/2011,8,87,35354,
30/11/2011,8,87,35386,
31/12/2011,8,87,35709,
31/01/2012,8,87,35452,
29/02/2012,8,87,35856,
31/03/2012,8,87,36230,
30/04/2012,8,87,36041,
31/05/2012,8,87,36217,
30/06/2012,8,87,36115,
31/07/2012,8,87,36199,
31/08/2012,8,87,36256,
30/09/2012,8,87,36440,
31/10/2012,8,87,36720,
30/11/2012,8,87,36985,
31/12/2012,8,87,37019,
31/01/2013,8,87,36925,
28/02/2013,8,87,36953,
31/03/2013,8,87,37193,
30/04/2013,8,87,36775,
31/05/2013,8,87,36997,
30/06/2013,8,87,37279,
31/07/2013,8,87,38271,
31/08/2013,8,87,38739,
30/09/2013,8,87,38802,
31/10/2013,8,87,39058,
30/11/2013,8,87,39883,
31/12/2013,8,87,39799,
31/01/2014,8,87,39683,
28/02/2014,8,87,39802,
31/03/2014,8,87,39999,
30/04/2014,8,87,39719,
31/05/2014,8,87,39511,
30/06/2014,8,87,39888,
31/07/2014,8,87,40092,
31/08/2014,8,87,40169,
30/09/2014,8,87,39887,
31/10/2014,8,87,40224,
30/11/2014,8,87,41140,
31/12/2014,8,87,41131,
31/01/2015,8,87,40831,
28/02/2015,8,87,41336,
31/03/2015,8,87,41634,
30/04/2015,8,87,41820,
31/05/2015,8,87,41878,
30/06/2015,8,87,41789,
31/07/2015,8,87,42276,
31/08/2015,8,87,42406,
30/09/2015,8,87,42670,
31/10/2015,8,87,43602,
30/11/2015,8,87,44653,
31/12/2015,8,87,44459,
31/01/2016,8,87,43848,
29/02/2016,8,87,44373,
31/03/2016,8,87,44065,
30/04/2016,8,87,44412,
31/05/2016,8,87,44641,
30/06/2016,8,87,45144,
31/07/2016,8,87,45404,
31/08/2016,8,87,44998,
30/09/2016,8,87,45034,
31/10/2016,8,87,46061,
30/11/2016,8,87,46325,
31/12/2016,8,87,46264,
31/01/2017,8,87,46582,
28/02/2017,8,87,47254,
31/03/2017,8,87,47988,
30/04/2017,8,87,47629,
31/05/2017,8,87,47332,
30/06/2017,8,87,48325,
31/07/2017,8,87,48907,
31/08/2017,8,87,49465,
30/09/2017,8,87,49582,
31/10/2017,8,87,49996,
30/11/2017,8,87,50683,
31/12/2017,8,87,50457,
31/01/2018,8,87,50498,
28/02/2018,8,87,51050,
31/03/2018,8,87,51212,
30/04/2018,8,87,51522,
31/05/2018,8,87,51191,
30/06/2018,8,87,50776,
31/07/2018,8,87,50602,
31/08/2018,8,87,50783,
30/09/2018,8,87,51127,
31/10/2018,8,87,52041,
30/11/2018,8,87,52321,
31/12/2018,8,87,51753,
31/01/2019,8,87,51408,
28/02/2019,8,87,51924,
31/03/2019,8,87,52242,
30/04/2019,8,87,52585,
31/05/2019,8,87,52153,
30/06/2019,8,87,51990,
31/07/2019,8,87,52986,
31/08/2019,8,87,52494,
30/09/2019,8,87,52600,
31/10/2019,8,87,53055,
30/11/2019,8,87,53396,
31/12/2019,8,87,52877,
31/01/2020,8,87,51947,
29/02/2020,8,87,52227,
31/03/2020,8,87,51422,
30/04/2020,8,87,46796,
31/05/2020,8,87,44742,
30/06/2020,8,87,43166,
31/07/2020,8,87,42816,
31/08/2020,8,87,42863,
30/09/2020,8,87,42899,
31/10/2020,8,87,43641,
30/11/2020,8,87,44609,
31/12/2020,8,87,44590,
31/01/2021,8,87,44829,
28/02/2021,8,87,44976,
31/03/2021,8,87,44855,
30/04/2021,8,87,45466,
31/05/2021,8,87,45543,
30/06/2021,8,87,47123,
31/07/2021,8,87,51039,
31/08/2021,8,87,50635,
30/09/2021,8,87,49002,
31/10/2021,8,87,50033,
30/11/2021,8,87,50815,
31/12/2021,8,87,51400,
31/01/2022,8,87,51650,
28/02/2022,8,87,51973,
31/03/2022,8,87,51756,
30/04/2022,8,87,51776,
31/05/2022,8,87,51651,
30/06/2022,8,87,52128,
31/07/2022,8,87,52455,
31/08/2022,8,87,52859,
30/09/2022,8,87,52860,
31/10/2022,8,87,53691,
30/11/2022,8,87,54539,
31/12/2022,8,87,54061,
31/01/2023,8,87,54053,54053
28/02/2023,8,87,54846,54846
31/03/2023,8,87,55566,55566
30/04/2023,8,87,56092,56092
31/05/2023,8,87,56469,56469
30/06/2023,8,87,57254,57254
31/07/2023,8,87,58326,58326
31/08/2023,8,87,58041,58041
30/09/2023,8,87,58790,58790
31/10/2023,8,87,59466,59466
30/11/2023,8,87,60173,60173
31/12/2023,8,87,59609,59609
31/01/2024,8,87,59010,59010
29/02/2024,8,87,59397,59397
31/03/2024,8,87,60233,60233
30/04/2024,8,87,60429,60429
31/05/2024,8,87,61015,61015
30/06/2024,8,87,61526,61526
31/07/2024,8,87,61530,61530
31/08/2024,8,87,61662,61662
30/09/2024,8,87,63154,63154
31/10/2024,8,87,62448,62448
30/11/2024,8,87,62434,62434
31/12/2024,8,87,60691,60691
31/01/2025,8,87,60911,60911
28/02/2025,8,87,61149,61149
31/03/2025,8,87,61436,61436
30/04/2025,8,87,61917,61917
31/05/2025,8,87,62111,62111
30/06/2025,8,87,61962,61962
31/07/2025,8,87,62643,62643
31/08/2025,8,87,62307,62307
30/09/2025,8,87,63555,63555
31/10/2025,8,87,63983,63983
30/11/2025,8,87,65065,65065
31/12/2025,8,87,63151,63151
31/01/2026,8,87,62341,62341
31/03/2010,8,88,11836,
30/04/2010,8,88,11926,
31/05/2010,8,88,11865,
30/06/2010,8,88,11974,
31/07/2010,8,88,12318,
31/08/2010,8,88,11983,
30/09/2010,8,88,12012,
31/10/2010,8,88,12097,
30/11/2010,8,88,12312,
31/12/2010,8,88,12198,
31/01/2011,8,88,12188,
28/02/2011,8,88,12291,
31/03/2011,8,88,12431,
30/04/2011,8,88,12963,
31/05/2011,8,88,12985,
30/06/2011,8,88,13412,
31/07/2011,8,88,13825,
31/08/2011,8,88,13580,
30/09/2011,8,88,13472,
31/10/2011,8,88,13696,
30/11/2011,8,88,13643,
31/12/2011,8,88,13480,
31/01/2012,8,88,13169,
29/02/2012,8,88,13186,
31/03/2012,8,88,13565,
30/04/2012,8,88,13416,
31/05/2012,8,88,13541,
30/06/2012,8,88,13651,
31/07/2012,8,88,13866,
31/08/2012,8,88,12928,
30/09/2012,8,88,12893,
31/10/2012,8,88,12942,
30/11/2012,8,88,13060,
31/12/2012,8,88,12857,
31/01/2013,8,88,12680,
28/02/2013,8,88,12837,
31/03/2013,8,88,14188,
30/04/2013,8,88,14662,
31/05/2013,8,88,14688,
30/06/2013,8,88,14885,
31/07/2013,8,88,15135,
31/08/2013,8,88,14995,
30/09/2013,8,88,14893,
31/10/2013,8,88,15177,
30/11/2013,8,88,15452,
31/12/2013,8,88,15668,
31/01/2014,8,88,14970,
28/02/2014,8,88,15244,
31/03/2014,8,88,15523,
30/04/2014,8,88,15245,
31/05/2014,8,88,15509,
30/06/2014,8,88,15523,
31/07/2014,8,88,15854,
31/08/2014,8,88,15704,
30/09/2014,8,88,15914,
31/10/2014,8,88,15721,
30/11/2014,8,88,16181,
31/12/2014,8,88,15813,
31/01/2015,8,88,15324,
28/02/2015,8,88,15731,
31/03/2015,8,88,16109,
30/04/2015,8,88,16332,
31/05/2015,8,88,16437,
30/06/2015,8,88,15912,
31/07/2015,8,88,16331,
31/08/2015,8,88,15933,
30/09/2015,8,88,15877,
31/10/2015,8,88,16096,
30/11/2015,8,88,16255,
31/12/2015,8,88,16116,
31/01/2016,8,88,15998,
29/02/2016,8,88,16014,
31/03/2016,8,88,16381,
30/04/2016,8,88,16518,
31/05/2016,8,88,16518,
30/06/2016,8,88,16519,
31/07/2016,8,88,17119,
31/08/2016,8,88,16935,
30/09/2016,8,88,16906,
31/10/2016,8,88,16820,
30/11/2016,8,88,16962,
31/12/2016,8,88,17298,
31/01/2017,8,88,17242,
28/02/2017,8,88,17255,
31/03/2017,8,88,17466,
30/04/2017,8,88,17499,
31/05/2017,8,88,17693,
30/06/2017,8,88,17699,
31/07/2017,8,88,17964,
31/08/2017,8,88,17721,
30/09/2017,8,88,17819,
31/10/2017,8,88,17701,
30/11/2017,8,88,17631,
31/12/2017,8,88,17233,
31/01/2018,8,88,17268,
28/02/2018,8,88,17140,
31/03/2018,8,88,16989,
30/04/2018,8,88,17266,
31/05/2018,8,88,17439,
30/06/2018,8,88,17633,
31/07/2018,8,88,17925,
31/08/2018,8,88,17839,
30/09/2018,8,88,18058,
31/10/2018,8,88,17981,
30/11/2018,8,88,18287,
31/12/2018,8,88,17902,
31/01/2019,8,88,17952,
28/02/2019,8,88,18227,
31/03/2019,8,88,18443,
30/04/2019,8,88,18771,
31/05/2019,8,88,19045,
30/06/2019,8,88,19717,
31/07/2019,8,88,20154,
31/08/2019,8,88,19981,
30/09/2019,8,88,19832,
31/10/2019,8,88,19866,
30/11/2019,8,88,20234,
31/12/2019,8,88,19698,
31/01/2020,8,88,19142,
29/02/2020,8,88,19369,
31/03/2020,8,88,18774,
30/04/2020,8,88,17733,
31/05/2020,8,88,16515,
30/06/2020,8,88,15667,
31/07/2020,8,88,15373,
31/08/2020,8,88,15165,
30/09/2020,8,88,15045,
31/10/2020,8,88,15119,
30/11/2020,8,88,15049,
31/12/2020,8,88,15020,
31/01/2021,8,88,14495,
28/02/2021,8,88,14471,
31/03/2021,8,88,14669,
30/04/2021,8,88,14672,
31/05/2021,8,88,15045,
30/06/2021,8,88,15392,
31/07/2021,8,88,16199,
31/08/2021,8,88,15878,
30/09/2021,8,88,16837,
31/10/2021,8,88,17107,
30/11/2021,8,88,17368,
31/12/2021,8,88,17621,
31/01/2022,8,88,17459,
28/02/2022,8,88,17797,
31/03/2022,8,88,18017,
30/04/2022,8,88,18310,
31/05/2022,8,88,19033,
30/06/2022,8,88,19304,
31/07/2022,8,88,19119,
31/08/2022,8,88,18822,
30/09/2022,8,88,18847,
31/10/2022,8,88,19623,
30/11/2022,8,88,20167,
31/12/2022,8,88,20116,
31/01/2023,8,88,20005,20005
28/02/2023,8,88,20061,20061
31/03/2023,8,88,20191,20191
30/04/2023,8,88,20818,20818
31/05/2023,8,88,20873,20873
30/06/2023,8,88,21063,21063
31/07/2023,8,88,21357,21357
31/08/2023,8,88,20945,20945
30/09/2023,8,88,21085,21085
31/10/2023,8,88,21186,21186
30/11/2023,8,88,21191,21191
31/12/2023,8,88,21007,21007
31/01/2024,8,88,20916,20916
29/02/2024,8,88,20956,20956
31/03/2024,8,88,21570,21570
30/04/2024,8,88,21339,21339
31/05/2024,8,88,21487,21487
30/06/2024,8,88,22025,22025
31/07/2024,8,88,22058,22058
31/08/2024,8,88,21763,21763
30/09/2024,8,88,21847,21847
31/10/2024,8,88,22122,22122
30/11/2024,8,88,22140,22140
31/12/2024,8,88,21863,21863
31/01/2025,8,88,21917,21917
28/02/2025,8,88,22237,22237
31/03/2025,8,88,21840,21840
30/04/2025,8,88,21512,21512
31/05/2025,8,88,22147,22147
30/06/2025,8,88,21919,21919
31/07/2025,8,88,22271,22271
31/08/2025,8,88,21992,21992
30/09/2025,8,88,21831,21831
31/10/2025,8,88,22032,22032
30/11/2025,8,88,22707,22707
31/12/2025,8,88,22498,22498
31/01/2026,8,88,22471,22471
31/03/2010,8,89,35783,
30/04/2010,8,89,35759,
31/05/2010,8,89,35589,
30/06/2010,8,89,35775,
31/07/2010,8,89,36117,
31/08/2010,8,89,36047,
30/09/2010,8,89,36021,
31/10/2010,8,89,36164,
30/11/2010,8,89,36466,
31/12/2010,8,89,36368,
31/01/2011,8,89,36363,
28/02/2011,8,89,36505,
31/03/2011,8,89,37149,
30/04/2011,8,89,37682,
31/05/2011,8,89,37691,
30/06/2011,8,89,37808,
31/07/2011,8,89,37997,
31/08/2011,8,89,37009,
30/09/2011,8,89,37179,
31/10/2011,8,89,37479,
30/11/2011,8,89,37838,
31/12/2011,8,89,37648,
31/01/2012,8,89,38040,
29/02/2012,8,89,39294,
31/03/2012,8,89,39008,
30/04/2012,8,89,38402,
31/05/2012,8,89,38429,
30/06/2012,8,89,38847,
31/07/2012,8,89,39286,
31/08/2012,8,89,39666,
30/09/2012,8,89,41294,
31/10/2012,8,89,41514,
30/11/2012,8,89,41487,
31/12/2012,8,89,40441,
31/01/2013,8,89,40894,
28/02/2013,8,89,40560,
31/03/2013,8,89,41141,
30/04/2013,8,89,41581,
31/05/2013,8,89,41726,
30/06/2013,8,89,42150,
31/07/2013,8,89,42224,
31/08/2013,8,89,42268,
30/09/2013,8,89,42639,
31/10/2013,8,89,42641,
30/11/2013,8,89,42987,
31/12/2013,8,89,42472,
31/01/2014,8,89,40877,
28/02/2014,8,89,40882,
31/03/2014,8,89,41072,
30/04/2014,8,89,41424,
31/05/2014,8,89,41981,
30/06/2014,8,89,41709,
31/07/2014,8,89,42288,
31/08/2014,8,89,42785,
30/09/2014,8,89,42541,
31/10/2014,8,89,42597,
30/11/2014,8,89,42877,
31/12/2014,8,89,42655,
31/01/2015,8,89,41558,
28/02/2015,8,89,42380,
31/03/2015,8,89,43474,
30/04/2015,8,89,43647,
31/05/2015,8,89,43533,
30/06/2015,8,89,43929,
31/07/2015,8,89,43454,
31/08/2015,8,89,44159,
30/09/2015,8,89,44577,
31/10/2015,8,89,45645,
30/11/2015,8,89,45572,
31/12/2015,8,89,46006,
31/01/2016,8,89,46325,
29/02/2016,8,89,47326,
31/03/2016,8,89,47305,
30/04/2016,8,89,46457,
31/05/2016,8,89,46766,
30/06/2016,8,89,47328,
31/07/2016,8,89,47592,
31/08/2016,8,89,46933,
30/09/2016,8,89,47608,
31/10/2016,8,89,47958,
30/11/2016,8,89,48384,
31/12/2016,8,89,48211,
31/01/2017,8,89,45584,
28/02/2017,8,89,44726,
31/03/2017,8,89,45667,
30/04/2017,8,89,45480,
31/05/2017,8,89,45055,
30/06/2017,8,89,44736,
31/07/2017,8,89,45070,
31/08/2017,8,89,45307,
30/09/2017,8,89,46177,
31/10/2017,8,89,46951,
30/11/2017,8,89,46933,
31/12/2017,8,89,46586,
31/01/2018,8,89,46068,
28/02/2018,8,89,46487,
31/03/2018,8,89,47827,
30/04/2018,8,89,48675,
31/05/2018,8,89,48241,
30/06/2018,8,89,48324,
31/07/2018,8,89,47964,
31/08/2018,8,89,48356,
30/09/2018,8,89,48262,
31/10/2018,8,89,48700,
30/11/2018,8,89,48845,
31/12/2018,8,89,46852,
31/01/2019,8,89,45957,
28/02/2019,8,89,46349,
31/03/2019,8,89,46549,
30/04/2019,8,89,46558,
31/05/2019,8,89,47177,
30/06/2019,8,89,46499,
31/07/2019,8,89,46102,
31/08/2019,8,89,46657,
30/09/2019,8,89,47423,
31/10/2019,8,89,47928,
30/11/2019,8,89,47896,
31/12/2019,8,89,47523,
31/01/2020,8,89,46939,
29/02/2020,8,89,47830,
31/03/2020,8,89,47909,
30/04/2020,8,89,46549,
31/05/2020,8,89,45651,
30/06/2020,8,89,46162,
31/07/2020,8,89,46963,
31/08/2020,8,89,47280,
30/09/2020,8,89,47762,
31/10/2020,8,89,47625,
30/11/2020,8,89,47758,
31/12/2020,8,89,47108,
31/01/2021,8,89,46659,
28/02/2021,8,89,46606,
31/03/2021,8,89,47371,
30/04/2021,8,89,47020,
31/05/2021,8,89,46677,
30/06/2021,8,89,47463,
31/07/2021,8,89,47486,
31/08/2021,8,89,46958,
30/09/2021,8,89,47765,
31/10/2021,8,89,48359,
30/11/2021,8,89,48667,
31/12/2021,8,89,47992,
31/01/2022,8,89,48176,
28/02/2022,8,89,48539,
31/03/2022,8,89,48591,
30/04/2022,8,89,48767,
31/05/2022,8,89,48362,
30/06/2022,8,89,48607,
31/07/2022,8,89,48719,
31/08/2022,8,89,48426,
30/09/2022,8,89,48792,
31/10/2022,8,89,48805,
30/11/2022,8,89,48887,
31/12/2022,8,89,47971,
31/01/2023,8,89,48975,48975
28/02/2023,8,89,49473,49473
31/03/2023,8,89,50045,50045
30/04/2023,8,89,50560,50560
31/05/2023,8,89,51259,51259
30/06/2023,8,89,50918,50918
31/07/2023,8,89,50925,50925
31/08/2023,8,89,51181,51181
30/09/2023,8,89,50966,50966
31/10/2023,8,89,51823,51823
30/11/2023,8,89,51894,51894
31/12/2023,8,89,50497,50497
31/01/2024,8,89,51486,51486
29/02/2024,8,89,52443,52443
31/03/2024,8,89,51914,51914
30/04/2024,8,89,51666,51666
31/05/2024,8,89,52127,52127
30/06/2024,8,89,50788,50788
31/07/2024,8,89,51810,51810
31/08/2024,8,89,50857,50857
30/09/2024,8,89,51711,51711
31/10/2024,8,89,51985,51985
30/11/2024,8,89,51393,51393
31/12/2024,8,89,50484,50484
31/01/2025,8,89,50512,50512
28/02/2025,8,89,50874,50874
31/03/2025,8,89,51488,51488
30/04/2025,8,89,51300,51300
31/05/2025,8,89,51384,51384
30/06/2025,8,89,52040,52040
31/07/2025,8,89,51519,51519
31/08/2025,8,89,51195,51195
30/09/2025,8,89,51330,51330
31/10/2025,8,89,51524,51524
30/11/2025,8,89,51595,51595
31/12/2025,8,89,50920,50920
31/01/2026,8,89,50595,50595
31/03/2010,9,91,39956,
30/04/2010,9,91,39307,
31/05/2010,9,91,38890,
30/06/2010,9,91,38546,
31/07/2010,9,91,36295,
31/08/2010,9,91,37481,
30/09/2010,9,91,39810,
31/10/2010,9,91,39601,
30/11/2010,9,91,39887,
31/12/2010,9,91,36483,
31/01/2011,9,91,39568,
28/02/2011,9,91,40328,
31/03/2011,9,91,40613,
30/04/2011,9,91,39734,
31/05/2011,9,91,39493,
30/06/2011,9,91,39026,
31/07/2011,9,91,36569,
31/08/2011,9,91,38334,
30/09/2011,9,91,40655,
31/10/2011,9,91,41074,
30/11/2011,9,91,41266,
31/12/2011,9,91,37922,
31/01/2012,9,91,40714,
29/02/2012,9,91,41385,
31/03/2012,9,91,41682,
30/04/2012,9,91,40762,
31/05/2012,9,91,40737,
30/06/2012,9,91,40269,
31/07/2012,9,91,37723,
31/08/2012,9,91,40035,
30/09/2012,9,91,42228,
31/10/2012,9,91,42932,
30/11/2012,9,91,43467,
31/12/2012,9,91,40162,
31/01/2013,9,91,42853,
28/02/2013,9,91,43457,
31/03/2013,9,91,43556,
30/04/2013,9,91,42843,
31/05/2013,9,91,42640,
30/06/2013,9,91,42444,
31/07/2013,9,91,39832,
31/08/2013,9,91,42209,
30/09/2013,9,91,44348,
31/10/2013,9,91,44773,
30/11/2013,9,91,45098,
31/12/2013,9,91,41578,
31/01/2014,9,91,44228,
28/02/2014,9,91,45292,
31/03/2014,9,91,45626,
30/04/2014,9,91,45013,
31/05/2014,9,91,44868,
30/06/2014,9,91,44361,
31/07/2014,9,91,41509,
31/08/2014,9,91,43646,
30/09/2014,9,91,45794,
31/10/2014,9,91,46220,
30/11/2014,9,91,46514,
31/12/2014,9,91,42770,
31/01/2015,9,91,45644,
28/02/2015,9,91,46446,
31/03/2015,9,91,46399,
30/04/2015,9,91,45880,
31/05/2015,9,91,45463,
30/06/2015,9,91,45011,
31/07/2015,9,91,42041,
31/08/2015,9,91,44331,
30/09/2015,9,91,46238,
31/10/2015,9,91,46747,
30/11/2015,9,91,47087,
31/12/2015,9,91,43327,
31/01/2016,9,91,46002,
29/02/2016,9,91,46800,
31/03/2016,9,91,46706,
30/04/2016,9,91,46404,
31/05/2016,9,91,45762,
30/06/2016,9,91,45320,
31/07/2016,9,91,42540,
31/08/2016,9,91,44793,
30/09/2016,9,91,47325,
31/10/2016,9,91,47904,
30/11/2016,9,91,48189,
31/12/2016,9,91,44344,
31/01/2017,9,91,47610,
28/02/2017,9,91,48355,
31/03/2017,9,91,48538,
30/04/2017,9,91,47722,
31/05/2017,9,91,47456,
30/06/2017,9,91,47094,
31/07/2017,9,91,44064,
31/08/2017,9,91,46594,
30/09/2017,9,91,49265,
31/10/2017,9,91,49668,
30/11/2017,9,91,50066,
31/12/2017,9,91,45948,
31/01/2018,9,91,48976,
28/02/2018,9,91,49718,
31/03/2018,9,91,49595,
30/04/2018,9,91,48907,
31/05/2018,9,91,48590,
30/06/2018,9,91,48683,
31/07/2018,9,91,45540,
31/08/2018,9,91,48563,
30/09/2018,9,91,51128,
31/10/2018,9,91,51314,
30/11/2018,9,91,51685,
31/12/2018,9,91,47435,
31/01/2019,9,91,50766,
28/02/2019,9,91,51272,
31/03/2019,9,91,51518,
30/04/2019,9,91,50314,
31/05/2019,9,91,50100,
30/06/2019,9,91,49416,
31/07/2019,9,91,46496,
31/08/2019,9,91,47650,
30/09/2019,9,91,50828,
31/10/2019,9,91,51137,
30/11/2019,9,91,51362,
31/12/2019,9,91,47102,
31/01/2020,9,91,50320,
29/02/2020,9,91,51247,
31/03/2020,9,91,51174,
30/04/2020,9,91,49423,
31/05/2020,9,91,48638,
30/06/2020,9,91,47391,
31/07/2020,9,91,44073,
31/08/2020,9,91,44860,
30/09/2020,9,91,45579,
31/10/2020,9,91,45945,
30/11/2020,9,91,45718,
31/12/2020,9,91,42441,
31/01/2021,9,91,43788,
28/02/2021,9,91,44930,
31/03/2021,9,91,45150,
30/04/2021,9,91,44671,
31/05/2021,9,91,44703,
30/06/2021,9,91,44123,
31/07/2021,9,91,41889,
31/08/2021,9,91,43980,
30/09/2021,9,91,47059,
31/10/2021,9,91,47599,
30/11/2021,9,91,48176,
31/12/2021,9,91,44444,
31/01/2022,9,91,46868,
28/02/2022,9,91,48190,
31/03/2022,9,91,48399,
30/04/2022,9,91,47390,
31/05/2022,9,91,47280,
30/06/2022,9,91,46963,
31/07/2022,9,91,43708,
31/08/2022,9,91,46510,
30/09/2022,9,91,49446,
31/10/2022,9,91,49906,
30/11/2022,9,91,50301,
31/12/2022,9,91,46723,
31/01/2023,9,91,49365,49365
28/02/2023,9,91,50277,50277
31/03/2023,9,91,50591,50591
30/04/2023,9,91,49804,49804
31/05/2023,9,91,49424,49424
30/06/2023,9,91,49011,49011
31/07/2023,9,91,45601,45601
31/08/2023,9,91,48643,48643
30/09/2023,9,91,51112,51112
31/10/2023,9,91,51550,51550
30/11/2023,9,91,51765,51765
31/12/2023,9,91,47018,47018
31/01/2024,9,91,50344,50344
29/02/2024,9,91,51288,51288
31/03/2024,9,91,51195,51195
30/04/2024,9,91,50860,50860
31/05/2024,9,91,50554,50554
30/06/2024,9,91,49853,49853
31/07/2024,9,91,46161,46161
31/08/2024,9,91,49717,49717
30/09/2024,9,91,51958,51958
31/10/2024,9,91,52286,52286
30/11/2024,9,91,52433,52433
31/12/2024,9,91,47898,47898
31/01/2025,9,91,51188,51188
28/02/2025,9,91,52267,52267
31/03/2025,9,91,52439,52439
30/04/2025,9,91,51719,51719
31/05/2025,9,91,51070,51070
30/06/2025,9,91,50267,50267
31/07/2025,9,91,46709,46709
31/08/2025,9,91,50093,50093
30/09/2025,9,91,52223,52223
31/10/2025,9,91,52694,52694
30/11/2025,9,91,53112,53112
31/12/2025,9,91,48533,48533
31/01/2026,9,91,51663,51663
31/03/2010,9,92,17662,
30/04/2010,9,92,18138,
31/05/2010,9,92,18514,
30/06/2010,9,92,18618,
31/07/2010,9,92,18588,
31/08/2010,9,92,18552,
30/09/2010,9,92,18632,
31/10/2010,9,92,18725,
30/11/2010,9,92,18648,
31/12/2010,9,92,18592,
31/01/2011,9,92,17945,
28/02/2011,9,92,17904,
31/03/2011,9,92,17990,
30/04/2011,9,92,18267,
31/05/2011,9,92,18417,
30/06/2011,9,92,18314,
31/07/2011,9,92,18705,
31/08/2011,9,92,18813,
30/09/2011,9,92,18967,
31/10/2011,9,92,19088,
30/11/2011,9,92,19246,
31/12/2011,9,92,18348,
31/01/2012,9,92,18205,
29/02/2012,9,92,18443,
31/03/2012,9,92,18588,
30/04/2012,9,92,18665,
31/05/2012,9,92,18688,
30/06/2012,9,92,18857,
31/07/2012,9,92,18916,
31/08/2012,9,92,19385,
30/09/2012,9,92,19572,
31/10/2012,9,92,19602,
30/11/2012,9,92,18912,
31/12/2012,9,92,19028,
31/01/2013,9,92,19108,
28/02/2013,9,92,19220,
31/03/2013,9,92,19383,
30/04/2013,9,92,19488,
31/05/2013,9,92,19528,
30/06/2013,9,92,19601,
31/07/2013,9,92,20336,
31/08/2013,9,92,20268,
30/09/2013,9,92,20334,
31/10/2013,9,92,20284,
30/11/2013,9,92,20335,
31/12/2013,9,92,20246,
31/01/2014,9,92,20195,
28/02/2014,9,92,20358,
31/03/2014,9,92,20548,
30/04/2014,9,92,20620,
31/05/2014,9,92,20637,
30/06/2014,9,92,20756,
31/07/2014,9,92,20763,
31/08/2014,9,92,20913,
30/09/2014,9,92,20912,
31/10/2014,9,92,21045,
30/11/2014,9,92,21204,
31/12/2014,9,92,21155,
31/01/2015,9,92,21055,
28/02/2015,9,92,21163,
31/03/2015,9,92,21281,
30/04/2015,9,92,21305,
31/05/2015,9,92,21410,
30/06/2015,9,92,21463,
31/07/2015,9,92,21652,
31/08/2015,9,92,21625,
30/09/2015,9,92,21681,
31/10/2015,9,92,21808,
30/11/2015,9,92,21839,
31/12/2015,9,92,21640,
31/01/2016,9,92,21604,
29/02/2016,9,92,21830,
31/03/2016,9,92,21955,
30/04/2016,9,92,22112,
31/05/2016,9,92,22224,
30/06/2016,9,92,22377,
31/07/2016,9,92,22493,
31/08/2016,9,92,22663,
30/09/2016,9,92,22830,
31/10/2016,9,92,22970,
30/11/2016,9,92,23052,
31/12/2016,9,92,22947,
31/01/2017,9,92,22954,
28/02/2017,9,92,23159,
31/03/2017,9,92,23287,
30/04/2017,9,92,23392,
31/05/2017,9,92,23513,
30/06/2017,9,92,23610,
31/07/2017,9,92,23683,
31/08/2017,9,92,23856,
30/09/2017,9,92,23964,
31/10/2017,9,92,24103,
30/11/2017,9,92,24212,
31/12/2017,9,92,24109,
31/01/2018,9,92,24102,
28/02/2018,9,92,24230,
31/03/2018,9,92,24384,
30/04/2018,9,92,24533,
31/05/2018,9,92,24514,
30/06/2018,9,92,24584,
31/07/2018,9,92,24683,
31/08/2018,9,92,24687,
30/09/2018,9,92,24848,
31/10/2018,9,92,24959,
30/11/2018,9,92,25158,
31/12/2018,9,92,24904,
31/01/2019,9,92,24666,
28/02/2019,9,92,24508,
31/03/2019,9,92,24677,
30/04/2019,9,92,24790,
31/05/2019,9,92,25161,
30/06/2019,9,92,25193,
31/07/2019,9,92,25269,
31/08/2019,9,92,25543,
30/09/2019,9,92,25639,
31/10/2019,9,92,25715,
30/11/2019,9,92,26083,
31/12/2019,9,92,26057,
31/01/2020,9,92,26749,
29/02/2020,9,92,26965,
31/03/2020,9,92,27321,
30/04/2020,9,92,27230,
31/05/2020,9,92,26909,
30/06/2020,9,92,27063,
31/07/2020,9,92,27398,
31/08/2020,9,92,27619,
30/09/2020,9,92,27754,
31/10/2020,9,92,28032,
30/11/2020,9,92,28279,
31/12/2020,9,92,28368,
31/01/2021,9,92,28502,
28/02/2021,9,92,28856,
31/03/2021,9,92,29054,
30/04/2021,9,92,29151,
31/05/2021,9,92,29302,
30/06/2021,9,92,31084,
31/07/2021,9,92,31766,
31/08/2021,9,92,32423,
30/09/2021,9,92,32689,
31/10/2021,9,92,32979,
30/11/2021,9,92,33269,
31/12/2021,9,92,33169,
31/01/2022,9,92,33470,
28/02/2022,9,92,33651,
31/03/2022,9,92,33848,
30/04/2022,9,92,34047,
31/05/2022,9,92,34024,
30/06/2022,9,92,33982,
31/07/2022,9,92,33889,
31/08/2022,9,92,33993,
30/09/2022,9,92,34047,
31/10/2022,9,92,34207,
30/11/2022,9,92,34426,
31/12/2022,9,92,34258,
31/01/2023,9,92,34496,34496
28/02/2023,9,92,34710,34710
31/03/2023,9,92,34931,34931
30/04/2023,9,92,35129,35129
31/05/2023,9,92,35412,35412
30/06/2023,9,92,35547,35547
31/07/2023,9,92,35811,35811
31/08/2023,9,92,35936,35936
30/09/2023,9,92,36003,36003
31/10/2023,9,92,36290,36290
30/11/2023,9,92,36486,36486
31/12/2023,9,92,36327,36327
31/01/2024,9,92,36431,36431
29/02/2024,9,92,36663,36663
31/03/2024,9,92,36949,36949
30/04/2024,9,92,37187,37187
31/05/2024,9,92,37594,37594
30/06/2024,9,92,37801,37801
31/07/2024,9,92,38053,38053
31/08/2024,9,92,38332,38332
30/09/2024,9,92,38858,38858
31/10/2024,9,92,39169,39169
30/11/2024,9,92,39345,39345
31/12/2024,9,92,39157,39157
31/01/2025,9,92,39129,39129
28/02/2025,9,92,39430,39430
31/03/2025,9,92,39987,39987
30/04/2025,9,92,39779,39779
31/05/2025,9,92,38789,38789
30/06/2025,9,92,38926,38926
31/07/2025,9,92,38988,38988
31/08/2025,9,92,39306,39306
30/09/2025,9,92,39298,39298
31/10/2025,9,92,40089,40089
30/11/2025,9,92,39665,39665
31/12/2025,9,92,39454,39454
31/01/2026,9,92,39446,39446
31/03/2010,9,93,5346,
30/04/2010,9,93,5490,
31/05/2010,9,93,5632,
30/06/2010,9,93,5545,
31/07/2010,9,93,5562,
31/08/2010,9,93,5522,
30/09/2010,9,93,5415,
31/10/2010,9,93,5446,
30/11/2010,9,93,5413,
31/12/2010,9,93,5738,
31/01/2011,9,93,5797,
28/02/2011,9,93,5827,
31/03/2011,9,93,5868,
30/04/2011,9,93,5813,
31/05/2011,9,93,5833,
30/06/2011,9,93,5802,
31/07/2011,9,93,5846,
31/08/2011,9,93,5908,
30/09/2011,9,93,6008,
31/10/2011,9,93,5982,
30/11/2011,9,93,6026,
31/12/2011,9,93,5957,
31/01/2012,9,93,5868,
29/02/2012,9,93,6055,
31/03/2012,9,93,6062,
30/04/2012,9,93,6080,
31/05/2012,9,93,6101,
30/06/2012,9,93,6136,
31/07/2012,9,93,6162,
31/08/2012,9,93,6211,
30/09/2012,9,93,6303,
31/10/2012,9,93,6385,
30/11/2012,9,93,6415,
31/12/2012,9,93,6382,
31/01/2013,9,93,6347,
28/02/2013,9,93,6403,
31/03/2013,9,93,6257,
30/04/2013,9,93,6153,
31/05/2013,9,93,6404,
30/06/2013,9,93,6927,
31/07/2013,9,93,6945,
31/08/2013,9,93,7078,
30/09/2013,9,93,7095,
31/10/2013,9,93,7189,
30/11/2013,9,93,7218,
31/12/2013,9,93,7068,
31/01/2014,9,93,7125,
28/02/2014,9,93,7249,
31/03/2014,9,93,7334,
30/04/2014,9,93,7416,
31/05/2014,9,93,7518,
30/06/2014,9,93,7474,
31/07/2014,9,93,7566,
31/08/2014,9,93,7486,
30/09/2014,9,93,7478,
31/10/2014,9,93,7591,
30/11/2014,9,93,6350,
31/12/2014,9,93,6311,
31/01/2015,9,93,6567,
28/02/2015,9,93,6648,
31/03/2015,9,93,6543,
30/04/2015,9,93,6566,
31/05/2015,9,93,6545,
30/06/2015,9,93,6482,
31/07/2015,9,93,6483,
31/08/2015,9,93,6693,
30/09/2015,9,93,6705,
31/10/2015,9,93,6778,
30/11/2015,9,93,6863,
31/12/2015,9,93,6830,
31/01/2016,9,93,6762,
29/02/2016,9,93,6249,
31/03/2016,9,93,6298,
30/04/2016,9,93,6303,
31/05/2016,9,93,6365,
30/06/2016,9,93,6316,
31/07/2016,9,93,6297,
31/08/2016,9,93,6316,
30/09/2016,9,93,6343,
31/10/2016,9,93,6422,
30/11/2016,9,93,6385,
31/12/2016,9,93,6314,
31/01/2017,9,93,6382,
28/02/2017,9,93,6367,
31/03/2017,9,93,6335,
30/04/2017,9,93,6291,
31/05/2017,9,93,6334,
30/06/2017,9,93,6339,
31/07/2017,9,93,6304,
31/08/2017,9,93,6314,
30/09/2017,9,93,6319,
31/10/2017,9,93,6332,
30/11/2017,9,93,6433,
31/12/2017,9,93,6377,
31/01/2018,9,93,6377,
28/02/2018,9,93,6363,
31/03/2018,9,93,6366,
30/04/2018,9,93,6395,
31/05/2018,9,93,6305,
30/06/2018,9,93,6363,
31/07/2018,9,93,6244,
31/08/2018,9,93,6302,
30/09/2018,9,93,6313,
31/10/2018,9,93,6435,
30/11/2018,9,93,6305,
31/12/2018,9,93,6233,
31/01/2019,9,93,6086,
28/02/2019,9,93,6086,
31/03/2019,9,93,6185,
30/04/2019,9,93,6213,
31/05/2019,9,93,6076,
30/06/2019,9,93,6006,
31/07/2019,9,93,5970,
31/08/2019,9,93,6054,
30/09/2019,9,93,6041,
31/10/2019,9,93,6276,
30/11/2019,9,93,6266,
31/12/2019,9,93,6203,
31/01/2020,9,93,6147,
29/02/2020,9,93,6199,
31/03/2020,9,93,6192,
30/04/2020,9,93,6100,
31/05/2020,9,93,6097,
30/06/2020,9,93,5900,
31/07/2020,9,93,5808,
31/08/2020,9,93,5775,
30/09/2020,9,93,5710,
31/10/2020,9,93,5744,
30/11/2020,9,93,5816,
31/12/2020,9,93,5768,
31/01/2021,9,93,5784,
28/02/2021,9,93,5758,
31/03/2021,9,93,5792,
30/04/2021,9,93,5819,
31/05/2021,9,93,5757,
30/06/2021,9,93,5713,
31/07/2021,9,93,5720,
31/08/2021,9,93,5748,
30/09/2021,9,93,5756,
31/10/2021,9,93,5839,
30/11/2021,9,93,5840,
31/12/2021,9,93,5833,
31/01/2022,9,93,5794,
28/02/2022,9,93,5843,
31/03/2022,9,93,5805,
30/04/2022,9,93,5806,
31/05/2022,9,93,5754,
30/06/2022,9,93,5726,
31/07/2022,9,93,5713,
31/08/2022,9,93,5710,
30/09/2022,9,93,5669,
31/10/2022,9,93,5809,
30/11/2022,9,93,5746,
31/12/2022,9,93,5740,
31/01/2023,9,93,5757,5757
28/02/2023,9,93,5817,5817
31/03/2023,9,93,5838,5838
30/04/2023,9,93,5785,5785
31/05/2023,9,93,5697,5697
30/06/2023,9,93,5674,5674
31/07/2023,9,93,5705,5705
31/08/2023,9,93,5703,5703
30/09/2023,9,93,5729,5729
31/10/2023,9,93,5839,5839
30/11/2023,9,93,5763,5763
31/12/2023,9,93,5794,5794
31/01/2024,9,93,5784,5784
29/02/2024,9,93,5874,5874
31/03/2024,9,93,5896,5896
30/04/2024,9,93,5855,5855
31/05/2024,9,93,5847,5847
30/06/2024,9,93,5796,5796
31/07/2024,9,93,5792,5792
31/08/2024,9,93,5786,5786
30/09/2024,9,93,5791,5791
31/10/2024,9,93,5886,5886
30/11/2024,9,93,5816,5816
31/12/2024,9,93,5834,5834
31/01/2025,9,93,5839,5839
28/02/2025,9,93,5850,5850
31/03/2025,9,93,5912,5912
30/04/2025,9,93,5894,5894
31/05/2025,9,93,5914,5914
30/06/2025,9,93,5894,5894
31/07/2025,9,93,5855,5855
31/08/2025,9,93,5828,5828
30/09/2025,9,93,5859,5859
31/10/2025,9,93,5971,5971
30/11/2025,9,93,5934,5934
31/12/2025,9,93,5938,5938
31/01/2026,9,93,5845,5845
31/03/2010,9,94,162505,
30/04/2010,9,94,162892,
31/05/2010,9,94,163256,
30/06/2010,9,94,163900,
31/07/2010,9,94,164026,
31/08/2010,9,94,164880,
30/09/2010,9,94,166008,
31/10/2010,9,94,167703,
30/11/2010,9,94,168853,
31/12/2010,9,94,167601,
31/01/2011,9,94,167033,
28/02/2011,9,94,167898,
31/03/2011,9,94,169137,
30/04/2011,9,94,169434,
31/05/2011,9,94,170138,
30/06/2011,9,94,170287,
31/07/2011,9,94,170683,
31/08/2011,9,94,170657,
30/09/2011,9,94,171506,
31/10/2011,9,94,172348,
30/11/2011,9,94,172875,
31/12/2011,9,94,173256,
31/01/2012,9,94,172401,
29/02/2012,9,94,172208,
31/03/2012,9,94,173431,
30/04/2012,9,94,173339,
31/05/2012,9,94,173828,
30/06/2012,9,94,173705,
31/07/2012,9,94,173304,
31/08/2012,9,94,171619,
30/09/2012,9,94,171025,
31/10/2012,9,94,169058,
30/11/2012,9,94,169477,
31/12/2012,9,94,171128,
31/01/2013,9,94,171023,
28/02/2013,9,94,172304,
31/03/2013,9,94,175065,
30/04/2013,9,94,175522,
31/05/2013,9,94,175664,
30/06/2013,9,94,175778,
31/07/2013,9,94,176790,
31/08/2013,9,94,176121,
30/09/2013,9,94,177359,
31/10/2013,9,94,177536,
30/11/2013,9,94,177659,
31/12/2013,9,94,178031,
31/01/2014,9,94,176525,
28/02/2014,9,94,176901,
31/03/2014,9,94,177819,
30/04/2014,9,94,178538,
31/05/2014,9,94,178168,
30/06/2014,9,94,177862,
31/07/2014,9,94,179261,
31/08/2014,9,94,178447,
30/09/2014,9,94,179541,
31/10/2014,9,94,180929,
30/11/2014,9,94,181090,
31/12/2014,9,94,180734,
31/01/2015,9,94,179508,
28/02/2015,9,94,180014,
31/03/2015,9,94,180445,
30/04/2015,9,94,180992,
31/05/2015,9,94,181253,
30/06/2015,9,94,180702,
31/07/2015,9,94,179689,
31/08/2015,9,94,178617,
30/09/2015,9,94,178310,
31/10/2015,9,94,174205,
30/11/2015,9,94,175726,
31/12/2015,9,94,176042,
31/01/2016,9,94,175314,
29/02/2016,9,94,177393,
31/03/2016,9,94,178159,
30/04/2016,9,94,178454,
31/05/2016,9,94,179607,
30/06/2016,9,94,181165,
31/07/2016,9,94,181087,
31/08/2016,9,94,181761,
30/09/2016,9,94,182924,
31/10/2016,9,94,183099,
30/11/2016,9,94,183242,
31/12/2016,9,94,181719,
31/01/2017,9,94,182406,
28/02/2017,9,94,183302,
31/03/2017,9,94,183936,
30/04/2017,9,94,184210,
31/05/2017,9,94,185367,
30/06/2017,9,94,184787,
31/07/2017,9,94,185211,
31/08/2017,9,94,185002,
30/09/2017,9,94,185506,
31/10/2017,9,94,186751,
30/11/2017,9,94,186287,
31/12/2017,9,94,186420,
31/01/2018,9,94,187082,
28/02/2018,9,94,187031,
31/03/2018,9,94,187761,
30/04/2018,9,94,188124,
31/05/2018,9,94,189000,
30/06/2018,9,94,192430,
31/07/2018,9,94,188766,
31/08/2018,9,94,186484,
30/09/2018,9,94,185598,
31/10/2018,9,94,183513,
30/11/2018,9,94,185055,
31/12/2018,9,94,182811,
31/01/2019,9,94,182364,
28/02/2019,9,94,184429,
31/03/2019,9,94,185451,
30/04/2019,9,94,186644,
31/05/2019,9,94,186769,
30/06/2019,9,94,187042,
31/07/2019,9,94,187267,
31/08/2019,9,94,186567,
30/09/2019,9,94,188117,
31/10/2019,9,94,188759,
30/11/2019,9,94,190236,
31/12/2019,9,94,189832,
31/01/2020,9,94,188721,
29/02/2020,9,94,190009,
31/03/2020,9,94,190931,
30/04/2020,9,94,191924,
31/05/2020,9,94,192155,
30/06/2020,9,94,190974,
31/07/2020,9,94,190216,
31/08/2020,9,94,190155,
30/09/2020,9,94,189906,
31/10/2020,9,94,190857,
30/11/2020,9,94,191374,
31/12/2020,9,94,190816,
31/01/2021,9,94,190895,
28/02/2021,9,94,192534,
31/03/2021,9,94,193115,
30/04/2021,9,94,193542,
31/05/2021,9,94,196932,
30/06/2021,9,94,192629,
31/07/2021,9,94,189751,
31/08/2021,9,94,189184,
30/09/2021,9,94,188372,
31/10/2021,9,94,186484,
30/11/2021,9,94,188354,
31/12/2021,9,94,188776,
31/01/2022,9,94,187358,
28/02/2022,9,94,188724,
31/03/2022,9,94,189093,
30/04/2022,9,94,189528,
31/05/2022,9,94,189901,
30/06/2022,9,94,190156,
31/07/2022,9,94,190203,
31/08/2022,9,94,190019,
30/09/2022,9,94,189397,
31/10/2022,9,94,190438,
30/11/2022,9,94,191103,
31/12/2022,9,94,191123,
31/01/2023,9,94,191108,191108
28/02/2023,9,94,191433,191433
31/03/2023,9,94,192492,192492
30/04/2023,9,94,192955,192955
31/05/2023,9,94,193242,193242
30/06/2023,9,94,193323,193323
31/07/2023,9,94,193323,193323
31/08/2023,9,94,193393,193393
30/09/2023,9,94,194226,194226
31/10/2023,9,94,195013,195013
30/11/2023,9,94,195738,195738
31/12/2023,9,94,195115,195115
31/01/2024,9,94,194956,194956
29/02/2024,9,94,195496,195496
31/03/2024,9,94,195350,195350
30/04/2024,9,94,196220,196220
31/05/2024,9,94,196858,196858
30/06/2024,9,94,197465,197465
31/07/2024,9,94,196593,196593
31/08/2024,9,94,195789,195789
30/09/2024,9,94,195299,195299
31/10/2024,9,94,191974,191974
30/11/2024,9,94,193564,193564
31/12/2024,9,94,192827,192827
31/01/2025,9,94,193123,193123
28/02/2025,9,94,194462,194462
31/03/2025,9,94,195995,195995
30/04/2025,9,94,196693,196693
31/05/2025,9,94,197394,197394
30/06/2025,9,94,197783,197783
31/07/2025,9,94,197078,197078
31/08/2025,9,94,197452,197452
30/09/2025,9,94,198247,198247
31/10/2025,9,94,198650,198650
30/11/2025,9,94,199647,199647
31/12/2025,9,94,199155,199155
31/01/2026,9,94,198409,198409
31/03/2010,9,99,117,
30/04/2010,9,99,118,
31/05/2010,9,99,120,
30/06/2010,9,99,120,
31/07/2010,9,99,121,
31/08/2010,9,99,124,
30/09/2010,9,99,126,
31/10/2010,9,99,126,
30/11/2010,9,99,126,
31/12/2010,9,99,127,
31/01/2011,9,99,126,
28/02/2011,9,99,124,
31/03/2011,9,99,123,
30/04/2011,9,99,122,
31/05/2011,9,99,121,
30/06/2011,9,99,121,
31/07/2011,9,99,115,
31/08/2011,9,99,115,
30/09/2011,9,99,115,
31/10/2011,9,99,119,
30/11/2011,9,99,122,
31/12/2011,9,99,123,
31/01/2012,9,99,122,
29/02/2012,9,99,122,
31/03/2012,9,99,120,
30/04/2012,9,99,122,
31/05/2012,9,99,123,
30/06/2012,9,99,124,
31/07/2012,9,99,124,
31/08/2012,9,99,125,
30/09/2012,9,99,124,
31/10/2012,9,99,126,
30/11/2012,9,99,126,
31/12/2012,9,99,126,
31/01/2013,9,99,127,
28/02/2013,9,99,127,
31/03/2013,9,99,126,
30/04/2013,9,99,126,
31/05/2013,9,99,126,
30/06/2013,9,99,125,
31/07/2013,9,99,127,
31/08/2013,9,99,130,
30/09/2013,9,99,130,
31/10/2013,9,99,132,
30/11/2013,9,99,132,
31/12/2013,9,99,131,
31/01/2014,9,99,128,
28/02/2014,9,99,127,
31/03/2014,9,99,126,
30/04/2014,9,99,127,
31/05/2014,9,99,126,
30/06/2014,9,99,127,
31/07/2014,9,99,130,
31/08/2014,9,99,128,
30/09/2014,9,99,129,
31/10/2014,9,99,130,
30/11/2014,9,99,132,
31/12/2014,9,99,132,
31/01/2015,9,99,131,
28/02/2015,9,99,132,
31/03/2015,9,99,132,
30/04/2015,9,99,130,
31/05/2015,9,99,131,
30/06/2015,9,99,138,
31/07/2015,9,99,136,
31/08/2015,9,99,136,
30/09/2015,9,99,136,
31/10/2015,9,99,136,
30/11/2015,9,99,136,
31/12/2015,9,99,138,
31/01/2016,9,99,138,
29/02/2016,9,99,139,
31/03/2016,9,99,140,
30/04/2016,9,99,136,
31/05/2016,9,99,135,
30/06/2016,9,99,134,
31/07/2016,9,99,133,
31/08/2016,9,99,131,
30/09/2016,9,99,133,
31/10/2016,9,99,131,
30/11/2016,9,99,130,
31/12/2016,9,99,129,
31/01/2017,9,99,128,
28/02/2017,9,99,128,
31/03/2017,9,99,127,
30/04/2017,9,99,127,
31/05/2017,9,99,127,
30/06/2017,9,99,127,
31/07/2017,9,99,125,
31/08/2017,9,99,123,
30/09/2017,9,99,120,
31/10/2017,9,99,120,
30/11/2017,9,99,119,
31/12/2017,9,99,119,
31/01/2018,9,99,118,
28/02/2018,9,99,116,
31/03/2018,9,99,116,
30/04/2018,9,99,115,
31/05/2018,9,99,115,
30/06/2018,9,99,116,
31/07/2018,9,99,121,
31/08/2018,9,99,121,
30/09/2018,9,99,126,
31/10/2018,9,99,123,
30/11/2018,9,99,126,
31/12/2018,9,99,125,
31/01/2019,9,99,125,
28/02/2019,9,99,125,
31/03/2019,9,99,122,
30/04/2019,9,99,122,
31/05/2019,9,99,122,
30/06/2019,9,99,124,
31/07/2019,9,99,124,
31/08/2019,9,99,137,
30/09/2019,9,99,141,
31/10/2019,9,99,144,
30/11/2019,9,99,144,
31/12/2019,9,99,143,
31/01/2020,9,99,145,
29/02/2020,9,99,149,
31/03/2020,9,99,150,
30/04/2020,9,99,149,
31/05/2020,9,99,149,
30/06/2020,9,99,148,
31/07/2020,9,99,148,
31/08/2020,9,99,147,
30/09/2020,9,99,150,
31/10/2020,9,99,151,
30/11/2020,9,99,148,
31/12/2020,9,99,148,
31/01/2021,9,99,145,
28/02/2021,9,99,145,
31/03/2021,9,99,145,
30/04/2021,9,99,144,
31/05/2021,9,99,133,
30/06/2021,9,99,132,
31/07/2021,9,99,132,
31/08/2021,9,99,131,
30/09/2021,9,99,131,
31/10/2021,9,99,131,
30/11/2021,9,99,131,
31/12/2021,9,99,131,
31/01/2022,9,99,133,
28/02/2022,9,99,131,
31/03/2022,9,99,135,
30/04/2022,9,99,136,
31/05/2022,9,99,135,
30/06/2022,9,99,136,
31/07/2022,9,99,139,
31/08/2022,9,99,140,
30/09/2022,9,99,139,
31/10/2022,9,99,141,
30/11/2022,9,99,145,
31/12/2022,9,99,146,
31/01/2023,9,99,146,146
28/02/2023,9,99,147,147
31/03/2023,9,99,148,148
30/04/2023,9,99,145,145
31/05/2023,9,99,148,148
30/06/2023,9,99,149,149
31/07/2023,9,99,149,149
31/08/2023,9,99,152,152
30/09/2023,9,99,152,152
31/10/2023,9,99,152,152
30/11/2023,9,99,153,153
31/12/2023,9,99,150,150
31/01/2024,9,99,152,152
29/02/2024,9,99,151,151
31/03/2024,9,99,150,150
30/04/2024,9,99,149,149
31/05/2024,9,99,150,150
30/06/2024,9,99,150,150
31/07/2024,9,99,152,152
31/08/2024,9,99,152,152
30/09/2024,9,99,155,155
31/10/2024,9,99,156,156
30/11/2024,9,99,158,158
31/12/2024,9,99,166,166
31/01/2025,9,99,165,165
28/02/2025,9,99,162,162
31/03/2025,9,99,161,161
30/04/2025,9,99,161,161
31/05/2025,9,99,162,162
30/06/2025,9,99,163,163
31/07/2025,9,99,163,163
31/08/2025,9,99,162,162
30/09/2025,9,99,162,162
31/10/2025,9,99,162,162
30/11/2025,9,99,158,158
31/12/2025,9,99,157,157
31/01/2026,9,99,154,154
