Año,Unnamed: 0,sector_economico_1,sector_economico_2,ta,HWES1
2010-02-28,0,0.0,1.0,40878,40878.0
2010-03-31,1,0.0,1.0,41721,40878.0
2010-04-30,2,0.0,1.0,38311,40913.125
2010-05-31,3,0.0,1.0,37119,40804.703125
2010-06-30,4,0.0,1.0,37401,40651.132161458336
2010-07-31,5,0.0,1.0,39438,40515.70998806424
2010-08-31,6,0.0,1.0,38665,40470.80540522823
2010-09-30,7,0.0,1.0,40451,40395.56351334372
2010-10-31,8,0.0,1.0,41372,40397.8733669544
2010-11-30,9,0.0,1.0,42838,40438.461976664636
2010-12-31,10,0.0,1.0,43409,40538.44272763694
2011-01-31,11,0.0,1.0,44749,40658.04928065207
2011-02-28,12,0.0,1.0,44349,40828.5055606249
2011-03-31,13,0.0,1.0,41626,40975.192828932195
2011-04-30,14,0.0,1.0,40528,41002.30979439335
2011-05-31,15,0.0,1.0,40741,40982.54688629363
2011-06-30,16,0.0,1.0,41100,40972.48243269807
2011-07-31,17,0.0,1.0,41336,40977.795664668985
2011-08-31,18,0.0,1.0,40923,40992.720845307784
2011-09-30,19,0.0,1.0,42182,40989.81581008663
2011-10-31,20,0.0,1.0,43803,41039.49015133302
2011-11-30,21,0.0,1.0,46454,41154.636395027475
2011-12-31,22,0.0,1.0,47854,41375.443211901336
2012-01-31,23,0.0,1.0,46879,41645.38307807211
2012-02-29,24,0.0,1.0,47122,41863.45044981911
2012-03-31,25,0.0,1.0,46455,42082.55668107665
2012-04-30,26,0.0,1.0,42715,42264.741819365125
2012-05-31,27,0.0,1.0,42630,42283.50257689158
2012-06-30,28,0.0,1.0,43755,42297.939969521096
2012-07-31,29,0.0,1.0,43819,42358.65080412439
2012-08-31,30,0.0,1.0,42259,42419.49868728587
2012-09-30,31,0.0,1.0,46112,42412.811241982294
2012-10-31,32,0.0,1.0,48835,42566.944106899704
2012-11-30,33,0.0,1.0,51625,42828.113102445546
2012-12-31,34,0.0,1.0,53076,43194.65005651031
2013-01-31,35,0.0,1.0,53340,43606.372970822384
2013-02-28,36,0.0,1.0,52506,44011.940763704784
2013-03-31,37,0.0,1.0,52990,44365.85989855042
2013-04-30,38,0.0,1.0,52330,44725.199069444156
2013-05-31,39,0.0,1.0,50254,45042.06577488398
2013-06-30,40,0.0,1.0,50158,45259.22970093048
2013-07-31,41,0.0,1.0,47839,45463.34513005838
2013-08-31,42,0.0,1.0,46867,45562.33074963927
2013-09-30,43,0.0,1.0,50390,45616.6919684043
2013-10-31,44,0.0,1.0,52126,45815.57980305413
2013-11-30,45,0.0,1.0,55778,46078.51397792687
2013-12-31,46,0.0,1.0,57738,46482.65922884659
2014-01-31,47,0.0,1.0,57344,46951.63176097799
2014-02-28,48,0.0,1.0,58015,47384.647104270574
2014-03-31,49,0.0,1.0,57480,47827.57847492597
2014-04-30,50,0.0,1.0,55947,48229.762705137386
2014-05-31,51,0.0,1.0,50687,48551.314259089995
2014-06-30,52,0.0,1.0,52721,48640.30116496125
2014-07-31,53,0.0,1.0,50121,48810.330283087875
2014-08-31,54,0.0,1.0,52447,48864.941521292545
2014-09-30,55,0.0,1.0,55609,49014.19395790536
2014-10-31,56,0.0,1.0,58377,49288.97754299263
2014-11-30,57,0.0,1.0,60215,49667.64514536794
2014-12-31,58,0.0,1.0,60321,50107.11826431095
2015-01-31,59,0.0,1.0,60606,50532.696669964665
2015-02-28,60,0.0,1.0,62378,50952.41764204947
2015-03-31,61,0.0,1.0,62273,51428.48357363074
2015-04-30,62,0.0,1.0,59420,51880.33842472947
2015-05-31,63,0.0,1.0,52613,52194.490990365746
2015-06-30,64,0.0,1.0,52991,52211.92886576718
2015-07-31,65,0.0,1.0,51138,52244.39016302688
2015-08-31,66,0.0,1.0,55844,52198.29057290076
2015-09-30,67,0.0,1.0,58636,52350.19513236323
2015-10-31,68,0.0,1.0,63528,52612.10366851476
2015-11-30,69,0.0,1.0,64439,53066.93268232665
2015-12-31,70,0.0,1.0,65091,53540.76882056305
2016-01-31,71,0.0,1.0,64964,54022.02845303959
2016-02-29,72,0.0,1.0,66457,54477.94393416294
2016-03-31,73,0.0,1.0,66778,54977.07127023948
2016-04-30,74,0.0,1.0,61377,55468.776633979505
2016-05-31,75,0.0,1.0,60143,55714.9526075637
2016-06-30,76,0.0,1.0,59613,55899.454582248545
2016-07-31,77,0.0,1.0,60417,56054.18564132152
2016-08-31,78,0.0,1.0,63166,56235.96957293313
2016-09-30,79,0.0,1.0,67848,56524.72084072758
2016-10-31,80,0.0,1.0,69794,56996.524139030604
2016-11-30,81,0.0,1.0,71073,57529.752299904336
2016-12-31,82,0.0,1.0,72504,58094.054287408326
2017-01-31,83,0.0,1.0,72042,58694.46869209965
2017-02-28,84,0.0,1.0,76240,59250.61582992883
2017-03-31,85,0.0,1.0,72998,59958.50683701513
2017-04-30,86,0.0,1.0,68747,60501.8190521395
2017-05-31,87,0.0,1.0,67242,60845.36825830036
2017-06-30,88,0.0,1.0,61164,61111.89458087118
2017-07-31,89,0.0,1.0,68507,61114.06564000155
2017-08-31,90,0.0,1.0,70985,61422.104571668155
2017-09-30,91,0.0,1.0,73851,61820.558547848654
2017-10-31,92,0.0,1.0,77603,62321.8269416883
2017-11-30,93,0.0,1.0,77954,62958.54248578462
2017-12-31,94,0.0,1.0,80298,63583.353215543604
2018-01-31,95,0.0,1.0,81043,64279.79683156262
2018-02-28,96,0.0,1.0,81904,64978.26363024751
2018-03-31,97,0.0,1.0,80000,65683.50264565386
2018-04-30,98,0.0,1.0,76528,66280.02336875162
2018-05-31,99,0.0,1.0,72676,66707.02239505363
2018-06-30,100,0.0,1.0,66519,66955.72979525973
2018-07-31,101,0.0,1.0,74416,66937.53272045724
2018-08-31,102,0.0,1.0,77336,67249.13552377152
2018-09-30,103,0.0,1.0,80390,67669.42154361437
2018-10-31,104,0.0,1.0,81898,68199.44564596377
2018-11-30,105,0.0,1.0,82917,68770.21874404862
2018-12-31,106,0.0,1.0,86566,69359.6679630466
2019-01-31,107,0.0,1.0,88534,70076.59846458632
2019-02-28,108,0.0,1.0,89154,70845.65686189523
2019-03-31,109,0.0,1.0,88781,71608.5044926496
2019-04-30,110,0.0,1.0,83441,72324.0251387892
2019-05-31,111,0.0,1.0,79230,72787.23242467298
2019-06-30,112,0.0,1.0,70330,73055.68107364494
2019-07-31,113,0.0,1.0,78529,72942.11102890974
2019-08-31,114,0.0,1.0,82644,73174.89806937185
2019-09-30,115,0.0,1.0,86254,73569.44398314803
2019-10-31,116,0.0,1.0,87168,74097.96715051687
2019-11-30,117,0.0,1.0,87038,74642.55185257866
2019-12-31,118,0.0,1.0,89815,75159.02885872121
2020-01-31,119,0.0,1.0,90229,75769.69432294117
2020-02-29,120,0.0,1.0,90491,76372.16539281863
2020-03-31,121,0.0,1.0,92091,76960.45016811785
2020-04-30,122,0.0,1.0,89623,77590.88974444628
2020-05-31,123,0.0,1.0,82566,78092.22767176102
2020-06-30,124,0.0,1.0,72306,78278.63485210431
2020-07-31,125,0.0,1.0,81555,78029.77506659996
2020-08-31,126,0.0,1.0,84571,78176.65943882497
2020-09-30,127,0.0,1.0,87868,78443.0902955406
2020-10-31,128,0.0,1.0,91070,78835.79486655975
2020-11-30,129,0.0,1.0,89141,79345.55341378643
2020-12-31,130,0.0,1.0,90879,79753.69702154533
2021-01-31,131,0.0,1.0,91852,80217.25131231429
2021-02-28,132,0.0,1.0,89875,80702.03250763453
2021-03-31,133,0.0,1.0,90131,81084.2394864831
2021-04-30,134,0.0,1.0,84617,81461.18784121297
2021-05-31,135,0.0,1.0,83074,81592.68001449577
2021-06-30,136,0.0,1.0,83743,81654.40168055845
2021-07-31,137,0.0,1.0,87987,81741.4266105352
2021-08-31,138,0.0,1.0,90653,82001.65883509624
2021-09-30,139,0.0,1.0,92825,82362.1313836339
2021-10-31,140,0.0,1.0,94695,82798.08424264914
2021-11-30,141,0.0,1.0,92102,83293.7890658721
2021-12-31,142,0.0,1.0,97140,83660.7978547941
2022-01-31,143,0.0,1.0,98642,84222.43127751102
2022-02-28,144,0.0,1.0,100243,84823.24664094805
2022-03-31,145,0.0,1.0,96108,85465.7363642419
2022-04-30,146,0.0,1.0,92092,85909.16401573182
2022-05-31,147,0.0,1.0,90670,86166.782181743
2022-06-30,148,0.0,1.0,87732,86354.4162575037
2022-07-31,149,0.0,1.0,90473,86411.81558010772
2022-08-31,150,0.0,1.0,94353,86581.03159760323
2022-09-30,151,0.0,1.0,96089,86904.86361436977
2022-10-31,152,0.0,1.0,96008,87287.53596377102
2022-11-30,153,0.0,1.0,94055,87650.88863194722
2022-12-31,154,0.0,1.0,100760,87917.72660561609
2023-01-31,155,0.0,1.0,101439,88452.82133038208
2023-02-28,156,0.0,1.0,101871,88993.91210828284
2023-03-31,157,0.0,1.0,98363,89530.45743710439
2023-04-30,158,0.0,1.0,95347,89898.4800438917
2023-05-31,159,0.0,1.0,94157,90125.50170872956
2023-06-30,160,0.0,1.0,91508,90293.48080419916
2023-07-31,161,0.0,1.0,90842,90344.08577069086
2010-02-28,162,0.0,2.0,15525,15525.0
2010-03-31,163,0.0,2.0,15533,15525.0
2010-04-30,164,0.0,2.0,15637,15525.333333333334
2010-05-31,165,0.0,2.0,15710,15529.986111111111
2010-06-30,166,0.0,2.0,15874,15537.486689814816
2010-07-31,167,0.0,2.0,16081,15551.508077739198
2010-08-31,168,0.0,2.0,16223,15573.570241166732
2010-09-30,169,0.0,2.0,16472,15600.629814451453
2010-10-31,170,0.0,2.0,16585,15636.936905515977
2010-11-30,171,0.0,2.0,16373,15676.439534452811
2010-12-31,172,0.0,2.0,16401,15705.462887183945
2011-01-31,173,0.0,2.0,16525,15734.443600217948
2011-02-28,174,0.0,2.0,16660,15767.383450208867
2011-03-31,175,0.0,2.0,16652,15804.575806450164
2011-04-30,176,0.0,2.0,16896,15839.885147848076
2011-05-31,177,0.0,2.0,16894,15883.889933354407
2011-06-30,178,0.0,2.0,17005,15925.977852797972
2011-07-31,179,0.0,2.0,17181,15970.93710893139
2011-08-31,180,0.0,2.0,17191,16021.35639605925
2011-09-30,181,0.0,2.0,17204,16070.091546223448
2011-10-31,182,0.0,2.0,17197,16117.337731797472
2011-11-30,183,0.0,2.0,17143,16162.323659639243
2011-12-31,184,0.0,2.0,17128,16203.185173820943
2012-01-31,185,0.0,2.0,17122,16241.719124911737
2012-02-29,186,0.0,2.0,17181,16278.397494707082
2012-03-31,187,0.0,2.0,17239,16316.00593242762
2012-04-30,188,0.0,2.0,17198,16354.46401857647
2012-05-31,189,0.0,2.0,17124,16389.611351135783
2012-06-30,190,0.0,2.0,17101,16420.21087817179
2012-07-31,191,0.0,2.0,16857,16448.5770915813
2012-08-31,192,0.0,2.0,16762,16465.594712765414
2012-09-30,193,0.0,2.0,16877,16477.944933066858
2012-10-31,194,0.0,2.0,17110,16494.572227522407
2012-11-30,195,0.0,2.0,17219,16520.215051375642
2012-12-31,196,0.0,2.0,17343,16549.331090901658
2013-01-31,197,0.0,2.0,17365,16582.400628780757
2013-02-28,198,0.0,2.0,17454,16615.00893591489
2013-03-31,199,0.0,2.0,17201,16649.96689691844
2013-04-30,200,0.0,2.0,17279,16672.926609546837
2013-05-31,201,0.0,2.0,16121,16698.179667482385
2013-06-30,202,0.0,2.0,15245,16674.130514670618
2013-07-31,203,0.0,2.0,15214,16614.583409892675
2013-08-31,204,0.0,2.0,14969,16556.225767813816
2013-09-30,205,0.0,2.0,13674,16490.091360821574
2013-10-31,206,0.0,2.0,13878,16372.754220787343
2013-11-30,207,0.0,2.0,13798,16268.806128254537
2013-12-31,208,0.0,2.0,14205,16165.855872910597
2014-01-31,209,0.0,2.0,13962,16084.153544872655
2014-02-28,210,0.0,2.0,14196,15995.730480502962
2014-03-31,211,0.0,2.0,14557,15920.741710482005
2014-04-30,212,0.0,2.0,14470,15863.919139211921
2014-05-31,213,0.0,2.0,14783,15805.83917507809
2014-06-30,214,0.0,2.0,15107,15763.220876116504
2014-07-31,215,0.0,2.0,15388,15735.87833961165
2014-08-31,216,0.0,2.0,15481,15721.383408794498
2014-09-30,217,0.0,2.0,15958,15711.36743342806
2014-10-31,218,0.0,2.0,16284,15721.643790368558
2014-11-30,219,0.0,2.0,16621,15745.075299103202
2014-12-31,220,0.0,2.0,16513,15781.572161640568
2015-01-31,221,0.0,2.0,16831,15812.04832157221
2015-02-28,222,0.0,2.0,17069,15854.504641506703
2015-03-31,223,0.0,2.0,17179,15905.108614777258
2015-04-30,224,0.0,2.0,17262,15958.187422494873
2015-05-31,225,0.0,2.0,16813,16012.512946557588
2015-06-30,226,0.0,2.0,16957,16045.866573784355
2015-07-31,227,0.0,2.0,17124,16083.83046654334
2015-08-31,228,0.0,2.0,17171,16127.170863770702
2015-09-30,229,0.0,2.0,17325,16170.663744446923
2015-10-31,230,0.0,2.0,17503,16218.761088428302
2015-11-30,231,0.0,2.0,17459,16272.271043077122
2015-12-31,232,0.0,2.0,17497,16321.71808294891
2016-01-31,233,0.0,2.0,17561,16370.688162826038
2016-02-29,234,0.0,2.0,17663,16420.284489374953
2016-03-31,235,0.0,2.0,17729,16472.064302317664
2016-04-30,236,0.0,2.0,17797,16524.43662305443
2016-05-31,237,0.0,2.0,17883,16577.46009709383
2016-06-30,238,0.0,2.0,17842,16631.857593048255
2016-07-31,239,0.0,2.0,17833,16682.280193337912
2016-08-31,240,0.0,2.0,17761,16730.226851948835
2016-09-30,241,0.0,2.0,17762,16773.175733117634
2016-10-31,242,0.0,2.0,17851,16814.376744237732
2016-11-30,243,0.0,2.0,17786,16857.569379894496
2016-12-31,244,0.0,2.0,20067,16896.253989065557
2017-01-31,245,0.0,2.0,19292,17028.368406187827
2017-02-28,246,0.0,2.0,19266,17122.686389263334
2017-03-31,247,0.0,2.0,19272,17211.99112304403
2017-04-30,248,0.0,2.0,19357,17297.82482625053
2017-05-31,249,0.0,2.0,19338,17383.623791823426
2017-06-30,250,0.0,2.0,19470,17465.056133830785
2017-07-31,251,0.0,2.0,19497,17548.595461587836
2017-08-31,252,0.0,2.0,17664,17629.778984021676
2017-09-30,253,0.0,2.0,17816,17631.20485968744
2017-10-31,254,0.0,2.0,18055,17638.904657200463
2017-11-30,255,0.0,2.0,18033,17656.241963150445
2017-12-31,256,0.0,2.0,18206,17671.940214685845
2018-01-31,257,0.0,2.0,19623,17694.1927057406
2018-02-28,258,0.0,2.0,19705,17774.559676334742
2018-03-31,259,0.0,2.0,19864,17854.994689820796
2018-04-30,260,0.0,2.0,19957,17938.703244411598
2018-05-31,261,0.0,2.0,20078,18022.798942561116
2018-06-30,262,0.0,2.0,20151,18108.4323199544
2018-07-31,263,0.0,2.0,20261,18193.53930662297
2018-08-31,264,0.0,2.0,20137,18279.683502180345
2018-09-30,265,0.0,2.0,20548,18357.0716895895
2018-10-31,266,0.0,2.0,20562,18448.360369189937
2018-11-30,267,0.0,2.0,20438,18536.428687140356
2018-12-31,268,0.0,2.0,20418,18615.660825176175
2019-01-31,269,0.0,2.0,20515,18690.758290793834
2019-02-28,270,0.0,2.0,20526,18766.76836201076
2019-03-31,271,0.0,2.0,20458,18840.069680260312
2019-04-30,272,0.0,2.0,20487,18907.4834435828
2019-05-31,273,0.0,2.0,20462,18973.296633433518
2019-06-30,274,0.0,2.0,21032,19035.325940373787
2019-07-31,275,0.0,2.0,21369,19118.520692858212
2019-08-31,276,0.0,2.0,21679,19212.29066398912
2019-09-30,277,0.0,2.0,21774,19315.07021965624
2019-10-31,278,0.0,2.0,21867,19417.525627170566
2019-11-30,279,0.0,2.0,21543,19519.587059371792
2019-12-31,280,0.0,2.0,21590,19603.89593189797
2020-01-31,281,0.0,2.0,21742,19686.650268068886
2020-02-29,282,0.0,2.0,21882,19772.289840232686
2020-03-31,283,0.0,2.0,22186,19860.194430222993
2020-04-30,284,0.0,2.0,22244,19957.102995630372
2020-05-31,285,0.0,2.0,22210,20052.390370812438
2020-06-30,286,0.0,2.0,22141,20142.290772028588
2020-07-31,287,0.0,2.0,21997,20225.570323194064
2020-08-31,288,0.0,2.0,21878,20299.37989306098
2020-09-30,289,0.0,2.0,21533,20365.155730850107
2020-10-31,290,0.0,2.0,22002,20413.81590873135
2020-11-30,291,0.0,2.0,21774,20479.990245867546
2020-12-31,292,0.0,2.0,21679,20533.9073189564
2021-01-31,293,0.0,2.0,21734,20581.619513999885
2021-02-28,294,0.0,2.0,22142,20629.63536758322
2021-03-31,295,0.0,2.0,22414,20692.65056060059
2021-04-30,296,0.0,2.0,23070,20764.3734539089
2021-05-31,297,0.0,2.0,23890,20860.441226662693
2021-06-30,298,0.0,2.0,23245,20986.672842218417
2021-07-31,299,0.0,2.0,23429,21080.769807125984
2021-08-31,300,0.0,2.0,23376,21178.612731829067
2021-09-30,301,0.0,2.0,23356,21270.170534669523
2021-10-31,302,0.0,2.0,23541,21357.080095724963
2021-11-30,303,0.0,2.0,23294,21448.07675840309
2021-12-31,304,0.0,2.0,23545,21524.990226802962
2022-01-31,305,0.0,2.0,23728,21609.157300686173
2022-02-28,306,0.0,2.0,23739,21697.442413157583
2022-03-31,307,0.0,2.0,23648,21782.507312609352
2022-04-30,308,0.0,2.0,23489,21860.236174583963
2022-05-31,309,0.0,2.0,23288,21928.101333976298
2022-06-30,310,0.0,2.0,23374,21984.76377839395
2022-07-31,311,0.0,2.0,23221,22042.64862096087
2022-08-31,312,0.0,2.0,23448,22091.7465950875
2022-09-30,313,0.0,2.0,23820,22148.257153625524
2022-10-31,314,0.0,2.0,23917,22217.913105557793
2022-11-30,315,0.0,2.0,23769,22288.708392826222
2022-12-31,316,0.0,2.0,23747,22350.387209791796
2023-01-31,317,0.0,2.0,23828,22408.579409383805
2023-02-28,318,0.0,2.0,23916,22467.721933992812
2023-03-31,319,0.0,2.0,23993,22528.06685340978
2023-04-30,320,0.0,2.0,23967,22589.105734517703
2023-05-31,321,0.0,2.0,23892,22646.517995579467
2023-06-30,322,0.0,2.0,23944,22698.41307909699
2023-07-31,323,0.0,2.0,24376,22750.312534134617
2010-02-28,324,0.0,3.0,448,448.0
2010-03-31,325,0.0,3.0,517,448.00000000000006
2010-04-30,326,0.0,3.0,505,450.8750000000001
2010-05-31,327,0.0,3.0,420,453.1302083333335
2010-06-30,328,0.0,3.0,387,451.74978298611126
2010-07-31,329,0.0,3.0,382,449.05187536168995
2010-08-31,330,0.0,3.0,355,446.25804722161956
2010-09-30,331,0.0,3.0,370,442.45562858738543
2010-10-31,332,0.0,3.0,398,439.43664406291106
2010-11-30,333,0.0,3.0,373,437.7101172269564
2010-12-31,334,0.0,3.0,392,435.0138623424999
2011-01-31,335,0.0,3.0,427,433.2216180782291
2011-02-28,336,0.0,3.0,481,432.9623839916362
2011-03-31,337,0.0,3.0,460,434.9639513253181
2011-04-30,338,0.0,3.0,466,436.0071200200965
2011-05-31,339,0.0,3.0,378,437.25682335259256
2011-06-30,340,0.0,3.0,364,434.78778904623454
2011-07-31,341,0.0,3.0,354,431.8382978359748
2011-08-31,342,0.0,3.0,352,428.59503542614254
2011-09-30,343,0.0,3.0,346,425.40357561672
2011-10-31,344,0.0,3.0,374,422.0950932993567
2011-11-30,345,0.0,3.0,362,420.0911310785501
2011-12-31,346,0.0,3.0,378,417.67066728361056
2012-01-31,347,0.0,3.0,375,416.0177228134601
2012-02-29,348,0.0,3.0,431,414.30865102956597
2012-03-31,349,0.0,3.0,458,415.00412390333406
2012-04-30,350,0.0,3.0,626,416.79561874069515
2012-05-31,351,0.0,3.0,547,425.51246795983286
2012-06-30,352,0.0,3.0,488,430.5744484615065
2012-07-31,353,0.0,3.0,483,432.9671797756104
2012-08-31,354,0.0,3.0,454,435.05188061829335
2012-09-30,355,0.0,3.0,471,435.84138559253114
2012-10-31,356,0.0,3.0,445,437.306327859509
2012-11-30,357,0.0,3.0,451,437.6268975320295
2012-12-31,358,0.0,3.0,460,438.1841101348616
2013-01-31,359,0.0,3.0,512,439.09310554590905
2013-02-28,360,0.0,3.0,541,442.1308928148295
2013-03-31,361,0.0,3.0,614,446.250438947545
2013-04-30,362,0.0,3.0,621,453.24000399139726
2013-05-31,363,0.0,3.0,601,460.23000382508906
2013-06-30,364,0.0,3.0,493,466.09542033237705
2013-07-31,365,0.0,3.0,503,467.2164444851947
2013-08-31,366,0.0,3.0,493,468.70742596497826
2013-09-30,367,0.0,3.0,481,469.7196165497709
2013-10-31,368,0.0,3.0,501,470.1896325268638
2013-11-30,369,0.0,3.0,485,471.4733978382445
2013-12-31,370,0.0,3.0,495,472.037006261651
2014-01-31,371,0.0,3.0,526,472.99379766741555
2014-02-28,372,0.0,3.0,596,475.2023894312733
2014-03-31,373,0.0,3.0,585,480.23562320497024
2014-04-30,374,0.0,3.0,551,484.6008055714298
2014-05-31,375,0.0,3.0,503,487.36743867262027
2014-06-30,376,0.0,3.0,499,488.0187953945944
2014-07-31,377,0.0,3.0,497,488.47634558648633
2014-08-31,378,0.0,3.0,474,488.8314978537161
2014-09-30,379,0.0,3.0,466,488.21351877647794
2014-10-31,380,0.0,3.0,423,487.28795549412473
2014-11-30,381,0.0,3.0,486,484.60929068186954
2014-12-31,382,0.0,3.0,508,484.66723690345833
2015-01-31,383,0.0,3.0,529,485.6394353658143
2015-02-28,384,0.0,3.0,567,487.4461255589054
2015-03-31,385,0.0,3.0,589,490.76087032728435
2015-04-30,386,0.0,3.0,589,494.85416739698087
2015-05-31,387,0.0,3.0,548,498.7769104221067
2015-06-30,388,0.0,3.0,508,500.8278724878523
2015-07-31,389,0.0,3.0,483,501.1267111341918
2015-08-31,390,0.0,3.0,487,500.3714315036005
2015-09-30,391,0.0,3.0,482,499.8142885242838
2015-10-31,392,0.0,3.0,494,499.0720265024387
2015-11-30,393,0.0,3.0,484,498.86069206483705
2015-12-31,394,0.0,3.0,501,498.2414965621355
2016-01-31,395,0.0,3.0,559,498.3564342053799
2016-02-29,396,0.0,3.0,601,500.88324944682245
2016-03-31,397,0.0,3.0,609,505.05478071987153
2016-04-30,398,0.0,3.0,613,509.38583152321024
2016-05-31,399,0.0,3.0,520,513.7030885430765
2016-06-30,400,0.0,3.0,487,513.9654598537817
2016-07-31,401,0.0,3.0,483,512.8418990265408
2016-08-31,402,0.0,3.0,493,511.5984865671016
2016-09-30,403,0.0,3.0,496,510.82354962680574
2016-10-31,404,0.0,3.0,504,510.2059017256889
2016-11-30,405,0.0,3.0,482,509.9473224871185
2016-12-31,406,0.0,3.0,483,508.78285071682194
2017-01-31,407,0.0,3.0,497,507.7085652702877
2017-02-28,408,0.0,3.0,509,507.26237505069236
2017-03-31,409,0.0,3.0,515,507.33477609024686
2017-04-30,410,0.0,3.0,514,507.6541604198199
2017-05-31,411,0.0,3.0,484,507.9185704023274
2017-06-30,412,0.0,3.0,467,506.9219633022305
2017-07-31,413,0.0,3.0,461,505.25854816463755
2017-08-31,414,0.0,3.0,452,503.414441991111
2017-09-30,415,0.0,3.0,464,501.2721735748147
2017-10-31,416,0.0,3.0,479,499.71916634253074
2017-11-30,417,0.0,3.0,482,498.8558677449253
2017-12-31,418,0.0,3.0,471,498.1535399222201
2018-01-31,419,0.0,3.0,482,497.0221424254609
2018-02-28,420,0.0,3.0,507,496.3962198244
2018-03-31,421,0.0,3.0,540,496.8380439983834
2018-04-30,422,0.0,3.0,507,498.6364588317841
2018-05-31,423,0.0,3.0,465,498.98493971379315
2018-06-30,424,0.0,3.0,456,497.56890055905177
2018-07-31,425,0.0,3.0,456,495.836863035758
2018-08-31,426,0.0,3.0,451,494.1769937426014
2018-09-30,427,0.0,3.0,459,492.3779523366597
2018-10-31,428,0.0,3.0,457,490.98720432263224
2018-11-30,429,0.0,3.0,451,489.5710708091893
2018-12-31,430,0.0,3.0,475,487.96394285880643
2019-01-31,431,0.0,3.0,512,487.42377857302284
2019-02-28,432,0.0,3.0,536,488.4477877991469
2019-03-31,433,0.0,3.0,534,490.42912997418244
2019-04-30,434,0.0,3.0,523,492.24458289192484
2019-05-31,435,0.0,3.0,453,493.5260586047613
2019-06-30,436,0.0,3.0,442,491.83747282956296
2019-07-31,437,0.0,3.0,441,489.76091146166453
2019-08-31,438,0.0,3.0,419,487.7292068174285
2019-09-30,439,0.0,3.0,435,484.8654898667023
2019-10-31,440,0.0,3.0,468,482.7877611222564
2019-11-30,441,0.0,3.0,442,482.17160440882907
2019-12-31,442,0.0,3.0,461,480.49778755846125
2020-01-31,443,0.0,3.0,469,479.68537974352535
2020-02-29,444,0.0,3.0,484,479.24015558754513
2020-03-31,445,0.0,3.0,456,479.4384824380641
2020-04-30,446,0.0,3.0,452,478.4618790031448
2020-05-31,447,0.0,3.0,387,477.3593007113471
2020-06-30,448,0.0,3.0,386,473.5943298483743
2020-07-31,449,0.0,3.0,394,469.944566104692
2020-08-31,450,0.0,3.0,373,466.7802091836632
2020-09-30,451,0.0,3.0,385,462.87270046767725
2020-10-31,452,0.0,3.0,380,459.6280046148574
2020-11-30,453,0.0,3.0,362,456.31017108923834
2020-12-31,454,0.0,3.0,420,452.38058062718676
2021-01-31,455,0.0,3.0,455,451.03138976772067
2021-02-28,456,0.0,3.0,445,451.196748527399
2021-03-31,457,0.0,3.0,458,450.93855067209074
2021-04-30,458,0.0,3.0,449,451.2327777274203
2021-05-31,459,0.0,3.0,416,451.1397453221111
2021-06-30,460,0.0,3.0,416,449.6755892670231
2021-07-31,461,0.0,3.0,441,448.2724397142305
2021-08-31,462,0.0,3.0,396,447.96942139280424
2021-09-30,463,0.0,3.0,408,445.80402883477075
2021-10-31,464,0.0,3.0,390,444.2288609666553
2021-11-30,465,0.0,3.0,367,441.9693250930447
2021-12-31,466,0.0,3.0,377,438.84560321416785
2022-01-31,467,0.0,3.0,414,436.26870308024417
2022-02-28,468,0.0,3.0,408,435.34084045190065
2022-03-31,469,0.0,3.0,406,434.2016387664048
2022-04-30,470,0.0,3.0,419,433.02657048447134
2022-05-31,471,0.0,3.0,426,432.4421300476184
2022-06-30,472,0.0,3.0,410,432.17370796230097
2022-07-31,473,0.0,3.0,411,431.24980346387173
2022-08-31,474,0.0,3.0,405,430.4060616528771
2022-09-30,475,0.0,3.0,431,429.3474757506739
2022-10-31,476,0.0,3.0,465,429.4163309277291
2022-11-30,477,0.0,3.0,409,430.89898380574044
2022-12-31,478,0.0,3.0,447,429.986526147168
2023-01-31,479,0.0,3.0,478,430.695420891036
2023-02-28,480,0.0,3.0,481,432.6664450205762
2023-03-31,481,0.0,3.0,495,434.6803431447189
2023-04-30,482,0.0,3.0,487,437.19366218035566
2023-05-31,483,0.0,3.0,505,439.2689262561742
2023-06-30,484,0.0,3.0,505,442.00772099550034
2023-07-31,485,0.0,3.0,504,444.63239928735453
2010-02-28,486,0.0,4.0,314,314.0
2010-03-31,487,0.0,4.0,301,314.0
2010-04-30,488,0.0,4.0,317,313.45833333333337
2010-05-31,489,0.0,4.0,331,313.6059027777778
2010-06-30,490,0.0,4.0,336,314.3306568287038
2010-07-31,491,0.0,4.0,312,315.23354612750785
2010-08-31,492,0.0,4.0,313,315.0988150388617
2010-09-30,493,0.0,4.0,319,315.0113644122425
2010-10-31,494,0.0,4.0,327,315.1775575617324
2010-11-30,495,0.0,4.0,324,315.67015932999357
2010-12-31,496,0.0,4.0,338,316.0172360245772
2011-01-31,497,0.0,4.0,323,316.9331845235531
2011-02-28,498,0.0,4.0,330,317.1859685017384
2011-03-31,499,0.0,4.0,328,317.71988648083266
2011-04-30,500,0.0,4.0,227,318.1482245441313
2011-05-31,501,0.0,4.0,214,314.3503818547925
2011-06-30,502,0.0,4.0,209,310.16911594417616
2011-07-31,503,0.0,4.0,204,305.9537361131688
2011-08-31,504,0.0,4.0,191,301.7056637751201
2011-09-30,505,0.0,4.0,189,297.0929277844901
2011-10-31,506,0.0,4.0,170,292.5890557934697
2011-11-30,507,0.0,4.0,175,287.4811784687418
2011-12-31,508,0.0,4.0,213,282.7944626992109
2012-01-31,509,0.0,4.0,243,279.88636008674376
2012-02-29,510,0.0,4.0,250,278.3494284164628
2012-03-31,511,0.0,4.0,248,277.16820223244355
2012-04-30,512,0.0,4.0,243,275.9528604727584
2012-05-31,513,0.0,4.0,238,274.5798246197268
2012-06-30,514,0.0,4.0,246,273.0556652605716
2012-07-31,515,0.0,4.0,245,271.9283458747144
2012-08-31,516,0.0,4.0,198,270.80633146326795
2012-09-30,517,0.0,4.0,190,267.77273431896515
2012-10-31,518,0.0,4.0,193,264.53220372234165
2012-11-30,519,0.0,4.0,193,261.5516952339108
2012-12-31,520,0.0,4.0,195,258.6953745991645
2013-01-31,521,0.0,4.0,198,256.0414006575327
2013-02-28,522,0.0,4.0,197,253.62300896346883
2013-03-31,523,0.0,4.0,198,251.26371692332432
2013-04-30,524,0.0,4.0,195,249.0443953848525
2013-05-31,525,0.0,4.0,187,246.79254557715032
2013-06-30,526,0.0,4.0,186,244.30118951143572
2013-07-31,527,0.0,4.0,190,241.87197328179258
2013-08-31,528,0.0,4.0,196,239.7106410617179
2013-09-30,529,0.0,4.0,193,237.88936435081297
2013-10-31,530,0.0,4.0,183,236.0189741695291
2013-11-30,531,0.0,4.0,180,233.8098502457987
2013-12-31,532,0.0,4.0,178,231.56777315222377
2014-01-31,533,0.0,4.0,176,229.33578260421444
2014-02-28,534,0.0,4.0,175,227.11345832903885
2014-03-31,535,0.0,4.0,181,224.94206423199557
2014-04-30,536,0.0,4.0,181,223.11114488899577
2014-05-31,537,0.0,4.0,184,221.35651385195428
2014-06-30,538,0.0,4.0,186,219.79999244145617
2014-07-31,539,0.0,4.0,181,218.39165942306218
2014-08-31,540,0.0,4.0,171,216.83367361376793
2014-09-30,541,0.0,4.0,164,214.92393721319428
2014-10-31,542,0.0,4.0,165,212.80210649597788
2014-11-30,543,0.0,4.0,171,210.81035205864546
2014-12-31,544,0.0,4.0,192,209.15158738953525
2015-01-31,545,0.0,4.0,199,208.43693791497128
2015-02-28,546,0.0,4.0,189,208.04373216851414
2015-03-31,547,0.0,4.0,185,207.2502433281594
2015-04-30,548,0.0,4.0,190,206.32314985615278
2015-05-31,549,0.0,4.0,190,205.64301861214642
2015-06-30,550,0.0,4.0,191,204.99122616997366
2015-07-31,551,0.0,4.0,193,204.40825841289143
2015-08-31,552,0.0,4.0,202,203.93291431235428
2015-09-30,553,0.0,4.0,178,203.85237621600618
2015-10-31,554,0.0,4.0,180,202.77519387367258
2015-11-30,555,0.0,4.0,201,201.82622746226957
2015-12-31,556,0.0,4.0,205,201.79180131800834
2016-01-31,557,0.0,4.0,205,201.92547626309133
2016-02-29,558,0.0,4.0,201,202.05358141879586
2016-03-31,559,0.0,4.0,194,202.0096821930127
2016-04-30,560,0.0,4.0,197,201.67594543497052
2016-05-31,561,0.0,4.0,196,201.48111437518008
2016-06-30,562,0.0,4.0,194,201.2527346095476
2016-07-31,563,0.0,4.0,188,200.9505373341498
2016-08-31,564,0.0,4.0,193,200.41093161189357
2016-09-30,565,0.0,4.0,197,200.10214279473135
2016-10-31,566,0.0,4.0,196,199.9728868449509
2016-11-30,567,0.0,4.0,196,199.80734989307794
2016-12-31,568,0.0,4.0,182,199.6487103141997
2017-01-31,569,0.0,4.0,184,198.91334738444138
2017-02-28,570,0.0,4.0,189,198.29195791008965
2017-03-31,571,0.0,4.0,198,197.90479299716927
2017-04-30,572,0.0,4.0,201,197.90875995562055
2017-05-31,573,0.0,4.0,203,198.03756162413637
2017-06-30,574,0.0,4.0,204,198.24432988979737
2017-07-31,575,0.0,4.0,209,198.4841494777225
2017-08-31,576,0.0,4.0,230,198.92230991615074
2017-09-30,577,0.0,4.0,231,200.21721366964448
2017-10-31,578,0.0,4.0,232,201.49982976674264
2017-11-30,579,0.0,4.0,229,202.77067019312835
2017-12-31,580,0.0,4.0,236,203.86355893508133
2018-01-31,581,0.0,4.0,233,205.2025773127863
2018-02-28,582,0.0,4.0,241,206.3608032580869
2018-03-31,583,0.0,4.0,240,207.80410312233326
2018-04-30,584,0.0,4.0,231,209.14559882556938
2018-05-31,585,0.0,4.0,235,210.056198874504
2018-06-30,586,0.0,4.0,237,211.09552392139966
2018-07-31,587,0.0,4.0,236,212.17487709134136
2018-08-31,588,0.0,4.0,233,213.16759054586882
2018-09-30,589,0.0,4.0,233,213.99394093979097
2018-10-31,590,0.0,4.0,231,214.7858600672997
2018-11-30,591,0.0,4.0,228,215.46144923116222
2018-12-31,592,0.0,4.0,224,215.98388884653048
2019-01-31,593,0.0,4.0,229,216.31789347792505
2019-02-28,594,0.0,4.0,225,216.84631458301152
2019-03-31,595,0.0,4.0,222,217.18605147538605
2019-04-30,596,0.0,4.0,233,217.38663266391163
2019-05-31,597,0.0,4.0,228,218.03718963624866
2019-06-30,598,0.0,4.0,236,218.4523067347383
2019-07-31,599,0.0,4.0,232,219.1834606207909
2019-08-31,600,0.0,4.0,270,219.7174830949246
2019-09-30,601,0.0,4.0,270,221.8125879659694
2019-10-31,602,0.0,4.0,272,223.8203968007207
2019-11-30,603,0.0,4.0,275,225.82788026735733
2019-12-31,604,0.0,4.0,246,227.8767185895508
2020-01-31,605,0.0,4.0,250,228.63185531498618
2020-02-29,606,0.0,4.0,251,229.52219467686174
2020-03-31,607,0.0,4.0,240,230.4171032319925
2020-04-30,608,0.0,4.0,356,230.81639059732618
2020-05-31,609,0.0,4.0,734,236.0323743224376
2020-06-30,610,0.0,4.0,1188,256.781025392336
2020-07-31,611,0.0,4.0,1236,295.5818160009887
2020-08-31,612,0.0,4.0,1003,334.7659070009475
2020-09-30,613,0.0,4.0,947,362.60899420924136
2020-10-31,614,0.0,4.0,946,386.958619450523
2020-11-30,615,0.0,4.0,447,410.25201030675123
2020-12-31,616,0.0,4.0,443,411.78317654396994
2021-01-31,617,0.0,4.0,426,413.08387752130454
2021-02-28,618,0.0,4.0,416,413.6220492912502
2021-03-31,619,0.0,4.0,416,413.72113057078144
2021-04-30,620,0.0,4.0,261,413.81608346366556
2021-05-31,621,0.0,4.0,415,407.4487466526795
2021-06-30,622,0.0,4.0,698,407.7633822088179
2021-07-31,623,0.0,4.0,710,419.85657461678386
2021-08-31,624,0.0,4.0,574,431.9458840077512
2021-09-30,625,0.0,4.0,575,437.8648055074283
2021-10-31,626,0.0,4.0,547,443.5787719446188
2021-11-30,627,0.0,4.0,439,447.8879897802597
2021-12-31,628,0.0,4.0,476,447.51765687274894
2022-01-31,629,0.0,4.0,473,448.70442116971776
2022-02-28,630,0.0,4.0,482,449.71673695431286
2022-03-31,631,0.0,4.0,501,451.06187291454984
2022-04-30,632,0.0,4.0,481,453.14262820977694
2022-05-31,633,0.0,4.0,337,454.3033520343696
2022-06-30,634,0.0,4.0,1303,449.4157123662709
2022-07-31,635,0.0,4.0,1067,484.98172435100963
2022-08-31,636,0.0,4.0,835,509.2324858363842
2022-09-30,637,0.0,4.0,867,522.8061322598683
2022-10-31,638,0.0,4.0,480,537.1475434157071
2022-11-30,639,0.0,4.0,428,534.766395773386
2022-12-31,640,0.0,4.0,410,530.3177959494949
2023-01-31,641,0.0,4.0,406,525.3045544515993
2023-02-28,642,0.0,4.0,256,520.3335313494493
2023-03-31,643,0.0,4.0,259,509.319634209889
2023-04-30,644,0.0,4.0,252,498.88964945114367
2023-05-31,645,0.0,4.0,252,488.6025807240127
2023-06-30,646,0.0,4.0,258,478.7441398605122
2023-07-31,647,0.0,4.0,274,469.5464673663242
2010-02-28,648,0.0,5.0,6,6.0
2010-03-31,649,0.0,5.0,6,6.0
2010-04-30,650,0.0,5.0,6,6.0
2010-05-31,651,0.0,5.0,6,6.0
2010-06-30,652,0.0,5.0,6,6.0
2010-07-31,653,0.0,5.0,6,6.0
2010-08-31,654,0.0,5.0,6,6.0
2010-09-30,655,0.0,5.0,6,6.0
2010-10-31,656,0.0,5.0,6,6.0
2010-11-30,657,0.0,5.0,6,6.0
2010-12-31,658,0.0,5.0,6,6.0
2011-01-31,659,0.0,5.0,6,6.0
2011-02-28,660,0.0,5.0,6,6.0
2011-03-31,661,0.0,5.0,6,6.0
2011-04-30,662,0.0,5.0,6,6.0
2011-05-31,663,0.0,5.0,6,6.0
2011-06-30,664,0.0,5.0,6,6.0
2011-07-31,665,0.0,5.0,6,6.0
2011-08-31,666,0.0,5.0,6,6.0
2011-09-30,667,0.0,5.0,5,6.0
2011-10-31,668,0.0,5.0,5,5.958333333333333
2011-11-30,669,0.0,5.0,5,5.918402777777778
2011-12-31,670,0.0,5.0,5,5.88013599537037
2012-01-31,671,0.0,5.0,4,5.843463662229938
2012-02-29,672,0.0,5.0,4,5.766652676303691
2012-03-31,673,0.0,5.0,4,5.693042148124371
2012-04-30,674,0.0,5.0,4,5.622498725285856
2012-05-31,675,0.0,5.0,4,5.554894611732279
2012-06-30,676,0.0,5.0,4,5.490107336243435
2012-07-31,677,0.0,5.0,4,5.428019530566625
2012-08-31,678,0.0,5.0,4,5.368518716793016
2012-09-30,679,0.0,5.0,4,5.311497103593307
2012-10-31,680,0.0,5.0,4,5.256851390943587
2012-11-30,681,0.0,5.0,4,5.2044825829876045
2012-12-31,682,0.0,5.0,4,5.154295808696455
2013-01-31,683,0.0,5.0,5,5.106200150000769
2013-02-28,684,0.0,5.0,5,5.1017751437507375
2013-03-31,685,0.0,5.0,5,5.097534512761123
2013-04-30,686,0.0,5.0,5,5.09347057472941
2013-05-31,687,0.0,5.0,5,5.089575967449018
2013-06-30,688,0.0,5.0,5,5.085843635471975
2013-07-31,689,0.0,5.0,5,5.08226681732731
2013-08-31,690,0.0,5.0,5,5.078839033272005
2013-09-30,691,0.0,5.0,5,5.075554073552338
2013-10-31,692,0.0,5.0,5,5.0724059871543234
2013-11-30,693,0.0,5.0,5,5.0693890710228935
2013-12-31,694,0.0,5.0,5,5.066497859730273
2014-01-31,695,0.0,5.0,5,5.063727115574845
2014-02-28,696,0.0,5.0,5,5.061071819092559
2014-03-31,697,0.0,5.0,6,5.0585271599637025
2014-04-30,698,0.0,5.0,6,5.097755194965215
2014-05-31,699,0.0,5.0,11,5.1353487285083315
2014-06-30,700,0.0,5.0,16,5.379709198153818
2014-07-31,701,0.0,5.0,17,5.822221314897409
2014-08-31,702,0.0,5.0,16,6.28796209344335
2014-09-30,703,0.0,5.0,16,6.692630339549877
2014-10-31,704,0.0,5.0,16,7.0804374087353
2014-11-30,705,0.0,5.0,16,7.452085850037996
2014-12-31,706,0.0,5.0,16,7.808248939619746
2015-01-31,707,0.0,5.0,18,8.149571900468924
2015-02-28,708,0.0,5.0,18,8.560006404616054
2015-03-31,709,0.0,5.0,18,8.953339471090386
2015-04-30,710,0.0,5.0,16,9.330283659794954
2015-05-31,711,0.0,5.0,22,9.608188507303497
2015-06-30,712,0.0,5.0,22,10.124513986165852
2015-07-31,713,0.0,5.0,22,10.61932590340894
2015-08-31,714,0.0,5.0,22,11.093520657433567
2015-09-30,715,0.0,5.0,23,11.547957296707168
2015-10-31,716,0.0,5.0,23,12.025125742677703
2015-11-30,717,0.0,5.0,23,12.482412170066134
2015-12-31,718,0.0,5.0,23,12.92064499631338
2016-01-31,719,0.0,5.0,21,13.34061812146699
2016-02-29,720,0.0,5.0,22,13.659759033072532
2016-03-31,721,0.0,5.0,21,14.007269073361178
2016-04-30,722,0.0,5.0,22,14.298632861971129
2016-05-31,723,0.0,5.0,21,14.619523159388999
2016-06-30,724,0.0,5.0,19,14.885376361081125
2016-07-31,725,0.0,5.0,20,15.056819012702745
2016-08-31,726,0.0,5.0,21,15.262784887173465
2016-09-30,727,0.0,5.0,21,15.501835516874571
2016-10-31,728,0.0,5.0,21,15.730925703671465
2016-11-30,729,0.0,5.0,21,15.950470466018489
2016-12-31,730,0.0,5.0,21,16.160867529934386
2017-01-31,731,0.0,5.0,21,16.362498049520454
2017-02-28,732,0.0,5.0,21,16.555727297457103
2017-03-31,733,0.0,5.0,21,16.740905326729724
2017-04-30,734,0.0,5.0,21,16.918367604782652
2017-05-31,735,0.0,5.0,23,17.088435621250042
2017-06-30,736,0.0,5.0,25,17.334750803697958
2017-07-31,737,0.0,5.0,26,17.65413618687721
2017-08-31,738,0.0,5.0,29,18.00188051242399
2017-09-30,739,0.0,5.0,30,18.46013549107299
2017-10-31,740,0.0,5.0,28,18.940963178944948
2017-11-30,741,0.0,5.0,28,19.31842304648891
2017-12-31,742,0.0,5.0,27,19.680155419551873
2018-01-31,743,0.0,5.0,27,19.98514894373721
2018-02-28,744,0.0,5.0,28,20.27743440441483
2018-03-31,745,0.0,5.0,28,20.59920797089755
2018-04-30,746,0.0,5.0,30,20.907574305443486
2018-05-31,747,0.0,5.0,30,21.28642537605001
2018-06-30,748,0.0,5.0,30,21.64949098538126
2018-07-31,749,0.0,5.0,29,21.997428860990375
2018-08-31,750,0.0,5.0,31,22.28920265844911
2018-09-30,751,0.0,5.0,32,22.652152547680398
2018-10-31,752,0.0,5.0,32,23.041646191527047
2018-11-30,753,0.0,5.0,31,23.414910933546754
2018-12-31,754,0.0,5.0,34,23.73095631131564
2019-01-31,755,0.0,5.0,34,24.15883313167749
2019-02-28,756,0.0,5.0,33,24.56888175119093
2019-03-31,757,0.0,5.0,33,24.92017834489131
2019-04-30,758,0.0,5.0,35,25.256837580520838
2019-05-31,759,0.0,5.0,35,25.66280268133247
2019-06-30,760,0.0,5.0,37,26.051852569610283
2019-07-31,761,0.0,5.0,35,26.508025379209858
2019-08-31,762,0.0,5.0,38,26.861857655076115
2019-09-30,763,0.0,5.0,37,27.325946919447944
2019-10-31,764,0.0,5.0,37,27.729032464470947
2019-11-30,765,0.0,5.0,35,28.115322778451326
2019-12-31,766,0.0,5.0,39,28.402184329349186
2020-01-31,767,0.0,5.0,40,28.843759982292973
2020-02-29,768,0.0,5.0,42,29.308603316364103
2020-03-31,769,0.0,5.0,41,29.8374115115156
2020-04-30,770,0.0,5.0,40,30.30251936520245
2020-05-31,771,0.0,5.0,40,30.706581058319017
2020-06-30,772,0.0,5.0,40,31.093806847555726
2020-07-31,773,0.0,5.0,40,31.464898228907572
2020-08-31,774,0.0,5.0,40,31.820527469369758
2020-09-30,775,0.0,5.0,41,32.16133882481269
2020-10-31,776,0.0,5.0,39,32.52961637377883
2020-11-30,777,0.0,5.0,43,32.799215691538045
2020-12-31,778,0.0,5.0,44,33.22424837105729
2021-01-31,779,0.0,5.0,44,33.67323802226324
2021-02-28,780,0.0,5.0,44,34.10351977133561
2021-03-31,781,0.0,5.0,44,34.51587311419663
2021-04-30,782,0.0,5.0,44,34.911045067771774
2021-05-31,783,0.0,5.0,44,35.28975152328129
2021-06-30,784,0.0,5.0,44,35.652678543144575
2021-07-31,785,0.0,5.0,45,36.00048360384689
2021-08-31,786,0.0,5.0,47,36.3754634536866
2021-09-30,787,0.0,5.0,48,36.81815247644966
2021-10-31,788,0.0,5.0,47,37.28406278993093
2021-11-30,789,0.0,5.0,49,37.68889350701714
2021-12-31,790,0.0,5.0,45,38.16018961089143
2022-01-31,791,0.0,5.0,45,38.44518171043762
2022-02-28,792,0.0,5.0,45,38.71829913916939
2022-03-31,793,0.0,5.0,44,38.98003667503733
2022-04-30,794,0.0,5.0,46,39.18920181357745
2022-05-31,795,0.0,5.0,44,39.47298507134505
2022-06-30,796,0.0,5.0,46,39.661610693372346
2022-07-31,797,0.0,5.0,47,39.92571024781516
2022-08-31,798,0.0,5.0,48,40.220472320822864
2022-09-30,799,0.0,5.0,48,40.54461930745525
2022-10-31,800,0.0,5.0,47,40.855260169644616
2022-11-30,801,0.0,5.0,47,41.11129099590943
2022-12-31,802,0.0,5.0,47,41.35665387107987
2023-01-31,803,0.0,5.0,48,41.591793293118215
2023-02-28,804,0.0,5.0,47,41.858801905904954
2023-03-31,805,0.0,5.0,49,42.07301849315892
2023-04-30,806,0.0,5.0,48,42.36164272261063
2023-05-31,807,0.0,5.0,48,42.59657427583519
2023-06-30,808,0.0,5.0,49,42.821717014342056
2023-07-31,809,0.0,5.0,49,43.079145472077805
2010-02-28,810,1.0,11.0,1383,1383.0
2010-03-31,811,1.0,11.0,1377,1383.0
2010-04-30,812,1.0,11.0,1348,1382.75
2010-05-31,813,1.0,11.0,1365,1381.3020833333335
2010-06-30,814,1.0,11.0,1404,1380.6228298611113
2010-07-31,815,1.0,11.0,1409,1381.5968786168985
2010-08-31,816,1.0,11.0,1414,1382.7386753411943
2010-09-30,817,1.0,11.0,1435,1384.0412305353113
2010-10-31,818,1.0,11.0,1428,1386.1645125963403
2010-11-30,819,1.0,11.0,1347,1387.9076579048262
2010-12-31,820,1.0,11.0,1444,1386.2031721587919
2011-01-31,821,1.0,11.0,1466,1388.6113733188424
2011-02-28,822,1.0,11.0,1480,1391.8358994305572
2011-03-31,823,1.0,11.0,1497,1395.5094036209507
2011-04-30,824,1.0,11.0,1544,1399.7381784700779
2011-05-31,825,1.0,11.0,1564,1405.7490877004911
2011-06-30,826,1.0,11.0,1562,1412.342875712971
2011-07-31,827,1.0,11.0,1517,1418.5785892249305
2011-08-31,828,1.0,11.0,1518,1422.6794813405584
2011-09-30,829,1.0,11.0,1492,1426.651169618035
2011-10-31,830,1.0,11.0,1365,1429.374037550617
2011-11-30,831,1.0,11.0,1374,1426.691785986008
2011-12-31,832,1.0,11.0,1361,1424.4962949032576
2012-01-31,833,1.0,11.0,1382,1421.8506159489552
2012-02-29,834,1.0,11.0,1401,1420.1901736177488
2012-03-31,835,1.0,11.0,1412,1419.3905830503427
2012-04-30,836,1.0,11.0,1442,1419.0826420899118
2012-05-31,837,1.0,11.0,1484,1420.0375320028322
2012-06-30,838,1.0,11.0,1451,1422.7026348360475
2012-07-31,839,1.0,11.0,1435,1423.8816917178788
2012-08-31,840,1.0,11.0,1337,1424.3449545629674
2012-09-30,841,1.0,11.0,1356,1420.705581456177
2012-10-31,842,1.0,11.0,1359,1418.0095155621698
2012-11-30,843,1.0,11.0,1355,1415.5507857470793
2012-12-31,844,1.0,11.0,1363,1413.027836340951
2013-01-31,845,1.0,11.0,1368,1410.943343160078
2013-02-28,846,1.0,11.0,1389,1409.1540371950748
2013-03-31,847,1.0,11.0,1454,1408.31428564528
2013-04-30,848,1.0,11.0,1446,1410.2178570767267
2013-05-31,849,1.0,11.0,1467,1411.7087796985297
2013-06-30,850,1.0,11.0,1450,1414.0125805444243
2013-07-31,851,1.0,11.0,1451,1415.5120563550734
2013-08-31,852,1.0,11.0,1444,1416.990720673612
2013-09-30,853,1.0,11.0,1454,1418.1161073122116
2013-10-31,854,1.0,11.0,1449,1419.611269507536
2013-11-30,855,1.0,11.0,1432,1420.835799944722
2013-12-31,856,1.0,11.0,1439,1421.3009749470255
2014-01-31,857,1.0,11.0,1440,1422.0384343242326
2014-02-28,858,1.0,11.0,1450,1422.7868328940563
2014-03-31,859,1.0,11.0,1457,1423.9207148568041
2014-04-30,860,1.0,11.0,1465,1425.2990184044372
2014-05-31,861,1.0,11.0,1442,1426.9532259709192
2014-06-30,862,1.0,11.0,1445,1427.5801748887975
2014-07-31,863,1.0,11.0,1442,1428.3060009350975
2014-08-31,864,1.0,11.0,1423,1428.8765842294683
2014-09-30,865,1.0,11.0,1426,1428.6317265532407
2014-10-31,866,1.0,11.0,1407,1428.522071280189
2014-11-30,867,1.0,11.0,1393,1427.6253183101812
2014-12-31,868,1.0,11.0,1391,1426.1825967139239
2015-01-31,869,1.0,11.0,1385,1424.716655184177
2015-02-28,870,1.0,11.0,1393,1423.0617945515028
2015-03-31,871,1.0,11.0,1388,1421.8092197785236
2015-04-30,872,1.0,11.0,1398,1420.4005022877518
2015-05-31,873,1.0,11.0,1412,1419.4671480257623
2015-06-30,874,1.0,11.0,1394,1419.1560168580222
2015-07-31,875,1.0,11.0,1441,1418.107849488938
2015-08-31,876,1.0,11.0,1446,1419.0616890935657
2015-09-30,877,1.0,11.0,1427,1420.1841187146672
2015-10-31,878,1.0,11.0,1374,1420.4681137682228
2015-11-30,879,1.0,11.0,1346,1418.5319423612136
2015-12-31,880,1.0,11.0,1334,1415.509778096163
2016-01-31,881,1.0,11.0,1329,1412.1135373421562
2016-02-29,882,1.0,11.0,1340,1408.6504732862331
2016-03-31,883,1.0,11.0,1346,1405.7900368993066
2016-04-30,884,1.0,11.0,1349,1403.2987853618356
2016-05-31,885,1.0,11.0,1375,1401.0363359717592
2016-06-30,886,1.0,11.0,1350,1399.9514886396028
2016-07-31,887,1.0,11.0,1340,1397.8701766129527
2016-08-31,888,1.0,11.0,1367,1395.4589192540798
2016-09-30,889,1.0,11.0,1364,1394.2731309518265
2016-10-31,890,1.0,11.0,1369,1393.0117504955003
2016-11-30,891,1.0,11.0,1363,1392.0112608915213
2016-12-31,892,1.0,11.0,1328,1390.8024583543747
2017-01-31,893,1.0,11.0,1375,1388.1856892562757
2017-02-28,894,1.0,11.0,1426,1387.6362855372645
2017-03-31,895,1.0,11.0,1528,1389.2347736398785
2017-04-30,896,1.0,11.0,1570,1395.0166580715504
2017-05-31,897,1.0,11.0,1613,1402.3076306519026
2017-06-30,898,1.0,11.0,1637,1411.08647937474
2017-07-31,899,1.0,11.0,1567,1420.499542734126
2017-08-31,900,1.0,11.0,1527,1426.6037284535375
2017-09-30,901,1.0,11.0,1527,1430.7869064346403
2017-10-31,902,1.0,11.0,1548,1434.795785333197
2017-11-30,903,1.0,11.0,1524,1439.5126276109806
2017-12-31,904,1.0,11.0,1302,1443.0329347938566
2018-01-31,905,1.0,11.0,1337,1437.1565625107794
2018-02-28,906,1.0,11.0,1342,1432.9833724061637
2018-03-31,907,1.0,11.0,1373,1429.192398555907
2018-04-30,908,1.0,11.0,1398,1426.8510486160774
2018-05-31,909,1.0,11.0,1398,1425.6489215904076
2018-06-30,910,1.0,11.0,1430,1424.4968831908072
2018-07-31,911,1.0,11.0,1393,1424.7261797245235
2018-08-31,912,1.0,11.0,1442,1423.4042555693352
2018-09-30,913,1.0,11.0,1453,1424.1790782539463
2018-10-31,914,1.0,11.0,1394,1425.3799499933652
2018-11-30,915,1.0,11.0,1388,1424.072452076975
2018-12-31,916,1.0,11.0,1388,1422.5694332404344
2019-01-31,917,1.0,11.0,1403,1421.1290401887495
2019-02-28,918,1.0,11.0,1398,1420.3736635142182
2019-03-31,919,1.0,11.0,1411,1419.441427534459
2019-04-30,920,1.0,11.0,1369,1419.0897013871902
2019-05-31,921,1.0,11.0,1384,1417.0026304960575
2019-06-30,922,1.0,11.0,1343,1415.6275208920551
2019-07-31,923,1.0,11.0,1327,1412.6013741882196
2019-08-31,924,1.0,11.0,1323,1409.0346502637105
2019-09-30,925,1.0,11.0,1334,1405.4498731693893
2019-10-31,926,1.0,11.0,1332,1402.4727951206648
2019-11-30,927,1.0,11.0,1284,1399.5364286573038
2019-12-31,928,1.0,11.0,1368,1394.7224107965828
2020-01-31,929,1.0,11.0,1399,1393.608977013392
2020-02-29,930,1.0,11.0,1396,1393.8336029711675
2020-03-31,931,1.0,11.0,1382,1393.9238695140357
2020-04-30,932,1.0,11.0,1404,1393.4270416176175
2020-05-31,933,1.0,11.0,1392,1393.8675815502168
2020-06-30,934,1.0,11.0,1385,1393.7897656522912
2020-07-31,935,1.0,11.0,1410,1393.423525416779
2020-08-31,936,1.0,11.0,1402,1394.1142118577466
2020-09-30,937,1.0,11.0,1396,1394.442786363674
2020-10-31,938,1.0,11.0,1363,1394.5076702651877
2020-11-30,939,1.0,11.0,1366,1393.194850670805
2020-12-31,940,1.0,11.0,1363,1392.0617318928548
2021-01-31,941,1.0,11.0,1360,1390.8508263973192
2021-02-28,942,1.0,11.0,1358,1389.565375297431
2021-03-31,943,1.0,11.0,1377,1388.2501513267048
2021-04-30,944,1.0,11.0,1371,1387.7813950214254
2021-05-31,945,1.0,11.0,1382,1387.082170228866
2021-06-30,946,1.0,11.0,1494,1386.8704131359966
2021-07-31,947,1.0,11.0,1555,1391.3341459219969
2021-08-31,948,1.0,11.0,1516,1398.1535565085806
2021-09-30,949,1.0,11.0,1492,1403.0638249873898
2021-10-31,950,1.0,11.0,1487,1406.7694989462486
2021-11-30,951,1.0,11.0,1464,1410.112436490155
2021-12-31,952,1.0,11.0,1492,1412.3577516363987
2022-01-31,953,1.0,11.0,1476,1415.676178651549
2022-02-28,954,1.0,11.0,1458,1418.1896712077346
2022-03-31,955,1.0,11.0,1447,1419.8484349074124
2022-04-30,956,1.0,11.0,1451,1420.9797501196038
2022-05-31,957,1.0,11.0,1444,1422.2305938646202
2022-06-30,958,1.0,11.0,1414,1423.1376524535945
2022-07-31,959,1.0,11.0,1439,1422.7569169346948
2022-08-31,960,1.0,11.0,1490,1423.433712062416
2022-09-30,961,1.0,11.0,1488,1426.2073073931485
2022-10-31,962,1.0,11.0,1495,1428.782002918434
2022-11-30,963,1.0,11.0,1504,1431.5410861301661
2022-12-31,964,1.0,11.0,1530,1434.5602075414095
2023-01-31,965,1.0,11.0,1550,1438.5368655605175
2023-02-28,966,1.0,11.0,1516,1443.1811628288292
2023-03-31,967,1.0,11.0,1522,1446.2152810442947
2023-04-30,968,1.0,11.0,1508,1449.3729776674493
2023-05-31,969,1.0,11.0,1561,1451.8157702646388
2023-06-30,970,1.0,11.0,1559,1456.365113170279
2023-07-31,971,1.0,11.0,1574,1460.641566788184
2010-02-28,972,1.0,12.0,5,5.0
2010-03-31,973,1.0,12.0,5,5.0
2010-04-30,974,1.0,12.0,5,5.0
2010-05-31,975,1.0,12.0,5,5.0
2010-06-30,976,1.0,12.0,5,5.0
2010-07-31,977,1.0,12.0,5,5.0
2010-08-31,978,1.0,12.0,5,5.0
2010-09-30,979,1.0,12.0,5,5.0
2010-10-31,980,1.0,12.0,5,5.0
2010-11-30,981,1.0,12.0,5,5.0
2010-12-31,982,1.0,12.0,5,5.0
2011-01-31,983,1.0,12.0,4,5.0
2011-02-28,984,1.0,12.0,4,4.958333333333334
2011-03-31,985,1.0,12.0,4,4.918402777777779
2011-04-30,986,1.0,12.0,4,4.880135995370372
2011-05-31,987,1.0,12.0,4,4.84346366222994
2011-06-30,988,1.0,12.0,4,4.80831934297036
2011-07-31,989,1.0,12.0,4,4.774639370346595
2011-08-31,990,1.0,12.0,4,4.742362729915487
2011-09-30,991,1.0,12.0,4,4.7114309495023425
2011-10-31,992,1.0,12.0,4,4.681787993273079
2011-11-30,993,1.0,12.0,4,4.653380160220034
2011-12-31,994,1.0,12.0,4,4.626155986877533
2012-01-31,995,1.0,12.0,4,4.60006615409097
2012-02-29,996,1.0,12.0,4,4.5750633976705135
2012-03-31,997,1.0,12.0,4,4.551102422767576
2012-04-30,998,1.0,12.0,4,4.528139821818927
2012-05-31,999,1.0,12.0,4,4.5061339959098055
2012-06-30,1000,1.0,12.0,4,4.485045079413564
2012-07-31,1001,1.0,12.0,4,4.464834867771333
2012-08-31,1002,1.0,12.0,4,4.445466748280861
2012-09-30,1003,1.0,12.0,4,4.426905633769159
2012-10-31,1004,1.0,12.0,4,4.409117899028778
2012-11-30,1005,1.0,12.0,4,4.39207131990258
2012-12-31,1006,1.0,12.0,4,4.375735014906639
2013-01-31,1007,1.0,12.0,4,4.36007938928553
2013-02-28,1008,1.0,12.0,5,4.345076081398633
2013-03-31,1009,1.0,12.0,5,4.372364578007024
2013-04-30,1010,1.0,12.0,5,4.398516053923397
2013-05-31,1011,1.0,12.0,5,4.423577885009922
2013-06-30,1012,1.0,12.0,5,4.447595473134508
2013-07-31,1013,1.0,12.0,5,4.47061232842057
2013-08-31,1014,1.0,12.0,5,4.492670148069712
2013-09-30,1015,1.0,12.0,5,4.513808891900141
2013-10-31,1016,1.0,12.0,6,4.5340668547376355
2013-11-30,1017,1.0,12.0,6,4.595147402456901
2013-12-31,1018,1.0,12.0,6,4.65368292735453
2014-01-31,1019,1.0,12.0,6,4.709779472048091
2014-02-28,1020,1.0,12.0,6,4.763538660712754
2014-03-31,1021,1.0,12.0,5,4.815057883183057
2014-04-30,1022,1.0,12.0,5,4.822763804717096
2014-05-31,1023,1.0,12.0,4,4.830148646187217
2014-06-30,1024,1.0,12.0,6,4.79555911926275
2014-07-31,1025,1.0,12.0,6,4.845744155960135
2014-08-31,1026,1.0,12.0,6,4.893838149461796
2014-09-30,1027,1.0,12.0,6,4.939928226567555
2014-10-31,1028,1.0,12.0,5,4.984097883793907
2014-11-30,1029,1.0,12.0,5,4.98476047196916
2014-12-31,1030,1.0,12.0,4,4.985395452303779
2015-01-31,1031,1.0,12.0,4,4.944337308457788
2015-02-28,1032,1.0,12.0,5,4.904989920605381
2015-03-31,1033,1.0,12.0,5,4.90894867391349
2015-04-30,1034,1.0,12.0,5,4.912742479167094
2015-05-31,1035,1.0,12.0,4,4.916378209201798
2015-06-30,1036,1.0,12.0,4,4.8781957838183905
2015-07-31,1037,1.0,12.0,4,4.841604292825958
2015-08-31,1038,1.0,12.0,4,4.806537447291544
2015-09-30,1039,1.0,12.0,4,4.772931720321063
2015-10-31,1040,1.0,12.0,3,4.740726231974352
2015-11-30,1041,1.0,12.0,3,4.668195972308754
2015-12-31,1042,1.0,12.0,3,4.59868780679589
2016-01-31,1043,1.0,12.0,3,4.532075814846061
2016-02-29,1044,1.0,12.0,3,4.468239322560808
2016-03-31,1045,1.0,12.0,3,4.407062684120774
2016-04-30,1046,1.0,12.0,3,4.348435072282409
2016-05-31,1047,1.0,12.0,3,4.2922502776039755
2016-06-30,1048,1.0,12.0,3,4.238406516037143
2016-07-31,1049,1.0,12.0,3,4.186806244535596
2016-08-31,1050,1.0,12.0,2,4.1373559843466134
2016-09-30,1051,1.0,12.0,2,4.048299484998838
2016-10-31,1052,1.0,12.0,2,3.9629536731238866
2016-11-30,1053,1.0,12.0,1,3.8811639367437247
2016-12-31,1054,1.0,12.0,2,3.761115439379403
2017-01-31,1055,1.0,12.0,2,3.6877356294052612
2017-02-28,1056,1.0,12.0,2,3.6174133115133755
2017-03-31,1057,1.0,12.0,3,3.5500210902003184
2017-04-30,1058,1.0,12.0,3,3.527103544775305
2017-05-31,1059,1.0,12.0,3,3.5051408970763345
2017-06-30,1060,1.0,12.0,3,3.484093359698154
2017-07-31,1061,1.0,12.0,3,3.4639228030440643
2017-08-31,1062,1.0,12.0,3,3.444592686250562
2017-09-30,1063,1.0,12.0,3,3.4260679909901217
2017-10-31,1064,1.0,12.0,3,3.4083151580322
2017-11-30,1065,1.0,12.0,3,3.391302026447525
2017-12-31,1066,1.0,12.0,3,3.374997775345545
2018-01-31,1067,1.0,12.0,3,3.3593728680394808
2018-02-28,1068,1.0,12.0,7,3.344398998537836
2018-03-31,1069,1.0,12.0,8,3.496715706932093
2018-04-30,1070,1.0,12.0,10,3.6843525524765894
2018-05-31,1071,1.0,12.0,16,3.9475045294567317
2018-06-30,1072,1.0,12.0,18,4.449691840729368
2018-07-31,1073,1.0,12.0,17,5.014288014032312
2018-08-31,1074,1.0,12.0,19,5.513692680114299
2018-09-30,1075,1.0,12.0,19,6.075622151776203
2018-10-31,1076,1.0,12.0,19,6.614137895452195
2018-11-30,1077,1.0,12.0,19,7.130215483141688
2018-12-31,1078,1.0,12.0,20,7.624789838010785
2019-01-31,1079,1.0,12.0,20,8.140423594760335
2019-02-28,1080,1.0,12.0,23,8.634572611645321
2019-03-31,1081,1.0,12.0,22,9.2331320861601
2019-04-30,1082,1.0,12.0,37,9.76508491590343
2019-05-31,1083,1.0,12.0,32,10.899873044407453
2019-06-30,1084,1.0,12.0,32,11.779045000890477
2019-07-31,1085,1.0,12.0,29,12.621584792520041
2019-08-31,1086,1.0,12.0,28,13.304018759498375
2019-09-30,1087,1.0,12.0,29,13.916351311185942
2019-10-31,1088,1.0,12.0,29,14.544836673219862
2019-11-30,1089,1.0,12.0,28,15.147135145169036
2019-12-31,1090,1.0,12.0,28,15.682671180786993
2020-01-31,1091,1.0,12.0,13,16.19589321492087
2020-02-29,1092,1.0,12.0,13,16.0627309976325
2020-03-31,1093,1.0,12.0,13,15.93511720606448
2020-04-30,1094,1.0,12.0,12,15.812820655811793
2020-05-31,1095,1.0,12.0,12,15.653953128486302
2020-06-30,1096,1.0,12.0,11,15.50170508146604
2020-07-31,1097,1.0,12.0,11,15.314134036404957
2020-08-31,1098,1.0,12.0,12,15.13437845155475
2020-09-30,1099,1.0,12.0,12,15.003779349406637
2020-10-31,1100,1.0,12.0,12,14.878621876514694
2020-11-30,1101,1.0,12.0,9,14.758679298326582
2020-12-31,1102,1.0,12.0,9,14.518734327562974
2021-01-31,1103,1.0,12.0,9,14.288787063914517
2021-02-28,1104,1.0,12.0,10,14.068420936251414
2021-03-31,1105,1.0,12.0,9,13.898903397240938
2021-04-30,1106,1.0,12.0,19,13.6947824223559
2021-05-31,1107,1.0,12.0,21,13.915833154757737
2021-06-30,1108,1.0,12.0,19,14.211006773309498
2021-07-31,1109,1.0,12.0,18,14.410548157754935
2021-08-31,1110,1.0,12.0,19,14.560108651181814
2021-09-30,1111,1.0,12.0,18,14.745104124049238
2021-10-31,1112,1.0,12.0,18,14.880724785547187
2021-11-30,1113,1.0,12.0,19,15.010694586149388
2021-12-31,1114,1.0,12.0,21,15.17691564505983
2022-01-31,1115,1.0,12.0,21,15.419544159849005
2022-02-28,1116,1.0,12.0,19,15.65206315318863
2022-03-31,1117,1.0,12.0,18,15.79156052180577
2022-04-30,1118,1.0,12.0,18,15.883578833397197
2022-05-31,1119,1.0,12.0,18,15.971763048672313
2022-06-30,1120,1.0,12.0,11,16.0562729216443
2022-07-31,1121,1.0,12.0,13,15.845594883242455
2022-08-31,1122,1.0,12.0,12,15.72702842977402
2022-09-30,1123,1.0,12.0,12,15.571735578533437
2022-10-31,1124,1.0,12.0,13,15.422913262761211
2022-11-30,1125,1.0,12.0,12,15.321958543479495
2022-12-31,1126,1.0,12.0,14,15.18354360416785
2023-01-31,1127,1.0,12.0,14,15.134229287327525
2023-02-28,1128,1.0,12.0,14,15.086969733688878
2023-03-31,1129,1.0,12.0,14,15.04167932811851
2023-04-30,1130,1.0,12.0,16,14.99827602278024
2023-05-31,1131,1.0,12.0,17,15.040014521831063
2023-06-30,1132,1.0,12.0,19,15.121680583421437
2023-07-31,1133,1.0,12.0,21,15.283277225778876
2010-02-28,1134,1.0,13.0,756,756.0
2010-03-31,1135,1.0,13.0,796,756.0
2010-04-30,1136,1.0,13.0,825,757.6666666666666
2010-05-31,1137,1.0,13.0,805,760.4722222222222
2010-06-30,1138,1.0,13.0,832,762.3275462962962
2010-07-31,1139,1.0,13.0,875,765.2305652006172
2010-08-31,1140,1.0,13.0,902,769.8042916505916
2010-09-30,1141,1.0,13.0,926,775.3124461651504
2010-10-31,1142,1.0,13.0,908,781.5910942416025
2010-11-30,1143,1.0,13.0,814,786.8581319815357
2010-12-31,1144,1.0,13.0,862,787.9890431489717
2011-01-31,1145,1.0,13.0,911,791.0728330177645
2011-02-28,1146,1.0,13.0,1203,796.0697983086911
2011-03-31,1147,1.0,13.0,1267,813.0252233791624
2011-04-30,1148,1.0,13.0,1269,831.9408390716973
2011-05-31,1149,1.0,13.0,1366,850.1516374437099
2011-06-30,1150,1.0,13.0,1386,871.6453192168887
2011-07-31,1151,1.0,13.0,1407,893.0767642495183
2011-08-31,1152,1.0,13.0,1389,914.4902324057884
2011-09-30,1153,1.0,13.0,1400,934.261472722214
2011-10-31,1154,1.0,13.0,1492,953.6672446921218
2011-11-30,1155,1.0,13.0,1450,976.0977761632834
2011-12-31,1156,1.0,13.0,1446,995.8437021564799
2012-01-31,1157,1.0,13.0,1520,1014.6002145666266
2012-02-29,1158,1.0,13.0,1549,1035.658538959684
2012-03-31,1159,1.0,13.0,1588,1057.0477665030305
2012-04-30,1160,1.0,13.0,1615,1079.170776232071
2012-05-31,1161,1.0,13.0,1580,1101.496993889068
2012-06-30,1162,1.0,13.0,1567,1121.4346191436903
2012-07-31,1163,1.0,13.0,1559,1139.9998433460366
2012-08-31,1164,1.0,13.0,1602,1157.4581832066185
2012-09-30,1165,1.0,13.0,1618,1175.9807589063428
2012-10-31,1166,1.0,13.0,1607,1194.3982272852452
2012-11-30,1167,1.0,13.0,1599,1211.5899678150265
2012-12-31,1168,1.0,13.0,1579,1227.7320524894005
2013-01-31,1169,1.0,13.0,1623,1242.368216969009
2013-02-28,1170,1.0,13.0,1696,1258.2278745953004
2013-03-31,1171,1.0,13.0,1755,1276.4683798204962
2013-04-30,1172,1.0,13.0,1867,1296.4071973279756
2013-05-31,1173,1.0,13.0,1941,1320.18189743931
2013-06-30,1174,1.0,13.0,1871,1346.0493183793387
2013-07-31,1175,1.0,13.0,1729,1367.9222634468663
2013-08-31,1176,1.0,13.0,1722,1382.9671691365804
2013-09-30,1177,1.0,13.0,1634,1397.093537089223
2013-10-31,1178,1.0,13.0,1675,1406.9646397105053
2013-11-30,1179,1.0,13.0,1596,1418.1327797225676
2013-12-31,1180,1.0,13.0,1653,1425.543913900794
2014-01-31,1181,1.0,13.0,1710,1435.0212508215943
2014-02-28,1182,1.0,13.0,1795,1446.478698704028
2014-03-31,1183,1.0,13.0,1778,1461.0004195913602
2014-04-30,1184,1.0,13.0,1816,1474.2087354417201
2014-05-31,1185,1.0,13.0,1853,1488.4500381316486
2014-06-30,1186,1.0,13.0,1863,1503.6396198761634
2014-07-31,1187,1.0,13.0,1772,1518.61296904799
2014-08-31,1188,1.0,13.0,1773,1529.1707620043237
2014-09-30,1189,1.0,13.0,1669,1539.330313587477
2014-10-31,1190,1.0,13.0,1605,1544.733217187999
2014-11-30,1191,1.0,13.0,1462,1547.244333138499
2014-12-31,1192,1.0,13.0,1620,1543.692485924395
2015-01-31,1193,1.0,13.0,1602,1546.8719656775452
2015-02-28,1194,1.0,13.0,1582,1549.1689671076476
2015-03-31,1195,1.0,13.0,1571,1550.5369268114957
2015-04-30,1196,1.0,13.0,1526,1551.3895548610167
2015-05-31,1197,1.0,13.0,1606,1550.3316567418076
2015-06-30,1198,1.0,13.0,1520,1552.6511710442323
2015-07-31,1199,1.0,13.0,1574,1551.290705584056
2015-08-31,1200,1.0,13.0,1698,1552.2369261847202
2015-09-30,1201,1.0,13.0,1685,1558.3103875936904
2015-10-31,1202,1.0,13.0,1676,1563.5891214439532
2015-11-30,1203,1.0,13.0,1526,1568.272908050455
2015-12-31,1204,1.0,13.0,1714,1566.511536881686
2016-01-31,1205,1.0,13.0,1740,1572.6568895116159
2016-02-29,1206,1.0,13.0,1811,1579.6295191152985
2016-03-31,1207,1.0,13.0,1876,1589.2699558188278
2016-04-30,1208,1.0,13.0,1860,1601.2170409930434
2016-05-31,1209,1.0,13.0,1882,1611.9996642849999
2016-06-30,1210,1.0,13.0,1907,1623.249678273125
2016-07-31,1211,1.0,13.0,1993,1635.0726083450782
2016-08-31,1212,1.0,13.0,1981,1649.9862496640333
2016-09-30,1213,1.0,13.0,1945,1663.7784892613654
2016-10-31,1214,1.0,13.0,1910,1675.4960522088086
2016-11-30,1215,1.0,13.0,1676,1685.2670500334416
2016-12-31,1216,1.0,13.0,1656,1684.880922948715
2017-01-31,1217,1.0,13.0,1779,1683.6775511591852
2017-02-28,1218,1.0,13.0,2032,1687.649319860886
2017-03-31,1219,1.0,13.0,1987,1701.9972648666826
2017-04-30,1220,1.0,13.0,1955,1713.872378830571
2017-05-31,1221,1.0,13.0,1921,1723.919363045964
2017-06-30,1222,1.0,13.0,1842,1732.1310562523822
2017-07-31,1223,1.0,13.0,1818,1736.708928908533
2017-08-31,1224,1.0,13.0,1762,1740.0960568706776
2017-09-30,1225,1.0,13.0,1796,1741.0087211677328
2017-10-31,1226,1.0,13.0,1747,1743.3000244524105
2017-11-30,1227,1.0,13.0,1677,1743.454190100227
2017-12-31,1228,1.0,13.0,1661,1740.6852655127175
2018-01-31,1229,1.0,13.0,1572,1737.3650461163543
2018-02-28,1230,1.0,13.0,1558,1730.4748358615063
2018-03-31,1231,1.0,13.0,1567,1723.288384367277
2018-04-30,1232,1.0,13.0,1502,1716.776368351974
2018-05-31,1233,1.0,13.0,1489,1707.827353003975
2018-06-30,1234,1.0,13.0,1510,1698.7095466288097
2018-07-31,1235,1.0,13.0,1536,1690.8466488526094
2018-08-31,1236,1.0,13.0,1476,1684.3947051504174
2018-09-30,1237,1.0,13.0,1427,1675.7115924358168
2018-10-31,1238,1.0,13.0,1299,1665.3486094176578
2018-11-30,1239,1.0,13.0,1296,1650.0840840252554
2018-12-31,1240,1.0,13.0,1308,1635.3305805242032
2019-01-31,1241,1.0,13.0,1354,1621.6918063356948
2019-02-28,1242,1.0,13.0,1353,1610.5379810717077
2019-03-31,1243,1.0,13.0,1368,1599.8072318603865
2019-04-30,1244,1.0,13.0,1400,1590.148597199537
2019-05-31,1245,1.0,13.0,1416,1582.2257389828897
2019-06-30,1246,1.0,13.0,1411,1575.2996665252692
2019-07-31,1247,1.0,13.0,1339,1568.4538470867165
2019-08-31,1248,1.0,13.0,1384,1558.89327012477
2019-09-30,1249,1.0,13.0,1370,1551.606050536238
2019-10-31,1250,1.0,13.0,1374,1544.0391317638946
2019-11-30,1251,1.0,13.0,1371,1536.954167940399
2019-12-31,1252,1.0,13.0,1323,1530.0394109428823
2020-01-31,1253,1.0,13.0,1336,1521.4127688202623
2020-02-29,1254,1.0,13.0,1261,1513.687236786085
2020-03-31,1255,1.0,13.0,1139,1503.158601919998
2020-04-30,1256,1.0,13.0,1202,1487.9853268399982
2020-05-31,1257,1.0,13.0,1221,1476.0692715549983
2020-06-30,1258,1.0,13.0,1192,1465.4413852402067
2020-07-31,1259,1.0,13.0,1180,1454.0479941885317
2020-08-31,1260,1.0,13.0,1191,1442.6293277640098
2020-09-30,1261,1.0,13.0,1203,1432.1447724405093
2020-10-31,1262,1.0,13.0,1370,1422.5970735888216
2020-11-30,1263,1.0,13.0,1363,1420.405528855954
2020-12-31,1264,1.0,13.0,1400,1418.0136318202892
2021-01-31,1265,1.0,13.0,1208,1417.2630638277772
2021-02-28,1266,1.0,13.0,1166,1408.5437695016199
2021-03-31,1267,1.0,13.0,1109,1398.437779105719
2021-04-30,1268,1.0,13.0,1074,1386.3778716429808
2021-05-31,1269,1.0,13.0,1016,1373.36212699119
2021-06-30,1270,1.0,13.0,1063,1358.4720383665572
2021-07-31,1271,1.0,13.0,1118,1346.1607034346175
2021-08-31,1272,1.0,13.0,1104,1336.654007458175
2021-09-30,1273,1.0,13.0,1109,1326.9600904807512
2021-10-31,1274,1.0,13.0,1138,1317.8784200440532
2021-11-30,1275,1.0,13.0,1139,1310.383485875551
2021-12-31,1276,1.0,13.0,1127,1303.242507297403
2022-01-31,1277,1.0,13.0,1144,1295.8990694933445
2022-02-28,1278,1.0,13.0,1096,1289.5699415977886
2022-03-31,1279,1.0,13.0,1085,1281.5045273645476
2022-04-30,1280,1.0,13.0,1061,1273.3168387243581
2022-05-31,1281,1.0,13.0,1065,1264.4703037775098
2022-06-30,1282,1.0,13.0,1028,1256.1590411201137
2022-07-31,1283,1.0,13.0,1011,1246.6524144067755
2022-08-31,1284,1.0,13.0,992,1236.8335638064932
2022-09-30,1285,1.0,13.0,975,1226.632165314556
2022-10-31,1286,1.0,13.0,970,1216.147491759783
2022-11-30,1287,1.0,13.0,944,1205.8913462697922
2022-12-31,1288,1.0,13.0,993,1194.9792068418842
2023-01-31,1289,1.0,13.0,1012,1186.5634065568058
2023-02-28,1290,1.0,13.0,878,1179.2899312836057
2023-03-31,1291,1.0,13.0,936,1166.7361841467887
2023-04-30,1292,1.0,13.0,926,1157.1221764740058
2023-05-31,1293,1.0,13.0,917,1147.4920857875888
2023-06-30,1294,1.0,13.0,913,1137.8882488797726
2023-07-31,1295,1.0,13.0,872,1128.517905176449
2010-02-28,1296,1.0,14.0,9,
2010-03-31,1297,1.0,14.0,9,
2010-04-30,1298,1.0,14.0,9,
2010-05-31,1299,1.0,14.0,10,
2010-06-30,1300,1.0,14.0,11,
2019-05-31,1301,1.0,14.0,1,
2019-06-30,1302,1.0,14.0,1,
2021-04-30,1303,1.0,14.0,1,
2021-05-31,1304,1.0,14.0,1,
2021-06-30,1305,1.0,14.0,1,
2021-07-31,1306,1.0,14.0,1,
2021-08-31,1307,1.0,14.0,1,
2021-09-30,1308,1.0,14.0,1,
2021-10-31,1309,1.0,14.0,3,
2021-11-30,1310,1.0,14.0,2,
2021-12-31,1311,1.0,14.0,2,
2022-01-31,1312,1.0,14.0,2,
2022-02-28,1313,1.0,14.0,4,
2022-03-31,1314,1.0,14.0,6,
2022-04-30,1315,1.0,14.0,8,
2022-05-31,1316,1.0,14.0,11,
2022-06-30,1317,1.0,14.0,12,
2022-07-31,1318,1.0,14.0,14,
2022-08-31,1319,1.0,14.0,24,
2022-09-30,1320,1.0,14.0,30,
2022-10-31,1321,1.0,14.0,37,
2022-11-30,1322,1.0,14.0,40,
2022-12-31,1323,1.0,14.0,43,
2023-01-31,1324,1.0,14.0,57,
2023-02-28,1325,1.0,14.0,68,
2023-03-31,1326,1.0,14.0,73,
2023-04-30,1327,1.0,14.0,88,
2023-05-31,1328,1.0,14.0,98,
2023-06-30,1329,1.0,14.0,111,
2023-07-31,1330,1.0,14.0,117,
2010-02-28,1331,2.0,20.0,61750,61750.0
2010-03-31,1332,2.0,20.0,62052,61750.0
2010-04-30,1333,2.0,20.0,61687,61762.583333333336
2010-05-31,1334,2.0,20.0,61061,61759.43402777778
2010-06-30,1335,2.0,20.0,60941,61730.33260995371
2010-07-31,1336,2.0,20.0,61090,61697.44375120564
2010-08-31,1337,2.0,20.0,61447,61672.133594905405
2010-09-30,1338,2.0,20.0,62279,61662.753028451014
2010-10-31,1339,2.0,20.0,63479,61688.429985598894
2010-11-30,1340,2.0,20.0,63458,61763.03706953228
2010-12-31,1341,2.0,20.0,64120,61833.660524968436
2011-01-31,1342,2.0,20.0,64226,61928.924669761414
2011-02-28,1343,2.0,20.0,64246,62024.636141854695
2011-03-31,1344,2.0,20.0,64516,62117.192969277414
2011-04-30,1345,2.0,20.0,63641,62217.143262224185
2011-05-31,1346,2.0,20.0,63455,62276.47062629818
2011-06-30,1347,2.0,20.0,63227,62325.57601686909
2011-07-31,1348,2.0,20.0,63764,62363.13534949955
2011-08-31,1349,2.0,20.0,63740,62421.50470993707
2011-09-30,1350,2.0,20.0,64236,62476.442013689695
2011-10-31,1351,2.0,20.0,65036,62549.75692978596
2011-11-30,1352,2.0,20.0,64479,62653.350391044885
2011-12-31,1353,2.0,20.0,64626,62729.41912475135
2012-01-31,1354,2.0,20.0,63708,62808.443327886715
2012-02-29,1355,2.0,20.0,64806,62845.92485589144
2012-03-31,1356,2.0,20.0,65066,62927.594653562635
2012-04-30,1357,2.0,20.0,64403,63016.69487633086
2012-05-31,1358,2.0,20.0,64243,63074.45758981708
2012-06-30,1359,2.0,20.0,64453,63123.14685690804
2012-07-31,1360,2.0,20.0,64486,63178.55740453687
2012-08-31,1361,2.0,20.0,64821,63233.03417934784
2012-09-30,1362,2.0,20.0,65440,63299.19942187501
2012-10-31,1363,2.0,20.0,65408,63388.39944596355
2012-11-30,1364,2.0,20.0,65748,63472.549469048405
2012-12-31,1365,2.0,20.0,65516,63567.35990783806
2013-01-31,1366,2.0,20.0,65846,63648.55324501148
2013-02-28,1367,2.0,20.0,65997,63740.11352646934
2013-03-31,1368,2.0,20.0,66684,63834.15046286645
2013-04-30,1369,2.0,20.0,66428,63952.894193580345
2013-05-31,1370,2.0,20.0,67366,64056.023602181165
2013-06-30,1371,2.0,20.0,68427,64193.939285423614
2013-07-31,1372,2.0,20.0,69309,64370.316815197635
2013-08-31,1373,2.0,20.0,70030,64576.09528123107
2013-09-30,1374,2.0,20.0,71615,64803.34131117978
2013-10-31,1375,2.0,20.0,72304,65087.16042321396
2013-11-30,1376,2.0,20.0,71712,65387.86207224671
2013-12-31,1377,2.0,20.0,71550,65651.36781923643
2014-01-31,1378,2.0,20.0,72096,65897.14416010158
2014-02-28,1379,2.0,20.0,72168,66155.42982009734
2014-03-31,1380,2.0,20.0,72120,66405.95357759329
2014-04-30,1381,2.0,20.0,72316,66644.03884519357
2014-05-31,1382,2.0,20.0,71844,66880.37055997718
2014-06-30,1383,2.0,20.0,71845,67087.18845331146
2014-07-31,1384,2.0,20.0,72627,67285.43060109016
2014-08-31,1385,2.0,20.0,73648,67507.99599271141
2014-09-30,1386,2.0,20.0,74557,67763.8294930151
2014-10-31,1387,2.0,20.0,75181,68046.87826413948
2014-11-30,1388,2.0,20.0,74748,68344.133336467
2014-12-31,1389,2.0,20.0,75290,68610.96111411421
2015-01-31,1390,2.0,20.0,75827,68889.25440102612
2015-02-28,1391,2.0,20.0,76461,69178.3271343167
2015-03-31,1392,2.0,20.0,76819,69481.7718370535
2015-04-30,1393,2.0,20.0,77517,69787.48967717627
2015-05-31,1394,2.0,20.0,77314,70109.55260729392
2015-06-30,1395,2.0,20.0,77197,70409.73791532335
2015-07-31,1396,2.0,20.0,77978,70692.54050218489
2015-08-31,1397,2.0,20.0,78681,70996.10131459385
2015-09-30,1398,2.0,20.0,79643,71316.30542648578
2015-10-31,1399,2.0,20.0,80541,71663.25103371554
2015-11-30,1400,2.0,20.0,80180,72033.15724064407
2015-12-31,1401,2.0,20.0,80202,72372.6090222839
2016-01-31,1402,2.0,20.0,80519,72698.8336463554
2016-02-29,1403,2.0,20.0,80664,73024.67391109059
2016-03-31,1404,2.0,20.0,81025,73342.97916479515
2016-04-30,1405,2.0,20.0,81652,73663.06336626202
2016-05-31,1406,2.0,20.0,81076,73995.93572600112
2016-06-30,1407,2.0,20.0,81686,74290.93840408442
2016-07-31,1408,2.0,20.0,82190,74599.0659705809
2016-08-31,1409,2.0,20.0,82974,74915.35488847336
2016-09-30,1410,2.0,20.0,83555,75251.1317681203
2016-10-31,1411,2.0,20.0,84213,75597.12627778196
2016-11-30,1412,2.0,20.0,83235,75956.12101620772
2016-12-31,1413,2.0,20.0,83519,76259.4076405324
2017-01-31,1414,2.0,20.0,82268,76561.89065551021
2017-02-28,1415,2.0,20.0,82451,76799.64521153062
2017-03-31,1416,2.0,20.0,82515,77035.11832771685
2017-04-30,1417,2.0,20.0,82509,77263.44673072864
2017-05-31,1418,2.0,20.0,82973,77482.01145028161
2017-06-30,1419,2.0,20.0,83276,77710.80263985321
2017-07-31,1420,2.0,20.0,85115,77942.68586319266
2017-08-31,1421,2.0,20.0,86722,78241.53228555963
2017-09-30,1422,2.0,20.0,87274,78594.88510699465
2017-10-31,1423,2.0,20.0,87973,78956.51489420322
2017-11-30,1424,2.0,20.0,87210,79332.20177361144
2017-12-31,1425,2.0,20.0,87521,79660.44336637763
2018-01-31,1426,2.0,20.0,87219,79987.96655944522
2018-02-28,1427,2.0,20.0,87288,80289.25961946834
2018-03-31,1428,2.0,20.0,87721,80580.8738019905
2018-04-30,1429,2.0,20.0,87460,80878.3790602409
2018-05-31,1430,2.0,20.0,87691,81152.6132660642
2018-06-30,1431,2.0,20.0,88215,81425.04604664487
2018-07-31,1432,2.0,20.0,88973,81707.96079470134
2018-08-31,1433,2.0,20.0,89448,82010.67076158879
2018-09-30,1434,2.0,20.0,90241,82320.55947985592
2018-10-31,1435,2.0,20.0,90753,82650.57783486194
2018-11-30,1436,2.0,20.0,90120,82988.17875840935
2018-12-31,1437,2.0,20.0,90166,83285.33797680897
2019-01-31,1438,2.0,20.0,90460,83572.03222777527
2019-02-28,1439,2.0,20.0,91354,83859.03088495131
2019-03-31,1440,2.0,20.0,91786,84171.32126474501
2019-04-30,1441,2.0,20.0,91741,84488.59954538064
2019-05-31,1442,2.0,20.0,91416,84790.78289765645
2019-06-30,1443,2.0,20.0,91887,85066.8336102541
2019-07-31,1444,2.0,20.0,92184,85351.00720982686
2019-08-31,1445,2.0,20.0,92492,85635.71524275074
2019-09-30,1446,2.0,20.0,93604,85921.3937743028
2019-10-31,1447,2.0,20.0,94297,86241.50236704019
2019-11-30,1448,2.0,20.0,93458,86577.14810174685
2019-12-31,1449,2.0,20.0,94151,86863.85026417406
2020-01-31,1450,2.0,20.0,95148,87167.48150316681
2020-02-29,1451,2.0,20.0,95771,87500.00310720153
2020-03-31,1452,2.0,20.0,96044,87844.6279777348
2020-04-30,1453,2.0,20.0,95183,88186.26847866252
2020-05-31,1454,2.0,20.0,94998,88477.79895871824
2020-06-30,1455,2.0,20.0,94775,88749.47400210498
2020-07-31,1456,2.0,20.0,94890,89000.5375853506
2020-08-31,1457,2.0,20.0,95524,89245.93185262766
2020-09-30,1458,2.0,20.0,96246,89507.51802543485
2020-10-31,1459,2.0,20.0,99002,89788.2881077084
2020-11-30,1460,2.0,20.0,98297,90172.19276988722
2020-12-31,1461,2.0,20.0,98556,90510.72640447525
2021-01-31,1462,2.0,20.0,98814,90845.94613762212
2021-02-28,1463,2.0,20.0,98457,91177.94838188787
2021-03-31,1464,2.0,20.0,98231,91481.24219930921
2021-04-30,1465,2.0,20.0,97813,91762.48210767133
2021-05-31,1466,2.0,20.0,97722,92014.5870198517
2021-06-30,1467,2.0,20.0,100940,92252.39589402454
2021-07-31,1468,2.0,20.0,100853,92614.37939844019
2021-08-31,1469,2.0,20.0,101456,92957.65525683851
2021-09-30,1470,2.0,20.0,101834,93311.75295447024
2021-10-31,1471,2.0,20.0,102691,93666.84658136731
2021-11-30,1472,2.0,20.0,102075,94042.85297381035
2021-12-31,1473,2.0,20.0,102276,94377.52576656826
2022-01-31,1474,2.0,20.0,102574,94706.62885962792
2022-02-28,1475,2.0,20.0,103266,95034.43599047676
2022-03-31,1476,2.0,20.0,103501,95377.4178242069
2022-04-30,1477,2.0,20.0,103188,95715.90041486495
2022-05-31,1478,2.0,20.0,102974,96027.23789757892
2022-06-30,1479,2.0,20.0,103257,96316.68631851312
2022-07-31,1480,2.0,20.0,104119,96605.86605524174
2022-08-31,1481,2.0,20.0,104468,96918.91330294001
2022-09-30,1482,2.0,20.0,105547,97233.45858198417
2022-10-31,1483,2.0,20.0,106421,97579.85614106817
2022-11-30,1484,2.0,20.0,105116,97948.23713519033
2022-12-31,1485,2.0,20.0,105761,98246.89392122407
2023-01-31,1486,2.0,20.0,107090,98559.9816745064
2023-02-28,1487,2.0,20.0,107374,98915.3991047353
2023-03-31,1488,2.0,20.0,107348,99267.84080870467
2023-04-30,1489,2.0,20.0,107153,99604.51410834197
2023-05-31,1490,2.0,20.0,107083,99919.03435382772
2023-06-30,1491,2.0,20.0,107611,100217.53292241825
2023-07-31,1492,2.0,20.0,108058,100525.59405065083
2010-02-28,1493,2.0,21.0,16282,16282.0
2010-03-31,1494,2.0,21.0,16464,16282.0
2010-04-30,1495,2.0,21.0,16117,16289.583333333334
2010-05-31,1496,2.0,21.0,16613,16282.392361111111
2010-06-30,1497,2.0,21.0,16584,16296.16767939815
2010-07-31,1498,2.0,21.0,16503,16308.16069275656
2010-08-31,1499,2.0,21.0,16517,16316.278997225038
2010-09-30,1500,2.0,21.0,16595,16324.642372340662
2010-10-31,1501,2.0,21.0,16544,16335.907273493136
2010-11-30,1502,2.0,21.0,16431,16344.577803764256
2010-12-31,1503,2.0,21.0,16468,16348.178728607412
2011-01-31,1504,2.0,21.0,16533,16353.171281582103
2011-02-28,1505,2.0,21.0,16836,16360.664144849516
2011-03-31,1506,2.0,21.0,16923,16380.469805480787
2011-04-30,1507,2.0,21.0,17005,16403.07523025242
2011-05-31,1508,2.0,21.0,16917,16428.155428991904
2011-06-30,1509,2.0,21.0,17004,16448.523952783908
2011-07-31,1510,2.0,21.0,16972,16471.66878808458
2011-08-31,1511,2.0,21.0,16938,16492.51592191439
2011-09-30,1512,2.0,21.0,17144,16511.07775850129
2011-10-31,1513,2.0,21.0,16920,16537.44951856374
2011-11-30,1514,2.0,21.0,16698,16553.38912195692
2011-12-31,1515,2.0,21.0,16744,16559.414575208713
2012-01-31,1516,2.0,21.0,16903,16567.10563457502
2012-02-29,1517,2.0,21.0,16792,16581.101233134395
2012-03-31,1518,2.0,21.0,17026,16589.888681753797
2012-04-30,1519,2.0,21.0,17045,16608.059986680724
2012-05-31,1520,2.0,21.0,17062,16626.265820569028
2012-06-30,1521,2.0,21.0,16981,16644.42141137865
2012-07-31,1522,2.0,21.0,16879,16658.445519237874
2012-08-31,1523,2.0,21.0,16805,16667.63528926963
2012-09-30,1524,2.0,21.0,16713,16673.358818883396
2012-10-31,1525,2.0,21.0,16725,16675.010534763256
2012-11-30,1526,2.0,21.0,16521,16677.09342914812
2012-12-31,1527,2.0,21.0,16705,16670.589536266947
2013-01-31,1528,2.0,21.0,16727,16672.02330558916
2013-02-28,1529,2.0,21.0,16795,16674.31400118961
2013-03-31,1530,2.0,21.0,16825,16679.34258447338
2013-04-30,1531,2.0,21.0,16971,16685.411643453655
2013-05-31,1532,2.0,21.0,16741,16697.311158309756
2013-06-30,1533,2.0,21.0,16641,16699.131526713518
2013-07-31,1534,2.0,21.0,16460,16696.709379767122
2013-08-31,1535,2.0,21.0,16320,16686.84648894349
2013-09-30,1536,2.0,21.0,16344,16671.561218570845
2013-10-31,1537,2.0,21.0,16305,16657.91283446373
2013-11-30,1538,2.0,21.0,16083,16643.20813302774
2013-12-31,1539,2.0,21.0,16126,16619.86612748492
2014-01-31,1540,2.0,21.0,16073,16599.288372173047
2014-02-28,1541,2.0,21.0,16208,16577.35968999917
2014-03-31,1542,2.0,21.0,16382,16561.969702915874
2014-04-30,1543,2.0,21.0,16485,16554.47096529438
2014-05-31,1544,2.0,21.0,16544,16551.576341740445
2014-06-30,1545,2.0,21.0,16722,16551.260660834592
2014-07-31,1546,2.0,21.0,16610,16558.374799966485
2014-08-31,1547,2.0,21.0,16545,16560.525849967882
2014-09-30,1548,2.0,21.0,16663,16559.878939552553
2014-10-31,1549,2.0,21.0,16660,16564.17565040453
2014-11-30,1550,2.0,21.0,16424,16568.168331637677
2014-12-31,1551,2.0,21.0,16404,16562.161317819442
2015-01-31,1552,2.0,21.0,16280,16555.5712629103
2015-02-28,1553,2.0,21.0,16438,16544.089126955703
2015-03-31,1554,2.0,21.0,16686,16539.668746665884
2015-04-30,1555,2.0,21.0,16885,16545.765882221473
2015-05-31,1556,2.0,21.0,16955,16559.90063712891
2015-06-30,1557,2.0,21.0,16994,16576.36311058187
2015-07-31,1558,2.0,21.0,17159,16593.76464764096
2015-08-31,1559,2.0,21.0,17133,16617.31612065592
2015-09-30,1560,2.0,21.0,17239,16638.802948961922
2015-10-31,1561,2.0,21.0,17364,16663.811159421843
2015-11-30,1562,2.0,21.0,17259,16692.98569444593
2015-12-31,1563,2.0,21.0,17304,16716.569623844018
2016-01-31,1564,2.0,21.0,17530,16741.045889517183
2016-02-29,1565,2.0,21.0,17661,16773.91897745397
2016-03-31,1566,2.0,21.0,17783,16810.88068672672
2016-04-30,1567,2.0,21.0,17916,16851.385658113108
2016-05-31,1568,2.0,21.0,18151,16895.74458902506
2016-06-30,1569,2.0,21.0,18108,16948.046897815682
2016-07-31,1570,2.0,21.0,18063,16996.378277073363
2016-08-31,1571,2.0,21.0,18100,17040.82084886197
2016-09-30,1572,2.0,21.0,17992,17084.953313492722
2016-10-31,1573,2.0,21.0,18043,17122.746925430525
2016-11-30,1574,2.0,21.0,17827,17161.090803537587
2016-12-31,1575,2.0,21.0,17857,17188.837020056857
2017-01-31,1576,2.0,21.0,17945,17216.677144221158
2017-02-28,1577,2.0,21.0,18251,17247.023929878607
2017-03-31,1578,2.0,21.0,18274,17288.856266133665
2017-04-30,1579,2.0,21.0,18339,17329.90392171143
2017-05-31,1580,2.0,21.0,18526,17371.94959164012
2017-06-30,1581,2.0,21.0,18536,17420.035025321784
2017-07-31,1582,2.0,21.0,18699,17466.533565933376
2017-08-31,1583,2.0,21.0,18699,17517.886334019488
2017-09-30,1584,2.0,21.0,18777,17567.099403435343
2017-10-31,1585,2.0,21.0,18797,17617.511928292202
2017-11-30,1586,2.0,21.0,18694,17666.65726461336
2017-12-31,1587,2.0,21.0,18784,17709.46321192114
2018-01-31,1588,2.0,21.0,19028,17754.23557809109
2018-02-28,1589,2.0,21.0,19131,17807.30909567063
2018-03-31,1590,2.0,21.0,19312,17862.46288335102
2018-04-30,1591,2.0,21.0,19545,17922.860263211398
2018-05-31,1592,2.0,21.0,19521,17990.449418910925
2018-06-30,1593,2.0,21.0,19592,18054.222359789637
2018-07-31,1594,2.0,21.0,19707,18118.296428131736
2018-08-31,1595,2.0,21.0,19898,18184.492410292914
2018-09-30,1596,2.0,21.0,19814,18255.88855986404
2018-10-31,1597,2.0,21.0,20008,18320.809869869707
2018-11-30,1598,2.0,21.0,19594,18391.10945862514
2018-12-31,1599,2.0,21.0,19547,18441.229897849094
2019-01-31,1600,2.0,21.0,19529,18487.30365210538
2019-02-28,1601,2.0,21.0,19413,18530.70766660099
2019-03-31,1602,2.0,21.0,19610,18567.469847159282
2019-04-30,1603,2.0,21.0,19771,18610.908603527645
2019-05-31,1604,2.0,21.0,19966,18659.245745047327
2019-06-30,1605,2.0,21.0,20084,18713.69383900369
2019-07-31,1606,2.0,21.0,20158,18770.7899290452
2019-08-31,1607,2.0,21.0,20187,18828.59034866832
2019-09-30,1608,2.0,21.0,20294,18885.19075080714
2019-10-31,1609,2.0,21.0,20436,18943.891136190177
2019-11-30,1610,2.0,21.0,20067,19006.062338848922
2019-12-31,1611,2.0,21.0,20141,19050.26807473022
2020-01-31,1612,2.0,21.0,20371,19095.715238283126
2020-02-29,1613,2.0,21.0,20505,19148.852103354664
2020-03-31,1614,2.0,21.0,20413,19205.358265714887
2020-04-30,1615,2.0,21.0,20240,19255.676671310102
2020-05-31,1616,2.0,21.0,20305,19296.69014333885
2020-06-30,1617,2.0,21.0,20449,19338.703054033063
2020-07-31,1618,2.0,21.0,20517,19384.965426781688
2020-08-31,1619,2.0,21.0,20581,19432.133533999116
2020-09-30,1620,2.0,21.0,20817,19480.00297008249
2020-10-31,1621,2.0,21.0,20902,19535.711179662387
2020-11-30,1622,2.0,21.0,20775,19592.63988050979
2020-12-31,1623,2.0,21.0,20872,19641.904885488548
2021-01-31,1624,2.0,21.0,21057,19693.158848593193
2021-02-28,1625,2.0,21.0,21328,19749.985563235143
2021-03-31,1626,2.0,21.0,21398,19815.736164767015
2021-04-30,1627,2.0,21.0,21745,19881.66382456839
2021-05-31,1628,2.0,21.0,21545,19959.30283187804
2021-06-30,1629,2.0,21.0,20977,20025.373547216455
2021-07-31,1630,2.0,21.0,22711,20065.024649415773
2021-08-31,1631,2.0,21.0,23239,20175.273622356784
2021-09-30,1632,2.0,21.0,23647,20302.92888809192
2021-10-31,1633,2.0,21.0,23795,20442.265184421423
2021-11-30,1634,2.0,21.0,23605,20581.962468403864
2021-12-31,1635,2.0,21.0,23800,20707.922365553706
2022-01-31,1636,2.0,21.0,23877,20836.758933655638
2022-02-28,1637,2.0,21.0,24195,20963.43564475332
2022-03-31,1638,2.0,21.0,24426,21098.084159555267
2022-04-30,1639,2.0,21.0,24776,21236.7473195738
2022-05-31,1640,2.0,21.0,25049,21384.216181258224
2022-06-30,1641,2.0,21.0,25371,21536.91550703913
2022-07-31,1642,2.0,21.0,25657,21696.66902757917
2022-08-31,1643,2.0,21.0,26088,21861.682818096706
2022-09-30,1644,2.0,21.0,26441,22037.77936734268
2022-10-31,1645,2.0,21.0,26724,22221.2468937034
2022-11-30,1646,2.0,21.0,26425,22408.861606465758
2022-12-31,1647,2.0,21.0,26701,22576.200706196352
2023-01-31,1648,2.0,21.0,26951,22748.06734343817
2023-02-28,1649,2.0,21.0,27268,22923.18953746158
2023-03-31,1650,2.0,21.0,27449,23104.223306734017
2023-04-30,1651,2.0,21.0,27612,23285.255668953432
2023-05-31,1652,2.0,21.0,27469,23465.53668274704
2023-06-30,1653,2.0,21.0,27654,23632.347654299247
2023-07-31,1654,2.0,21.0,27644,23799.91650203678
2010-02-28,1655,2.0,22.0,727,727.0
2010-03-31,1656,2.0,22.0,727,727.0
2010-04-30,1657,2.0,22.0,727,727.0
2010-05-31,1658,2.0,22.0,723,727.0
2010-06-30,1659,2.0,22.0,719,726.8333333333334
2010-07-31,1660,2.0,22.0,717,726.5069444444446
2010-08-31,1661,2.0,22.0,720,726.1108217592594
2010-09-30,1662,2.0,22.0,692,725.8562041859569
2010-10-31,1663,2.0,22.0,695,724.4455290115421
2010-11-30,1664,2.0,22.0,676,723.2186319693947
2010-12-31,1665,2.0,22.0,624,721.2511889706699
2011-01-31,1666,2.0,22.0,620,717.199056096892
2011-02-28,1667,2.0,22.0,619,713.1490954261883
2011-03-31,1668,2.0,22.0,615,709.2262164500971
2011-04-30,1669,2.0,22.0,600,705.3001240980097
2011-05-31,1670,2.0,22.0,594,700.9126189272594
2011-06-30,1671,2.0,22.0,585,696.457926471957
2011-07-31,1672,2.0,22.0,596,691.8138462022921
2011-08-31,1673,2.0,22.0,604,687.82160261053
2011-09-30,1674,2.0,22.0,609,684.3290358350913
2011-10-31,1675,2.0,22.0,610,681.1903260086292
2011-11-30,1676,2.0,22.0,609,678.2240624249363
2011-12-31,1677,2.0,22.0,616,675.339726490564
2012-01-31,1678,2.0,22.0,613,672.8672378867905
2012-02-29,1679,2.0,22.0,611,670.3727696415075
2012-03-31,1680,2.0,22.0,625,667.8989042397781
2012-04-30,1681,2.0,22.0,636,666.111449896454
2012-05-31,1682,2.0,22.0,681,664.8568061507684
2012-06-30,1683,2.0,22.0,700,665.5294392278198
2012-07-31,1684,2.0,22.0,732,666.9657125933273
2012-08-31,1685,2.0,22.0,737,669.6754745686054
2012-09-30,1686,2.0,22.0,777,672.4806631282469
2012-10-31,1687,2.0,22.0,794,676.8356354979032
2012-11-30,1688,2.0,22.0,824,681.717484018824
2012-12-31,1689,2.0,22.0,848,687.6459221847065
2013-01-31,1690,2.0,22.0,845,694.3273420936771
2013-02-28,1691,2.0,22.0,853,700.6053695064406
2013-03-31,1692,2.0,22.0,879,706.9551457770056
2013-04-30,1693,2.0,22.0,879,714.1236813696304
2013-05-31,1694,2.0,22.0,871,720.9935279792292
2013-06-30,1695,2.0,22.0,885,727.2437976467612
2013-07-31,1696,2.0,22.0,872,733.8169727448128
2013-08-31,1697,2.0,22.0,871,739.5745988804457
2013-09-30,1698,2.0,22.0,874,745.0506572604271
2013-10-31,1699,2.0,22.0,863,750.4235465412427
2013-11-30,1700,2.0,22.0,794,755.1142321020243
2013-12-31,1701,2.0,22.0,837,756.7344724311067
2014-01-31,1702,2.0,22.0,840,760.0788694131439
2014-02-28,1703,2.0,22.0,843,763.4089165209297
2014-03-31,1704,2.0,22.0,850,766.7252116658909
2014-04-30,1705,2.0,22.0,860,770.1949945131455
2014-05-31,1706,2.0,22.0,863,773.9368697417646
2014-06-30,1707,2.0,22.0,860,777.6478335025245
2014-07-31,1708,2.0,22.0,854,781.0791737732527
2014-08-31,1709,2.0,22.0,859,784.1175415327006
2014-09-30,1710,2.0,22.0,864,787.237643968838
2014-10-31,1711,2.0,22.0,859,790.4360754701365
2014-11-30,1712,2.0,22.0,843,793.2929056588808
2014-12-31,1713,2.0,22.0,804,795.3640345897609
2015-01-31,1714,2.0,22.0,810,795.7238664818542
2015-02-28,1715,2.0,22.0,806,796.3187053784436
2015-03-31,1716,2.0,22.0,826,796.7220926543418
2015-04-30,1717,2.0,22.0,836,797.9420054604109
2015-05-31,1718,2.0,22.0,848,799.5277552328938
2015-06-30,1719,2.0,22.0,860,801.5474320981899
2015-07-31,1720,2.0,22.0,863,803.9829557607654
2015-08-31,1721,2.0,22.0,863,806.4419992707336
2015-09-30,1722,2.0,22.0,863,808.7985826344532
2015-10-31,1723,2.0,22.0,866,811.0569750246843
2015-11-30,1724,2.0,22.0,868,813.3462677319892
2015-12-31,1725,2.0,22.0,917,815.6235065764896
2016-01-31,1726,2.0,22.0,947,819.8475271358026
2016-02-29,1727,2.0,22.0,920,825.1455468384776
2016-03-31,1728,2.0,22.0,901,829.0978157202078
2016-04-30,1729,2.0,22.0,902,832.0937400651991
2016-05-31,1730,2.0,22.0,894,835.0065008958159
2016-06-30,1731,2.0,22.0,898,837.4645633584902
2016-07-31,1732,2.0,22.0,904,839.9868732185531
2016-08-31,1733,2.0,22.0,893,842.6540868344467
2016-09-30,1734,2.0,22.0,898,844.7518332163448
2016-10-31,1735,2.0,22.0,912,846.9705068323304
2016-11-30,1736,2.0,22.0,905,849.68006904765
2016-12-31,1737,2.0,22.0,912,851.9850661706647
2017-01-31,1738,2.0,22.0,915,854.4856884135537
2017-02-28,1739,2.0,22.0,907,857.007118062989
2017-03-31,1740,2.0,22.0,929,859.0901548103644
2017-04-30,1741,2.0,22.0,946,862.0030650265993
2017-05-31,1742,2.0,22.0,933,865.5029373171576
2017-06-30,1743,2.0,22.0,924,868.3153149289427
2017-07-31,1744,2.0,22.0,909,870.6355101402368
2017-08-31,1745,2.0,22.0,899,872.2340305510603
2017-09-30,1746,2.0,22.0,895,873.3492792780995
2017-10-31,1747,2.0,22.0,897,874.251392641512
2017-11-30,1748,2.0,22.0,870,875.199251281449
2017-12-31,1749,2.0,22.0,896,874.9826158113887
2018-01-31,1750,2.0,22.0,910,875.8583401525808
2018-02-28,1751,2.0,22.0,1228,877.2809093128899
2018-03-31,1752,2.0,22.0,1260,891.8942047581861
2018-04-30,1753,2.0,22.0,1264,907.231946226595
2018-05-31,1754,2.0,22.0,1251,922.0972818004869
2018-06-30,1755,2.0,22.0,1256,935.8015617254667
2018-07-31,1756,2.0,22.0,1238,949.1431633202391
2018-08-31,1757,2.0,22.0,1205,961.1788648485625
2018-09-30,1758,2.0,22.0,1210,971.3380788132058
2018-10-31,1759,2.0,22.0,1197,981.2823255293222
2018-11-30,1760,2.0,22.0,1211,990.2705619656005
2018-12-31,1761,2.0,22.0,1282,999.4676218837005
2019-01-31,1762,2.0,22.0,1264,1011.239804305213
2019-02-28,1763,2.0,22.0,1265,1021.7714791258292
2019-03-31,1764,2.0,22.0,1255,1031.9060008289196
2019-04-30,1765,2.0,22.0,1245,1041.2015841277146
2019-05-31,1766,2.0,22.0,1252,1049.6931847890598
2019-06-30,1767,2.0,22.0,1265,1058.122635422849
2019-07-31,1768,2.0,22.0,1300,1066.7425256135637
2019-08-31,1769,2.0,22.0,1255,1076.461587046332
2019-09-30,1770,2.0,22.0,1153,1083.9006875860682
2019-10-31,1771,2.0,22.0,1165,1086.7798256033154
2019-11-30,1772,2.0,22.0,1153,1090.0389995365108
2019-12-31,1773,2.0,22.0,1187,1092.662374555823
2020-01-31,1774,2.0,22.0,1192,1096.5931089493301
2020-02-29,1775,2.0,22.0,1264,1100.5683960764416
2020-03-31,1776,2.0,22.0,1233,1107.3780462399234
2020-04-30,1777,2.0,22.0,1210,1112.61229431326
2020-05-31,1778,2.0,22.0,1213,1116.6701153835409
2020-06-30,1779,2.0,22.0,1239,1120.6838605758935
2020-07-31,1780,2.0,22.0,1252,1125.6136997185647
2020-08-31,1781,2.0,22.0,1293,1130.8797955636246
2020-09-30,1782,2.0,22.0,1310,1137.634804081807
2020-10-31,1783,2.0,22.0,1341,1144.816687245065
2020-11-30,1784,2.0,22.0,1312,1152.9909919431873
2020-12-31,1785,2.0,22.0,1322,1159.616367278888
2021-01-31,1786,2.0,22.0,1340,1166.382351975601
2021-02-28,1787,2.0,22.0,1344,1173.6164206432843
2021-03-31,1788,2.0,22.0,1346,1180.7157364498141
2021-04-30,1789,2.0,22.0,1349,1187.6025807644053
2021-05-31,1790,2.0,22.0,1352,1194.3274732325551
2021-06-30,1791,2.0,22.0,1450,1200.8971618478654
2021-07-31,1792,2.0,22.0,1292,1211.2764467708712
2021-08-31,1793,2.0,22.0,807,1214.6399281554181
2021-09-30,1794,2.0,22.0,729,1197.6549311489425
2021-10-31,1795,2.0,22.0,751,1178.1276423510699
2021-11-30,1796,2.0,22.0,743,1160.3306572531087
2021-12-31,1797,2.0,22.0,767,1142.9418798675624
2022-01-31,1798,2.0,22.0,768,1127.2776348730806
2022-02-28,1799,2.0,22.0,821,1112.3077334200357
2022-03-31,1800,2.0,22.0,831,1100.1699111942007
2022-04-30,1801,2.0,22.0,838,1088.9544982277757
2022-05-31,1802,2.0,22.0,842,1078.4980608016185
2022-06-30,1803,2.0,22.0,863,1068.6439749348845
2022-07-31,1804,2.0,22.0,883,1060.0754759792642
2022-08-31,1805,2.0,22.0,886,1052.6973311467948
2022-09-30,1806,2.0,22.0,908,1045.7516090156785
2022-10-31,1807,2.0,22.0,910,1040.0119586400251
2022-11-30,1808,2.0,22.0,882,1034.5947936966909
2022-12-31,1809,2.0,22.0,852,1028.236677292662
2023-01-31,1810,2.0,22.0,840,1020.8934824054679
2023-02-28,1811,2.0,22.0,839,1013.3562539719068
2023-03-31,1812,2.0,22.0,849,1006.0914100564107
2023-04-30,1813,2.0,22.0,841,999.5459346373937
2023-05-31,1814,2.0,22.0,842,992.9398540275023
2023-06-30,1815,2.0,22.0,838,986.6506934430231
2023-07-31,1816,2.0,22.0,843,980.4569145495637
2010-02-28,1817,2.0,23.0,5270,5270.0
2010-03-31,1818,2.0,23.0,5316,5270.0
2010-04-30,1819,2.0,23.0,5313,5271.916666666667
2010-05-31,1820,2.0,23.0,5312,5273.628472222223
2010-06-30,1821,2.0,23.0,5264,5275.22728587963
2010-07-31,1822,2.0,23.0,5220,5274.759482301311
2010-08-31,1823,2.0,23.0,5259,5272.477837205423
2010-09-30,1824,2.0,23.0,5342,5271.916260655197
2010-10-31,1825,2.0,23.0,5395,5274.83641646123
2010-11-30,1826,2.0,23.0,5338,5279.843232442013
2010-12-31,1827,2.0,23.0,5338,5282.266431090263
2011-01-31,1828,2.0,23.0,5323,5284.588663128169
2011-02-28,1829,2.0,23.0,5307,5286.18913549783
2011-03-31,1830,2.0,23.0,5294,5287.0562548520875
2011-04-30,1831,2.0,23.0,5340,5287.345577566583
2011-05-31,1832,2.0,23.0,5311,5289.539511834642
2011-06-30,1833,2.0,23.0,5397,5290.4336988415325
2011-07-31,1834,2.0,23.0,5442,5294.873961389802
2011-08-31,1835,2.0,23.0,5521,5301.00421299856
2011-09-30,1836,2.0,23.0,5561,5310.170704123621
2011-10-31,1837,2.0,23.0,5596,5320.621924785137
2011-11-30,1838,2.0,23.0,5488,5332.0960112524235
2011-12-31,1839,2.0,23.0,5535,5338.592010783573
2012-01-31,1840,2.0,23.0,5474,5346.775677000924
2012-02-29,1841,2.0,23.0,5523,5352.076690459218
2012-03-31,1842,2.0,23.0,5352,5359.198495023417
2012-04-30,1843,2.0,23.0,5316,5358.898557730775
2012-05-31,1844,2.0,23.0,5353,5357.111117825326
2012-06-30,1845,2.0,23.0,5331,5356.9398212492715
2012-07-31,1846,2.0,23.0,5345,5355.858995363886
2012-08-31,1847,2.0,23.0,5480,5355.406537223724
2012-09-30,1848,2.0,23.0,5535,5360.597931506069
2012-10-31,1849,2.0,23.0,5499,5367.864684359983
2012-11-30,1850,2.0,23.0,5428,5373.328655844984
2012-12-31,1851,2.0,23.0,5431,5375.60662851811
2013-01-31,1852,2.0,23.0,5423,5377.914685663189
2013-02-28,1853,2.0,23.0,5443,5379.793240427222
2013-03-31,1854,2.0,23.0,5446,5382.426855409422
2013-04-30,1855,2.0,23.0,5500,5385.075736434031
2013-05-31,1856,2.0,23.0,5864,5389.864247415947
2013-06-30,1857,2.0,23.0,5869,5409.619903773616
2013-07-31,1858,2.0,23.0,5481,5428.760741116383
2013-08-31,1859,2.0,23.0,5465,5430.9373769032
2013-09-30,1860,2.0,23.0,5516,5432.3566528655665
2013-10-31,1861,2.0,23.0,5480,5435.841792329501
2013-11-30,1862,2.0,23.0,5423,5437.681717649105
2013-12-31,1863,2.0,23.0,5380,5437.069979413725
2014-01-31,1864,2.0,23.0,5186,5434.692063604821
2014-02-28,1865,2.0,23.0,5215,5424.329894287953
2014-03-31,1866,2.0,23.0,5219,5415.607815359289
2014-04-30,1867,2.0,23.0,5244,5407.415823052652
2014-05-31,1868,2.0,23.0,5214,5400.606830425459
2014-06-30,1869,2.0,23.0,5199,5392.831545824398
2014-07-31,1870,2.0,23.0,5204,5384.755231415048
2014-08-31,1871,2.0,23.0,5240,5377.2237634394205
2014-09-30,1872,2.0,23.0,5278,5371.506106629445
2014-10-31,1873,2.0,23.0,5301,5367.610018853218
2014-11-30,1874,2.0,23.0,5281,5364.834601401001
2014-12-31,1875,2.0,23.0,5282,5361.341493009293
2015-01-31,1876,2.0,23.0,5301,5358.035597467239
2015-02-28,1877,2.0,23.0,5322,5355.659114239438
2015-03-31,1878,2.0,23.0,5326,5354.256651146128
2015-04-30,1879,2.0,23.0,5406,5353.079290681707
2015-05-31,1880,2.0,23.0,5391,5355.284320236636
2015-06-30,1881,2.0,23.0,5376,5356.77247356011
2015-07-31,1882,2.0,23.0,5372,5357.573620495105
2015-08-31,1883,2.0,23.0,5270,5358.1747196411425
2015-09-30,1884,2.0,23.0,5452,5354.500772989428
2015-10-31,1885,2.0,23.0,5531,5358.563240781536
2015-11-30,1886,2.0,23.0,5501,5365.748105748971
2015-12-31,1887,2.0,23.0,5422,5371.383601342764
2016-01-31,1888,2.0,23.0,5308,5373.492617953483
2016-02-29,1889,2.0,23.0,5275,5370.763758872088
2016-03-31,1890,2.0,23.0,5309,5366.773602252419
2016-04-30,1891,2.0,23.0,5323,5364.3663688252345
2016-05-31,1892,2.0,23.0,5220,5362.642770124184
2016-06-30,1893,2.0,23.0,5205,5356.699321369009
2016-07-31,1894,2.0,23.0,5339,5350.378516311967
2016-08-31,1895,2.0,23.0,5356,5349.904411465635
2016-09-30,1896,2.0,23.0,5348,5350.1583943212345
2016-10-31,1897,2.0,23.0,5379,5350.068461224516
2016-11-30,1898,2.0,23.0,5148,5351.273942006828
2016-12-31,1899,2.0,23.0,5342,5342.804194423211
2017-01-31,1900,2.0,23.0,5292,5342.770686322244
2017-02-28,1901,2.0,23.0,5217,5340.655241058817
2017-03-31,1902,2.0,23.0,5217,5335.502939348034
2017-04-30,1903,2.0,23.0,5365,5330.565316875199
2017-05-31,1904,2.0,23.0,5497,5332.0000953387325
2017-06-30,1905,2.0,23.0,5488,5338.875091366286
2017-07-31,1906,2.0,23.0,5520,5345.088629226025
2017-08-31,1907,2.0,23.0,5526,5352.376603008274
2017-09-30,1908,2.0,23.0,5620,5359.610911216263
2017-10-31,1909,2.0,23.0,5580,5370.460456582253
2017-11-30,1910,2.0,23.0,5457,5379.191270891326
2017-12-31,1911,2.0,23.0,5529,5382.433301270854
2018-01-31,1912,2.0,23.0,5381,5388.540247051235
2018-02-28,1913,2.0,23.0,5198,5388.226070090767
2018-03-31,1914,2.0,23.0,5112,5380.299983836985
2018-04-30,1915,2.0,23.0,5131,5369.120817843777
2018-05-31,1916,2.0,23.0,4945,5359.199117100287
2018-06-30,1917,2.0,23.0,4988,5341.940820554442
2018-07-31,1918,2.0,23.0,4985,5327.193286364673
2018-08-31,1919,2.0,23.0,4905,5312.935232766145
2018-09-30,1920,2.0,23.0,4817,5295.937931400889
2018-10-31,1921,2.0,23.0,4869,5275.9821842591855
2018-11-30,1922,2.0,23.0,4771,5259.024593248387
2018-12-31,1923,2.0,23.0,4721,5238.690235196371
2019-01-31,1924,2.0,23.0,4706,5217.119808729855
2019-02-28,1925,2.0,23.0,4693,5195.823150032778
2019-03-31,1926,2.0,23.0,4646,5174.87218544808
2019-04-30,1927,2.0,23.0,4611,5152.835844387743
2019-05-31,1928,2.0,23.0,4580,5130.259350871587
2019-06-30,1929,2.0,23.0,4593,5107.331877918605
2019-07-31,1930,2.0,23.0,4550,5085.90138300533
2019-08-31,1931,2.0,23.0,4582,5063.572158713441
2019-09-30,1932,2.0,23.0,4573,5043.506652100382
2019-10-31,1933,2.0,23.0,4566,5023.902208262866
2019-11-30,1934,2.0,23.0,4238,5004.8229495852465
2019-12-31,1935,2.0,23.0,4180,4972.871993352528
2020-01-31,1936,2.0,23.0,4259,4939.835660296173
2020-02-29,1937,2.0,23.0,4245,4911.467507783832
2020-03-31,1938,2.0,23.0,4251,4883.698028292839
2020-04-30,1939,2.0,23.0,4137,4857.335610447304
2020-05-31,1940,2.0,23.0,3923,4827.321626678667
2020-06-30,1941,2.0,23.0,4086,4789.641558900389
2020-07-31,1942,2.0,23.0,4099,4760.323160612873
2020-08-31,1943,2.0,23.0,3997,4732.76802892067
2020-09-30,1944,2.0,23.0,4006,4702.111027715642
2020-10-31,1945,2.0,23.0,4237,4673.106401560824
2020-11-30,1946,2.0,23.0,4230,4654.935301495791
2020-12-31,1947,2.0,23.0,4349,4637.229663933466
2021-01-31,1948,2.0,23.0,4341,4625.220094602905
2021-02-28,1949,2.0,23.0,4345,4613.377590661117
2021-03-31,1950,2.0,23.0,4327,4602.195191050238
2021-04-30,1951,2.0,23.0,4481,4590.728724756478
2021-05-31,1952,2.0,23.0,4496,4586.156694558292
2021-06-30,1953,2.0,23.0,5061,4582.400165618363
2021-07-31,1954,2.0,23.0,5090,4602.341825384265
2021-08-31,1955,2.0,23.0,4967,4622.660915993253
2021-09-30,1956,2.0,23.0,4997,4637.008377826867
2021-10-31,1957,2.0,23.0,5054,4652.008028750748
2021-11-30,1958,2.0,23.0,5025,4668.757694219466
2021-12-31,1959,2.0,23.0,4986,4683.601123626989
2022-01-31,1960,2.0,23.0,5009,4696.201076809198
2022-02-28,1961,2.0,23.0,4998,4709.234365275481
2022-03-31,1962,2.0,23.0,4968,4721.266266722336
2022-04-30,1963,2.0,23.0,5016,4731.5468389422385
2022-05-31,1964,2.0,23.0,4936,4743.3990539863125
2022-06-30,1965,2.0,23.0,4928,4751.42409340355
2022-07-31,1966,2.0,23.0,4927,4758.781422845068
2022-08-31,1967,2.0,23.0,4923,4765.7905302265235
2022-09-30,1968,2.0,23.0,4831,4772.340924800418
2022-10-31,1969,2.0,23.0,4792,4774.785052933735
2022-11-30,1970,2.0,23.0,4653,4775.50234239483
2022-12-31,1971,2.0,23.0,4610,4770.398078128379
2023-01-31,1972,2.0,23.0,4658,4763.71482487303
2023-02-28,1973,2.0,23.0,4702,4759.31004050332
2023-03-31,1974,2.0,23.0,4694,4756.922122149015
2023-04-30,1975,2.0,23.0,4774,4754.300367059473
2023-05-31,1976,2.0,23.0,4799,4755.121185098662
2023-06-30,1977,2.0,23.0,4728,4756.9494690528845
2023-07-31,1978,2.0,23.0,4680,4755.743241175681
2010-02-28,1979,2.0,24.0,12164,12164.0
2010-03-31,1980,2.0,24.0,12311,12164.000000000002
2010-04-30,1981,2.0,24.0,12381,12170.125000000004
2010-05-31,1982,2.0,24.0,12328,12178.911458333338
2010-06-30,1983,2.0,24.0,12314,12185.123480902781
2010-07-31,1984,2.0,24.0,12364,12190.493335865167
2010-08-31,1985,2.0,24.0,12245,12197.722780204118
2010-09-30,1986,2.0,24.0,12376,12199.692664362281
2010-10-31,1987,2.0,24.0,12354,12207.038803347186
2010-11-30,1988,2.0,24.0,12402,12213.162186541054
2010-12-31,1989,2.0,24.0,12271,12221.03042876851
2011-01-31,1990,2.0,24.0,12291,12223.11249423649
2011-02-28,1991,2.0,24.0,12660,12225.94114030997
2011-03-31,1992,2.0,24.0,12743,12244.026926130387
2011-04-30,1993,2.0,24.0,12806,12264.817470874956
2011-05-31,1994,2.0,24.0,12821,12287.366742921833
2011-06-30,1995,2.0,24.0,12796,12309.601461966759
2011-07-31,1996,2.0,24.0,12691,12329.868067718144
2011-08-31,1997,2.0,24.0,12667,12344.915231563222
2011-09-30,1998,2.0,24.0,12676,12358.335430248088
2011-10-31,1999,2.0,24.0,12811,12371.57145398775
2011-11-30,2000,2.0,24.0,12571,12389.88097673826
2011-12-31,2001,2.0,24.0,12515,12397.4276027075
2012-01-31,2002,2.0,24.0,12591,12402.326452594689
2012-02-29,2003,2.0,24.0,12669,12410.187850403245
2012-03-31,2004,2.0,24.0,12713,12420.971689969776
2012-04-30,2005,2.0,24.0,12639,12433.139536221037
2012-05-31,2006,2.0,24.0,12789,12441.717055545161
2012-06-30,2007,2.0,24.0,12972,12456.18717823078
2012-07-31,2008,2.0,24.0,12800,12477.679379137831
2012-08-31,2009,2.0,24.0,12884,12491.10940500709
2012-09-30,2010,2.0,24.0,12871,12507.479846465129
2012-10-31,2011,2.0,24.0,12687,12522.626519529082
2012-11-30,2012,2.0,24.0,12474,12529.475414548704
2012-12-31,2013,2.0,24.0,12382,12527.163938942509
2013-01-31,2014,2.0,24.0,12646,12521.11544148657
2013-02-28,2015,2.0,24.0,12609,12526.318964757964
2013-03-31,2016,2.0,24.0,12516,12529.764007893049
2013-04-30,2017,2.0,24.0,12391,12529.190507564172
2013-05-31,2018,2.0,24.0,12560,12523.432569748999
2013-06-30,2019,2.0,24.0,12889,12524.956212676125
2013-07-31,2020,2.0,24.0,12426,12540.12470381462
2013-08-31,2021,2.0,24.0,12423,12535.369507822345
2013-09-30,2022,2.0,24.0,12246,12530.687444996414
2013-10-31,2023,2.0,24.0,12338,12518.825468121564
2013-11-30,2024,2.0,24.0,12268,12511.2910736165
2013-12-31,2025,2.0,24.0,12026,12501.153945549146
2014-01-31,2026,2.0,24.0,12155,12481.3558644846
2014-02-28,2027,2.0,24.0,12158,12467.75770346441
2014-03-31,2028,2.0,24.0,11988,12454.851132486727
2014-04-30,2029,2.0,24.0,11856,12435.399001966447
2014-05-31,2030,2.0,24.0,11802,12411.257376884512
2014-06-30,2031,2.0,24.0,11680,12385.871652847658
2014-07-31,2032,2.0,24.0,11618,12356.460333979005
2014-08-31,2033,2.0,24.0,11615,12325.691153396547
2014-09-30,2034,2.0,24.0,11852,12296.079022005026
2014-10-31,2035,2.0,24.0,11885,12277.575729421484
2014-11-30,2036,2.0,24.0,11631,12261.218407362256
2014-12-31,2037,2.0,24.0,11360,12234.959307055495
2015-01-31,2038,2.0,24.0,11214,12198.502669261517
2015-02-28,2039,2.0,24.0,11145,12157.481724708954
2015-03-31,2040,2.0,24.0,11149,12115.294986179415
2015-04-30,2041,2.0,24.0,11172,12075.032695088606
2015-05-31,2042,2.0,24.0,11442,12037.406332793249
2015-06-30,2043,2.0,24.0,11486,12012.59773559353
2015-07-31,2044,2.0,24.0,11532,11990.656163277134
2015-08-31,2045,2.0,24.0,11818,11971.545489807253
2015-09-30,2046,2.0,24.0,12785,11965.147761065284
2015-10-31,2047,2.0,24.0,13015,11999.308271020898
2015-11-30,2048,2.0,24.0,12988,12041.62875972836
2015-12-31,2049,2.0,24.0,13251,12081.06089473968
2016-01-31,2050,2.0,24.0,13284,12129.80835745886
2016-02-29,2051,2.0,24.0,13069,12177.899675898074
2016-03-31,2052,2.0,24.0,13172,12215.028856068988
2016-04-30,2053,2.0,24.0,13186,12254.90265373278
2016-05-31,2054,2.0,24.0,13414,12293.698376493914
2016-06-30,2055,2.0,24.0,13535,12340.377610806667
2016-07-31,2056,2.0,24.0,13586,12390.153543689723
2016-08-31,2057,2.0,24.0,13739,12439.980479369318
2016-09-30,2058,2.0,24.0,13802,12494.106292728931
2016-10-31,2059,2.0,24.0,13819,12548.601863865228
2016-11-30,2060,2.0,24.0,13717,12601.53511953751
2016-12-31,2061,2.0,24.0,13178,12648.012822890114
2017-01-31,2062,2.0,24.0,13040,12670.09562193636
2017-02-28,2063,2.0,24.0,13190,12685.508304355679
2017-03-31,2064,2.0,24.0,13257,12706.528791674193
2017-04-30,2065,2.0,24.0,13322,12729.465092021102
2017-05-31,2066,2.0,24.0,13342,12754.154046520225
2017-06-30,2067,2.0,24.0,13329,12778.647627915216
2017-07-31,2068,2.0,24.0,13409,12801.578976752082
2017-08-31,2069,2.0,24.0,13370,12826.888186054079
2017-09-30,2070,2.0,24.0,13307,12849.517844968494
2017-10-31,2071,2.0,24.0,13247,12868.57960142814
2017-11-30,2072,2.0,24.0,13164,12884.347118035303
2017-12-31,2073,2.0,24.0,13061,12895.9993214505
2018-01-31,2074,2.0,24.0,13116,12902.874349723395
2018-02-28,2075,2.0,24.0,13051,12911.754585151588
2018-03-31,2076,2.0,24.0,12921,12917.556477436938
2018-04-30,2077,2.0,24.0,12891,12917.699957543733
2018-05-31,2078,2.0,24.0,12833,12916.587459312745
2018-06-30,2079,2.0,24.0,12857,12913.104648508048
2018-07-31,2080,2.0,24.0,12853,12910.766954820214
2018-08-31,2081,2.0,24.0,12410,12908.359998369371
2018-09-30,2082,2.0,24.0,12598,12887.594998437315
2018-10-31,2083,2.0,24.0,12593,12875.528540169093
2018-11-30,2084,2.0,24.0,12506,12863.756517662048
2018-12-31,2085,2.0,24.0,12388,12848.849996092797
2019-01-31,2086,2.0,24.0,12457,12829.647912922263
2019-02-28,2087,2.0,24.0,12525,12814.1209165505
2019-03-31,2088,2.0,24.0,12428,12802.074211694231
2019-04-30,2089,2.0,24.0,12443,12786.487786206973
2019-05-31,2090,2.0,24.0,12166,12772.175795115018
2019-06-30,2091,2.0,24.0,12256,12746.918470318558
2019-07-31,2092,2.0,24.0,12070,12726.463534055285
2019-08-31,2093,2.0,24.0,12134,12699.11088680298
2019-09-30,2094,2.0,24.0,12230,12675.564599852858
2019-10-31,2095,2.0,24.0,12176,12656.999408192323
2019-11-30,2096,2.0,24.0,12242,12636.95776618431
2019-12-31,2097,2.0,24.0,11998,12620.5011925933
2020-01-31,2098,2.0,24.0,11986,12594.563642901912
2020-02-29,2099,2.0,24.0,11849,12569.206824447665
2020-03-31,2100,2.0,24.0,11286,12539.198206762347
2020-04-30,2101,2.0,24.0,11042,12486.981614813916
2020-05-31,2102,2.0,24.0,10678,12426.774047530003
2020-06-30,2103,2.0,24.0,10521,12353.908462216254
2020-07-31,2104,2.0,24.0,10361,12277.537276290577
2020-08-31,2105,2.0,24.0,10261,12197.681556445137
2020-09-30,2106,2.0,24.0,10224,12116.986491593256
2020-10-31,2107,2.0,24.0,10125,12038.112054443538
2020-11-30,2108,2.0,24.0,9966,11958.399052175058
2020-12-31,2109,2.0,24.0,10009,11875.382425001098
2021-01-31,2110,2.0,24.0,10129,11797.616490626053
2021-02-28,2111,2.0,24.0,10392,11728.090803516634
2021-03-31,2112,2.0,24.0,10515,11672.420353370107
2021-04-30,2113,2.0,24.0,10570,11624.19450531302
2021-05-31,2114,2.0,24.0,10634,11580.26973425831
2021-06-30,2115,2.0,24.0,10052,11540.841828664215
2021-07-31,2116,2.0,24.0,10180,11478.806752469874
2021-08-31,2117,2.0,24.0,10360,11424.689804450296
2021-09-30,2118,2.0,24.0,10464,11380.327729264867
2021-10-31,2119,2.0,24.0,10462,11342.147407212165
2021-11-30,2120,2.0,24.0,10327,11305.474598578325
2021-12-31,2121,2.0,24.0,10224,11264.704823637561
2022-01-31,2122,2.0,24.0,10285,11221.342122652663
2022-02-28,2123,2.0,24.0,10501,11182.327867542135
2022-03-31,2124,2.0,24.0,10470,11153.939206394545
2022-04-30,2125,2.0,24.0,10607,11125.44173946144
2022-05-31,2126,2.0,24.0,10539,11103.840000317214
2022-06-30,2127,2.0,24.0,10598,11080.305000303997
2022-07-31,2128,2.0,24.0,10614,11060.208958624666
2022-08-31,2129,2.0,24.0,11561,11041.616918681972
2022-09-30,2130,2.0,24.0,11376,11063.257880403557
2022-10-31,2131,2.0,24.0,11478,11076.288802053408
2022-11-30,2132,2.0,24.0,11464,11093.026768634516
2022-12-31,2133,2.0,24.0,11348,11108.483986608078
2023-01-31,2134,2.0,24.0,11507,11118.46382049941
2023-02-28,2135,2.0,24.0,11627,11134.652827978602
2023-03-31,2136,2.0,24.0,11119,11155.167293479495
2023-04-30,2137,2.0,24.0,11110,11153.660322917849
2023-05-31,2138,2.0,24.0,10921,11151.841142796271
2023-06-30,2139,2.0,24.0,10518,11142.222761846426
2023-07-31,2140,2.0,24.0,10659,11116.213480102826
2010-02-28,2141,2.0,25.0,18120,18120.0
2010-03-31,2142,2.0,25.0,17988,18120.0
2010-04-30,2143,2.0,25.0,17937,18114.5
2010-05-31,2144,2.0,25.0,17975,18107.104166666668
2010-06-30,2145,2.0,25.0,17883,18101.59982638889
2010-07-31,2146,2.0,25.0,17856,18092.491500289354
2010-08-31,2147,2.0,25.0,17801,18082.6376877773
2010-09-30,2148,2.0,25.0,17973,18070.902784119913
2010-10-31,2149,2.0,25.0,18057,18066.823501448253
2010-11-30,2150,2.0,25.0,17527,18066.41418888791
2010-12-31,2151,2.0,25.0,18063,18043.93859768425
2011-01-31,2152,2.0,25.0,18192,18044.73282278074
2011-02-28,2153,2.0,25.0,18255,18050.86895516488
2011-03-31,2154,2.0,25.0,18104,18059.374415366343
2011-04-30,2155,2.0,25.0,18163,18061.233814726078
2011-05-31,2156,2.0,25.0,18197,18065.474072445828
2011-06-30,2157,2.0,25.0,18353,18070.954319427252
2011-07-31,2158,2.0,25.0,18193,18082.70622278445
2011-08-31,2159,2.0,25.0,18182,18087.3017968351
2011-09-30,2160,2.0,25.0,18229,18091.247555300306
2011-10-31,2161,2.0,25.0,18074,18096.987240496128
2011-11-30,2162,2.0,25.0,17505,18096.02943880879
2011-12-31,2163,2.0,25.0,17743,18071.40321219176
2012-01-31,2164,2.0,25.0,17840,18057.719745017104
2012-02-29,2165,2.0,25.0,18151,18048.648088974725
2012-03-31,2166,2.0,25.0,18795,18052.912751934113
2012-04-30,2167,2.0,25.0,18838,18083.833053936858
2012-05-31,2168,2.0,25.0,18957,18115.256676689492
2012-06-30,2169,2.0,25.0,18915,18150.329315160765
2012-07-31,2170,2.0,25.0,18964,18182.190593695734
2012-08-31,2171,2.0,25.0,18817,18214.76598562508
2012-09-30,2172,2.0,25.0,18658,18239.85906955737
2012-10-31,2173,2.0,25.0,18642,18257.281608325815
2012-11-30,2174,2.0,25.0,18354,18273.31154131224
2012-12-31,2175,2.0,25.0,18589,18276.67356042423
2013-01-31,2176,2.0,25.0,18792,18289.687162073224
2013-02-28,2177,2.0,25.0,18767,18310.616863653508
2013-03-31,2178,2.0,25.0,18477,18329.632827667945
2013-04-30,2179,2.0,25.0,18214,18335.773126515116
2013-05-31,2180,2.0,25.0,17942,18330.699246243654
2013-06-30,2181,2.0,25.0,17745,18314.503444316833
2013-07-31,2182,2.0,25.0,17794,18290.774134136966
2013-08-31,2183,2.0,25.0,17894,18270.07521188126
2013-09-30,2184,2.0,25.0,17961,18254.405411386208
2013-10-31,2185,2.0,25.0,18104,18242.180185911784
2013-11-30,2186,2.0,25.0,17714,18236.422678165458
2013-12-31,2187,2.0,25.0,18121,18214.65506657523
2014-01-31,2188,2.0,25.0,18389,18210.752772134598
2014-02-28,2189,2.0,25.0,18258,18218.17973996232
2014-03-31,2190,2.0,25.0,18235,18219.83891746389
2014-04-30,2191,2.0,25.0,18352,18220.47062923623
2014-05-31,2192,2.0,25.0,17009,18225.951019684722
2014-06-30,2193,2.0,25.0,17874,18175.24472719786
2014-07-31,2194,2.0,25.0,17815,18162.692863564618
2014-08-31,2195,2.0,25.0,17734,18148.205660916094
2014-09-30,2196,2.0,25.0,17616,18130.94709171126
2014-10-31,2197,2.0,25.0,17581,18109.49096288996
2014-11-30,2198,2.0,25.0,17258,18087.47050610288
2014-12-31,2199,2.0,25.0,17458,18052.90923501526
2015-01-31,2200,2.0,25.0,17663,18028.12135022296
2015-02-28,2201,2.0,25.0,17621,18012.907960630335
2015-03-31,2202,2.0,25.0,17538,17996.578462270736
2015-04-30,2203,2.0,25.0,17435,17977.471026342788
2015-05-31,2204,2.0,25.0,17104,17954.868066911837
2015-06-30,2205,2.0,25.0,16946,17919.415230790513
2015-07-31,2206,2.0,25.0,16846,17878.85626284091
2015-08-31,2207,2.0,25.0,16866,17835.82058522254
2015-09-30,2208,2.0,25.0,16893,17795.411394171602
2015-10-31,2209,2.0,25.0,16906,17757.810919414453
2015-11-30,2210,2.0,25.0,16372,17722.318797772186
2015-12-31,2211,2.0,25.0,16775,17666.05551453168
2016-01-31,2212,2.0,25.0,17170,17628.92820142619
2016-02-29,2213,2.0,25.0,17273,17609.806193033437
2016-03-31,2214,2.0,25.0,17357,17595.772601657045
2016-04-30,2215,2.0,25.0,17557,17585.823743254667
2016-05-31,2216,2.0,25.0,17521,17584.62275395239
2016-06-30,2217,2.0,25.0,17826,17581.971805871042
2016-07-31,2218,2.0,25.0,17419,17592.139647293083
2016-08-31,2219,2.0,25.0,16594,17584.92549532254
2016-09-30,2220,2.0,25.0,16943,17543.636933017435
2016-10-31,2221,2.0,25.0,17795,17518.61039414171
2016-11-30,2222,2.0,25.0,18046,17530.12662771914
2016-12-31,2223,2.0,25.0,18334,17551.621351564176
2017-01-31,2224,2.0,25.0,19270,17584.22046191567
2017-02-28,2225,2.0,25.0,21192,17654.46127600252
2017-03-31,2226,2.0,25.0,23983,17801.85872283575
2017-04-30,2227,2.0,25.0,24549,18059.40627605093
2017-05-31,2228,2.0,25.0,23778,18329.80601454881
2017-06-30,2229,2.0,25.0,23174,18556.814097275943
2017-07-31,2230,2.0,25.0,23602,18749.196843222777
2017-08-31,2231,2.0,25.0,23294,18951.396974755164
2017-09-30,2232,2.0,25.0,22286,19132.3387674737
2017-10-31,2233,2.0,25.0,22314,19263.74131882896
2017-11-30,2234,2.0,25.0,21265,19390.835430544423
2017-12-31,2235,2.0,25.0,21157,19468.925620938408
2018-01-31,2236,2.0,25.0,21336,19539.26205339931
2018-02-28,2237,2.0,25.0,21199,19614.126134507675
2018-03-31,2238,2.0,25.0,21303,19680.162545569856
2018-04-30,2239,2.0,25.0,21357,19747.780772837777
2018-05-31,2240,2.0,25.0,21293,19814.83157396954
2018-06-30,2241,2.0,25.0,21485,19876.421925054143
2018-07-31,2242,2.0,25.0,21299,19943.44601151022
2018-08-31,2243,2.0,25.0,19949,19999.927427697294
2018-09-30,2244,2.0,25.0,19121,19997.805451543238
2018-10-31,2245,2.0,25.0,18555,19961.271891062268
2018-11-30,2246,2.0,25.0,15666,19902.677228934674
2018-12-31,2247,2.0,25.0,14631,19726.149011062396
2019-01-31,2248,2.0,25.0,14603,19513.851135601464
2019-02-28,2249,2.0,25.0,14517,19309.232338284735
2019-03-31,2250,2.0,25.0,14382,19109.555990856206
2019-04-30,2251,2.0,25.0,14274,18912.5744912372
2019-05-31,2252,2.0,25.0,14390,18719.300554102316
2019-06-30,2253,2.0,25.0,14404,18538.91303101472
2019-07-31,2254,2.0,25.0,14288,18366.624988055773
2019-08-31,2255,2.0,25.0,14184,18196.682280220117
2019-09-30,2256,2.0,25.0,14243,18029.487185210946
2019-10-31,2257,2.0,25.0,14332,17871.716885827158
2019-11-30,2258,2.0,25.0,14065,17724.22868225103
2019-12-31,2259,2.0,25.0,14182,17571.76082049057
2020-01-31,2260,2.0,25.0,14228,17430.520786303467
2020-02-29,2261,2.0,25.0,13914,17297.082420207487
2020-03-31,2262,2.0,25.0,12536,17156.120652698843
2020-04-30,2263,2.0,25.0,11422,16963.61562550306
2020-05-31,2264,2.0,25.0,10492,16732.71497444043
2020-06-30,2265,2.0,25.0,10083,16472.68518383875
2020-07-31,2266,2.0,25.0,9981,16206.448301178802
2020-08-31,2267,2.0,25.0,9876,15947.05462196302
2020-09-30,2268,2.0,25.0,9652,15694.09401271456
2020-10-31,2269,2.0,25.0,9656,15442.34009551812
2020-11-30,2270,2.0,25.0,9566,15201.2425915382
2020-12-31,2271,2.0,25.0,9717,14966.440816890776
2021-01-31,2272,2.0,25.0,9678,14747.714116186993
2021-02-28,2273,2.0,25.0,9546,14536.476028012536
2021-03-31,2274,2.0,25.0,9478,14328.539526845347
2021-04-30,2275,2.0,25.0,9480,14126.43371322679
2021-05-31,2276,2.0,25.0,9687,13932.832308509007
2021-06-30,2277,2.0,25.0,9346,13755.922628987799
2021-07-31,2278,2.0,25.0,9517,13572.175852779974
2021-08-31,2279,2.0,25.0,9477,13403.210192247474
2021-09-30,2280,2.0,25.0,9426,13239.61810090383
2021-10-31,2281,2.0,25.0,9441,13080.717346699505
2021-11-30,2282,2.0,25.0,9308,12929.062457253693
2021-12-31,2283,2.0,25.0,9331,12778.184854868123
2022-01-31,2284,2.0,25.0,9513,12634.552152581951
2022-02-28,2285,2.0,25.0,9715,12504.487479557703
2022-03-31,2286,2.0,25.0,9862,12388.258834576132
2022-04-30,2287,2.0,25.0,9619,12282.998049802127
2022-05-31,2288,2.0,25.0,9712,12171.99813106037
2022-06-30,2289,2.0,25.0,9767,12069.498208932855
2022-07-31,2290,2.0,25.0,9812,11973.560783560653
2022-08-31,2291,2.0,25.0,9833,11883.495750912294
2022-09-30,2292,2.0,25.0,9796,11798.058427957616
2022-10-31,2293,2.0,25.0,9836,11714.639326792716
2022-11-30,2294,2.0,25.0,9720,11636.362688176354
2022-12-31,2295,2.0,25.0,9843,11556.514242835672
2023-01-31,2296,2.0,25.0,9961,11485.117816050853
2023-02-28,2297,2.0,25.0,10082,11421.612907048735
2023-03-31,2298,2.0,25.0,10009,11365.795702588372
2023-04-30,2299,2.0,25.0,9931,11309.262548313856
2023-05-31,2300,2.0,25.0,9791,11251.834942134112
2023-06-30,2301,2.0,25.0,9683,11190.966819545192
2023-07-31,2302,2.0,25.0,9591,11128.134868730811
2010-02-28,2303,2.0,26.0,2968,2968.0
2010-03-31,2304,2.0,26.0,3012,2968.0
2010-04-30,2305,2.0,26.0,3039,2969.8333333333335
2010-05-31,2306,2.0,26.0,3019,2972.715277777778
2010-06-30,2307,2.0,26.0,3054,2974.6438078703704
2010-07-31,2308,2.0,26.0,3012,2977.9503158757716
2010-08-31,2309,2.0,26.0,2983,2979.369052714281
2010-09-30,2310,2.0,26.0,3035,2979.5203421845194
2010-10-31,2311,2.0,26.0,3015,2981.831994593498
2010-11-30,2312,2.0,26.0,3025,2983.213994818769
2010-12-31,2313,2.0,26.0,2968,2984.955078367987
2011-01-31,2314,2.0,26.0,3002,2984.248616769321
2011-02-28,2315,2.0,26.0,3002,2984.9882577372664
2011-03-31,2316,2.0,26.0,3029,2985.697080331547
2011-04-30,2317,2.0,26.0,3023,2987.501368651066
2011-05-31,2318,2.0,26.0,2997,2988.9804782906053
2011-06-30,2319,2.0,26.0,2974,2989.3146250284967
2011-07-31,2320,2.0,26.0,2968,2988.6765156523093
2011-08-31,2321,2.0,26.0,2923,2987.814994166796
2011-09-30,2322,2.0,26.0,2932,2985.1143694098464
2011-10-31,2323,2.0,26.0,2959,2982.901270684436
2011-11-30,2324,2.0,26.0,2966,2981.9053844059176
2011-12-31,2325,2.0,26.0,3039,2981.2426600556714
2012-01-31,2326,2.0,26.0,3054,2983.6492158866854
2012-02-29,2327,2.0,26.0,3056,2986.5804985580735
2012-03-31,2328,2.0,26.0,3132,2989.4729777848206
2012-04-30,2329,2.0,26.0,3200,2995.411603710453
2012-05-31,2330,2.0,26.0,3216,3003.9361202225177
2012-06-30,2331,2.0,26.0,3198,3012.7721152132463
2012-07-31,2332,2.0,26.0,3161,3020.4899437460276
2012-08-31,2333,2.0,26.0,3210,3026.3445294232765
2012-09-30,2334,2.0,26.0,3212,3033.9968406973067
2012-10-31,2335,2.0,26.0,3266,3041.4136390015856
2012-11-30,2336,2.0,26.0,3203,3050.7714040431865
2012-12-31,2337,2.0,26.0,3416,3057.114262208054
2013-01-31,2338,2.0,26.0,3436,3072.0678346160516
2013-02-28,2339,2.0,26.0,3495,3087.2316748403828
2013-03-31,2340,2.0,26.0,3529,3104.222021722034
2013-04-30,2341,2.0,26.0,3576,3121.921104150282
2013-05-31,2342,2.0,26.0,3574,3140.8410581440207
2013-06-30,2343,2.0,26.0,3551,3158.88934738802
2013-07-31,2344,2.0,26.0,3552,3175.2272912468525
2013-08-31,2345,2.0,26.0,3505,3190.926154111567
2013-09-30,2346,2.0,26.0,3520,3204.0125643569186
2013-10-31,2347,2.0,26.0,3543,3217.1787075087136
2013-11-30,2348,2.0,26.0,3500,3230.7545946958508
2013-12-31,2349,2.0,26.0,3578,3241.9731532501905
2014-01-31,2350,2.0,26.0,3616,3255.9742718647663
2014-02-28,2351,2.0,26.0,3640,3270.975343870401
2014-03-31,2352,2.0,26.0,3600,3286.3513712091344
2014-04-30,2353,2.0,26.0,3661,3299.4200640754207
2014-05-31,2354,2.0,26.0,3674,3314.485894738945
2014-06-30,2355,2.0,26.0,3638,3329.4656491248224
2014-07-31,2356,2.0,26.0,3747,3342.321247077955
2014-08-31,2357,2.0,26.0,3743,3359.18286178304
2014-09-30,2358,2.0,26.0,3769,3375.1752425420805
2014-10-31,2359,2.0,26.0,3804,3391.5846074361602
2014-11-30,2360,2.0,26.0,3786,3408.7685821263203
2014-12-31,2361,2.0,26.0,3825,3424.486557871057
2015-01-31,2362,2.0,26.0,3880,3441.174617959763
2015-02-28,2363,2.0,26.0,3899,3459.459008878106
2015-03-31,2364,2.0,26.0,3929,3477.7732168415187
2015-04-30,2365,2.0,26.0,3936,3496.5743328064555
2015-05-31,2366,2.0,26.0,3995,3514.8837356061867
2015-06-30,2367,2.0,26.0,3931,3534.8885799559293
2015-07-31,2368,2.0,26.0,3945,3551.3932224577657
2015-08-31,2369,2.0,26.0,3935,3567.793504855359
2015-09-30,2370,2.0,26.0,3977,3583.093775486386
2015-10-31,2371,2.0,26.0,3961,3599.5065348411204
2015-11-30,2372,2.0,26.0,3960,3614.5687625560736
2015-12-31,2373,2.0,26.0,4001,3628.961730782904
2016-01-31,2374,2.0,26.0,4047,3644.4633253336165
2016-02-29,2375,2.0,26.0,4123,3661.235686778049
2016-03-31,2376,2.0,26.0,4214,3680.4758664956303
2016-04-30,2377,2.0,26.0,4226,3702.7060387249794
2016-05-31,2378,2.0,26.0,4226,3724.5099537781057
2016-06-30,2379,2.0,26.0,4222,3745.4053723706847
2016-07-31,2380,2.0,26.0,4257,3765.2634818552397
2016-08-31,2381,2.0,26.0,4285,3785.752503444605
2016-09-30,2382,2.0,26.0,4330,3806.5544824677463
2016-10-31,2383,2.0,26.0,4367,3828.3647123649234
2016-11-30,2384,2.0,26.0,4299,3850.8078493497187
2016-12-31,2385,2.0,26.0,4082,3869.4825222934805
2017-01-31,2386,2.0,26.0,4076,3878.337417197919
2017-02-28,2387,2.0,26.0,4187,3886.573358148006
2017-03-31,2388,2.0,26.0,4226,3899.0911348918394
2017-04-30,2389,2.0,26.0,4289,3912.7123376046798
2017-05-31,2390,2.0,26.0,4309,3928.390990204485
2017-06-30,2391,2.0,26.0,4238,3944.249698945965
2017-07-31,2392,2.0,26.0,4274,3956.489294823217
2017-08-31,2393,2.0,26.0,4322,3969.7189075389165
2017-09-30,2394,2.0,26.0,4448,3984.397286391462
2017-10-31,2395,2.0,26.0,4523,4003.7140661251515
2017-11-30,2396,2.0,26.0,4487,4025.3509800366037
2017-12-31,2397,2.0,26.0,4505,4044.5863558684123
2018-01-31,2398,2.0,26.0,4601,4063.7702577072287
2018-02-28,2399,2.0,26.0,4604,4086.154830302761
2018-03-31,2400,2.0,26.0,4745,4107.731712373479
2018-04-30,2401,2.0,26.0,4640,4134.284557691251
2018-05-31,2402,2.0,26.0,4632,4155.356034454116
2018-06-30,2403,2.0,26.0,4591,4175.216199685194
2018-07-31,2404,2.0,26.0,4828,4192.540524698311
2018-08-31,2405,2.0,26.0,4763,4219.018002835882
2018-09-30,2406,2.0,26.0,4798,4241.683919384387
2018-10-31,2407,2.0,26.0,4836,4264.863756076705
2018-11-30,2408,2.0,26.0,4820,4288.661099573508
2018-12-31,2409,2.0,26.0,4857,4310.800220424612
2019-01-31,2410,2.0,26.0,5076,4333.558544573587
2019-02-28,2411,2.0,26.0,4744,4364.493605216354
2019-03-31,2412,2.0,26.0,4840,4380.306371665673
2019-04-30,2413,2.0,26.0,4952,4399.4602728462705
2019-05-31,2414,2.0,26.0,4909,4422.482761477676
2019-06-30,2415,2.0,26.0,4993,4442.7543130827735
2019-07-31,2416,2.0,26.0,4805,4465.681216704325
2019-08-31,2417,2.0,26.0,4743,4479.819499341645
2019-09-30,2418,2.0,26.0,4618,4490.785353535743
2019-10-31,2419,2.0,26.0,4446,4496.085963805087
2019-11-30,2420,2.0,26.0,4490,4493.999048646542
2019-12-31,2421,2.0,26.0,4567,4493.832421619602
2020-01-31,2422,2.0,26.0,4582,4496.881070718786
2020-02-29,2423,2.0,26.0,4636,4500.42769277217
2020-03-31,2424,2.0,26.0,4572,4506.076538906664
2020-04-30,2425,2.0,26.0,4478,4508.823349785553
2020-05-31,2426,2.0,26.0,4406,4507.539043544488
2020-06-30,2427,2.0,26.0,4384,4503.308250063467
2020-07-31,2428,2.0,26.0,4403,4498.33707297749
2020-08-31,2429,2.0,26.0,4836,4494.364694936761
2020-09-30,2430,2.0,26.0,5076,4508.599499314397
2020-10-31,2431,2.0,26.0,5163,4532.2411868429635
2020-11-30,2432,2.0,26.0,5097,4558.52280405784
2020-12-31,2433,2.0,26.0,5148,4580.959353888764
2021-01-31,2434,2.0,26.0,5236,4604.586047476732
2021-02-28,2435,2.0,26.0,5226,4630.894962165203
2021-03-31,2436,2.0,26.0,5273,4655.691005408319
2021-04-30,2437,2.0,26.0,5373,4681.412213516306
2021-05-31,2438,2.0,26.0,5451,4710.22837128646
2021-06-30,2439,2.0,26.0,5480,4741.093855816191
2021-07-31,2440,2.0,26.0,5588,4771.881611823849
2021-08-31,2441,2.0,26.0,5701,4805.886544664522
2021-09-30,2442,2.0,26.0,5730,4843.1829386368345
2021-10-31,2443,2.0,26.0,5790,4880.133649526966
2021-11-30,2444,2.0,26.0,5678,4918.044747463343
2021-12-31,2445,2.0,26.0,5723,4949.70954965237
2022-01-31,2446,2.0,26.0,5773,4981.9299850835205
2022-02-28,2447,2.0,26.0,5839,5014.891235705041
2022-03-31,2448,2.0,26.0,5822,5049.229100883998
2022-04-30,2449,2.0,26.0,5951,5081.427888347165
2022-05-31,2450,2.0,26.0,5991,5117.660059666033
2022-06-30,2451,2.0,26.0,5763,5154.049223846615
2022-07-31,2452,2.0,26.0,5824,5179.4221728530065
2022-08-31,2453,2.0,26.0,5943,5206.279582317465
2022-09-30,2454,2.0,26.0,5960,5236.976266387571
2022-10-31,2455,2.0,26.0,5885,5267.102255288089
2022-11-30,2456,2.0,26.0,5827,5292.847994651085
2022-12-31,2457,2.0,26.0,5770,5315.104328207291
2023-01-31,2458,2.0,26.0,5783,5334.058314531987
2023-02-28,2459,2.0,26.0,5762,5352.764218093154
2023-03-31,2460,2.0,26.0,5709,5369.815709005939
2023-04-30,2461,2.0,26.0,5698,5383.948387797359
2023-05-31,2462,2.0,26.0,5672,5397.033871639136
2023-06-30,2463,2.0,26.0,5600,5408.490793654172
2023-07-31,2464,2.0,26.0,5596,5416.470343918581
2010-02-28,2465,2.0,27.0,15461,15461.0
2010-03-31,2466,2.0,27.0,15599,15461.000000000002
2010-04-30,2467,2.0,27.0,15416,15466.750000000004
2010-05-31,2468,2.0,27.0,15393,15464.635416666672
2010-06-30,2469,2.0,27.0,15567,15461.650607638894
2010-07-31,2470,2.0,27.0,15676,15466.040165653942
2010-08-31,2471,2.0,27.0,15827,15474.788492085027
2010-09-30,2472,2.0,27.0,15977,15489.463971581485
2010-10-31,2473,2.0,27.0,16153,15509.77797276559
2010-11-30,2474,2.0,27.0,16128,15536.578890567025
2010-12-31,2475,2.0,27.0,15933,15561.2214367934
2011-01-31,2476,2.0,27.0,16050,15576.71221026034
2011-02-28,2477,2.0,27.0,16083,15596.432534832828
2011-03-31,2478,2.0,27.0,15934,15616.706179214794
2011-04-30,2479,2.0,27.0,16006,15629.926755080844
2011-05-31,2480,2.0,27.0,15901,15645.596473619142
2011-06-30,2481,2.0,27.0,15897,15656.238287218344
2011-07-31,2482,2.0,27.0,16014,15666.270025250913
2011-08-31,2483,2.0,27.0,16075,15680.758774198792
2011-09-30,2484,2.0,27.0,16145,15697.185491940509
2011-10-31,2485,2.0,27.0,16375,15715.844429776322
2011-11-30,2486,2.0,27.0,16233,15743.309245202308
2011-12-31,2487,2.0,27.0,16283,15763.713026652213
2012-01-31,2488,2.0,27.0,16284,15785.349983875038
2012-02-29,2489,2.0,27.0,16387,15806.127067880245
2012-03-31,2490,2.0,27.0,16403,15830.330106718568
2012-04-30,2491,2.0,27.0,16329,15854.191352271962
2012-05-31,2492,2.0,27.0,16161,15873.975045927298
2012-06-30,2493,2.0,27.0,16310,15885.934419013662
2012-07-31,2494,2.0,27.0,16518,15903.603818221427
2012-08-31,2495,2.0,27.0,16786,15929.203659128869
2012-09-30,2496,2.0,27.0,17010,15964.903506665167
2012-10-31,2497,2.0,27.0,17016,16008.449193887453
2012-11-30,2498,2.0,27.0,16894,16050.430477475476
2012-12-31,2499,2.0,27.0,16818,16085.579207580666
2013-01-31,2500,2.0,27.0,16482,16116.09674059814
2013-02-28,2501,2.0,27.0,16356,16131.342709739884
2013-03-31,2502,2.0,27.0,16432,16140.703430167388
2013-04-30,2503,2.0,27.0,16443,16152.840787243747
2013-05-31,2504,2.0,27.0,16366,16164.930754441924
2013-06-30,2505,2.0,27.0,16112,16173.30863967351
2013-07-31,2506,2.0,27.0,16397,16170.754113020448
2013-08-31,2507,2.0,27.0,16730,16180.18102497793
2013-09-30,2508,2.0,27.0,16846,16203.090148937184
2013-10-31,2509,2.0,27.0,16842,16229.878059398136
2013-11-30,2510,2.0,27.0,16525,16255.383140256547
2013-12-31,2511,2.0,27.0,16163,16266.617176079191
2014-01-31,2512,2.0,27.0,16232,16262.299793742559
2014-02-28,2513,2.0,27.0,16224,16261.037302336621
2014-03-31,2514,2.0,27.0,15794,16259.494081405928
2014-04-30,2515,2.0,27.0,16399,16240.098494680682
2014-05-31,2516,2.0,27.0,16190,16246.719390735654
2014-06-30,2517,2.0,27.0,15679,16244.356082788336
2014-07-31,2518,2.0,27.0,15682,16220.799579338822
2014-08-31,2519,2.0,27.0,16038,16198.34959686637
2014-09-30,2520,2.0,27.0,16314,16191.668363663604
2014-10-31,2521,2.0,27.0,16426,16196.765515177622
2014-11-30,2522,2.0,27.0,16312,16206.316952045221
2014-12-31,2523,2.0,27.0,16337,16210.72041237667
2015-01-31,2524,2.0,27.0,16393,16215.982061860976
2015-02-28,2525,2.0,27.0,16700,16223.357809283434
2015-03-31,2526,2.0,27.0,16905,16243.217900563292
2015-04-30,2527,2.0,27.0,16955,16270.792154706489
2015-05-31,2528,2.0,27.0,16845,16299.300814927054
2015-06-30,2529,2.0,27.0,16934,16322.03828097176
2015-07-31,2530,2.0,27.0,16875,16347.53668593127
2015-08-31,2531,2.0,27.0,16999,16369.514324017468
2015-09-30,2532,2.0,27.0,17737,16395.742893850074
2015-10-31,2533,2.0,27.0,17874,16451.628606606322
2015-11-30,2534,2.0,27.0,17640,16510.894081331062
2015-12-31,2535,2.0,27.0,17434,16557.9401612756
2016-01-31,2536,2.0,27.0,17458,16594.442654555784
2016-02-29,2537,2.0,27.0,17533,16630.42421061596
2016-03-31,2538,2.0,27.0,17553,16668.03153517363
2016-04-30,2539,2.0,27.0,17692,16704.905221208064
2016-05-31,2540,2.0,27.0,17714,16746.034170324398
2016-06-30,2541,2.0,27.0,17835,16786.366079894215
2016-07-31,2542,2.0,27.0,18010,16830.05915989862
2016-08-31,2543,2.0,27.0,18302,16879.22336156951
2016-09-30,2544,2.0,27.0,18588,16938.505721504116
2016-10-31,2545,2.0,27.0,18677,17007.23464977478
2016-11-30,2546,2.0,27.0,18419,17076.808206034162
2016-12-31,2547,2.0,27.0,18241,17132.73286411607
2017-01-31,2548,2.0,27.0,18277,17178.91066144457
2017-02-28,2549,2.0,27.0,18454,17224.66438388438
2017-03-31,2550,2.0,27.0,18321,17275.886701222535
2017-04-30,2551,2.0,27.0,18317,17319.433088671598
2017-05-31,2552,2.0,27.0,18311,17360.998376643613
2017-06-30,2553,2.0,27.0,18510,17400.581777616793
2017-07-31,2554,2.0,27.0,18533,17446.80753688276
2017-08-31,2555,2.0,27.0,18980,17492.06555617931
2017-09-30,2556,2.0,27.0,19450,17554.062824671837
2017-10-31,2557,2.0,27.0,19282,17633.060206977178
2017-11-30,2558,2.0,27.0,19229,17701.766031686464
2017-12-31,2559,2.0,27.0,19220,17765.400780366195
2018-01-31,2560,2.0,27.0,19362,17826.00908118427
2018-02-28,2561,2.0,27.0,19158,17890.008702801595
2018-03-31,2562,2.0,27.0,19361,17942.841673518196
2018-04-30,2563,2.0,27.0,19366,18001.93160378827
2018-05-31,2564,2.0,27.0,19260,18058.767786963763
2018-06-30,2565,2.0,27.0,19139,18108.819129173608
2018-07-31,2566,2.0,27.0,19196,18151.743332124708
2018-08-31,2567,2.0,27.0,19480,18195.25402661951
2018-09-30,2568,2.0,27.0,19840,18248.7851088437
2018-10-31,2569,2.0,27.0,19884,18315.085729308546
2018-11-30,2570,2.0,27.0,19846,18380.457157254023
2018-12-31,2571,2.0,27.0,19774,18441.52144236844
2019-01-31,2572,2.0,27.0,19891,18497.04138226976
2019-02-28,2573,2.0,27.0,19745,18555.122991341854
2019-03-31,2574,2.0,27.0,19957,18604.701200035943
2019-04-30,2575,2.0,27.0,19983,18661.04698336778
2019-05-31,2576,2.0,27.0,20128,18716.128359060793
2019-06-30,2577,2.0,27.0,20273,18774.95634409993
2019-07-31,2578,2.0,27.0,19954,18837.374829762433
2019-08-31,2579,2.0,27.0,20193,18883.900878522334
2019-09-30,2580,2.0,27.0,20533,18938.446675250572
2019-10-31,2581,2.0,27.0,20845,19004.886397115133
2019-11-30,2582,2.0,27.0,20689,19081.55779723534
2019-12-31,2583,2.0,27.0,20643,19148.53455568387
2020-01-31,2584,2.0,27.0,20678,19210.80394919704
2020-02-29,2585,2.0,27.0,20413,19271.9371179805
2020-03-31,2586,2.0,27.0,19200,19319.481404731312
2020-04-30,2587,2.0,27.0,18158,19314.50301286751
2020-05-31,2588,2.0,27.0,18223,19266.315387331364
2020-06-30,2589,2.0,27.0,18525,19222.843912859225
2020-07-31,2590,2.0,27.0,19027,19193.76708315676
2020-08-31,2591,2.0,27.0,19592,19186.818454691896
2020-09-30,2592,2.0,27.0,20303,19203.701019079734
2020-10-31,2593,2.0,27.0,20598,19249.505143284743
2020-11-30,2594,2.0,27.0,20599,19305.692428981212
2020-12-31,2595,2.0,27.0,21101,19359.58024444033
2021-01-31,2596,2.0,27.0,21549,19432.139400921984
2021-02-28,2597,2.0,27.0,21716,19520.341925883567
2021-03-31,2598,2.0,27.0,22119,19611.827678971753
2021-04-30,2599,2.0,27.0,22532,19716.29319234793
2021-05-31,2600,2.0,27.0,22512,19833.614309333432
2021-06-30,2601,2.0,27.0,22843,19945.213713111207
2021-07-31,2602,2.0,27.0,22990,20065.95480839824
2021-08-31,2603,2.0,27.0,23100,20187.79002471498
2021-09-30,2604,2.0,27.0,23369,20309.132107018526
2021-10-31,2605,2.0,27.0,23549,20436.62660255942
2021-11-30,2606,2.0,27.0,23069,20566.308827452776
2021-12-31,2607,2.0,27.0,23083,20670.58762630891
2022-01-31,2608,2.0,27.0,22864,20771.10480854604
2022-02-28,2609,2.0,27.0,22932,20858.30877485662
2022-03-31,2610,2.0,27.0,22862,20944.712575904265
2022-04-30,2611,2.0,27.0,22565,21024.599551908253
2022-05-31,2612,2.0,27.0,22395,21088.782903912077
2022-06-30,2613,2.0,27.0,21982,21143.208616249074
2022-07-31,2614,2.0,27.0,21970,21178.158257238698
2022-08-31,2615,2.0,27.0,21986,21211.151663187087
2022-09-30,2616,2.0,27.0,22004,21243.43701055429
2022-10-31,2617,2.0,27.0,21938,21275.12713511453
2022-11-30,2618,2.0,27.0,21607,21302.74683781809
2022-12-31,2619,2.0,27.0,21691,21315.424052909006
2023-01-31,2620,2.0,27.0,21659,21331.073050704465
2023-02-28,2621,2.0,27.0,21431,21344.73667359178
2023-03-31,2622,2.0,27.0,21296,21348.330978858787
2023-04-30,2623,2.0,27.0,21173,21346.150521406336
2023-05-31,2624,2.0,27.0,21259,21338.93591634774
2023-06-30,2625,2.0,27.0,21139,21335.605253166585
2023-07-31,2626,2.0,27.0,21206,21327.413367617977
2010-02-28,2627,2.0,28.0,6269,6269.0
2010-03-31,2628,2.0,28.0,6337,6269.0
2010-04-30,2629,2.0,28.0,6451,6271.833333333334
2010-05-31,2630,2.0,28.0,6491,6279.298611111112
2010-06-30,2631,2.0,28.0,6590,6288.119502314816
2010-07-31,2632,2.0,28.0,6509,6300.697856385032
2010-08-31,2633,2.0,28.0,6611,6309.3771123689885
2010-09-30,2634,2.0,28.0,6721,6321.944732686948
2010-10-31,2635,2.0,28.0,6709,6338.572035491658
2010-11-30,2636,2.0,28.0,6667,6354.006534012839
2010-12-31,2637,2.0,28.0,6702,6367.047928428971
2011-01-31,2638,2.0,28.0,6667,6381.004264744431
2011-02-28,2639,2.0,28.0,6707,6392.920753713413
2011-03-31,2640,2.0,28.0,6679,6406.007388975355
2011-04-30,2641,2.0,28.0,6729,6417.382081101382
2011-05-31,2642,2.0,28.0,6738,6430.366161055491
2011-06-30,2643,2.0,28.0,6737,6443.184237678179
2011-07-31,2644,2.0,28.0,6654,6455.426561108255
2011-08-31,2645,2.0,28.0,6740,6463.700454395411
2011-09-30,2646,2.0,28.0,6772,6475.212935462268
2011-10-31,2647,2.0,28.0,6835,6487.579063151341
2011-11-30,2648,2.0,28.0,6799,6502.0549355200355
2011-12-31,2649,2.0,28.0,6977,6514.427646540034
2012-01-31,2650,2.0,28.0,7049,6533.701494600867
2012-02-29,2651,2.0,28.0,6925,6555.172265659164
2012-03-31,2652,2.0,28.0,6983,6570.581754590033
2012-04-30,2653,2.0,28.0,7000,6587.7658481487815
2012-05-31,2654,2.0,28.0,7078,6604.942271142583
2012-06-30,2655,2.0,28.0,7154,6624.653009844976
2012-07-31,2656,2.0,28.0,7046,6646.709134434768
2012-08-31,2657,2.0,28.0,6996,6663.34625383332
2012-09-30,2658,2.0,28.0,7077,6677.206826590265
2012-10-31,2659,2.0,28.0,7889,6693.864875482338
2012-11-30,2660,2.0,28.0,7111,6743.662172337241
2012-12-31,2661,2.0,28.0,7002,6758.967915156523
2013-01-31,2662,2.0,28.0,7172,6769.094252025002
2013-02-28,2663,2.0,28.0,7175,6785.88199152396
2013-03-31,2664,2.0,28.0,7271,6802.0952418771285
2013-04-30,2665,2.0,28.0,7371,6821.632940132248
2013-05-31,2666,2.0,28.0,7312,6844.523234293405
2013-06-30,2667,2.0,28.0,7537,6864.001432864514
2013-07-31,2668,2.0,28.0,7742,6892.043039828493
2013-08-31,2669,2.0,28.0,8039,6927.4579131689725
2013-09-30,2670,2.0,28.0,8083,6973.772166786932
2013-10-31,2671,2.0,28.0,7672,7019.9899931708105
2013-11-30,2672,2.0,28.0,7655,7047.157076788694
2013-12-31,2673,2.0,28.0,7727,7072.483865255832
2014-01-31,2674,2.0,28.0,7741,7099.755370870173
2014-02-28,2675,2.0,28.0,7861,7126.473897083916
2014-03-31,2676,2.0,28.0,7994,7157.079151372087
2014-04-30,2677,2.0,28.0,8052,7191.95085339825
2014-05-31,2678,2.0,28.0,8033,7227.786234506656
2014-06-30,2679,2.0,28.0,8250,7261.336808068879
2014-07-31,2680,2.0,28.0,8397,7302.531107732676
2014-08-31,2681,2.0,28.0,8576,7348.133978243814
2014-09-30,2682,2.0,28.0,8601,7399.295062483656
2014-10-31,2683,2.0,28.0,8629,7449.366101546837
2014-11-30,2684,2.0,28.0,8542,7498.517513982386
2014-12-31,2685,2.0,28.0,8507,7541.995950899787
2015-01-31,2686,2.0,28.0,8585,7582.20445294563
2015-02-28,2687,2.0,28.0,8654,7623.9876007395615
2015-03-31,2688,2.0,28.0,9018,7666.90478404208
2015-04-30,2689,2.0,28.0,8599,7723.200418040326
2015-05-31,2690,2.0,28.0,8647,7759.692067288647
2015-06-30,2691,2.0,28.0,8626,7796.6632311516205
2015-07-31,2692,2.0,28.0,8719,7831.218929853637
2015-08-31,2693,2.0,28.0,8823,7868.209807776402
2015-09-30,2694,2.0,28.0,8851,7907.992732452386
2015-10-31,2695,2.0,28.0,8942,7947.284701933537
2015-11-30,2696,2.0,28.0,8757,7988.731172686306
2015-12-31,2697,2.0,28.0,8763,8020.742373824377
2016-01-31,2698,2.0,28.0,8715,8051.669774915028
2016-02-29,2699,2.0,28.0,8682,8079.308534293569
2016-03-31,2700,2.0,28.0,8920,8104.420678698004
2016-04-30,2701,2.0,28.0,8991,8138.403150418921
2016-05-31,2702,2.0,28.0,8998,8173.928019151466
2016-06-30,2703,2.0,28.0,9035,8208.264351686821
2016-07-31,2704,2.0,28.0,9088,8242.711670366538
2016-08-31,2705,2.0,28.0,9138,8277.9320174346
2016-09-30,2706,2.0,28.0,9344,8313.768183374825
2016-10-31,2707,2.0,28.0,9343,8356.694509067542
2016-11-30,2708,2.0,28.0,9006,8397.790571189727
2016-12-31,2709,2.0,28.0,8566,8423.132630723489
2017-01-31,2710,2.0,28.0,8941,8429.085437776677
2017-02-28,2711,2.0,28.0,9092,8450.41521120265
2017-03-31,2712,2.0,28.0,9119,8477.147910735874
2017-04-30,2713,2.0,28.0,9121,8503.891747788546
2017-05-31,2714,2.0,28.0,9070,8529.60459163069
2017-06-30,2715,2.0,28.0,9439,8552.12106697941
2017-07-31,2716,2.0,28.0,9335,8589.074355855268
2017-08-31,2717,2.0,28.0,9424,8620.154591027966
2017-09-30,2718,2.0,28.0,9389,8653.648149735134
2017-10-31,2719,2.0,28.0,9422,8684.287810162838
2017-11-30,2720,2.0,28.0,9357,8715.02581807272
2017-12-31,2721,2.0,28.0,9516,8741.77474231969
2018-01-31,2722,2.0,28.0,9563,8774.03412805637
2018-02-28,2723,2.0,28.0,9551,8806.907706054022
2018-03-31,2724,2.0,28.0,9593,8837.911551635105
2018-04-30,2725,2.0,28.0,10453,8869.373570316977
2018-05-31,2726,2.0,28.0,10984,8935.358004887103
2018-06-30,2727,2.0,28.0,11226,9020.718088016807
2018-07-31,2728,2.0,28.0,11342,9112.60483434944
2018-08-31,2729,2.0,28.0,11331,9205.496299584882
2018-09-30,2730,2.0,28.0,11410,9294.058953768845
2018-10-31,2731,2.0,28.0,11356,9382.223164028475
2018-11-30,2732,2.0,28.0,11294,9464.463865527288
2018-12-31,2733,2.0,28.0,11273,9540.694537796986
2019-01-31,2734,2.0,28.0,11371,9612.873932055445
2019-02-28,2735,2.0,28.0,10947,9686.129184886468
2019-03-31,2736,2.0,28.0,10840,9738.665468849531
2019-04-30,2737,2.0,28.0,10812,9784.554407647467
2019-05-31,2738,2.0,28.0,10919,9827.364640662156
2019-06-30,2739,2.0,28.0,11008,9872.849447301234
2019-07-31,2740,2.0,28.0,10997,9920.147386997016
2019-08-31,2741,2.0,28.0,11062,9965.01624587214
2019-09-30,2742,2.0,28.0,11071,10010.723902294134
2019-10-31,2743,2.0,28.0,11022,10054.902073031879
2019-11-30,2744,2.0,28.0,10838,10095.197819988884
2019-12-31,2745,2.0,28.0,10705,10126.147910822681
2020-01-31,2746,2.0,28.0,10822,10150.266747871736
2020-02-29,2747,2.0,28.0,10773,10178.255633377079
2020-03-31,2748,2.0,28.0,10686,10203.036648653035
2020-04-30,2749,2.0,28.0,10478,10223.160121625826
2020-05-31,2750,2.0,28.0,10456,10233.778449891417
2020-06-30,2751,2.0,28.0,10498,10243.037681145941
2020-07-31,2752,2.0,28.0,10621,10253.661111098194
2020-08-31,2753,2.0,28.0,10816,10268.966898135768
2020-09-30,2754,2.0,28.0,10929,10291.759944046778
2020-10-31,2755,2.0,28.0,10971,10318.311613044829
2020-11-30,2756,2.0,28.0,10914,10345.506962501295
2020-12-31,2757,2.0,28.0,11086,10369.194172397074
2021-01-31,2758,2.0,28.0,11211,10399.061081880529
2021-02-28,2759,2.0,28.0,11253,10432.891870135507
2021-03-31,2760,2.0,28.0,11325,10467.063042213194
2021-04-30,2761,2.0,28.0,11437,10502.810415454313
2021-05-31,2762,2.0,28.0,11642,10541.73498147705
2021-06-30,2763,2.0,28.0,11900,10587.57935724884
2021-07-31,2764,2.0,28.0,12013,10642.263550696805
2021-08-31,2765,2.0,28.0,12153,10699.377569417771
2021-09-30,2766,2.0,28.0,12143,10759.945170692032
2021-10-31,2767,2.0,28.0,12155,10817.57245524653
2021-11-30,2768,2.0,28.0,11913,10873.298602944593
2021-12-31,2769,2.0,28.0,11824,10916.619494488568
2022-01-31,2770,2.0,28.0,11975,10954.427015551544
2022-02-28,2771,2.0,28.0,12001,10996.950889903565
2022-03-31,2772,2.0,28.0,11923,11038.786269490916
2022-04-30,2773,2.0,28.0,11956,11075.628508262127
2022-05-31,2774,2.0,28.0,12034,11112.310653751205
2022-06-30,2775,2.0,28.0,12036,11150.71437651157
2022-07-31,2776,2.0,28.0,12070,11187.601277490256
2022-08-31,2777,2.0,28.0,12107,11224.36789092816
2022-09-30,2778,2.0,28.0,12176,11261.144228806155
2022-10-31,2779,2.0,28.0,12161,11299.263219272567
2022-11-30,2780,2.0,28.0,11936,11335.168918469544
2022-12-31,2781,2.0,28.0,12087,11360.203546866647
2023-01-31,2782,2.0,28.0,12208,11390.48673241387
2023-02-28,2783,2.0,28.0,12297,11424.54978522996
2023-03-31,2784,2.0,28.0,12387,11460.901877512046
2023-04-30,2785,2.0,28.0,12540,11499.489299282377
2023-05-31,2786,2.0,28.0,12650,11542.843911812279
2023-06-30,2787,2.0,28.0,12669,11588.975415486768
2023-07-31,2788,2.0,28.0,12796,11633.976439841486
2010-02-28,2789,2.0,29.0,12232,12232.0
2010-03-31,2790,2.0,29.0,12198,12232.0
2010-04-30,2791,2.0,29.0,12237,12230.583333333334
2010-05-31,2792,2.0,29.0,12162,12230.850694444445
2010-06-30,2793,2.0,29.0,12369,12227.981915509261
2010-07-31,2794,2.0,29.0,12287,12233.857669029709
2010-08-31,2795,2.0,29.0,12238,12236.071932820138
2010-09-30,2796,2.0,29.0,12300,12236.152268952632
2010-10-31,2797,2.0,29.0,12321,12238.812591079606
2010-11-30,2798,2.0,29.0,12152,12242.23706645129
2010-12-31,2799,2.0,29.0,12194,12238.477188682486
2011-01-31,2800,2.0,29.0,12153,12236.623972487383
2011-02-28,2801,2.0,29.0,12187,12233.13964030041
2011-03-31,2802,2.0,29.0,12253,12231.217155287892
2011-04-30,2803,2.0,29.0,12367,12232.124773817563
2011-05-31,2804,2.0,29.0,12199,12237.744574908496
2011-06-30,2805,2.0,29.0,12155,12236.130217620643
2011-07-31,2806,2.0,29.0,12148,12232.74979188645
2011-08-31,2807,2.0,29.0,12143,12229.218550557847
2011-09-30,2808,2.0,29.0,12084,12225.62611095127
2011-10-31,2809,2.0,29.0,12003,12219.725022994968
2011-11-30,2810,2.0,29.0,11830,12210.69481370351
2011-12-31,2811,2.0,29.0,11819,12194.832529799198
2012-01-31,2812,2.0,29.0,11801,12179.172841057565
2012-02-29,2813,2.0,29.0,11932,12163.415639346835
2012-03-31,2814,2.0,29.0,11910,12153.773321040717
2012-04-30,2815,2.0,29.0,12027,12143.616099330688
2012-05-31,2816,2.0,29.0,11990,12138.75709519191
2012-06-30,2817,2.0,29.0,11983,12132.558882892248
2012-07-31,2818,2.0,29.0,11975,12126.327262771738
2012-08-31,2819,2.0,29.0,11984,12120.02196015625
2012-09-30,2820,2.0,29.0,12048,12114.354378483073
2012-10-31,2821,2.0,29.0,12082,12111.589612712945
2012-11-30,2822,2.0,29.0,12001,12110.356712183238
2012-12-31,2823,2.0,29.0,11850,12105.800182508936
2013-01-31,2824,2.0,29.0,11821,12095.141841571063
2013-02-28,2825,2.0,29.0,11805,12083.719264838935
2013-03-31,2826,2.0,29.0,11818,12072.105962137313
2013-04-30,2827,2.0,29.0,11782,12061.518213714926
2013-05-31,2828,2.0,29.0,11919,12049.871621476805
2013-06-30,2829,2.0,29.0,11997,12044.418637248606
2013-07-31,2830,2.0,29.0,11913,12042.442860696581
2013-08-31,2831,2.0,29.0,11945,12037.049408167557
2013-09-30,2832,2.0,29.0,12015,12033.214016160577
2013-10-31,2833,2.0,29.0,12091,12032.455098820554
2013-11-30,2834,2.0,29.0,11982,12034.894469703031
2013-12-31,2835,2.0,29.0,11929,12032.690533465406
2014-01-31,2836,2.0,29.0,11958,12028.370094571013
2014-02-28,2837,2.0,29.0,11959,12025.438007297222
2014-03-31,2838,2.0,29.0,11920,12022.669756993171
2014-04-30,2839,2.0,29.0,11978,12018.39185045179
2014-05-31,2840,2.0,29.0,12029,12016.708856682966
2014-06-30,2841,2.0,29.0,12177,12017.22098765451
2014-07-31,2842,2.0,29.0,12261,12023.878446502238
2014-08-31,2843,2.0,29.0,12386,12033.758511231312
2014-09-30,2844,2.0,29.0,12381,12048.435239930008
2014-10-31,2845,2.0,29.0,12454,12062.292104932925
2014-11-30,2846,2.0,29.0,12302,12078.613267227387
2014-12-31,2847,2.0,29.0,12199,12087.92104775958
2015-01-31,2848,2.0,29.0,12312,12092.549337436265
2015-02-28,2849,2.0,29.0,12515,12101.693115043088
2015-03-31,2850,2.0,29.0,12499,12118.914235249627
2015-04-30,2851,2.0,29.0,12589,12134.751142114226
2015-05-31,2852,2.0,29.0,12688,12153.678177859467
2015-06-30,2853,2.0,29.0,13287,12175.941587115321
2015-07-31,2854,2.0,29.0,13070,12222.235687652183
2015-08-31,2855,2.0,29.0,13289,12257.559200666676
2015-09-30,2856,2.0,29.0,13409,12300.535900638899
2015-10-31,2857,2.0,29.0,13425,12346.721904778946
2015-11-30,2858,2.0,29.0,13249,12391.65015874649
2015-12-31,2859,2.0,29.0,13152,12427.373068798719
2016-01-31,2860,2.0,29.0,13200,12457.565857598773
2016-02-29,2861,2.0,29.0,12788,12488.500613532158
2016-03-31,2862,2.0,29.0,12754,12500.979754634986
2016-04-30,2863,2.0,29.0,12843,12511.522264858528
2016-05-31,2864,2.0,29.0,12970,12525.33383715609
2016-06-30,2865,2.0,29.0,12952,12543.861593941252
2016-07-31,2866,2.0,29.0,13239,12560.867360860366
2016-08-31,2867,2.0,29.0,13418,12589.122887491185
2016-09-30,2868,2.0,29.0,13273,12623.65943384572
2016-10-31,2869,2.0,29.0,13367,12650.715290768814
2016-11-30,2870,2.0,29.0,13193,12680.560486986782
2016-12-31,2871,2.0,29.0,13351,12701.912133362333
2017-01-31,2872,2.0,29.0,13157,12728.957461138903
2017-02-28,2873,2.0,29.0,12900,12746.792566924783
2017-03-31,2874,2.0,29.0,12614,12753.176209969584
2017-04-30,2875,2.0,29.0,12714,12747.377201220852
2017-05-31,2876,2.0,29.0,12960,12745.986484503317
2017-06-30,2877,2.0,29.0,12800,12754.90371431568
2017-07-31,2878,2.0,29.0,12700,12756.782726219195
2017-08-31,2879,2.0,29.0,12816,12754.416779293395
2017-09-30,2880,2.0,29.0,12874,12756.982746822838
2017-10-31,2881,2.0,29.0,12880,12761.85846570522
2017-11-30,2882,2.0,29.0,12802,12766.781029634169
2017-12-31,2883,2.0,29.0,12666,12768.248486732744
2018-01-31,2884,2.0,29.0,12486,12763.98813311888
2018-02-28,2885,2.0,29.0,12316,12752.405294238928
2018-03-31,2886,2.0,29.0,12334,12734.221740312307
2018-04-30,2887,2.0,29.0,12245,12717.54583446596
2018-05-31,2888,2.0,29.0,12221,12697.856424696547
2018-06-30,2889,2.0,29.0,12102,12677.98740700086
2018-07-31,2890,2.0,29.0,12082,12653.987931709156
2018-08-31,2891,2.0,29.0,12130,12630.155101221275
2018-09-30,2892,2.0,29.0,12416,12609.315305337055
2018-10-31,2893,2.0,29.0,12372,12601.260500948012
2018-11-30,2894,2.0,29.0,12222,12591.707980075178
2018-12-31,2895,2.0,29.0,14144,12576.303480905379
2019-01-31,2896,2.0,29.0,14215,12641.62416920099
2019-02-28,2897,2.0,29.0,14223,12707.181495484281
2019-03-31,2898,2.0,29.0,14266,12770.340599839103
2019-04-30,2899,2.0,29.0,14326,12832.659741512472
2019-05-31,2900,2.0,29.0,14412,12894.882252282787
2019-06-30,2901,2.0,29.0,14426,12958.095491771004
2019-07-31,2902,2.0,29.0,14544,13019.25817961388
2019-08-31,2903,2.0,29.0,14613,13082.789088796635
2019-09-30,2904,2.0,29.0,14737,13146.547876763443
2019-10-31,2905,2.0,29.0,14715,13212.816715231633
2019-11-30,2906,2.0,29.0,14769,13275.407685430315
2019-12-31,2907,2.0,29.0,14953,13337.640698537385
2020-01-31,2908,2.0,29.0,15035,13404.947336098327
2020-02-29,2909,2.0,29.0,14717,13472.86619709423
2020-03-31,2910,2.0,29.0,14086,13524.705105548639
2020-04-30,2911,2.0,29.0,13518,13548.092392817445
2020-05-31,2912,2.0,29.0,13445,13546.838543116719
2020-06-30,2913,2.0,29.0,13581,13542.595270486856
2020-07-31,2914,2.0,29.0,13399,13544.195467549904
2020-08-31,2915,2.0,29.0,13404,13538.145656401992
2020-09-30,2916,2.0,29.0,13591,13532.55625405191
2020-10-31,2917,2.0,29.0,13791,13534.99141013308
2020-11-30,2918,2.0,29.0,13680,13545.65843471087
2020-12-31,2919,2.0,29.0,13547,13551.25599993125
2021-01-31,2920,2.0,29.0,13447,13551.078666600783
2021-02-28,2921,2.0,29.0,13540,13546.742055492416
2021-03-31,2922,2.0,29.0,13681,13546.461136513564
2021-04-30,2923,2.0,29.0,13853,13552.066922492166
2021-05-31,2924,2.0,29.0,11914,13564.60580072166
2021-06-30,2925,2.0,29.0,11763,13495.830559024924
2021-07-31,2926,2.0,29.0,11616,13423.629285732219
2021-08-31,2927,2.0,29.0,11464,13348.31139882671
2021-09-30,2928,2.0,29.0,11377,13269.798423875598
2021-10-31,2929,2.0,29.0,11740,13190.93182288078
2021-11-30,2930,2.0,29.0,11688,13130.476330260748
2021-12-31,2931,2.0,29.0,11573,13070.373149833218
2022-01-31,2932,2.0,29.0,11620,13007.982601923502
2022-02-28,2933,2.0,29.0,11682,12950.149993510024
2022-03-31,2934,2.0,29.0,11637,12897.310410447106
2022-04-30,2935,2.0,29.0,11525,12844.797476678477
2022-05-31,2936,2.0,29.0,11175,12789.80591515021
2022-06-30,2937,2.0,29.0,10870,12722.522335352285
2022-07-31,2938,2.0,29.0,10909,12645.333904712606
2022-08-31,2939,2.0,29.0,11124,12572.986658682914
2022-09-30,2940,2.0,29.0,11090,12512.612214571127
2022-10-31,2941,2.0,29.0,11172,12453.336705630665
2022-11-30,2942,2.0,29.0,10936,12399.947676229387
2022-12-31,2943,2.0,29.0,11235,12338.949856386496
2023-01-31,2944,2.0,29.0,11134,12292.951945703726
2023-02-28,2945,2.0,29.0,10912,12244.662281299405
2023-03-31,2946,2.0,29.0,10765,12189.134686245263
2023-04-30,2947,2.0,29.0,10753,12129.795740985044
2023-05-31,2948,2.0,29.0,11239,12072.429251777334
2023-06-30,2949,2.0,29.0,11156,12037.703032953277
2023-07-31,2950,2.0,29.0,11143,12000.965406580224
2010-02-28,2951,3.0,30.0,22525,22525.0
2010-03-31,2952,3.0,30.0,22684,22525.000000000004
2010-04-30,2953,3.0,30.0,22909,22531.625000000007
2010-05-31,2954,3.0,30.0,22987,22547.348958333343
2010-06-30,2955,3.0,30.0,23236,22565.667751736124
2010-07-31,2956,3.0,30.0,23286,22593.598262080453
2010-08-31,2957,3.0,30.0,23259,22622.44833449377
2010-09-30,2958,3.0,30.0,23444,22648.971320556528
2010-10-31,2959,3.0,30.0,23498,22682.09751553334
2010-11-30,2960,3.0,30.0,23394,22716.093452386118
2010-12-31,2961,3.0,30.0,23526,22744.339558536696
2011-01-31,2962,3.0,30.0,23643,22776.90874359767
2011-02-28,2963,3.0,30.0,23954,22812.9958792811
2011-03-31,2964,3.0,30.0,24129,22860.537717644387
2011-04-30,2965,3.0,30.0,24241,22913.39031274254
2011-05-31,2966,3.0,30.0,24242,22968.707383044937
2011-06-30,2967,3.0,30.0,24478,23021.761242084733
2011-07-31,2968,3.0,30.0,24437,23082.437856997873
2011-08-31,2969,3.0,30.0,24592,23138.877946289627
2011-09-30,2970,3.0,30.0,24472,23199.42469852756
2011-10-31,2971,3.0,30.0,24703,23252.448669422247
2011-11-30,2972,3.0,30.0,24611,23312.88830819632
2011-12-31,2973,3.0,30.0,24781,23366.97629535481
2012-01-31,2974,3.0,30.0,25015,23425.893949715028
2012-02-29,2975,3.0,30.0,25306,23492.106701810237
2012-03-31,2976,3.0,30.0,25309,23567.685589234814
2012-04-30,2977,3.0,30.0,25379,23640.240356350034
2012-05-31,2978,3.0,30.0,26763,23712.68867483545
2012-06-30,2979,3.0,30.0,27038,23839.784980050637
2012-07-31,2980,3.0,30.0,26645,23973.043939215193
2012-08-31,2981,3.0,30.0,26919,24084.375441747892
2012-09-30,2982,3.0,30.0,27051,24202.48479834173
2012-10-31,2983,3.0,30.0,26986,24321.17293174416
2012-11-30,2984,3.0,30.0,26887,24432.20739292149
2012-12-31,2985,3.0,30.0,27222,24534.49041821643
2013-01-31,2986,3.0,30.0,27103,24646.469984124076
2013-02-28,2987,3.0,30.0,27237,24748.825401452243
2013-03-31,2988,3.0,30.0,27787,24852.4993430584
2013-04-30,2989,3.0,30.0,27945,24974.770203764303
2013-05-31,2990,3.0,30.0,28653,25098.52977860746
2013-06-30,2991,3.0,30.0,28887,25246.632704498817
2013-07-31,2992,3.0,30.0,28977,25398.314675144702
2013-08-31,2993,3.0,30.0,28940,25547.42656368034
2013-09-30,2994,3.0,30.0,29123,25688.78379019366
2013-10-31,2995,3.0,30.0,29101,25831.87613226892
2013-11-30,2996,3.0,30.0,28779,25968.08962675772
2013-12-31,2997,3.0,30.0,28818,26085.210892309482
2014-01-31,2998,3.0,30.0,29089,26199.07710512992
2014-02-28,2999,3.0,30.0,29191,26319.490559082842
2014-03-31,3000,3.0,30.0,29173,26439.136785787727
2014-04-30,3001,3.0,30.0,29271,26553.047753046572
2014-05-31,3002,3.0,30.0,29655,26666.2957633363
2014-06-30,3003,3.0,30.0,29972,26790.82510653062
2014-07-31,3004,3.0,30.0,30020,26923.37406042518
2014-08-31,3005,3.0,30.0,30451,27052.400141240796
2014-09-30,3006,3.0,30.0,30491,27194.0084686891
2014-10-31,3007,3.0,30.0,30905,27331.38311582705
2014-11-30,3008,3.0,30.0,31363,27480.283819334258
2014-12-31,3009,3.0,30.0,31275,27642.063660195334
2015-01-31,3010,3.0,30.0,31808,27793.436007687196
2015-02-28,3011,3.0,30.0,31943,27960.709507366897
2015-03-31,3012,3.0,30.0,32044,28126.638277893275
2015-04-30,3013,3.0,30.0,32431,28289.861682981056
2015-05-31,3014,3.0,30.0,32729,28462.409112856847
2015-06-30,3015,3.0,30.0,33207,28640.183733154478
2015-07-31,3016,3.0,30.0,33164,28830.467744273043
2015-08-31,3017,3.0,30.0,33415,29011.031588261667
2015-09-30,3018,3.0,30.0,34225,29194.5302720841
2015-10-31,3019,3.0,30.0,34365,29404.13317741393
2015-11-30,3020,3.0,30.0,34132,29610.83596168835
2015-12-31,3021,3.0,30.0,34727,29799.217796618006
2016-01-31,3022,3.0,30.0,35063,30004.542055092257
2016-02-29,3023,3.0,30.0,35206,30215.31113613008
2016-03-31,3024,3.0,30.0,34871,30423.256505457997
2016-04-30,3025,3.0,30.0,35131,30608.579151063914
2016-05-31,3026,3.0,30.0,35079,30797.01335310292
2016-06-30,3027,3.0,30.0,34850,30975.4294633903
2016-07-31,3028,3.0,30.0,34748,31136.869902415707
2016-08-31,3029,3.0,30.0,34860,31287.33365648172
2016-09-30,3030,3.0,30.0,34995,31436.194754128315
2016-10-31,3031,3.0,30.0,34843,31584.478306039637
2016-11-30,3032,3.0,30.0,34605,31720.250043287986
2016-12-31,3033,3.0,30.0,35482,31840.447958150988
2017-01-31,3034,3.0,30.0,35832,31992.179293228033
2017-02-28,3035,3.0,30.0,36131,32152.171822676868
2017-03-31,3036,3.0,30.0,36028,32317.95633006533
2017-04-30,3037,3.0,30.0,36289,32472.54148297928
2017-05-31,3038,3.0,30.0,36567,32631.560587855143
2017-06-30,3039,3.0,30.0,36920,32795.53723002785
2017-07-31,3040,3.0,30.0,37044,32967.38984544336
2017-08-31,3041,3.0,30.0,37405,33137.24860188322
2017-09-30,3042,3.0,30.0,37710,33315.07157680475
2017-10-31,3043,3.0,30.0,38118,33498.19359443789
2017-11-30,3044,3.0,30.0,38093,33690.685528002985
2017-12-31,3045,3.0,30.0,38148,33874.11529766953
2018-01-31,3046,3.0,30.0,38748,34052.193826933304
2018-02-28,3047,3.0,30.0,39403,34247.852417477756
2018-03-31,3048,3.0,30.0,39704,34462.650233416185
2018-04-30,3049,3.0,30.0,39755,34681.039807023844
2018-05-31,3050,3.0,30.0,40379,34892.45481506452
2018-06-30,3051,3.0,30.0,40938,35121.06086443683
2018-07-31,3052,3.0,30.0,41034,35363.433328418636
2018-08-31,3053,3.0,30.0,41241,35599.706939734526
2018-09-30,3054,3.0,30.0,41170,35834.76081724559
2018-10-31,3055,3.0,30.0,41127,36057.06244986035
2018-11-30,3056,3.0,30.0,40975,36268.30984778284
2018-12-31,3057,3.0,30.0,40996,36464.42193745855
2019-01-31,3058,3.0,30.0,41417,36653.237690064445
2019-02-28,3059,3.0,30.0,41394,36851.72778631176
2019-03-31,3060,3.0,30.0,41594,37040.989128548776
2019-04-30,3061,3.0,30.0,41817,37230.69791485924
2019-05-31,3062,3.0,30.0,41899,37421.79383507344
2019-06-30,3063,3.0,30.0,42635,37608.34409194538
2019-07-31,3064,3.0,30.0,42623,37817.78808811433
2019-08-31,3065,3.0,30.0,43029,38018.00525110957
2019-09-30,3066,3.0,30.0,43488,38226.796698980004
2019-10-31,3067,3.0,30.0,43707,38446.01350318917
2019-11-30,3068,3.0,30.0,43114,38665.22127388962
2019-12-31,3069,3.0,30.0,43368,38850.58705414422
2020-01-31,3070,3.0,30.0,44231,39038.81259355488
2020-02-29,3071,3.0,30.0,44780,39255.1537354901
2020-03-31,3072,3.0,30.0,44814,39485.355663178016
2020-04-30,3073,3.0,30.0,44838,39707.3825105456
2020-05-31,3074,3.0,30.0,45055,39921.15823927287
2020-06-30,3075,3.0,30.0,45371,40135.0683126365
2020-07-31,3076,3.0,30.0,46005,40353.23213294331
2020-08-31,3077,3.0,30.0,46546,40588.72246073734
2020-09-30,3078,3.0,30.0,47135,40836.942358206616
2020-10-31,3079,3.0,30.0,47185,41099.361426614676
2020-11-30,3080,3.0,30.0,46509,41352.92970050573
2020-12-31,3081,3.0,30.0,45829,41567.76596298466
2021-01-31,3082,3.0,30.0,46197,41745.31738119363
2021-02-28,3083,3.0,30.0,46354,41930.80415697723
2021-03-31,3084,3.0,30.0,46709,42115.10398376985
2021-04-30,3085,3.0,30.0,47190,42306.51631777944
2021-05-31,3086,3.0,30.0,44220,42509.99480453863
2021-06-30,3087,3.0,30.0,42321,42581.24502101619
2021-07-31,3088,3.0,30.0,42539,42570.401478473854
2021-08-31,3089,3.0,30.0,42777,42569.093083537446
2021-09-30,3090,3.0,30.0,42632,42577.755871723384
2021-10-31,3091,3.0,30.0,42945,42580.01604373491
2021-11-30,3092,3.0,30.0,42672,42595.223708579295
2021-12-31,3093,3.0,30.0,42870,42598.42272072183
2022-01-31,3094,3.0,30.0,43273,42609.738440691755
2022-02-28,3095,3.0,30.0,43761,42637.37433899626
2022-03-31,3096,3.0,30.0,43688,42684.19207487142
2022-04-30,3097,3.0,30.0,43891,42726.01740508511
2022-05-31,3098,3.0,30.0,44082,42774.558346539896
2022-06-30,3099,3.0,30.0,44194,42829.03508210074
2022-07-31,3100,3.0,30.0,44320,42885.90862034654
2022-08-31,3101,3.0,30.0,44328,42945.6624278321
2022-09-30,3102,3.0,30.0,44392,43003.25982667243
2022-10-31,3103,3.0,30.0,44490,43061.12400056108
2022-11-30,3104,3.0,30.0,44022,43120.660500537706
2022-12-31,3105,3.0,30.0,44398,43158.216313015306
2023-01-31,3106,3.0,30.0,44828,43209.873966639665
2023-02-28,3107,3.0,30.0,44845,43277.29588469635
2023-03-31,3108,3.0,30.0,44874,43342.61688950067
2023-04-30,3109,3.0,30.0,45223,43406.42451910481
2023-05-31,3110,3.0,30.0,45517,43482.11516414211
2023-06-30,3111,3.0,30.0,45871,43566.90203230285
2023-07-31,3112,3.0,30.0,46126,43662.906114290236
2010-02-28,3113,3.0,31.0,788,788.0
2010-03-31,3114,3.0,31.0,789,788.0000000000001
2010-04-30,3115,3.0,31.0,788,788.0416666666669
2010-05-31,3116,3.0,31.0,797,788.0399305555558
2010-06-30,3117,3.0,31.0,888,788.4132667824077
2010-07-31,3118,3.0,31.0,887,792.5627139998074
2010-08-31,3119,3.0,31.0,894,796.4976009164822
2010-09-30,3120,3.0,31.0,893,800.5602008782954
2010-10-31,3121,3.0,31.0,900,804.4118591750332
2010-11-30,3122,3.0,31.0,896,808.3946983760735
2010-12-31,3123,3.0,31.0,931,812.0449192770706
2011-01-31,3124,3.0,31.0,953,817.0013809738592
2011-02-28,3125,3.0,31.0,925,822.6679900999485
2011-03-31,3126,3.0,31.0,942,826.9318238457839
2011-04-30,3127,3.0,31.0,955,831.7263311855429
2011-05-31,3128,3.0,31.0,953,836.8627340528119
2011-06-30,3129,3.0,31.0,936,841.7017868006114
2011-07-31,3130,3.0,31.0,933,845.6308790172527
2011-08-31,3131,3.0,31.0,938,849.2712590582006
2011-09-30,3132,3.0,31.0,927,852.9682899307757
2011-10-31,3133,3.0,31.0,928,856.0529445169934
2011-11-30,3134,3.0,31.0,926,859.050738495452
2011-12-31,3135,3.0,31.0,930,861.8402910581416
2012-01-31,3136,3.0,31.0,935,864.680278930719
2012-02-29,3137,3.0,31.0,939,867.6102673086058
2012-03-31,3138,3.0,31.0,943,870.5848395040806
2012-04-30,3139,3.0,31.0,965,873.6021378580772
2012-05-31,3140,3.0,31.0,950,877.4103821139907
2012-06-30,3141,3.0,31.0,953,880.4349495259079
2012-07-31,3142,3.0,31.0,961,883.4584932956618
2012-08-31,3143,3.0,31.0,960,886.6893894083425
2012-09-30,3144,3.0,31.0,982,889.743998182995
2012-10-31,3145,3.0,31.0,985,893.5879982587036
2012-11-30,3146,3.0,31.0,963,897.3968316645909
2012-12-31,3147,3.0,31.0,976,900.1302970118996
2013-01-31,3148,3.0,31.0,1015,903.2915346364039
2013-02-28,3149,3.0,31.0,1026,907.9460540265537
2013-03-31,3150,3.0,31.0,1028,912.864968442114
2013-04-30,3151,3.0,31.0,1034,917.6622614236926
2013-05-31,3152,3.0,31.0,1040,922.5096671977054
2013-06-30,3153,3.0,31.0,1046,927.4050977311344
2013-07-31,3154,3.0,31.0,1056,932.3465519923373
2013-08-31,3155,3.0,31.0,1070,937.4987789926565
2013-09-30,3156,3.0,31.0,1068,943.0196632012959
2013-10-31,3157,3.0,31.0,1064,948.2271772345753
2013-11-30,3158,3.0,31.0,1041,953.0510448498013
2013-12-31,3159,3.0,31.0,1075,956.7155846477262
2014-01-31,3160,3.0,31.0,1085,961.644101954071
2014-02-28,3161,3.0,31.0,1089,966.7839310393181
2014-03-31,3162,3.0,31.0,1094,971.8762672460132
2014-04-30,3163,3.0,31.0,1101,976.9647561107627
2014-05-31,3164,3.0,31.0,1110,982.1328912728143
2014-06-30,3165,3.0,31.0,1091,987.4606874697804
2014-07-31,3166,3.0,31.0,1087,991.774825491873
2014-08-31,3167,3.0,31.0,1097,995.7425410963783
2014-09-30,3168,3.0,31.0,1070,999.9616018840293
2014-10-31,3169,3.0,31.0,1064,1002.8798684721947
2014-11-30,3170,3.0,31.0,1032,1005.4265406191867
2014-12-31,3171,3.0,31.0,1050,1006.5337680933873
2015-01-31,3172,3.0,31.0,1042,1008.3448610894961
2015-02-28,3173,3.0,31.0,1051,1009.7471585441004
2015-03-31,3174,3.0,31.0,1075,1011.4660269380962
2015-04-30,3175,3.0,31.0,1083,1014.1132758156755
2015-05-31,3176,3.0,31.0,1119,1016.9835559900224
2015-06-30,3177,3.0,31.0,1120,1021.2342411571049
2015-07-31,3178,3.0,31.0,1125,1025.3494811088922
2015-08-31,3179,3.0,31.0,1096,1029.5015860626884
2015-09-30,3180,3.0,31.0,1127,1032.2723533100764
2015-10-31,3181,3.0,31.0,1133,1036.2193385888231
2015-11-30,3182,3.0,31.0,1112,1040.2518661476222
2015-12-31,3183,3.0,31.0,1118,1043.2413717248046
2016-01-31,3184,3.0,31.0,1134,1046.3563145696044
2016-02-29,3185,3.0,31.0,1139,1050.0081347958708
2016-03-31,3186,3.0,31.0,1160,1053.7161291793761
2016-04-30,3187,3.0,31.0,1152,1058.1446237969021
2016-05-31,3188,3.0,31.0,1151,1062.0552644720312
2016-06-30,3189,3.0,31.0,1155,1065.76129511903
2016-07-31,3190,3.0,31.0,1156,1069.4795744890703
2016-08-31,3191,3.0,31.0,1139,1073.0845922186925
2016-09-30,3192,3.0,31.0,1141,1075.8310675429136
2016-10-31,3193,3.0,31.0,1148,1078.5464397286257
2016-11-30,3194,3.0,31.0,1140,1081.4403380732663
2016-12-31,3195,3.0,31.0,1160,1083.8803239868803
2017-01-31,3196,3.0,31.0,1180,1087.0519771540935
2017-02-28,3197,3.0,31.0,1192,1090.9248114393397
2017-03-31,3198,3.0,31.0,1196,1095.1362776293672
2017-04-30,3199,3.0,31.0,1182,1099.3389327281436
2017-05-31,3200,3.0,31.0,1188,1102.783143864471
2017-06-30,3201,3.0,31.0,1194,1106.3338462034515
2017-07-31,3202,3.0,31.0,1178,1109.986602611641
2017-08-31,3203,3.0,31.0,1172,1112.8204941694894
2017-09-30,3204,3.0,31.0,1157,1115.2863069124273
2017-10-31,3205,3.0,31.0,1164,1117.0243774577427
2017-11-30,3206,3.0,31.0,1166,1118.9816950636703
2017-12-31,3207,3.0,31.0,1184,1120.940791102684
2018-01-31,3208,3.0,31.0,1188,1123.5682581400722
2018-02-28,3209,3.0,31.0,1169,1126.2529140509025
2018-03-31,3210,3.0,31.0,1167,1128.034042632115
2018-04-30,3211,3.0,31.0,1164,1129.6576241891103
2018-05-31,3212,3.0,31.0,1167,1131.088556514564
2018-06-30,3213,3.0,31.0,1169,1132.5848666597906
2018-07-31,3214,3.0,31.0,1175,1134.1021638822992
2018-08-31,3215,3.0,31.0,1170,1135.8062403872034
2018-09-30,3216,3.0,31.0,1180,1137.23098037107
2018-10-31,3217,3.0,31.0,1161,1139.0130228556088
2018-11-30,3218,3.0,31.0,1137,1139.929146903292
2018-12-31,3219,3.0,31.0,1140,1139.8070991156549
2019-01-31,3220,3.0,31.0,1160,1139.8151366525026
2019-02-28,3221,3.0,31.0,1161,1140.6561726253149
2019-03-31,3222,3.0,31.0,1184,1141.50383209926
2019-04-30,3223,3.0,31.0,970,1143.2745057617908
2019-05-31,3224,3.0,31.0,990,1136.054734688383
2019-06-30,3225,3.0,31.0,995,1129.9691207430337
2019-07-31,3226,3.0,31.0,989,1124.3454073787407
2019-08-31,3227,3.0,31.0,989,1118.7060154046264
2019-09-30,3228,3.0,31.0,978,1113.3015980961004
2019-10-31,3229,3.0,31.0,961,1107.664031508763
2019-11-30,3230,3.0,31.0,952,1101.553030195898
2019-12-31,3231,3.0,31.0,962,1095.3216539377356
2020-01-31,3232,3.0,31.0,992,1089.7665850236633
2020-02-29,3233,3.0,31.0,979,1085.692977314344
2020-03-31,3234,3.0,31.0,1005,1081.2474365929131
2020-04-30,3235,3.0,31.0,1001,1078.0704600682084
2020-05-31,3236,3.0,31.0,982,1074.8591908986996
2020-06-30,3237,3.0,31.0,996,1070.9900579445873
2020-07-31,3238,3.0,31.0,987,1067.8654721968962
2020-08-31,3239,3.0,31.0,1075,1064.4960775220256
2020-09-30,3240,3.0,31.0,1092,1064.933740958608
2020-10-31,3241,3.0,31.0,1105,1066.0615017519995
2020-11-30,3242,3.0,31.0,1076,1067.6839391789995
2020-12-31,3243,3.0,31.0,1092,1068.030441713208
2021-01-31,3244,3.0,31.0,1138,1069.029173308491
2021-02-28,3245,3.0,31.0,1154,1071.9029577539707
2021-03-31,3246,3.0,31.0,1162,1075.3236678475553
2021-04-30,3247,3.0,31.0,1184,1078.9351816872406
2021-05-31,3248,3.0,31.0,1152,1083.3128824502721
2021-06-30,3249,3.0,31.0,1170,1086.1748456815108
2021-07-31,3250,3.0,31.0,1722,1089.6675604447812
2021-08-31,3251,3.0,31.0,1748,1116.0147454262487
2021-09-30,3252,3.0,31.0,1693,1142.3474643668217
2021-10-31,3253,3.0,31.0,1669,1165.2913200182043
2021-11-30,3254,3.0,31.0,1646,1186.2791816841125
2021-12-31,3255,3.0,31.0,1654,1205.4342157806077
2022-01-31,3256,3.0,31.0,1632,1224.1244567897493
2022-02-28,3257,3.0,31.0,1631,1241.1192710901764
2022-03-31,3258,3.0,31.0,1650,1257.364301461419
2022-04-30,3259,3.0,31.0,1650,1273.72412223386
2022-05-31,3260,3.0,31.0,1653,1289.4022838074493
2022-06-30,3261,3.0,31.0,1604,1304.5521886488057
2022-07-31,3262,3.0,31.0,1596,1317.0291807884387
2022-08-31,3263,3.0,31.0,1596,1328.652964922254
2022-09-30,3264,3.0,31.0,1613,1339.79242471716
2022-10-31,3265,3.0,31.0,1591,1351.1760736872782
2022-11-30,3266,3.0,31.0,1407,1361.1687372836418
2022-12-31,3267,3.0,31.0,1358,1363.0783732301568
2023-01-31,3268,3.0,31.0,1388,1362.866774345567
2023-02-28,3269,3.0,31.0,1418,1363.9139920811683
2023-03-31,3270,3.0,31.0,1425,1366.167575744453
2023-04-30,3271,3.0,31.0,1434,1368.6189267551008
2023-05-31,3272,3.0,31.0,1466,1371.343138140305
2023-06-30,3273,3.0,31.0,1457,1375.2871740511255
2023-07-31,3274,3.0,31.0,1481,1378.6918751323285
2010-02-28,3275,3.0,32.0,25185,25185.0
2010-03-31,3276,3.0,32.0,25569,25185.0
2010-04-30,3277,3.0,32.0,25542,25201.0
2010-05-31,3278,3.0,32.0,25534,25215.208333333336
2010-06-30,3279,3.0,32.0,25647,25228.49131944445
2010-07-31,3280,3.0,32.0,25416,25245.929181134263
2010-08-31,3281,3.0,32.0,25298,25253.01546525367
2010-09-30,3282,3.0,32.0,25121,25254.8898208681
2010-10-31,3283,3.0,32.0,25273,25249.311078331928
2010-11-30,3284,3.0,32.0,24924,25250.298116734768
2010-12-31,3285,3.0,32.0,25137,25236.70236187082
2011-01-31,3286,3.0,32.0,25431,25232.54809679287
2011-02-28,3287,3.0,32.0,25732,25240.816926093168
2011-03-31,3288,3.0,32.0,25970,25261.282887505957
2011-04-30,3289,3.0,32.0,26232,25290.81276719321
2011-05-31,3290,3.0,32.0,26590,25330.028901893493
2011-06-30,3291,3.0,32.0,26743,25382.527697647933
2011-07-31,3292,3.0,32.0,26805,25439.21404357927
2011-08-31,3293,3.0,32.0,26833,25496.12179176347
2011-09-30,3294,3.0,32.0,26835,25551.825050439995
2011-10-31,3295,3.0,32.0,26785,25605.290673338328
2011-11-30,3296,3.0,32.0,26532,25654.4452286159
2011-12-31,3297,3.0,32.0,26870,25691.010010756905
2012-01-31,3298,3.0,32.0,27272,25740.134593642033
2012-02-29,3299,3.0,32.0,27570,25803.96231890695
2012-03-31,3300,3.0,32.0,27663,25877.547222285826
2012-04-30,3301,3.0,32.0,27676,25951.94108802392
2012-05-31,3302,3.0,32.0,27792,26023.776876022926
2012-06-30,3303,3.0,32.0,27828,26097.45283952197
2012-07-31,3304,3.0,32.0,27938,26169.558971208557
2012-08-31,3305,3.0,32.0,27889,26243.244014074866
2012-09-30,3306,3.0,32.0,28051,26311.81718015508
2012-10-31,3307,3.0,32.0,27925,26384.283130981956
2012-11-30,3308,3.0,32.0,27727,26448.479667191044
2012-12-31,3309,3.0,32.0,28144,26501.751347724752
2013-01-31,3310,3.0,32.0,28025,26570.17837490289
2013-02-28,3311,3.0,32.0,28170,26630.79594261527
2013-03-31,3312,3.0,32.0,28442,26694.929445006303
2013-04-30,3313,3.0,32.0,28416,26767.724051464374
2013-05-31,3314,3.0,32.0,28515,26836.402215986695
2013-06-30,3315,3.0,32.0,28512,26906.343790320585
2013-07-31,3316,3.0,32.0,28168,26973.246132390563
2013-08-31,3317,3.0,32.0,28076,27023.027543540957
2013-09-30,3318,3.0,32.0,27958,27066.901395893416
2013-10-31,3319,3.0,32.0,27984,27104.03050439786
2013-11-30,3320,3.0,32.0,27611,27140.695900047947
2013-12-31,3321,3.0,32.0,28699,27160.291904212616
2014-01-31,3322,3.0,32.0,29248,27224.40474153709
2014-02-28,3323,3.0,32.0,29439,27308.721210639716
2014-03-31,3324,3.0,32.0,29652,27397.482826863063
2014-04-30,3325,3.0,32.0,30133,27491.421042410435
2014-05-31,3326,3.0,32.0,31290,27601.48683231
2014-06-30,3327,3.0,32.0,29866,27755.174880963754
2014-07-31,3328,3.0,32.0,29438,27843.125927590267
2014-08-31,3329,3.0,32.0,29341,27909.57901394067
2014-09-30,3330,3.0,32.0,29129,27969.221555026477
2014-10-31,3331,3.0,32.0,29812,28017.545656900373
2014-11-30,3332,3.0,32.0,29566,28092.31458786286
2014-12-31,3333,3.0,32.0,30269,28153.71814670191
2015-01-31,3334,3.0,32.0,30655,28241.85489058933
2015-02-28,3335,3.0,32.0,31093,28342.40260348144
2015-03-31,3336,3.0,32.0,31088,28457.010828336384
2015-04-30,3337,3.0,32.0,31087,28566.6353771557
2015-05-31,3338,3.0,32.0,31451,28671.650569774214
2015-06-30,3339,3.0,32.0,31741,28787.45679603362
2015-07-31,3340,3.0,32.0,32301,28910.52109619889
2015-08-31,3341,3.0,32.0,32279,29051.791050523938
2015-09-30,3342,3.0,32.0,32335,29186.25809008544
2015-10-31,3343,3.0,32.0,32462,29317.455669665218
2015-11-30,3344,3.0,32.0,31742,29448.478350095833
2015-12-31,3345,3.0,32.0,32124,29544.041752175173
2016-01-31,3346,3.0,32.0,32414,29651.54001250121
2016-02-29,3347,3.0,32.0,32675,29766.642511980324
2016-03-31,3348,3.0,32.0,33638,29887.824073981144
2016-04-30,3349,3.0,32.0,33326,30044.08140423193
2016-05-31,3350,3.0,32.0,33478,30180.82801238893
2016-06-30,3351,3.0,32.0,33632,30318.210178539393
2016-07-31,3352,3.0,32.0,33752,30456.284754433585
2016-08-31,3353,3.0,32.0,33793,30593.606222998853
2016-09-30,3354,3.0,32.0,33639,30726.91429704057
2016-10-31,3355,3.0,32.0,33625,30848.251201330546
2016-11-30,3356,3.0,32.0,32960,30963.949067941776
2016-12-31,3357,3.0,32.0,33444,31047.117856777535
2017-01-31,3358,3.0,32.0,33743,31146.987946078472
2017-02-28,3359,3.0,32.0,33958,31255.15511499187
2017-03-31,3360,3.0,32.0,34094,31367.77365186721
2017-04-30,3361,3.0,32.0,34643,31481.366416372744
2017-05-31,3362,3.0,32.0,34899,31613.10114902388
2017-06-30,3363,3.0,32.0,35175,31750.013601147886
2017-07-31,3364,3.0,32.0,35364,31892.721367766724
2017-08-31,3365,3.0,32.0,35490,32037.357977443113
2017-09-30,3366,3.0,32.0,35759,32181.218061716318
2017-10-31,3367,3.0,32.0,36001,32330.292309144803
2017-11-30,3368,3.0,32.0,35310,32483.23846293044
2017-12-31,3369,3.0,32.0,35548,32601.020193641674
2018-01-31,3370,3.0,32.0,35888,32723.811018906606
2018-02-28,3371,3.0,32.0,36513,32855.65222645216
2018-03-31,3372,3.0,32.0,36392,33008.04171701666
2018-04-30,3373,3.0,32.0,36898,33149.03997880764
2018-05-31,3374,3.0,32.0,37130,33305.24664635732
2018-06-30,3375,3.0,32.0,37977,33464.611369425766
2018-07-31,3376,3.0,32.0,38134,33652.62756236636
2018-08-31,3377,3.0,32.0,38869,33839.351413934426
2018-09-30,3378,3.0,32.0,39575,34048.920105020494
2018-10-31,3379,3.0,32.0,39992,34279.17343397797
2018-11-30,3380,3.0,32.0,39358,34517.207874228894
2018-12-31,3381,3.0,32.0,39621,34718.90754613602
2019-01-31,3382,3.0,32.0,40291,34923.161398380355
2019-02-28,3383,3.0,32.0,40491,35146.821340114504
2019-03-31,3384,3.0,32.0,40414,35369.49545094307
2019-04-30,3385,3.0,32.0,40145,35579.683140487105
2019-05-31,3386,3.0,32.0,40006,35769.904676300146
2019-06-30,3387,3.0,32.0,39223,35946.408648120974
2019-07-31,3388,3.0,32.0,39075,36082.9332877826
2019-08-31,3389,3.0,32.0,39089,36207.602734124994
2019-09-30,3390,3.0,32.0,39440,36327.660953536455
2019-10-31,3391,3.0,32.0,39477,36457.34174713911
2019-11-30,3392,3.0,32.0,38855,36583.16084100831
2019-12-31,3393,3.0,32.0,39290,36677.8208059663
2020-01-31,3394,3.0,32.0,39056,36786.66160571771
2020-02-29,3395,3.0,32.0,38805,36881.217372146144
2020-03-31,3396,3.0,32.0,38110,36961.37498164006
2020-04-30,3397,3.0,32.0,37743,37009.234357405054
2020-05-31,3398,3.0,32.0,37581,37039.80792584651
2020-06-30,3399,3.0,32.0,37546,37062.3575956029
2020-07-31,3400,3.0,32.0,37852,37082.50936245278
2020-08-31,3401,3.0,32.0,38535,37114.57147235058
2020-09-30,3402,3.0,32.0,38654,37173.755994335974
2020-10-31,3403,3.0,32.0,39271,37235.432827905315
2020-11-30,3404,3.0,32.0,38968,37320.24812674259
2020-12-31,3405,3.0,32.0,39470,37388.90445479498
2021-01-31,3406,3.0,32.0,40710,37475.61676917853
2021-02-28,3407,3.0,32.0,40511,37610.382737129425
2021-03-31,3408,3.0,32.0,40330,37731.24178974904
2021-04-30,3409,3.0,32.0,40540,37839.523381842824
2021-05-31,3410,3.0,32.0,41148,37952.043240932704
2021-06-30,3411,3.0,32.0,42215,38085.20810589384
2021-07-31,3412,3.0,32.0,42788,38257.28276814827
2021-08-31,3413,3.0,32.0,43064,38446.06265280876
2021-09-30,3414,3.0,32.0,43620,38638.47670894173
2021-10-31,3415,3.0,32.0,43648,38846.040179402495
2021-11-30,3416,3.0,32.0,42684,39046.12183859406
2021-12-31,3417,3.0,32.0,42953,39197.700095319306
2022-01-31,3418,3.0,32.0,43388,39354.170924681006
2022-02-28,3419,3.0,32.0,43753,39522.24713615263
2022-03-31,3420,3.0,32.0,43672,39698.528505479604
2022-04-30,3421,3.0,32.0,43728,39864.089817751286
2022-05-31,3422,3.0,32.0,43387,40025.08607534498
2022-06-30,3423,3.0,32.0,43964,40165.16582220561
2022-07-31,3424,3.0,32.0,44139,40323.45057961371
2022-08-31,3425,3.0,32.0,44045,40482.43180546314
2022-09-30,3426,3.0,32.0,44276,40630.87214690218
2022-10-31,3427,3.0,32.0,44425,40782.75247411459
2022-11-30,3428,3.0,32.0,43400,40934.51278769315
2022-12-31,3429,3.0,32.0,43766,41037.24142153927
2023-01-31,3430,3.0,32.0,44565,41150.939695641806
2023-02-28,3431,3.0,32.0,44759,41293.1922083234
2023-03-31,3432,3.0,32.0,44833,41437.600866309935
2023-04-30,3433,3.0,32.0,44991,41579.07583021369
2023-05-31,3434,3.0,32.0,45083,41721.23933728812
2023-06-30,3435,3.0,32.0,45425,41861.312698234455
2023-07-31,3436,3.0,32.0,45694,42009.79966914136
2010-02-28,3437,3.0,33.0,6919,6919.0
2010-03-31,3438,3.0,33.0,6866,6919.000000000001
2010-04-30,3439,3.0,33.0,6870,6916.791666666668
2010-05-31,3440,3.0,33.0,6851,6914.8420138888905
2010-06-30,3441,3.0,33.0,7001,6912.181929976853
2010-07-31,3442,3.0,33.0,7018,6915.882682894484
2010-08-31,3443,3.0,33.0,7133,6920.137571107214
2010-09-30,3444,3.0,33.0,7079,6929.006838977747
2010-10-31,3445,3.0,33.0,7017,6935.25655402034
2010-11-30,3446,3.0,33.0,7012,6938.66253093616
2010-12-31,3447,3.0,33.0,7069,6941.71825881382
2011-01-31,3448,3.0,33.0,7089,6947.021664696578
2011-02-28,3449,3.0,33.0,7181,6952.937428667555
2011-03-31,3450,3.0,33.0,7388,6962.440035806407
2011-04-30,3451,3.0,33.0,7402,6980.17170098114
2011-05-31,3452,3.0,33.0,7674,6997.7478801069265
2011-06-30,3453,3.0,33.0,7677,7025.925051769138
2011-07-31,3454,3.0,33.0,7740,7053.0531746120905
2011-08-31,3455,3.0,33.0,7850,7081.675959003253
2011-09-30,3456,3.0,33.0,8079,7113.689460711451
2011-10-31,3457,3.0,33.0,8096,7153.910733181808
2011-11-30,3458,3.0,33.0,7952,7193.164452632565
2011-12-31,3459,3.0,33.0,7871,7224.782600439542
2012-01-31,3460,3.0,33.0,7908,7251.7083254212275
2012-02-29,3461,3.0,33.0,7912,7279.05381186201
2012-03-31,3462,3.0,33.0,7920,7305.426569701093
2012-04-30,3463,3.0,33.0,7998,7331.033795963548
2012-05-31,3464,3.0,33.0,8038,7358.824054465067
2012-06-30,3465,3.0,33.0,8109,7387.1230521956895
2012-07-31,3466,3.0,33.0,8254,7417.201258354203
2012-08-31,3467,3.0,33.0,7887,7452.067872589445
2012-09-30,3468,3.0,33.0,7993,7470.190044564885
2012-10-31,3469,3.0,33.0,7933,7491.973792708016
2012-11-30,3470,3.0,33.0,7723,7510.349884678516
2012-12-31,3471,3.0,33.0,7607,7519.210306150245
2013-01-31,3472,3.0,33.0,7539,7522.868210060651
2013-02-28,3473,3.0,33.0,7467,7523.540367974791
2013-03-31,3474,3.0,33.0,7480,7521.184519309175
2013-04-30,3475,3.0,33.0,7460,7519.468497671293
2013-05-31,3476,3.0,33.0,7473,7516.990643601656
2013-06-30,3477,3.0,33.0,7051,7515.157700118254
2013-07-31,3478,3.0,33.0,7001,7495.817795946661
2013-08-31,3479,3.0,33.0,7081,7475.200387782217
2013-09-30,3480,3.0,33.0,7088,7458.775371624625
2013-10-31,3481,3.0,33.0,7090,7443.326397806933
2013-11-30,3482,3.0,33.0,7081,7428.604464564978
2013-12-31,3483,3.0,33.0,7225,7414.120945208105
2014-01-31,3484,3.0,33.0,7187,7406.240905824435
2014-02-28,3485,3.0,33.0,7161,7397.10586808175
2014-03-31,3486,3.0,33.0,7238,7387.268123578344
2014-04-30,3487,3.0,33.0,7294,7381.048618429246
2014-05-31,3488,3.0,33.0,7363,7377.4215926613615
2014-06-30,3489,3.0,33.0,7366,7376.820692967139
2014-07-31,3490,3.0,33.0,7448,7376.369830760175
2014-08-31,3491,3.0,33.0,7485,7379.354421145168
2014-09-30,3492,3.0,33.0,7660,7383.7563202641195
2014-10-31,3493,3.0,33.0,7759,7395.266473586448
2014-11-30,3494,3.0,33.0,7624,7410.422037187013
2014-12-31,3495,3.0,33.0,7578,7419.321118970888
2015-01-31,3496,3.0,33.0,7693,7425.932739013768
2015-02-28,3497,3.0,33.0,7241,7437.060541554862
2015-03-31,3498,3.0,33.0,7275,7428.891352323409
2015-04-30,3499,3.0,33.0,7266,7422.479212643267
2015-05-31,3500,3.0,33.0,7350,7415.959245449798
2015-06-30,3501,3.0,33.0,7318,7413.210943556057
2015-07-31,3502,3.0,33.0,7333,7409.243820907888
2015-08-31,3503,3.0,33.0,7272,7406.066995036726
2015-09-30,3504,3.0,33.0,7162,7400.480870243529
2015-10-31,3505,3.0,33.0,7190,7390.544167316716
2015-11-30,3506,3.0,33.0,7146,7382.188160345187
2015-12-31,3507,3.0,33.0,7242,7372.346986997471
2016-01-31,3508,3.0,33.0,7218,7366.915862539243
2016-02-29,3509,3.0,33.0,7165,7360.711034933442
2016-03-31,3510,3.0,33.0,7207,7352.5564084778825
2016-04-30,3511,3.0,33.0,7388,7346.491558124638
2016-05-31,3512,3.0,33.0,7532,7348.2210765361115
2016-06-30,3513,3.0,33.0,7528,7355.878531680441
2016-07-31,3514,3.0,33.0,7616,7363.050259527089
2016-08-31,3515,3.0,33.0,7775,7373.589832046794
2016-09-30,3516,3.0,33.0,7776,7390.315255711511
2016-10-31,3517,3.0,33.0,7856,7406.385453390199
2016-11-30,3518,3.0,33.0,7688,7425.119392832274
2016-12-31,3519,3.0,33.0,7914,7436.072751464262
2017-01-31,3520,3.0,33.0,7843,7455.986386819918
2017-02-28,3521,3.0,33.0,7817,7472.111954035756
2017-03-31,3522,3.0,33.0,7847,7486.482289284266
2017-04-30,3523,3.0,33.0,7801,7501.503860564088
2017-05-31,3524,3.0,33.0,7834,7513.982866373919
2017-06-30,3525,3.0,33.0,7895,7527.31691360834
2017-07-31,3526,3.0,33.0,7960,7542.637042207993
2017-08-31,3527,3.0,33.0,7853,7560.027165449327
2017-09-30,3528,3.0,33.0,7814,7572.234366888939
2017-10-31,3529,3.0,33.0,7978,7582.307934935233
2017-11-30,3530,3.0,33.0,7519,7598.795104312932
2017-12-31,3531,3.0,33.0,7937,7595.470308299894
2018-01-31,3532,3.0,33.0,7816,7609.700712120732
2018-02-28,3533,3.0,33.0,7816,7618.296515782368
2018-03-31,3534,3.0,33.0,7864,7626.534160958104
2018-04-30,3535,3.0,33.0,7983,7636.428570918183
2018-05-31,3536,3.0,33.0,7783,7650.869047129926
2018-06-30,3537,3.0,33.0,8418,7656.374503499513
2018-07-31,3538,3.0,33.0,7996,7688.108899187033
2018-08-31,3539,3.0,33.0,8026,7700.93769505424
2018-09-30,3540,3.0,33.0,8056,7714.481957760314
2018-10-31,3541,3.0,33.0,7997,7728.711876186968
2018-11-30,3542,3.0,33.0,7839,7739.89054801251
2018-12-31,3543,3.0,33.0,7885,7744.02010851199
2019-01-31,3544,3.0,33.0,7865,7749.894270657324
2019-02-28,3545,3.0,33.0,7852,7754.690342713269
2019-03-31,3546,3.0,33.0,7470,7758.744911766884
2019-04-30,3547,3.0,33.0,7966,7746.713873776597
2019-05-31,3548,3.0,33.0,7863,7755.850795702573
2019-06-30,3549,3.0,33.0,7844,7760.315345881633
2019-07-31,3550,3.0,33.0,7735,7763.802206469899
2019-08-31,3551,3.0,33.0,7686,7762.602114533654
2019-09-30,3552,3.0,33.0,7757,7759.4103597614185
2019-10-31,3553,3.0,33.0,7777,7759.3099281046925
2019-11-30,3554,3.0,33.0,7549,7760.047014433664
2019-12-31,3555,3.0,33.0,7479,7751.253388832262
2020-01-31,3556,3.0,33.0,7999,7739.909497630918
2020-02-29,3557,3.0,33.0,7966,7750.70493522963
2020-03-31,3558,3.0,33.0,7556,7759.675562928396
2020-04-30,3559,3.0,33.0,7537,7751.189081139713
2020-05-31,3560,3.0,33.0,7696,7742.264536092226
2020-06-30,3561,3.0,33.0,7646,7740.336847088384
2020-07-31,3562,3.0,33.0,7682,7736.406145126368
2020-08-31,3563,3.0,33.0,7730,7734.139222412769
2020-09-30,3564,3.0,33.0,7715,7733.966754812237
2020-10-31,3565,3.0,33.0,7776,7733.176473361727
2020-11-30,3566,3.0,33.0,7807,7734.960786971656
2020-12-31,3567,3.0,33.0,8503,7737.962420847837
2021-01-31,3568,3.0,33.0,8635,7769.838986645845
2021-02-28,3569,3.0,33.0,8787,7805.887362202268
2021-03-31,3570,3.0,33.0,8755,7846.767055443841
2021-04-30,3571,3.0,33.0,8880,7884.610094800348
2021-05-31,3572,3.0,33.0,8971,7926.084674183667
2021-06-30,3573,3.0,33.0,9756,7969.622812759348
2021-07-31,3574,3.0,33.0,9742,8044.055195561042
2021-08-31,3575,3.0,33.0,9890,8114.802895745999
2021-09-30,3576,3.0,33.0,9984,8188.769441756583
2021-10-31,3577,3.0,33.0,10143,8263.570715016725
2021-11-30,3578,3.0,33.0,9998,8341.880268557696
2021-12-31,3579,3.0,33.0,10055,8410.885257367792
2022-01-31,3580,3.0,33.0,10224,8479.390038310801
2022-02-28,3581,3.0,33.0,10338,8552.082120047851
2022-03-31,3582,3.0,33.0,10468,8626.495365045857
2022-04-30,3583,3.0,33.0,10421,8703.224724835613
2022-05-31,3584,3.0,33.0,10417,8774.79869463413
2022-06-30,3585,3.0,33.0,10524,8843.223749024373
2022-07-31,3586,3.0,33.0,10621,8913.256092815025
2022-08-31,3587,3.0,33.0,10855,8984.412088947733
2022-09-30,3588,3.0,33.0,11192,9062.353251908244
2022-10-31,3589,3.0,33.0,11168,9151.088533078735
2022-11-30,3590,3.0,33.0,11052,9235.126510867121
2022-12-31,3591,3.0,33.0,11333,9310.829572914325
2023-01-31,3592,3.0,33.0,11442,9395.086674042896
2023-02-28,3593,3.0,33.0,11436,9480.374729291108
2023-03-31,3594,3.0,33.0,11376,9561.859115570645
2023-04-30,3595,3.0,33.0,11473,9637.448319088535
2023-05-31,3596,3.0,33.0,11295,9713.929639126512
2023-06-30,3597,3.0,33.0,11256,9779.807570829575
2023-07-31,3598,3.0,33.0,11323,9841.315588711675
2010-02-28,3599,3.0,34.0,3277,3277.0
2010-03-31,3600,3.0,34.0,3276,3277.0
2010-04-30,3601,3.0,34.0,3361,3276.9583333333335
2010-05-31,3602,3.0,34.0,3402,3280.4600694444443
2010-06-30,3603,3.0,34.0,3418,3285.5242332175926
2010-07-31,3604,3.0,34.0,3432,3291.044056833526
2010-08-31,3605,3.0,34.0,3466,3296.9172211321293
2010-09-30,3606,3.0,34.0,3506,3303.9623369182905
2010-10-31,3607,3.0,34.0,3530,3312.3805728800285
2010-11-30,3608,3.0,34.0,3488,3321.4480490100277
2010-12-31,3609,3.0,34.0,3566,3328.38771363461
2011-01-31,3610,3.0,34.0,3621,3338.2882255665018
2011-02-28,3611,3.0,34.0,3631,3350.0678828345644
2011-03-31,3612,3.0,34.0,3580,3361.7733877164574
2011-04-30,3613,3.0,34.0,3621,3370.8661632282715
2011-05-31,3614,3.0,34.0,3582,3381.288406427094
2011-06-30,3615,3.0,34.0,3575,3389.6513894926316
2011-07-31,3616,3.0,34.0,3566,3397.374248263772
2011-08-31,3617,3.0,34.0,3515,3404.400321252782
2011-09-30,3618,3.0,34.0,3507,3409.008641200583
2011-10-31,3619,3.0,34.0,3459,3413.091614483892
2011-11-30,3620,3.0,34.0,3373,3415.0044638803965
2011-12-31,3621,3.0,34.0,3437,3413.25427788538
2012-01-31,3622,3.0,34.0,3442,3414.2436829734893
2012-02-29,3623,3.0,34.0,3477,3415.400196182927
2012-03-31,3624,3.0,34.0,3258,3417.9668546753055
2012-04-30,3625,3.0,34.0,3270,3411.3015690638344
2012-05-31,3626,3.0,34.0,3306,3405.414003686175
2012-06-30,3627,3.0,34.0,3337,3401.2717535325846
2012-07-31,3628,3.0,34.0,3386,3398.59376380206
2012-08-31,3629,3.0,34.0,3336,3398.0690236436412
2012-09-30,3630,3.0,34.0,3377,3395.482814325156
2012-10-31,3631,3.0,34.0,3375,3394.712697061608
2012-11-30,3632,3.0,34.0,3331,3393.8913346840413
2012-12-31,3633,3.0,34.0,3416,3391.2708624055394
2013-01-31,3634,3.0,34.0,3413,3392.3012431386423
2013-02-28,3635,3.0,34.0,3381,3393.1636913411994
2013-03-31,3636,3.0,34.0,3393,3392.6568708686495
2013-04-30,3637,3.0,34.0,3632,3392.6711679157893
2013-05-31,3638,3.0,34.0,3357,3402.643202585965
2013-06-30,3639,3.0,34.0,3354,3400.7414024782165
2013-07-31,3640,3.0,34.0,3265,3398.793844041624
2013-08-31,3641,3.0,34.0,3252,3393.21910053989
2013-09-30,3642,3.0,34.0,3364,3387.334971350728
2013-10-31,3643,3.0,34.0,3339,3386.3626808777813
2013-11-30,3644,3.0,34.0,3316,3384.389235841207
2013-12-31,3645,3.0,34.0,3371,3381.5396843478234
2014-01-31,3646,3.0,34.0,3432,3381.100530833331
2014-02-28,3647,3.0,34.0,3441,3383.221342048609
2014-03-31,3648,3.0,34.0,3451,3385.628786129917
2014-04-30,3649,3.0,34.0,3450,3388.352586707837
2014-05-31,3650,3.0,34.0,3446,3390.9212289283437
2014-06-30,3651,3.0,34.0,3473,3393.2161777229962
2014-07-31,3652,3.0,34.0,3501,3396.540503651205
2014-08-31,3653,3.0,34.0,3385,3400.8929826657386
2014-09-30,3654,3.0,34.0,3395,3400.230775054666
2014-10-31,3655,3.0,34.0,3423,3400.012826094055
2014-11-30,3656,3.0,34.0,3436,3400.970625006803
2014-12-31,3657,3.0,34.0,3477,3402.430182298186
2015-01-31,3658,3.0,34.0,3493,3405.5372580357616
2015-02-28,3659,3.0,34.0,3570,3409.1815389509384
2015-03-31,3660,3.0,34.0,3567,3415.882308161316
2015-04-30,3661,3.0,34.0,3572,3422.1788786545944
2015-05-31,3662,3.0,34.0,3532,3428.42142537732
2015-06-30,3663,3.0,34.0,3645,3432.7371993199313
2015-07-31,3664,3.0,34.0,3624,3441.581482681601
2015-08-31,3665,3.0,34.0,3606,3449.1822542365344
2015-09-30,3666,3.0,34.0,3635,3455.716326976679
2015-10-31,3667,3.0,34.0,3539,3463.1864800193175
2015-11-30,3668,3.0,34.0,3493,3466.3453766851794
2015-12-31,3669,3.0,34.0,3487,3467.4559859899637
2016-01-31,3670,3.0,34.0,3538,3468.2703199070484
2016-02-29,3671,3.0,34.0,3537,3471.1757232442546
2016-03-31,3672,3.0,34.0,3543,3473.918401442411
2016-04-30,3673,3.0,34.0,3553,3476.7968013823106
2016-05-31,3674,3.0,34.0,3626,3479.9719346580478
2016-06-30,3675,3.0,34.0,3592,3486.056437380629
2016-07-31,3676,3.0,34.0,3653,3490.4707524897694
2016-08-31,3677,3.0,34.0,3741,3497.2428044693625
2016-09-30,3678,3.0,34.0,3813,3507.399354283139
2016-10-31,3679,3.0,34.0,3899,3520.1327145213418
2016-11-30,3680,3.0,34.0,3811,3535.918851416286
2016-12-31,3681,3.0,34.0,3992,3547.3805659406075
2017-01-31,3682,3.0,34.0,4091,3565.9063756930823
2017-02-28,3683,3.0,34.0,4084,3587.7852767058707
2017-03-31,3684,3.0,34.0,4140,3608.4608901764595
2017-04-30,3685,3.0,34.0,4268,3630.608353085774
2017-05-31,3686,3.0,34.0,4260,3657.166338373867
2017-06-30,3687,3.0,34.0,4281,3682.2844076082893
2017-07-31,3688,3.0,34.0,4285,3707.2308906246108
2017-08-31,3689,3.0,34.0,4405,3731.304603515252
2017-09-30,3690,3.0,34.0,4394,3759.37524503545
2017-10-31,3691,3.0,34.0,4387,3785.8179431589733
2017-11-30,3692,3.0,34.0,4302,3810.8671955273494
2017-12-31,3693,3.0,34.0,4331,3831.331062380377
2018-01-31,3694,3.0,34.0,4486,3852.1506014478614
2018-02-28,3695,3.0,34.0,4615,3878.5609930542005
2018-03-31,3696,3.0,34.0,4675,3909.2459516769422
2018-04-30,3697,3.0,34.0,4673,3941.1523703570697
2018-05-31,3698,3.0,34.0,4694,3971.646021592192
2018-06-30,3699,3.0,34.0,4690,4001.744104025851
2018-07-31,3700,3.0,34.0,4714,4030.4214330247737
2018-08-31,3701,3.0,34.0,4591,4058.903873315408
2018-09-30,3702,3.0,34.0,4631,4081.0745452605993
2018-10-31,3703,3.0,34.0,4627,4103.988105874741
2018-11-30,3704,3.0,34.0,4510,4125.780268129961
2018-12-31,3705,3.0,34.0,4591,4141.789423624546
2019-01-31,3706,3.0,34.0,4603,4160.506530973523
2019-02-28,3707,3.0,34.0,4548,4178.943758849627
2019-03-31,3708,3.0,34.0,4464,4194.321102230892
2019-04-30,3709,3.0,34.0,4467,4205.557722971273
2019-05-31,3710,3.0,34.0,4344,4216.451151180803
2019-06-30,3711,3.0,34.0,4384,4221.7656865482695
2019-07-31,3712,3.0,34.0,4308,4228.525449608758
2019-08-31,3713,3.0,34.0,4269,4231.836889208394
2019-09-30,3714,3.0,34.0,4519,4233.385352158044
2019-10-31,3715,3.0,34.0,4542,4245.285962484792
2019-11-30,3716,3.0,34.0,4881,4257.649047381259
2019-12-31,3717,3.0,34.0,4887,4283.622003740374
2020-01-31,3718,3.0,34.0,4810,4308.762753584525
2020-02-29,3719,3.0,34.0,4919,4329.647638851837
2020-03-31,3720,3.0,34.0,5875,4354.20398723301
2020-04-30,3721,3.0,34.0,5626,4417.570487764968
2020-05-31,3722,3.0,34.0,5620,4467.921717441428
2020-06-30,3723,3.0,34.0,5600,4515.924979214702
2020-07-31,3724,3.0,34.0,5626,4561.094771747423
2020-08-31,3725,3.0,34.0,5772,4605.465822924614
2020-09-30,3726,3.0,34.0,5749,4654.071413636088
2020-10-31,3727,3.0,34.0,5936,4699.693438067919
2020-11-30,3728,3.0,34.0,5914,4751.206211481755
2020-12-31,3729,3.0,34.0,6182,4799.655952670016
2021-01-31,3730,3.0,34.0,6230,4857.253621308765
2021-02-28,3731,3.0,34.0,6237,4914.451387087566
2021-03-31,3732,3.0,34.0,6188,4969.557579292251
2021-04-30,3733,3.0,34.0,6590,5020.326013488407
2021-05-31,3734,3.0,34.0,6685,5085.729096259723
2021-06-30,3735,3.0,34.0,6481,5152.365383915568
2021-07-31,3736,3.0,34.0,6578,5207.725159585753
2021-08-31,3737,3.0,34.0,6305,5264.819944603014
2021-09-30,3738,3.0,34.0,6326,5308.160780244555
2021-10-31,3739,3.0,34.0,6413,5350.570747734365
2021-11-30,3740,3.0,34.0,6324,5394.838633245433
2021-12-31,3741,3.0,34.0,6370,5433.55369019354
2022-01-31,3742,3.0,34.0,6671,5472.572286435477
2022-02-28,3743,3.0,34.0,6621,5522.506774500665
2022-03-31,3744,3.0,34.0,6564,5568.277325563138
2022-04-30,3745,3.0,34.0,6623,5609.765770331341
2022-05-31,3746,3.0,34.0,7233,5651.983863234202
2022-06-30,3747,3.0,34.0,7163,5717.859535599443
2022-07-31,3748,3.0,34.0,7197,5778.073721616132
2022-08-31,3749,3.0,34.0,7193,5837.195649882127
2022-09-30,3750,3.0,34.0,7209,5893.687497803705
2022-10-31,3751,3.0,34.0,7249,5948.492185395217
2022-11-30,3752,3.0,34.0,7147,6002.68001100375
2022-12-31,3753,3.0,34.0,7201,6050.3600105452615
2023-01-31,3754,3.0,34.0,7312,6098.303343439209
2023-02-28,3755,3.0,34.0,7330,6148.874037462576
2023-03-31,3756,3.0,34.0,7126,6198.087619234969
2023-04-30,3757,3.0,34.0,7422,6236.750635100179
2023-05-31,3758,3.0,34.0,7359,6286.136025304339
2023-06-30,3759,3.0,34.0,7324,6330.838690916658
2023-07-31,3760,3.0,34.0,7190,6372.220412128465
2010-02-28,3761,3.0,35.0,29896,29896.0
2010-03-31,3762,3.0,35.0,30561,29896.000000000004
2010-04-30,3763,3.0,35.0,30656,29923.70833333334
2010-05-31,3764,3.0,35.0,30651,29954.220486111117
2010-06-30,3765,3.0,35.0,30976,29983.25296585649
2010-07-31,3766,3.0,35.0,30679,30024.617425612472
2010-08-31,3767,3.0,35.0,30961,30051.883366211954
2010-09-30,3768,3.0,35.0,30849,30089.763225953124
2010-10-31,3769,3.0,35.0,30831,30121.398091538413
2010-11-30,3770,3.0,35.0,30566,30150.964837724314
2010-12-31,3771,3.0,35.0,30789,30168.2579694858
2011-01-31,3772,3.0,35.0,31337,30194.122220757225
2011-02-28,3773,3.0,35.0,31724,30241.742128225673
2011-03-31,3774,3.0,35.0,31683,30303.502872882935
2011-04-30,3775,3.0,35.0,31525,30360.98191984615
2011-05-31,3776,3.0,35.0,31959,30409.482673185896
2011-06-30,3777,3.0,35.0,31993,30474.045895136485
2011-07-31,3778,3.0,35.0,32140,30537.3356495058
2011-08-31,3779,3.0,35.0,32185,30604.113330776392
2011-09-30,3780,3.0,35.0,32458,30669.98360866071
2011-10-31,3781,3.0,35.0,32782,30744.484291633184
2011-11-30,3782,3.0,35.0,32407,30829.380779481802
2011-12-31,3783,3.0,35.0,32577,30895.114913670062
2012-01-31,3784,3.0,35.0,32861,30965.193458933813
2012-02-29,3785,3.0,35.0,32978,31044.185398144902
2012-03-31,3786,3.0,35.0,33203,31124.76100655553
2012-04-30,3787,3.0,35.0,33277,31211.354297949052
2012-05-31,3788,3.0,35.0,33432,31297.422868867845
2012-06-30,3789,3.0,35.0,33750,31386.36358266502
2012-07-31,3790,3.0,35.0,33887,31484.848433387313
2012-08-31,3791,3.0,35.0,34002,31584.938081996173
2012-09-30,3792,3.0,35.0,34382,31685.648995246334
2012-10-31,3793,3.0,35.0,34564,31797.996953777736
2012-11-30,3794,3.0,35.0,34170,31913.247080703666
2012-12-31,3795,3.0,35.0,34416,32007.278452341016
2013-01-31,3796,3.0,35.0,34628,32107.64185016014
2013-02-28,3797,3.0,35.0,34746,32212.656773070135
2013-03-31,3798,3.0,35.0,34997,32318.212740858882
2013-04-30,3799,3.0,35.0,34811,32429.82887665643
2013-05-31,3800,3.0,35.0,34800,32529.04434012908
2013-06-30,3801,3.0,35.0,34581,32623.667492623703
2013-07-31,3802,3.0,35.0,34494,32705.223013764382
2013-08-31,3803,3.0,35.0,34468,32779.75538819087
2013-09-30,3804,3.0,35.0,34477,32850.098913682916
2013-10-31,3805,3.0,35.0,34508,32917.88645894613
2013-11-30,3806,3.0,35.0,34265,32984.14118982338
2013-12-31,3807,3.0,35.0,34650,33037.510306914075
2014-01-31,3808,3.0,35.0,34837,33104.69737745932
2014-02-28,3809,3.0,35.0,35536,33176.87665339852
2014-03-31,3810,3.0,35.0,35469,33275.173459506914
2014-04-30,3811,3.0,35.0,35608,33366.58289869413
2014-05-31,3812,3.0,35.0,35318,33459.975277915204
2014-06-30,3813,3.0,35.0,35389,33537.39297466874
2014-07-31,3814,3.0,35.0,35642,33614.54326739088
2014-08-31,3815,3.0,35.0,35905,33699.020631249594
2014-09-30,3816,3.0,35.0,36390,33790.93643828086
2014-10-31,3817,3.0,35.0,36137,33899.230753352495
2014-11-30,3818,3.0,35.0,35816,33992.47113862947
2014-12-31,3819,3.0,35.0,36244,34068.45150785325
2015-01-31,3820,3.0,35.0,36583,34159.0993616927
2015-02-28,3821,3.0,35.0,37434,34260.09522162217
2015-03-31,3822,3.0,35.0,37912,34392.34125405458
2015-04-30,3823,3.0,35.0,38003,34538.993701802305
2015-05-31,3824,3.0,35.0,38421,34683.32729756054
2015-06-30,3825,3.0,35.0,39064,34839.06366016219
2015-07-31,3826,3.0,35.0,39185,35015.102674322094
2015-08-31,3827,3.0,35.0,39568,35188.848396225345
2015-09-30,3828,3.0,35.0,40083,35371.313046382624
2015-10-31,3829,3.0,35.0,40316,35567.63333611668
2015-11-30,3830,3.0,35.0,39929,35765.481947111824
2015-12-31,3831,3.0,35.0,39994,35938.96186598217
2016-01-31,3832,3.0,35.0,40615,36107.92178823291
2016-02-29,3833,3.0,35.0,40817,36295.7167137232
2016-03-31,3834,3.0,35.0,40991,36484.10351731807
2016-04-30,3835,3.0,35.0,41367,36671.890870763156
2016-05-31,3836,3.0,35.0,41658,36867.520417814696
2016-06-30,3837,3.0,35.0,41925,37067.123733739085
2016-07-31,3838,3.0,35.0,42051,37269.53524483329
2016-08-31,3839,3.0,35.0,42347,37468.76294296524
2016-09-30,3840,3.0,35.0,42609,37672.02282034169
2016-10-31,3841,3.0,35.0,42893,37877.73020282746
2016-11-30,3842,3.0,35.0,42311,38086.69977770965
2016-12-31,3843,3.0,35.0,42719,38262.71228697175
2017-01-31,3844,3.0,35.0,43148,38448.39094168126
2017-02-28,3845,3.0,35.0,43916,38644.20798577788
2017-03-31,3846,3.0,35.0,44204,38863.865986370474
2017-04-30,3847,3.0,35.0,44480,39086.37157027171
2017-05-31,3848,3.0,35.0,44811,39311.10608817706
2017-06-30,3849,3.0,35.0,45168,39540.26833450302
2017-07-31,3850,3.0,35.0,45277,39774.757153898725
2017-08-31,3851,3.0,35.0,45611,40004.01727248628
2017-09-30,3852,3.0,35.0,45894,40237.64155279935
2017-10-31,3853,3.0,35.0,46061,40473.32315476605
2017-11-30,3854,3.0,35.0,45316,40706.14302331747
2017-12-31,3855,3.0,35.0,45983,40898.2203973459
2018-01-31,3856,3.0,35.0,46320,41110.08621412316
2018-02-28,3857,3.0,35.0,46051,41327.165955201366
2018-03-31,3858,3.0,35.0,45987,41523.99237373464
2018-04-30,3859,3.0,35.0,45842,41709.95102482903
2018-05-31,3860,3.0,35.0,46312,41882.11973212782
2018-06-30,3861,3.0,35.0,46372,42066.698076622495
2018-07-31,3862,3.0,35.0,46722,42246.08565676322
2018-08-31,3863,3.0,35.0,47017,42432.582087731425
2018-09-30,3864,3.0,35.0,47163,42623.59950074262
2018-10-31,3865,3.0,35.0,47440,42812.74118821168
2018-11-30,3866,3.0,35.0,46842,43005.54363870286
2018-12-31,3867,3.0,35.0,47145,43165.39598709024
2019-01-31,3868,3.0,35.0,47021,43331.21282096148
2019-02-28,3869,3.0,35.0,46760,43484.95395342143
2019-03-31,3870,3.0,35.0,47018,43621.414205362205
2019-04-30,3871,3.0,35.0,46981,43762.93861347212
2019-05-31,3872,3.0,35.0,46450,43897.02450457745
2019-06-30,3873,3.0,35.0,46324,44003.39848355339
2019-07-31,3874,3.0,35.0,45971,44100.09021340533
2019-08-31,3875,3.0,35.0,46706,44178.04478784678
2019-09-30,3876,3.0,35.0,47208,44283.37625501984
2019-10-31,3877,3.0,35.0,47224,44405.23557772735
2019-11-30,3878,3.0,35.0,46605,44522.68409532204
2019-12-31,3879,3.0,35.0,46820,44609.44725801695
2020-01-31,3880,3.0,35.0,47209,44701.55362226625
2020-02-29,3881,3.0,35.0,47434,44806.03055467182
2020-03-31,3882,3.0,35.0,46589,44915.5292815605
2020-04-30,3883,3.0,35.0,45959,44985.25722816215
2020-05-31,3884,3.0,35.0,45376,45025.829843655396
2020-06-30,3885,3.0,35.0,45153,45040.42026683642
2020-07-31,3886,3.0,35.0,45329,45045.11108905158
2020-08-31,3887,3.0,35.0,45630,45056.939793674435
2020-09-30,3888,3.0,35.0,46170,45080.81730227134
2020-10-31,3889,3.0,35.0,46404,45126.1999146767
2020-11-30,3890,3.0,35.0,45905,45179.4415848985
2020-12-31,3891,3.0,35.0,46152,45209.67318552773
2021-01-31,3892,3.0,35.0,46738,45248.93680279741
2021-02-28,3893,3.0,35.0,46890,45310.98110268085
2021-03-31,3894,3.0,35.0,47122,45376.77355673582
2021-04-30,3895,3.0,35.0,47903,45449.491325205156
2021-05-31,3896,3.0,35.0,48227,45551.72085332161
2021-06-30,3897,3.0,35.0,49939,45663.19081776655
2021-07-31,3898,3.0,35.0,50044,45841.34953369294
2021-08-31,3899,3.0,35.0,50938,46016.459969789066
2021-09-30,3900,3.0,35.0,50865,46221.52413771452
2021-10-31,3901,3.0,35.0,51499,46415.002298643085
2021-11-30,3902,3.0,35.0,50787,46626.83553619962
2021-12-31,3903,3.0,35.0,51431,46800.17572219131
2022-01-31,3904,3.0,35.0,52135,46993.12673376667
2022-02-28,3905,3.0,35.0,52613,47207.37145319306
2022-03-31,3906,3.0,35.0,52851,47432.60597597669
2022-04-30,3907,3.0,35.0,52959,47658.37239364433
2022-05-31,3908,3.0,35.0,53162,47879.231877242484
2022-06-30,3909,3.0,35.0,53575,48099.347215690716
2022-07-31,3910,3.0,35.0,53618,48327.49941503694
2022-08-31,3911,3.0,35.0,53957,48547.93693941041
2022-09-30,3912,3.0,35.0,54063,48773.314566934976
2022-10-31,3913,3.0,35.0,53863,48993.71812664602
2022-11-30,3914,3.0,35.0,52413,49196.6048713691
2022-12-31,3915,3.0,35.0,53059,49330.62133506205
2023-01-31,3916,3.0,35.0,53587,49485.970446101135
2023-02-28,3917,3.0,35.0,53625,49656.84667751359
2023-03-31,3918,3.0,35.0,53836,49822.186399283855
2023-04-30,3919,3.0,35.0,53467,49989.428632647025
2023-05-31,3920,3.0,35.0,53338,50134.327439620065
2023-06-30,3921,3.0,35.0,53525,50267.81379630256
2023-07-31,3922,3.0,35.0,54055,50403.52988812329
2010-02-28,3923,3.0,36.0,10117,10117.0
2010-03-31,3924,3.0,36.0,10327,10117.0
2010-04-30,3925,3.0,36.0,10545,10125.75
2010-05-31,3926,3.0,36.0,10770,10143.21875
2010-06-30,3927,3.0,36.0,10890,10169.334635416668
2010-07-31,3928,3.0,36.0,10856,10199.362358940974
2010-08-31,3929,3.0,36.0,10862,10226.722260651768
2010-09-30,3930,3.0,36.0,11031,10253.192166457946
2010-10-31,3931,3.0,36.0,11224,10285.600826188866
2010-11-30,3932,3.0,36.0,11060,10324.70079176433
2010-12-31,3933,3.0,36.0,11933,10355.33825877415
2011-01-31,3934,3.0,36.0,12089,10421.074164658563
2011-02-28,3935,3.0,36.0,12232,10490.571074464457
2011-03-31,3936,3.0,36.0,12251,10563.130613028437
2011-04-30,3937,3.0,36.0,12239,10633.458504152253
2011-05-31,3938,3.0,36.0,12526,10700.356066479244
2011-06-30,3939,3.0,36.0,12741,10776.424563709275
2011-07-31,3940,3.0,36.0,12640,10858.281873554723
2011-08-31,3941,3.0,36.0,12563,10932.520128823275
2011-09-30,3942,3.0,36.0,12507,11000.456790122305
2011-10-31,3943,3.0,36.0,12560,11063.22942386721
2011-11-30,3944,3.0,36.0,12439,11125.59486453941
2011-12-31,3945,3.0,36.0,12739,11180.320078516934
2012-01-31,3946,3.0,36.0,12994,11245.265075245396
2012-02-29,3947,3.0,36.0,12815,11318.129030443504
2012-03-31,3948,3.0,36.0,12903,11380.498654175026
2012-04-30,3949,3.0,36.0,12868,11443.936210251068
2012-05-31,3950,3.0,36.0,12997,11503.272201490607
2012-06-30,3951,3.0,36.0,13063,11565.510859761831
2012-07-31,3952,3.0,36.0,12764,11627.906240605087
2012-08-31,3953,3.0,36.0,12941,11675.243480579877
2012-09-30,3954,3.0,36.0,12919,11727.983335555717
2012-10-31,3955,3.0,36.0,13552,11777.609029907562
2012-11-30,3956,3.0,36.0,13487,11851.541986994747
2012-12-31,3957,3.0,36.0,13712,11919.686070869968
2013-01-31,3958,3.0,36.0,13807,11994.365817917054
2013-02-28,3959,3.0,36.0,13789,12069.89224217051
2013-03-31,3960,3.0,36.0,13839,12141.521732080071
2013-04-30,3961,3.0,36.0,13898,12212.249993243402
2013-05-31,3962,3.0,36.0,13893,12282.489576858261
2013-06-30,3963,3.0,36.0,13900,12349.5941778225
2013-07-31,3964,3.0,36.0,13409,12414.194420413229
2013-08-31,3965,3.0,36.0,13485,12455.644652896011
2013-09-30,3966,3.0,36.0,13665,12498.534459025344
2013-10-31,3967,3.0,36.0,14036,12547.13718989929
2013-11-30,3968,3.0,36.0,14064,12609.173140320154
2013-12-31,3969,3.0,36.0,14155,12669.790926140147
2014-01-31,3970,3.0,36.0,14864,12731.674637550974
2014-02-28,3971,3.0,36.0,14970,12820.521527653018
2014-03-31,3972,3.0,36.0,14970,12910.083130667475
2014-04-30,3973,3.0,36.0,14983,12995.913000222998
2014-05-31,3974,3.0,36.0,15508,13078.708291880374
2014-06-30,3975,3.0,36.0,15362,13179.928779718692
2014-07-31,3976,3.0,36.0,14961,13270.84841389708
2014-08-31,3977,3.0,36.0,15076,13341.27139665137
2014-09-30,3978,3.0,36.0,15361,13413.551755124228
2014-10-31,3979,3.0,36.0,15706,13494.695431994052
2014-11-30,3980,3.0,36.0,15503,13586.833122327633
2014-12-31,3981,3.0,36.0,15704,13666.673408897315
2015-01-31,3982,3.0,36.0,15926,13751.562016859929
2015-02-28,3983,3.0,36.0,15979,13842.163599490767
2015-03-31,3984,3.0,36.0,16140,13931.198449511985
2015-04-30,3985,3.0,36.0,16181,14023.231847448986
2015-05-31,3986,3.0,36.0,16210,14113.13885380528
2015-06-30,3987,3.0,36.0,16295,14200.50806823006
2015-07-31,3988,3.0,36.0,14051,14287.778565387141
2015-08-31,3989,3.0,36.0,14213,14277.912791829345
2015-09-30,3990,3.0,36.0,15119,14275.20809216979
2015-10-31,3991,3.0,36.0,15123,14310.366088329383
2015-11-30,3992,3.0,36.0,14935,14344.225834648993
2015-12-31,3993,3.0,36.0,15115,14368.841424871951
2016-01-31,3994,3.0,36.0,15231,14399.931365502287
2016-02-29,3995,3.0,36.0,15408,14434.559225273026
2016-03-31,3996,3.0,36.0,15544,14475.119257553317
2016-04-30,3997,3.0,36.0,15495,14519.655955155262
2016-05-31,3998,3.0,36.0,14887,14560.295290357126
2016-06-30,3999,3.0,36.0,14896,14573.907986592245
2016-07-31,4000,3.0,36.0,14951,14587.328487150902
2016-08-31,4001,3.0,36.0,15056,14602.481466852949
2016-09-30,4002,3.0,36.0,15225,14621.378072400745
2016-10-31,4003,3.0,36.0,15631,14646.528986050715
2016-11-30,4004,3.0,36.0,15597,14687.548611631935
2016-12-31,4005,3.0,36.0,14862,14725.442419480605
2017-01-31,4006,3.0,36.0,15159,14731.132318668913
2017-02-28,4007,3.0,36.0,15493,14748.960138724377
2017-03-31,4008,3.0,36.0,15334,14779.96179961086
2017-04-30,4009,3.0,36.0,14916,14803.046724627075
2017-05-31,4010,3.0,36.0,15144,14807.753111100947
2017-06-30,4011,3.0,36.0,15240,14821.763398138408
2017-07-31,4012,3.0,36.0,14892,14839.189923215974
2017-08-31,4013,3.0,36.0,14988,14841.390343081976
2017-09-30,4014,3.0,36.0,14912,14847.499078786894
2017-10-31,4015,3.0,36.0,14838,14850.186617170775
2017-11-30,4016,3.0,36.0,14500,14849.678841455327
2017-12-31,4017,3.0,36.0,14968,14835.10888972802
2018-01-31,4018,3.0,36.0,15226,14840.646019322687
2018-02-28,4019,3.0,36.0,15225,14856.702435184241
2018-03-31,4020,3.0,36.0,14957,14872.048167051566
2018-04-30,4021,3.0,36.0,15288,14875.587826757752
2018-05-31,4022,3.0,36.0,15335,14892.771667309513
2018-06-30,4023,3.0,36.0,15629,14911.197847838284
2018-07-31,4024,3.0,36.0,15690,14941.106270845024
2018-08-31,4025,3.0,36.0,16089,14972.310176226483
2018-09-30,4026,3.0,36.0,16208,15018.838918883714
2018-10-31,4027,3.0,36.0,16458,15068.38729726356
2018-11-30,4028,3.0,36.0,16207,15126.287826544245
2018-12-31,4029,3.0,36.0,16244,15171.317500438236
2019-01-31,4030,3.0,36.0,16288,15216.012604586644
2019-02-28,4031,3.0,36.0,16910,15260.6787460622
2019-03-31,4032,3.0,36.0,16998,15329.400464976276
2019-04-30,4033,3.0,36.0,17207,15398.925445602265
2019-05-31,4034,3.0,36.0,17315,15474.261885368838
2019-06-30,4035,3.0,36.0,17442,15550.959306811805
2019-07-31,4036,3.0,36.0,17440,15629.75266902798
2019-08-31,4037,3.0,36.0,17262,15705.179641151813
2019-09-30,4038,3.0,36.0,17262,15770.047156103821
2019-10-31,4039,3.0,36.0,17076,15832.211857932829
2019-11-30,4040,3.0,36.0,16843,15884.036363852296
2019-12-31,4041,3.0,36.0,16846,15923.993182025117
2020-01-31,4042,3.0,36.0,16921,15962.41013277407
2020-02-29,4043,3.0,36.0,17087,16002.351377241817
2020-03-31,4044,3.0,36.0,17020,16047.545069856742
2020-04-30,4045,3.0,36.0,17048,16088.064025279378
2020-05-31,4046,3.0,36.0,17031,16128.061357559405
2020-06-30,4047,3.0,36.0,17003,16165.683800994431
2020-07-31,4048,3.0,36.0,17104,16200.571975952998
2020-08-31,4049,3.0,36.0,17261,16238.21481028829
2020-09-30,4050,3.0,36.0,17428,16280.830859859612
2020-10-31,4051,3.0,36.0,17589,16328.629574032127
2020-11-30,4052,3.0,36.0,17205,16381.145008447456
2020-12-31,4053,3.0,36.0,17204,16415.472299762147
2021-01-31,4054,3.0,36.0,17690,16448.327620605392
2021-02-28,4055,3.0,36.0,17924,16500.063969746836
2021-03-31,4056,3.0,36.0,18063,16559.394637674053
2021-04-30,4057,3.0,36.0,18677,16622.044861104303
2021-05-31,4058,3.0,36.0,19481,16707.667991891623
2021-06-30,4059,3.0,36.0,22143,16823.223492229474
2021-07-31,4060,3.0,36.0,22022,17044.880846719912
2021-08-31,4061,3.0,36.0,22605,17252.260811439915
2021-09-30,4062,3.0,36.0,22581,17475.291610963253
2021-10-31,4063,3.0,36.0,22622,17688.029460506452
2021-11-30,4064,3.0,36.0,22659,17893.611566318683
2021-12-31,4065,3.0,36.0,22697,18092.16941772207
2022-01-31,4066,3.0,36.0,22974,18284.037358650316
2022-02-28,4067,3.0,36.0,22990,18479.452468706553
2022-03-31,4068,3.0,36.0,22961,18667.391949177116
2022-04-30,4069,3.0,36.0,23081,18846.292284628067
2022-05-31,4070,3.0,36.0,23161,19022.73843943523
2022-06-30,4071,3.0,36.0,23442,19195.166004458762
2022-07-31,4072,3.0,36.0,23733,19372.11742093965
2022-08-31,4073,3.0,36.0,23991,19553.82086173383
2022-09-30,4074,3.0,36.0,24094,19738.703325828257
2022-10-31,4075,3.0,36.0,24203,19920.174020585415
2022-11-30,4076,3.0,36.0,23937,20098.625103061022
2022-12-31,4077,3.0,36.0,23781,20258.55739043348
2023-01-31,4078,3.0,36.0,24125,20405.325832498755
2023-02-28,4079,3.0,36.0,24288,20560.31225614464
2023-03-31,4080,3.0,36.0,24137,20715.63257880528
2023-04-30,4081,3.0,36.0,24037,20858.189554688393
2023-05-31,4082,3.0,36.0,24157,20990.639989909712
2023-06-30,4083,3.0,36.0,24344,21122.57165699681
2023-07-31,4084,3.0,36.0,25159,21256.797837955277
2010-02-28,4085,3.0,37.0,41973,41973.0
2010-03-31,4086,3.0,37.0,42883,41973.0
2010-04-30,4087,3.0,37.0,43816,42010.916666666664
2010-05-31,4088,3.0,37.0,46821,42086.12847222222
2010-06-30,4089,3.0,37.0,47900,42283.41478587963
2010-07-31,4090,3.0,37.0,49970,42517.43916980131
2010-08-31,4091,3.0,37.0,48775,42827.962537726264
2010-09-30,4092,3.0,37.0,49209,43075.755765321
2010-10-31,4093,3.0,37.0,48737,43331.30760843263
2010-11-30,4094,3.0,37.0,47472,43556.544791414606
2010-12-31,4095,3.0,37.0,47743,43719.688758439
2011-01-31,4096,3.0,37.0,47291,43887.326726837375
2011-02-28,4097,3.0,37.0,46492,44029.14644655249
2011-03-31,4098,3.0,37.0,45725,44131.7653446128
2011-04-30,4099,3.0,37.0,46168,44198.150121920604
2011-05-31,4100,3.0,37.0,45193,44280.22720017391
2011-06-30,4101,3.0,37.0,45347,44318.259400166666
2011-07-31,4102,3.0,37.0,45131,44361.12359182639
2011-08-31,4103,3.0,37.0,44828,44393.201775500296
2011-09-30,4104,3.0,37.0,44889,44411.318368187785
2011-10-31,4105,3.0,37.0,45582,44431.22176951329
2011-11-30,4106,3.0,37.0,43358,44479.17086245024
2011-12-31,4107,3.0,37.0,40821,44432.45540984815
2012-01-31,4108,3.0,37.0,40601,44281.97810110448
2012-02-29,4109,3.0,37.0,40513,44128.60401355847
2012-03-31,4110,3.0,37.0,40412,43977.95384632687
2012-04-30,4111,3.0,37.0,40920,43829.372436063255
2012-05-31,4112,3.0,37.0,41048,43708.14858456062
2012-06-30,4113,3.0,37.0,41127,43597.30906020393
2012-07-31,4114,3.0,37.0,41239,43494.37951602877
2012-08-31,4115,3.0,37.0,40917,43400.40536952757
2012-09-30,4116,3.0,37.0,42134,43296.93014579726
2012-10-31,4117,3.0,37.0,42278,43248.47472305571
2012-11-30,4118,3.0,37.0,42071,43208.03827626173
2012-12-31,4119,3.0,37.0,41446,43160.66168141749
2013-01-31,4120,3.0,37.0,41769,43089.21744469176
2013-02-28,4121,3.0,37.0,42204,43034.208384496276
2013-03-31,4122,3.0,37.0,44509,42999.6163684756
2013-04-30,4123,3.0,37.0,45358,43062.507353122455
2013-05-31,4124,3.0,37.0,44523,43158.152880075686
2013-06-30,4125,3.0,37.0,45898,43215.02151007253
2013-07-31,4126,3.0,37.0,45610,43326.81228048618
2013-08-31,4127,3.0,37.0,45577,43421.94510213259
2013-09-30,4128,3.0,37.0,44250,43511.7390562104
2013-10-31,4129,3.0,37.0,43195,43542.499928868296
2013-11-30,4130,3.0,37.0,42984,43528.02076516545
2013-12-31,4131,3.0,37.0,42696,43505.35323328356
2014-01-31,4132,3.0,37.0,41702,43471.63018189675
2014-02-28,4133,3.0,37.0,42163,43397.895590984386
2014-03-31,4134,3.0,37.0,42383,43346.441608026704
2014-04-30,4135,3.0,37.0,42930,43306.29820769226
2014-05-31,4136,3.0,37.0,43346,43290.619115705085
2014-06-30,4137,3.0,37.0,43026,43292.92665255071
2014-07-31,4138,3.0,37.0,43173,43281.804708694435
2014-08-31,4139,3.0,37.0,43898,43277.2711791655
2014-09-30,4140,3.0,37.0,43472,43303.13488003361
2014-10-31,4141,3.0,37.0,44106,43310.170926698884
2014-11-30,4142,3.0,37.0,44199,43343.330471419766
2014-12-31,4143,3.0,37.0,43630,43378.98336844394
2015-01-31,4144,3.0,37.0,44012,43389.44239475878
2015-02-28,4145,3.0,37.0,44728,43415.382294977164
2015-03-31,4146,3.0,37.0,44995,43470.074699353114
2015-04-30,4147,3.0,37.0,45941,43533.61325354673
2015-05-31,4148,3.0,37.0,46591,43633.921034648956
2015-06-30,4149,3.0,37.0,45138,43757.13265820525
2015-07-31,4150,3.0,37.0,45571,43814.6687974467
2015-08-31,4151,3.0,37.0,46058,43887.84926421975
2015-09-30,4152,3.0,37.0,45553,43978.27221154393
2015-10-31,4153,3.0,37.0,46360,44043.88586939627
2015-11-30,4154,3.0,37.0,45810,44140.39062483809
2015-12-31,4155,3.0,37.0,45258,44209.957682136504
2016-01-31,4156,3.0,37.0,45683,44253.62611204749
2016-02-29,4157,3.0,37.0,45621,44313.183357378846
2016-03-31,4158,3.0,37.0,45866,44367.67571748806
2016-04-30,4159,3.0,37.0,46651,44430.10589592606
2016-05-31,4160,3.0,37.0,47524,44522.64315026248
2016-06-30,4161,3.0,37.0,48373,44647.69968566821
2016-07-31,4162,3.0,37.0,49760,44802.9205320987
2016-08-31,4163,3.0,37.0,48868,45009.465509927926
2016-09-30,4164,3.0,37.0,50063,45170.2377803476
2016-10-31,4165,3.0,37.0,51472,45374.102872833115
2016-11-30,4166,3.0,37.0,50560,45628.1819197984
2016-12-31,4167,3.0,37.0,49661,45833.6743398068
2017-01-31,4168,3.0,37.0,50752,45993.146242314855
2017-02-28,4169,3.0,37.0,51116,46191.43181555173
2017-03-31,4170,3.0,37.0,51583,46396.62215657041
2017-04-30,4171,3.0,37.0,52853,46612.721233379976
2017-05-31,4172,3.0,37.0,54117,46872.73284865582
2017-06-30,4173,3.0,37.0,55093,47174.57731329516
2017-07-31,4174,3.0,37.0,55701,47504.51159190786
2017-08-31,4175,3.0,37.0,56097,47846.031942245034
2017-09-30,4176,3.0,37.0,56126,48189.82227798483
2017-10-31,4177,3.0,37.0,56805,48520.49634973546
2017-11-30,4178,3.0,37.0,55839,48865.68400182982
2017-12-31,4179,3.0,37.0,54658,49156.23883508691
2018-01-31,4180,3.0,37.0,55784,49385.47888362495
2018-02-28,4181,3.0,37.0,56722,49652.08393014058
2018-03-31,4182,3.0,37.0,57438,49946.66376638472
2018-04-30,4183,3.0,37.0,58641,50258.8027761187
2018-05-31,4184,3.0,37.0,59841,50608.06099378042
2018-06-30,4185,3.0,37.0,61119,50992.76678570623
2018-07-31,4186,3.0,37.0,61480,51414.693169635146
2018-08-31,4187,3.0,37.0,61815,51834.08095423368
2018-09-30,4188,3.0,37.0,61960,52249.95258114061
2018-10-31,4189,3.0,37.0,62445,52654.53789025975
2018-11-30,4190,3.0,37.0,62401,53062.47381149893
2018-12-31,4191,3.0,37.0,63492,53451.57906935314
2019-01-31,4192,3.0,37.0,64337,53869.92994146342
2019-02-28,4193,3.0,37.0,65077,54306.05786056912
2019-03-31,4194,3.0,37.0,65358,54754.84711637874
2019-04-30,4195,3.0,37.0,66009,55196.645153196296
2019-05-31,4196,3.0,37.0,67535,55647.15993847979
2019-06-30,4197,3.0,37.0,68004,56142.486607709805
2019-07-31,4198,3.0,37.0,68731,56636.71633238856
2019-08-31,4199,3.0,37.0,68855,57140.64481853904
2019-09-30,4200,3.0,37.0,66746,57628.74295109992
2019-10-31,4201,3.0,37.0,66189,58008.628661470764
2019-11-30,4202,3.0,37.0,64161,58349.47746724282
2019-12-31,4203,3.0,37.0,62267,58591.62423944104
2020-01-31,4204,3.0,37.0,62369,58744.764896131
2020-02-29,4205,3.0,37.0,60887,58895.774692125546
2020-03-31,4206,3.0,37.0,59701,58978.742413286986
2020-04-30,4207,3.0,37.0,58327,59008.83647940003
2020-05-31,4208,3.0,37.0,57589,58980.42662609169
2020-06-30,4209,3.0,37.0,56692,58922.450516671204
2020-07-31,4210,3.0,37.0,57204,58829.51507847657
2020-08-31,4211,3.0,37.0,56984,58761.78528354005
2020-09-30,4212,3.0,37.0,57246,58687.71089672588
2020-10-31,4213,3.0,37.0,55672,58627.639609362304
2020-11-30,4214,3.0,37.0,55909,58504.48795897221
2020-12-31,4215,3.0,37.0,56273,58396.34262734837
2021-01-31,4216,3.0,37.0,57482,58307.870017875524
2021-02-28,4217,3.0,37.0,57801,58273.458767130716
2021-03-31,4218,3.0,37.0,57951,58253.772985166936
2021-04-30,4219,3.0,37.0,57861,58241.15744411832
2021-05-31,4220,3.0,37.0,56936,58225.31755061339
2021-06-30,4221,3.0,37.0,58203,58171.595986004504
2021-07-31,4222,3.0,37.0,58725,58172.90448658765
2021-08-31,4223,3.0,37.0,59020,58195.908466313165
2021-09-30,4224,3.0,37.0,59264,58230.24561355012
2021-10-31,4225,3.0,37.0,59922,58273.318712985536
2021-11-30,4226,3.0,37.0,60651,58342.01376661114
2021-12-31,4227,3.0,37.0,61164,58438.22152633568
2022-01-31,4228,3.0,37.0,62517,58551.795629405024
2022-02-28,4229,3.0,37.0,64469,58717.012478179815
2022-03-31,4230,3.0,37.0,65421,58956.67862492233
2022-04-30,4231,3.0,37.0,66631,59226.0253488839
2022-05-31,4232,3.0,37.0,68492,59534.56595934707
2022-06-30,4233,3.0,37.0,69684,59907.792377707614
2022-07-31,4234,3.0,37.0,70608,60315.1343619698
2022-08-31,4235,3.0,37.0,72034,60744.00376355439
2022-09-30,4236,3.0,37.0,73425,61214.42027340629
2022-10-31,4237,3.0,37.0,73848,61723.19442868103
2022-11-30,4238,3.0,37.0,73539,62228.39466081932
2022-12-31,4239,3.0,37.0,77908,62699.66988328518
2023-01-31,4240,3.0,37.0,77882,63333.350304814965
2023-02-28,4241,3.0,37.0,78868,63939.54404211434
2023-03-31,4242,3.0,37.0,78474,64561.56304035958
2023-04-30,4243,3.0,37.0,78076,65141.24791367793
2023-05-31,4244,3.0,37.0,78229,65680.19591727469
2023-06-30,4245,3.0,37.0,77148,66203.06275405492
2023-07-31,4246,3.0,37.0,75943,66659.1018059693
2010-02-28,4247,3.0,38.0,10806,10806.0
2010-03-31,4248,3.0,38.0,10893,10806.0
2010-04-30,4249,3.0,38.0,11050,10809.625
2010-05-31,4250,3.0,38.0,11300,10819.640625
2010-06-30,4251,3.0,38.0,11495,10839.655598958334
2010-07-31,4252,3.0,38.0,11721,10866.961615668404
2010-08-31,4253,3.0,38.0,11827,10902.546548348888
2010-09-30,4254,3.0,38.0,12089,10941.065442167685
2010-10-31,4255,3.0,38.0,12271,10988.896048744033
2010-11-30,4256,3.0,38.0,12194,11042.317046713031
2010-12-31,4257,3.0,38.0,12484,11090.303836433322
2011-01-31,4258,3.0,38.0,12971,11148.374509915267
2011-02-28,4259,3.0,38.0,13427,11224.317238668798
2011-03-31,4260,3.0,38.0,13669,11316.0956870576
2011-04-30,4261,3.0,38.0,13752,11414.133366763532
2011-05-31,4262,3.0,38.0,13707,11511.544476481718
2011-06-30,4263,3.0,38.0,14236,11603.021789961647
2011-07-31,4264,3.0,38.0,14630,11712.729215379912
2011-08-31,4265,3.0,38.0,15086,11834.282164739083
2011-09-30,4266,3.0,38.0,15519,11969.770407874956
2011-10-31,4267,3.0,38.0,15424,12117.6549742135
2011-11-30,4268,3.0,38.0,15302,12255.419350287937
2011-12-31,4269,3.0,38.0,14993,12382.360210692608
2012-01-31,4270,3.0,38.0,15056,12491.136868580417
2012-02-29,4271,3.0,38.0,15231,12598.006165722902
2012-03-31,4272,3.0,38.0,15133,12707.714242151114
2012-04-30,4273,3.0,38.0,15304,12808.767815394818
2012-05-31,4274,3.0,38.0,15458,12912.735823086701
2012-06-30,4275,3.0,38.0,15413,13018.788497124757
2012-07-31,4276,3.0,38.0,15385,13118.54730974456
2012-08-31,4277,3.0,38.0,15305,13212.982838505202
2012-09-30,4278,3.0,38.0,15357,13300.150220234153
2012-10-31,4279,3.0,38.0,15244,13385.852294391063
2012-11-30,4280,3.0,38.0,15152,13463.275115458102
2012-12-31,4281,3.0,38.0,15002,13533.638652314015
2013-01-31,4282,3.0,38.0,15056,13594.820375134266
2013-02-28,4283,3.0,38.0,15154,13655.702859503674
2013-03-31,4284,3.0,38.0,15291,13718.131907024353
2013-04-30,4285,3.0,38.0,15263,13783.668077565006
2013-05-31,4286,3.0,38.0,15304,13845.306907666465
2013-06-30,4287,3.0,38.0,15499,13906.085786513695
2013-07-31,4288,3.0,38.0,15716,13972.457212075624
2013-08-31,4289,3.0,38.0,16047,14045.10482823914
2013-09-30,4290,3.0,38.0,16632,14128.51712706251
2013-10-31,4291,3.0,38.0,16744,14232.828913434907
2013-11-30,4292,3.0,38.0,16343,14337.461042041787
2013-12-31,4293,3.0,38.0,16607,14421.025165290046
2014-01-31,4294,3.0,38.0,16936,14512.107450069629
2014-02-28,4295,3.0,38.0,17541,14613.102972983394
2014-03-31,4296,3.0,38.0,17700,14735.09868244242
2014-04-30,4297,3.0,38.0,17920,14858.636237340654
2014-05-31,4298,3.0,38.0,18144,14986.193060784793
2014-06-30,4299,3.0,38.0,18229,15117.76834991876
2014-07-31,4300,3.0,38.0,18316,15247.40300200548
2014-08-31,4301,3.0,38.0,18687,15375.261210255252
2014-09-30,4302,3.0,38.0,19002,15513.250326494617
2014-10-31,4303,3.0,38.0,19111,15658.61489622401
2014-11-30,4304,3.0,38.0,18968,15802.464275548009
2014-12-31,4305,3.0,38.0,18922,15934.361597400177
2015-01-31,4306,3.0,38.0,18950,16058.846530841836
2015-02-28,4307,3.0,38.0,19161,16179.311258723428
2015-03-31,4308,3.0,38.0,19182,16303.548289609953
2015-04-30,4309,3.0,38.0,19454,16423.48377754287
2015-05-31,4310,3.0,38.0,19838,16549.75528681192
2015-06-30,4311,3.0,38.0,20116,16686.76548319476
2015-07-31,4312,3.0,38.0,20250,16829.650254728313
2015-08-31,4313,3.0,38.0,20391,16972.164827447967
2015-09-30,4314,3.0,38.0,21059,17114.616292970968
2015-10-31,4315,3.0,38.0,21152,17278.96561409718
2015-11-30,4316,3.0,38.0,21003,17440.34204684313
2015-12-31,4317,3.0,38.0,21131,17588.786128224667
2016-01-31,4318,3.0,38.0,21356,17736.378372881973
2016-02-29,4319,3.0,38.0,21344,17887.195940678557
2016-03-31,4320,3.0,38.0,21568,18031.229443150285
2016-04-30,4321,3.0,38.0,21852,18178.594883019025
2016-05-31,4322,3.0,38.0,22515,18331.653429559898
2016-06-30,4323,3.0,38.0,23313,18505.95953666157
2016-07-31,4324,3.0,38.0,23583,18706.25288930067
2016-08-31,4325,3.0,38.0,24299,18909.45068557981
2016-09-30,4326,3.0,38.0,24427,19134.01524034732
2016-10-31,4327,3.0,38.0,24497,19354.556271999514
2016-11-30,4328,3.0,38.0,24145,19568.8247606662
2016-12-31,4329,3.0,38.0,24520,19759.49872897178
2017-01-31,4330,3.0,38.0,24194,19957.852948597956
2017-02-28,4331,3.0,38.0,24962,20134.359075739707
2017-03-31,4332,3.0,38.0,25748,20335.51078091722
2017-04-30,4333,3.0,38.0,26357,20561.031165045668
2017-05-31,4334,3.0,38.0,27246,20802.529866502096
2017-06-30,4335,3.0,38.0,28210,21071.007788731178
2017-07-31,4336,3.0,38.0,28808,21368.46579753405
2017-08-31,4337,3.0,38.0,29004,21678.446389303463
2017-09-30,4338,3.0,38.0,29116,21983.677789749152
2017-10-31,4339,3.0,38.0,28931,22280.857881842938
2017-11-30,4340,3.0,38.0,28644,22557.94713676615
2017-12-31,4341,3.0,38.0,28581,22811.53267273423
2018-01-31,4342,3.0,38.0,28512,23051.927144703637
2018-02-28,4343,3.0,38.0,28362,23279.430180340987
2018-03-31,4344,3.0,38.0,28543,23491.20392282678
2018-04-30,4345,3.0,38.0,28444,23701.69542604233
2018-05-31,4346,3.0,38.0,28629,23899.291449957236
2018-06-30,4347,3.0,38.0,29131,24096.362639542353
2018-07-31,4348,3.0,38.0,29549,24306.13919622809
2018-08-31,4349,3.0,38.0,29871,24524.591729718588
2018-09-30,4350,3.0,38.0,29832,24747.358740980315
2018-10-31,4351,3.0,38.0,29592,24959.218793439468
2018-11-30,4352,3.0,38.0,28983,25152.251343712825
2018-12-31,4353,3.0,38.0,28858,25311.865871058126
2019-01-31,4354,3.0,38.0,28890,25459.62145976404
2019-02-28,4355,3.0,38.0,29143,25602.55389894054
2019-03-31,4356,3.0,38.0,28794,25750.072486484685
2019-04-30,4357,3.0,38.0,28516,25876.902799547825
2019-05-31,4358,3.0,38.0,28330,25986.8651829
2019-06-30,4359,3.0,38.0,28498,26084.495800279168
2019-07-31,4360,3.0,38.0,28827,26185.05847526754
2019-08-31,4361,3.0,38.0,29147,26295.13937213139
2019-09-30,4362,3.0,38.0,28754,26413.966898292583
2019-10-31,4363,3.0,38.0,28353,26511.46827753039
2019-11-30,4364,3.0,38.0,27913,26588.198765966627
2019-12-31,4365,3.0,38.0,27987,26643.398817384685
2020-01-31,4366,3.0,38.0,28191,26699.382199993655
2020-02-29,4367,3.0,38.0,27334,26761.53294166059
2020-03-31,4368,3.0,38.0,26504,26785.385735758067
2020-04-30,4369,3.0,38.0,25921,26773.66133010148
2020-05-31,4370,3.0,38.0,25820,26738.133774680588
2020-06-30,4371,3.0,38.0,25931,26699.878200735562
2020-07-31,4372,3.0,38.0,26081,26667.841609038245
2020-08-31,4373,3.0,38.0,26537,26643.389875328317
2020-09-30,4374,3.0,38.0,27167,26638.956963856304
2020-10-31,4375,3.0,38.0,28137,26660.95875702896
2020-11-30,4376,3.0,38.0,27572,26722.460475486085
2020-12-31,4377,3.0,38.0,28157,26757.857955674164
2021-01-31,4378,3.0,38.0,27931,26816.155540854408
2021-02-28,4379,3.0,38.0,27821,26862.60739331881
2021-03-31,4380,3.0,38.0,27855,26902.540418597193
2021-04-30,4381,3.0,38.0,28055,26942.22623448898
2021-05-31,4382,3.0,38.0,28218,26988.591808051937
2021-06-30,4383,3.0,38.0,28886,27039.817149383107
2021-07-31,4384,3.0,38.0,28703,27116.74143482548
2021-08-31,4385,3.0,38.0,28546,27182.83554170775
2021-09-30,4386,3.0,38.0,28486,27239.634060803262
2021-10-31,4387,3.0,38.0,28188,27291.56597493646
2021-11-30,4388,3.0,38.0,27679,27328.917392647443
2021-12-31,4389,3.0,38.0,28023,27343.5041679538
2022-01-31,4390,3.0,38.0,28475,27371.81649428906
2022-02-28,4391,3.0,38.0,28833,27417.782473693685
2022-03-31,4392,3.0,38.0,28785,27476.749870623116
2022-04-30,4393,3.0,38.0,28915,27531.260292680487
2022-05-31,4394,3.0,38.0,29221,27588.916113818803
2022-06-30,4395,3.0,38.0,29478,27656.919609076354
2022-07-31,4396,3.0,38.0,29700,27732.797958698175
2022-08-31,4397,3.0,38.0,29640,27814.764710419084
2022-09-30,4398,3.0,38.0,29921,27890.81618081829
2022-10-31,4399,3.0,38.0,29825,27975.40717328419
2022-11-30,4400,3.0,38.0,29463,28052.473541064017
2022-12-31,4401,3.0,38.0,27034,28111.24547685302
2023-01-31,4402,3.0,38.0,27327,28066.360248650813
2023-02-28,4403,3.0,38.0,27480,28035.553571623695
2023-03-31,4404,3.0,38.0,27445,28012.405506139377
2023-04-30,4405,3.0,38.0,27780,27988.76361005024
2023-05-31,4406,3.0,38.0,27785,27980.065126298145
2023-06-30,4407,3.0,38.0,27876,27971.937412702388
2023-07-31,4408,3.0,38.0,27813,27967.940020506456
2010-02-28,4409,3.0,39.0,8763,8763.0
2010-03-31,4410,3.0,39.0,9049,8763.0
2010-04-30,4411,3.0,39.0,8805,8774.916666666666
2010-05-31,4412,3.0,39.0,8542,8776.170138888889
2010-06-30,4413,3.0,39.0,8497,8766.413049768518
2010-07-31,4414,3.0,39.0,8379,8755.187506028164
2010-08-31,4415,3.0,39.0,8374,8739.513026610324
2010-09-30,4416,3.0,39.0,8564,8724.283317168227
2010-10-31,4417,3.0,39.0,8663,8717.604845619551
2010-11-30,4418,3.0,39.0,8624,8715.329643718738
2010-12-31,4419,3.0,39.0,8428,8711.524241897125
2011-01-31,4420,3.0,39.0,8407,8699.710731818077
2011-02-28,4421,3.0,39.0,8463,8687.514451325656
2011-03-31,4422,3.0,39.0,8505,8678.159682520421
2011-04-30,4423,3.0,39.0,8511,8670.944695748738
2011-05-31,4424,3.0,39.0,8501,8664.280333425875
2011-06-30,4425,3.0,39.0,8757,8657.476986199797
2011-07-31,4426,3.0,39.0,8840,8661.623778441473
2011-08-31,4427,3.0,39.0,8829,8669.056121006413
2011-09-30,4428,3.0,39.0,8593,8675.720449297813
2011-10-31,4429,3.0,39.0,8654,8672.273763910403
2011-11-30,4430,3.0,39.0,8611,8671.512357080805
2011-12-31,4431,3.0,39.0,8557,8668.991008869105
2012-01-31,4432,3.0,39.0,8667,8664.324716832893
2012-02-29,4433,3.0,39.0,8717,8664.436186964856
2012-03-31,4434,3.0,39.0,8634,8666.626345841321
2012-04-30,4435,3.0,39.0,8670,8665.2669147646
2012-05-31,4436,3.0,39.0,8584,8665.464126649407
2012-06-30,4437,3.0,39.0,8598,8662.069788039014
2012-07-31,4438,3.0,39.0,8619,8659.400213537388
2012-08-31,4439,3.0,39.0,8545,8657.716871306664
2012-09-30,4440,3.0,39.0,8540,8653.02033500222
2012-10-31,4441,3.0,39.0,8305,8648.311154377128
2012-11-30,4442,3.0,39.0,8307,8634.006522944748
2012-12-31,4443,3.0,39.0,8176,8620.381251155384
2013-01-31,4444,3.0,39.0,8216,8601.865365690577
2013-02-28,4445,3.0,39.0,8499,8585.787642120138
2013-03-31,4446,3.0,39.0,8579,8582.171490365132
2013-04-30,4447,3.0,39.0,8672,8582.039344933251
2013-05-31,4448,3.0,39.0,8741,8585.787705561033
2013-06-30,4449,3.0,39.0,8777,8592.254884495991
2013-07-31,4450,3.0,39.0,8219,8599.952597641992
2013-08-31,4451,3.0,39.0,8177,8584.079572740244
2013-09-30,4452,3.0,39.0,8285,8567.117923876069
2013-10-31,4453,3.0,39.0,8237,8555.363010381234
2013-11-30,4454,3.0,39.0,8158,8542.097884948684
2013-12-31,4455,3.0,39.0,8102,8526.093806409155
2014-01-31,4456,3.0,39.0,8178,8508.423231142107
2014-02-28,4457,3.0,39.0,8065,8494.655596511187
2014-03-31,4458,3.0,39.0,8108,8476.753279989889
2014-04-30,4459,3.0,39.0,7983,8461.388559990311
2014-05-31,4460,3.0,39.0,8160,8441.455703324049
2014-06-30,4461,3.0,39.0,8194,8429.728382352214
2014-07-31,4462,3.0,39.0,8371,8419.906366420872
2014-08-31,4463,3.0,39.0,8473,8417.868601153335
2014-09-30,4464,3.0,39.0,8560,8420.165742771947
2014-10-31,4465,3.0,39.0,8723,8425.992170156449
2014-11-30,4466,3.0,39.0,8710,8438.367496399931
2014-12-31,4467,3.0,39.0,8810,8449.685517383268
2015-01-31,4468,3.0,39.0,8965,8464.698620825633
2015-02-28,4469,3.0,39.0,9352,8485.544511624565
2015-03-31,4470,3.0,39.0,9237,8521.646823640209
2015-04-30,4471,3.0,39.0,9139,8551.453205988535
2015-05-31,4472,3.0,39.0,9198,8575.93432240568
2015-06-30,4473,3.0,39.0,9164,8601.853725638777
2015-07-31,4474,3.0,39.0,9403,8625.276487070496
2015-08-31,4475,3.0,39.0,9300,8657.681633442558
2015-09-30,4476,3.0,39.0,9413,8684.444898715785
2015-10-31,4477,3.0,39.0,9453,8714.801361269294
2015-11-30,4478,3.0,39.0,9381,8745.559637883074
2015-12-31,4479,3.0,39.0,9486,8772.036319637946
2016-01-31,4480,3.0,39.0,9504,8801.784806319698
2016-02-29,4481,3.0,39.0,9317,8831.043772723044
2016-03-31,4482,3.0,39.0,9528,8851.291948859585
2016-04-30,4483,3.0,39.0,9773,8879.488117657103
2016-05-31,4484,3.0,39.0,9899,8916.717779421391
2016-06-30,4485,3.0,39.0,9988,8957.646205278834
2016-07-31,4486,3.0,39.0,10228,9000.577613392215
2016-08-31,4487,3.0,39.0,10255,9051.720212834207
2016-09-30,4488,3.0,39.0,10438,9101.85687063278
2016-10-31,4489,3.0,39.0,10682,9157.52950102308
2016-11-30,4490,3.0,39.0,10658,9221.04910514712
2016-12-31,4491,3.0,39.0,11173,9280.922059099325
2017-01-31,4492,3.0,39.0,11820,9359.758639970185
2017-02-28,4493,3.0,39.0,12050,9462.268696638093
2017-03-31,4494,3.0,39.0,12138,9570.090834278173
2017-04-30,4495,3.0,39.0,12131,9677.087049516584
2017-05-31,4496,3.0,39.0,12351,9779.333422453394
2017-06-30,4497,3.0,39.0,11923,9886.486196517835
2017-07-31,4498,3.0,39.0,12249,9971.340938329591
2017-08-31,4499,3.0,39.0,12327,10066.243399232526
2017-09-30,4500,3.0,39.0,12496,10160.44159093117
2017-10-31,4501,3.0,39.0,12622,10257.756524642371
2017-11-30,4502,3.0,39.0,12500,10356.266669448938
2017-12-31,4503,3.0,39.0,12145,10445.588891555233
2018-01-31,4504,3.0,39.0,12225,10516.397687740431
2018-02-28,4505,3.0,39.0,12221,10587.589450751248
2018-03-31,4506,3.0,39.0,11930,10655.648223636614
2018-04-30,4507,3.0,39.0,11720,10708.746214318422
2018-05-31,4508,3.0,39.0,11878,10750.881788721823
2018-06-30,4509,3.0,39.0,12043,10797.84504752508
2018-07-31,4510,3.0,39.0,12205,10849.7265038782
2018-08-31,4511,3.0,39.0,12399,10906.196232883276
2018-09-30,4512,3.0,39.0,12605,10968.396389846474
2018-10-31,4513,3.0,39.0,12673,11036.588206936205
2018-11-30,4514,3.0,39.0,11715,11104.772031647197
2018-12-31,4515,3.0,39.0,11773,11130.19819699523
2019-01-31,4516,3.0,39.0,11867,11156.981605453762
2019-02-28,4517,3.0,39.0,12081,11186.565705226523
2019-03-31,4518,3.0,39.0,12150,11223.833800842085
2019-04-30,4519,3.0,39.0,12088,11262.424059140332
2019-05-31,4520,3.0,39.0,11147,11296.823056676152
2019-06-30,4521,3.0,39.0,11136,11290.580429314647
2019-07-31,4522,3.0,39.0,11133,11284.139578093203
2019-08-31,4523,3.0,39.0,11298,11277.842095672653
2019-09-30,4524,3.0,39.0,11390,11278.68200835296
2019-10-31,4525,3.0,39.0,11444,11283.320258004922
2019-11-30,4526,3.0,39.0,11316,11290.015247254718
2019-12-31,4527,3.0,39.0,11750,11291.097945285772
2020-01-31,4528,3.0,39.0,11459,11310.2188642322
2020-02-29,4529,3.0,39.0,11173,11316.418078222527
2020-03-31,4530,3.0,39.0,10753,11310.442324963255
2020-04-30,4531,3.0,39.0,10782,11287.21556142312
2020-05-31,4532,3.0,39.0,10740,11266.16491303049
2020-06-30,4533,3.0,39.0,10751,11244.241374987554
2020-07-31,4534,3.0,39.0,10912,11223.689651029741
2020-08-31,4535,3.0,39.0,11111,11210.702582236834
2020-09-30,4536,3.0,39.0,11317,11206.548307976967
2020-10-31,4537,3.0,39.0,11578,11211.15046181126
2020-11-30,4538,3.0,39.0,11240,11226.43585923579
2020-12-31,4539,3.0,39.0,11266,11227.001031767633
2021-01-31,4540,3.0,39.0,11855,11228.625988777316
2021-02-28,4541,3.0,39.0,11901,11254.724905911595
2021-03-31,4542,3.0,39.0,11900,11281.653034831945
2021-04-30,4543,3.0,39.0,11842,11307.417491713948
2021-05-31,4544,3.0,39.0,12122,11329.691762892533
2021-06-30,4545,3.0,39.0,12080,11362.704606105344
2021-07-31,4546,3.0,39.0,12304,11392.59191418429
2021-08-31,4547,3.0,39.0,12446,11430.567251093278
2021-09-30,4548,3.0,39.0,12528,11472.876948964393
2021-10-31,4549,3.0,39.0,12171,11516.84040942421
2021-11-30,4550,3.0,39.0,12129,11544.097059031536
2021-12-31,4551,3.0,39.0,12243,11568.468014905222
2022-01-31,4552,3.0,39.0,12271,11596.573514284171
2022-02-28,4553,3.0,39.0,12454,11624.674617855664
2022-03-31,4554,3.0,39.0,12462,11659.229842111677
2022-04-30,4555,3.0,39.0,12742,11692.678598690358
2022-05-31,4556,3.0,39.0,13086,11736.400323744927
2022-06-30,4557,3.0,39.0,13286,11792.633643588888
2022-07-31,4558,3.0,39.0,13280,11854.857241772685
2022-08-31,4559,3.0,39.0,13316,11914.238190032158
2022-09-30,4560,3.0,39.0,13420,11972.644932114152
2022-10-31,4561,3.0,39.0,13324,12032.951393276062
2022-11-30,4562,3.0,39.0,13200,12086.745085222892
2022-12-31,4563,3.0,39.0,13167,12133.130706671938
2023-01-31,4564,3.0,39.0,13405,12176.208593893942
2023-02-28,4565,3.0,39.0,13526,12227.408235815028
2023-03-31,4566,3.0,39.0,13631,12281.516225989402
2023-04-30,4567,3.0,39.0,13860,12337.744716573177
2023-05-31,4568,3.0,39.0,14252,12401.172020049295
2023-06-30,4569,3.0,39.0,14364,12478.289852547241
2023-07-31,4570,3.0,39.0,14651,12556.861108691106
2010-02-28,4571,4.0,41.0,69998,69998.0
2010-03-31,4572,4.0,41.0,72148,69998.0
2010-04-30,4573,4.0,41.0,73426,70087.58333333334
2010-05-31,4574,4.0,41.0,76327,70226.6840277778
2010-06-30,4575,4.0,41.0,77389,70480.86385995372
2010-07-31,4576,4.0,41.0,79531,70768.70286578899
2010-08-31,4577,4.0,41.0,80394,71133.79857971445
2010-09-30,4578,4.0,41.0,81516,71519.64030555969
2010-10-31,4579,4.0,41.0,80440,71936.15529282804
2010-11-30,4580,4.0,41.0,75737,72290.48215562689
2010-12-31,4581,4.0,41.0,76045,72434.0870658091
2011-01-31,4582,4.0,41.0,77099,72584.5417714004
2011-02-28,4583,4.0,41.0,79932,72772.64419759205
2011-03-31,4584,4.0,41.0,80007,73070.95068935904
2011-04-30,4585,4.0,41.0,81246,73359.95274396909
2011-05-31,4586,4.0,41.0,81572,73688.53804630371
2011-06-30,4587,4.0,41.0,80419,74017.01562770772
2011-07-31,4588,4.0,41.0,79493,74283.76497655324
2011-08-31,4589,4.0,41.0,80685,74500.81643586353
2011-09-30,4590,4.0,41.0,80389,74758.49075103588
2011-10-31,4591,4.0,41.0,80030,74993.09530307606
2011-11-30,4592,4.0,41.0,74202,75202.96633211455
2011-12-31,4593,4.0,41.0,74145,75161.25940160977
2012-01-31,4594,4.0,41.0,75592,75118.91525987604
2012-02-29,4595,4.0,41.0,78237,75138.62712404788
2012-03-31,4596,4.0,41.0,77251,75267.72599387923
2012-04-30,4597,4.0,41.0,77016,75350.36241080094
2012-05-31,4598,4.0,41.0,77742,75419.76397701757
2012-06-30,4599,4.0,41.0,79089,75516.5238113085
2012-07-31,4600,4.0,41.0,80146,75665.37698583733
2012-08-31,4601,4.0,41.0,79985,75852.06961142745
2012-09-30,4602,4.0,41.0,80424,76024.27504428463
2012-10-31,4603,4.0,41.0,79541,76207.59691743944
2012-11-30,4604,4.0,41.0,74622,76346.48871254612
2012-12-31,4605,4.0,41.0,75205,76274.63501619003
2013-01-31,4606,4.0,41.0,76371,76230.06689051546
2013-02-28,4607,4.0,41.0,75502,76235.93910341065
2013-03-31,4608,4.0,41.0,77367,76205.35830743522
2013-04-30,4609,4.0,41.0,78240,76253.76004462542
2013-05-31,4610,4.0,41.0,78796,76336.52004276603
2013-06-30,4611,4.0,41.0,79709,76438.99837431745
2013-07-31,4612,4.0,41.0,80642,76575.24844205422
2013-08-31,4613,4.0,41.0,79393,76744.6964236353
2013-09-30,4614,4.0,41.0,81156,76855.04240598383
2013-10-31,4615,4.0,41.0,79930,77034.24897240117
2013-11-30,4616,4.0,41.0,75671,77154.90526521779
2013-12-31,4617,4.0,41.0,75036,77093.07587916705
2014-01-31,4618,4.0,41.0,75789,77007.36438420176
2014-02-28,4619,4.0,41.0,77690,76956.5992015267
2014-03-31,4620,4.0,41.0,78739,76987.15756812975
2014-04-30,4621,4.0,41.0,80558,77060.15100279103
2014-05-31,4622,4.0,41.0,82755,77205.89471100806
2014-06-30,4623,4.0,41.0,84675,77437.10743138273
2014-07-31,4624,4.0,41.0,84710,77738.68628840845
2014-08-31,4625,4.0,41.0,85102,78029.1576930581
2014-09-30,4626,4.0,41.0,88144,78323.85945584736
2014-10-31,4627,4.0,41.0,87723,78733.03197852039
2014-11-30,4628,4.0,41.0,83254,79107.61397941537
2014-12-31,4629,4.0,41.0,85924,79280.38006360641
2015-01-31,4630,4.0,41.0,88581,79557.19756095615
2015-02-28,4631,4.0,41.0,89506,79933.18932924964
2015-03-31,4632,4.0,41.0,90320,80332.05644053091
2015-04-30,4633,4.0,41.0,90188,80748.2207555088
2015-05-31,4634,4.0,41.0,90881,81141.54489069592
2015-06-30,4635,4.0,41.0,93584,81547.35552025026
2015-07-31,4636,4.0,41.0,94327,82048.88237357317
2015-08-31,4637,4.0,41.0,95651,82560.47060800763
2015-09-30,4638,4.0,41.0,96043,83105.90933267398
2015-10-31,4639,4.0,41.0,96257,83644.9547771459
2015-11-30,4640,4.0,41.0,91288,84170.45666143148
2015-12-31,4641,4.0,41.0,93355,84467.02096720519
2016-01-31,4642,4.0,41.0,95204,84837.35342690499
2016-02-29,4643,4.0,41.0,95105,85269.29703411728
2016-03-31,4644,4.0,41.0,98021,85679.11799102905
2016-04-30,4645,4.0,41.0,98464,86193.36307473617
2016-05-31,4646,4.0,41.0,98359,86704.63961328885
2016-06-30,4647,4.0,41.0,99452,87190.23796273515
2016-07-31,4648,4.0,41.0,100451,87701.14471428785
2016-08-31,4649,4.0,41.0,102892,88232.38868452585
2016-09-30,4650,4.0,41.0,104379,88843.20582267061
2016-10-31,4651,4.0,41.0,104810,89490.53058005935
2016-11-30,4652,4.0,41.0,100920,90128.8418058902
2016-12-31,4653,4.0,41.0,103154,90578.47339731145
2017-01-31,4654,4.0,41.0,103111,91102.45367242346
2017-02-28,4655,4.0,41.0,106477,91602.80976940582
2017-03-31,4656,4.0,41.0,106235,92222.56769568058
2017-04-30,4657,4.0,41.0,107903,92806.4190416939
2017-05-31,4658,4.0,41.0,108294,93435.44324828999
2017-06-30,4659,4.0,41.0,108909,94054.54977961125
2017-07-31,4660,4.0,41.0,111270,94673.48520546078
2017-08-31,4661,4.0,41.0,112799,95365.00665523324
2017-09-30,4662,4.0,41.0,115358,96091.42304459852
2017-10-31,4663,4.0,41.0,115281,96894.19708440691
2017-11-30,4664,4.0,41.0,108952,97660.31387255662
2017-12-31,4665,4.0,41.0,112392,98130.80079453344
2018-01-31,4666,4.0,41.0,115482,98725.01742809455
2018-02-28,4667,4.0,41.0,114700,99423.22503525729
2018-03-31,4668,4.0,41.0,116946,100059.7573254549
2018-04-30,4669,4.0,41.0,118439,100763.35077022763
2018-05-31,4670,4.0,41.0,117038,101499.83615480148
2018-06-30,4671,4.0,41.0,117601,102147.25964835142
2018-07-31,4672,4.0,41.0,118185,102791.16549633679
2018-08-31,4673,4.0,41.0,116575,103432.57526732277
2018-09-30,4674,4.0,41.0,117317,103980.176297851
2018-10-31,4675,4.0,41.0,114121,104535.87728544054
2018-11-30,4676,4.0,41.0,105981,104935.2573985472
2018-12-31,4677,4.0,41.0,111613,104978.83000694106
2019-01-31,4678,4.0,41.0,113084,105255.25375665186
2019-02-28,4679,4.0,41.0,112171,105581.45151679136
2019-03-31,4680,4.0,41.0,111413,105856.01603692507
2019-04-30,4681,4.0,41.0,112808,106087.55703538652
2019-05-31,4682,4.0,41.0,112248,106367.5754922454
2019-06-30,4683,4.0,41.0,115104,106612.59318006852
2019-07-31,4684,4.0,41.0,114093,106966.40179756568
2019-08-31,4685,4.0,41.0,113395,107263.34338933378
2019-09-30,4686,4.0,41.0,113217,107518.82908144488
2019-10-31,4687,4.0,41.0,112379,107756.25286971802
2019-11-30,4688,4.0,41.0,105759,107948.86733347978
2019-12-31,4689,4.0,41.0,110566,107857.62286125145
2020-01-31,4690,4.0,41.0,113085,107970.47190869931
2020-02-29,4691,4.0,41.0,112240,108183.57724583684
2020-03-31,4692,4.0,41.0,102807,108352.59486059366
2020-04-30,4693,4.0,41.0,101486,108121.52840806893
2020-05-31,4694,4.0,41.0,102881,107845.04805773273
2020-06-30,4695,4.0,41.0,101487,107638.21272199386
2020-07-31,4696,4.0,41.0,101374,107381.91219191079
2020-08-31,4697,4.0,41.0,101462,107131.58251724785
2020-09-30,4698,4.0,41.0,102472,106895.34991236252
2020-10-31,4699,4.0,41.0,102867,106711.0436660141
2020-11-30,4700,4.0,41.0,96665,106550.87517993018
2020-12-31,4701,4.0,41.0,98946,106138.96371409975
2021-01-31,4702,4.0,41.0,98807,105839.25689267894
2021-02-28,4703,4.0,41.0,98064,105546.24618881731
2021-03-31,4704,4.0,41.0,99967,105234.48593094993
2021-04-30,4705,4.0,41.0,101762,105015.00735049369
2021-05-31,4706,4.0,41.0,104004,104879.46537755645
2021-06-30,4707,4.0,41.0,103193,104842.9876534916
2021-07-31,4708,4.0,41.0,105012,104774.23816792945
2021-08-31,4709,4.0,41.0,105564,104784.14491093239
2021-09-30,4710,4.0,41.0,105707,104816.63887297688
2021-10-31,4711,4.0,41.0,105642,104853.73725326952
2021-11-30,4712,4.0,41.0,99351,104886.5815343833
2021-12-31,4713,4.0,41.0,100894,104655.932303784
2022-01-31,4714,4.0,41.0,101205,104499.18512445966
2022-02-28,4715,4.0,41.0,101900,104361.92741094051
2022-03-31,4716,4.0,41.0,102081,104259.34710215133
2022-04-30,4717,4.0,41.0,103997,104168.58263956169
2022-05-31,4718,4.0,41.0,104996,104161.43336291329
2022-06-30,4719,4.0,41.0,106727,104196.2069727919
2022-07-31,4720,4.0,41.0,108318,104301.65668225891
2022-08-31,4721,4.0,41.0,108423,104469.00432049812
2022-09-30,4722,4.0,41.0,113781,104633.75414047737
2022-10-31,4723,4.0,41.0,115311,105014.88938462414
2022-11-30,4724,4.0,41.0,109309,105443.89399359813
2022-12-31,4725,4.0,41.0,112548,105604.94007719822
2023-01-31,4726,4.0,41.0,113686,105894.2342406483
2023-02-28,4727,4.0,41.0,113270,106218.89114728796
2023-03-31,4728,4.0,41.0,112400,106512.68734948429
2023-04-30,4729,4.0,41.0,113226,106757.99204325577
2023-05-31,4730,4.0,41.0,114315,107027.49237478679
2023-06-30,4731,4.0,41.0,114226,107331.13852583735
2023-07-31,4732,4.0,41.0,117958,107618.42442059414
2010-02-28,4733,4.0,42.0,15242,15242.0
2010-03-31,4734,4.0,42.0,15420,15242.000000000002
2010-04-30,4735,4.0,42.0,15433,15249.41666666667
2010-05-31,4736,4.0,42.0,15732,15257.065972222224
2010-06-30,4737,4.0,42.0,16080,15276.8548900463
2010-07-31,4738,4.0,42.0,16275,15310.319269627704
2010-08-31,4739,4.0,42.0,16399,15350.514300059884
2010-09-30,4740,4.0,42.0,16641,15394.201204224055
2010-10-31,4741,4.0,42.0,16945,15446.151154048053
2010-11-30,4742,4.0,42.0,17064,15508.603189296051
2010-12-31,4743,4.0,42.0,17019,15573.41138974205
2011-01-31,4744,4.0,42.0,17287,15633.644248502798
2011-02-28,4745,4.0,42.0,17169,15702.534071481849
2011-03-31,4746,4.0,42.0,17134,15763.636818503439
2011-04-30,4747,4.0,42.0,17425,15820.735284399128
2011-05-31,4748,4.0,42.0,17752,15887.579647549164
2011-06-30,4749,4.0,42.0,17457,15965.263828901283
2011-07-31,4750,4.0,42.0,17600,16027.419502697063
2011-08-31,4751,4.0,42.0,17960,16092.943690084687
2011-09-30,4752,4.0,42.0,18244,16170.737702997825
2011-10-31,4753,4.0,42.0,18239,16257.123632039582
2011-11-30,4754,4.0,42.0,17717,16339.701814037933
2011-12-31,4755,4.0,42.0,17620,16397.08923845302
2012-01-31,4756,4.0,42.0,18346,16448.04385351748
2012-02-29,4757,4.0,42.0,18489,16527.12535962092
2012-03-31,4758,4.0,42.0,18554,16608.870136303383
2012-04-30,4759,4.0,42.0,19162,16689.91721395741
2012-05-31,4760,4.0,42.0,19381,16792.920663375855
2012-06-30,4761,4.0,42.0,19642,16900.75730240186
2012-07-31,4762,4.0,42.0,20183,17014.975748135115
2012-08-31,4763,4.0,42.0,20277,17146.976758629487
2012-09-30,4764,4.0,42.0,21214,17277.394393686594
2012-10-31,4765,4.0,42.0,20992,17441.419627282987
2012-11-30,4766,4.0,42.0,20583,17589.360476146197
2012-12-31,4767,4.0,42.0,20434,17714.09545630677
2013-01-31,4768,4.0,42.0,20851,17827.42481229399
2013-02-28,4769,4.0,42.0,20842,17953.407111781744
2013-03-31,4770,4.0,42.0,21414,18073.76514879084
2013-04-30,4771,4.0,42.0,22025,18212.941600924558
2013-05-31,4772,4.0,42.0,22398,18371.777367552702
2013-06-30,4773,4.0,42.0,22080,18539.536643904674
2013-07-31,4774,4.0,42.0,22248,18687.055950408645
2013-08-31,4775,4.0,42.0,22241,18835.428619141618
2013-09-30,4776,4.0,42.0,22725,18977.327426677384
2013-10-31,4777,4.0,42.0,22613,19133.48045056583
2013-11-30,4778,4.0,42.0,22723,19278.460431792253
2013-12-31,4779,4.0,42.0,22488,19421.98291380091
2014-01-31,4780,4.0,42.0,22587,19549.733625725876
2014-02-28,4781,4.0,42.0,22553,19676.28639132063
2014-03-31,4782,4.0,42.0,22839,19796.149458348937
2014-04-30,4783,4.0,42.0,22936,19922.934897584397
2014-05-31,4784,4.0,42.0,23080,20048.479276851715
2014-06-30,4785,4.0,42.0,23467,20174.792640316227
2014-07-31,4786,4.0,42.0,23558,20311.96794696972
2014-08-31,4787,4.0,42.0,24196,20447.219282512648
2014-09-30,4788,4.0,42.0,24558,20603.418479074622
2014-10-31,4789,4.0,42.0,24741,20768.19270911318
2014-11-30,4790,4.0,42.0,23994,20933.726346233467
2014-12-31,4791,4.0,42.0,24269,21061.23774847374
2015-01-31,4792,4.0,42.0,25034,21194.894508954003
2015-02-28,4793,4.0,42.0,25617,21354.857237747587
2015-03-31,4794,4.0,42.0,25785,21532.446519508103
2015-04-30,4795,4.0,42.0,26048,21709.636247861934
2015-05-31,4796,4.0,42.0,27034,21890.40140420102
2015-06-30,4797,4.0,42.0,27289,22104.718012359313
2015-07-31,4798,4.0,42.0,28074,22320.729761844344
2015-08-31,4799,4.0,42.0,28003,22560.44935510083
2015-09-30,4800,4.0,42.0,28055,22787.2222986383
2015-10-31,4801,4.0,42.0,28273,23006.713036195037
2015-11-30,4802,4.0,42.0,28299,23226.141659686913
2015-12-31,4803,4.0,42.0,28243,23437.510757199958
2016-01-31,4804,4.0,42.0,28884,23637.739475649963
2016-02-29,4805,4.0,42.0,29130,23856.333664164547
2016-03-31,4806,4.0,42.0,29288,24076.069761491024
2016-04-30,4807,4.0,42.0,29645,24293.233521428898
2016-05-31,4808,4.0,42.0,29672,24516.22379136936
2016-06-30,4809,4.0,42.0,29288,24731.047800062304
2016-07-31,4810,4.0,42.0,29384,24920.920808393043
2016-08-31,4811,4.0,42.0,29722,25106.882441376667
2016-09-30,4812,4.0,42.0,29993,25299.179006319308
2016-10-31,4813,4.0,42.0,30941,25494.754881056004
2016-11-30,4814,4.0,42.0,29970,25721.681761012005
2016-12-31,4815,4.0,42.0,30721,25898.69502096984
2017-01-31,4816,4.0,42.0,31803,26099.6243950961
2017-02-28,4817,4.0,42.0,32558,26337.26504530043
2017-03-31,4818,4.0,42.0,32193,26596.46233507958
2017-04-30,4819,4.0,42.0,32256,26829.651404451266
2017-05-31,4820,4.0,42.0,32489,27055.749262599133
2017-06-30,4821,4.0,42.0,33164,27282.134709990834
2017-07-31,4822,4.0,42.0,33930,27527.212430407882
2017-08-31,4823,4.0,42.0,34335,27793.995245807557
2017-09-30,4824,4.0,42.0,35250,28066.537110565576
2017-10-31,4825,4.0,42.0,35980,28365.84806429201
2017-11-30,4826,4.0,42.0,35520,28683.104394946513
2017-12-31,4827,4.0,42.0,35516,28967.975045157076
2018-01-31,4828,4.0,42.0,36022,29240.80941827553
2018-02-28,4829,4.0,42.0,35588,29523.359025847385
2018-03-31,4830,4.0,42.0,37033,29776.05239977041
2018-04-30,4831,4.0,42.0,37023,30078.425216446645
2018-05-31,4832,4.0,42.0,37058,30367.7824990947
2018-06-30,4833,4.0,42.0,37092,30646.54156163242
2018-07-31,4834,4.0,42.0,36350,30915.102329897738
2018-08-31,4835,4.0,42.0,36894,31141.556399485333
2018-09-30,4836,4.0,42.0,36611,31381.24154950678
2018-10-31,4837,4.0,42.0,36197,31599.148151610665
2018-11-30,4838,4.0,42.0,35273,31790.72531196022
2018-12-31,4839,4.0,42.0,35700,31935.820090628546
2019-01-31,4840,4.0,42.0,36053,32092.66092018569
2019-02-28,4841,4.0,42.0,36105,32257.675048511286
2019-03-31,4842,4.0,42.0,36559,32417.980254823316
2019-04-30,4843,4.0,42.0,36611,32590.522744205682
2019-05-31,4844,4.0,42.0,37274,32758.04262986378
2019-06-30,4845,4.0,42.0,36911,32946.20752028612
2019-07-31,4846,4.0,42.0,37297,33111.40720694087
2019-08-31,4847,4.0,42.0,37191,33285.80690665167
2019-09-30,4848,4.0,42.0,37716,33448.52328554119
2019-10-31,4849,4.0,42.0,37377,33626.33481531031
2019-11-30,4850,4.0,42.0,36184,33782.612531339044
2019-12-31,4851,4.0,42.0,37044,33882.67034253325
2020-01-31,4852,4.0,42.0,37613,34014.39241159437
2020-02-29,4853,4.0,42.0,37450,34164.3343944446
2020-03-31,4854,4.0,42.0,35881,34301.23712800941
2020-04-30,4855,4.0,42.0,36089,34367.06058100901
2020-05-31,4856,4.0,42.0,36876,34438.808056800306
2020-06-30,4857,4.0,42.0,36714,34540.35772110029
2020-07-31,4858,4.0,42.0,36543,34630.92614938778
2020-08-31,4859,4.0,42.0,36379,34710.59589316329
2020-09-30,4860,4.0,42.0,36972,34780.11273094815
2020-10-31,4861,4.0,42.0,37345,34871.441367158644
2020-11-30,4862,4.0,42.0,36484,34974.5063101937
2020-12-31,4863,4.0,42.0,36528,35037.401880602294
2021-01-31,4864,4.0,42.0,36525,35099.5101355772
2021-02-28,4865,4.0,42.0,36582,35158.90554659482
2021-03-31,4866,4.0,42.0,36312,35218.20114882004
2021-04-30,4867,4.0,42.0,36769,35263.776100952535
2021-05-31,4868,4.0,42.0,36921,35326.493763412844
2021-06-30,4869,4.0,42.0,34230,35392.93152327064
2021-07-31,4870,4.0,42.0,34591,35344.47604313437
2021-08-31,4871,4.0,42.0,35248,35313.081208003765
2021-09-30,4872,4.0,42.0,35858,35310.36949100361
2021-10-31,4873,4.0,42.0,36181,35333.18742887846
2021-11-30,4874,4.0,42.0,35196,35368.51295267519
2021-12-31,4875,4.0,42.0,34794,35361.324912980395
2022-01-31,4876,4.0,42.0,35183,35337.68637493955
2022-02-28,4877,4.0,42.0,35444,35331.241109317074
2022-03-31,4878,4.0,42.0,35054,35335.93939642887
2022-04-30,4879,4.0,42.0,35465,35324.19192157767
2022-05-31,4880,4.0,42.0,35591,35330.058924845274
2022-06-30,4881,4.0,42.0,35615,35340.931469643394
2022-07-31,4882,4.0,42.0,36323,35352.35099174159
2022-08-31,4883,4.0,42.0,36740,35392.79470041902
2022-09-30,4884,4.0,42.0,36800,35448.92825456823
2022-10-31,4885,4.0,42.0,36817,35505.22291062789
2022-11-30,4886,4.0,42.0,36037,35559.88028935173
2022-12-31,4887,4.0,42.0,36279,35579.760277295405
2023-01-31,4888,4.0,42.0,36913,35608.895265741434
2023-02-28,4889,4.0,42.0,36739,35663.23296300221
2023-03-31,4890,4.0,42.0,37187,35708.05658954378
2023-04-30,4891,4.0,42.0,37926,35769.67923164613
2023-05-31,4892,4.0,42.0,38534,35859.52593032754
2023-06-30,4893,4.0,42.0,39029,35970.96234989723
2023-07-31,4894,4.0,42.0,39065,36098.380585318184
2010-02-28,4895,5.0,50.0,5751,5751.0
2010-03-31,4896,5.0,50.0,5819,5751.0
2010-04-30,4897,5.0,50.0,5885,5753.833333333333
2010-05-31,4898,5.0,50.0,5922,5759.29861111111
2010-06-30,4899,5.0,50.0,5999,5766.077835648148
2010-07-31,4900,5.0,50.0,5592,5775.782925829475
2010-08-31,4901,5.0,50.0,5555,5768.125303919914
2010-09-30,4902,5.0,50.0,5625,5759.24508292325
2010-10-31,4903,5.0,50.0,5450,5753.651537801448
2010-11-30,4904,5.0,50.0,5747,5740.9993903930545
2010-12-31,4905,5.0,50.0,5510,5741.249415793343
2011-01-31,4906,5.0,50.0,5486,5731.614023468621
2011-02-28,4907,5.0,50.0,5466,5721.380105824095
2011-03-31,4908,5.0,50.0,5564,5710.739268081425
2011-04-30,4909,5.0,50.0,5435,5704.625131911365
2011-05-31,4910,5.0,50.0,5453,5693.390751415059
2011-06-30,4911,5.0,50.0,5635,5683.374470106098
2011-07-31,4912,5.0,50.0,5534,5681.358867185011
2011-08-31,4913,5.0,50.0,5488,5675.218914385636
2011-09-30,4914,5.0,50.0,5592,5667.418126286235
2011-10-31,4915,5.0,50.0,5449,5664.275704357642
2011-11-30,4916,5.0,50.0,5654,5655.305883342741
2011-12-31,4917,5.0,50.0,5355,5655.251471536793
2012-01-31,4918,5.0,50.0,5356,5642.740993556094
2012-02-29,4919,5.0,50.0,5429,5630.793452157924
2012-03-31,4920,5.0,50.0,5511,5622.3853916513435
2012-04-30,4921,5.0,50.0,5519,5617.744333665871
2012-05-31,4922,5.0,50.0,5434,5613.629986429793
2012-06-30,4923,5.0,50.0,5533,5606.145403661885
2012-07-31,4924,5.0,50.0,5421,5603.097678509307
2012-08-31,4925,5.0,50.0,5405,5595.510275238086
2012-09-30,4926,5.0,50.0,5430,5587.572347103166
2012-10-31,4927,5.0,50.0,5403,5581.006832640534
2012-11-30,4928,5.0,50.0,5567,5573.589881280513
2012-12-31,4929,5.0,50.0,5387,5573.315302893824
2013-01-31,4930,5.0,50.0,5391,5565.552165273248
2013-02-28,4931,5.0,50.0,5502,5558.279158386863
2013-03-31,4932,5.0,50.0,5412,5555.934193454077
2013-04-30,4933,5.0,50.0,5512,5549.936935393491
2013-05-31,4934,5.0,50.0,5436,5548.356229752096
2013-06-30,4935,5.0,50.0,5530,5543.674720179092
2013-07-31,4936,5.0,50.0,5427,5543.104940171631
2013-08-31,4937,5.0,50.0,5337,5538.267234331147
2013-09-30,4938,5.0,50.0,5367,5529.881099567349
2013-10-31,4939,5.0,50.0,5400,5523.094387085377
2013-11-30,4940,5.0,50.0,5638,5517.9654542901535
2013-12-31,4941,5.0,50.0,5358,5522.966893694731
2014-01-31,4942,5.0,50.0,5400,5516.093273124117
2014-02-28,4943,5.0,50.0,5348,5511.256053410612
2014-03-31,4944,5.0,50.0,5452,5504.453717851837
2014-04-30,4945,5.0,50.0,5454,5502.268146274678
2014-05-31,4946,5.0,50.0,5377,5500.256973513233
2014-06-30,4947,5.0,50.0,5566,5495.121266283515
2014-07-31,4948,5.0,50.0,5364,5498.074546855036
2014-08-31,4949,5.0,50.0,5580,5492.488107402743
2014-09-30,4950,5.0,50.0,5557,5496.134436260962
2014-10-31,4951,5.0,50.0,5478,5498.6705014167555
2014-11-30,4952,5.0,50.0,5699,5497.809230524391
2014-12-31,4953,5.0,50.0,5426,5506.192179252541
2015-01-31,4954,5.0,50.0,5254,5502.850838450351
2015-02-28,4955,5.0,50.0,5348,5492.48205351492
2015-03-31,4956,5.0,50.0,5366,5486.461967951798
2015-04-30,4957,5.0,50.0,5322,5481.44271928714
2015-05-31,4958,5.0,50.0,5338,5474.799272650176
2015-06-30,4959,5.0,50.0,5408,5469.09930295642
2015-07-31,4960,5.0,50.0,5167,5466.553498666569
2015-08-31,4961,5.0,50.0,5188,5454.072102888796
2015-09-30,4962,5.0,50.0,5116,5442.9857652684295
2015-10-31,4963,5.0,50.0,5180,5429.361358382245
2015-11-30,4964,5.0,50.0,5348,5418.971301782985
2015-12-31,4965,5.0,50.0,5177,5416.014164208695
2016-01-31,4966,5.0,50.0,5187,5406.055240699999
2016-02-29,4967,5.0,50.0,5348,5396.927939004166
2016-03-31,4968,5.0,50.0,5267,5394.889274878992
2016-04-30,4969,5.0,50.0,5272,5389.560555092367
2016-05-31,4970,5.0,50.0,5304,5384.662198630186
2016-06-30,4971,5.0,50.0,5362,5381.3012736872615
2016-07-31,4972,5.0,50.0,5302,5380.497053950293
2016-08-31,4973,5.0,50.0,5364,5377.226343369031
2016-09-30,4974,5.0,50.0,5331,5376.675245728656
2016-10-31,4975,5.0,50.0,5388,5374.772110489962
2016-11-30,4976,5.0,50.0,5415,5375.323272552881
2016-12-31,4977,5.0,50.0,5268,5376.9764695298445
2017-01-31,4978,5.0,50.0,5243,5372.435783299435
2017-02-28,4979,5.0,50.0,5216,5367.0426256619585
2017-03-31,4980,5.0,50.0,5183,5360.749182926043
2017-04-30,4981,5.0,50.0,5131,5353.342966970791
2017-05-31,4982,5.0,50.0,5144,5344.078676680342
2017-06-30,4983,5.0,50.0,5180,5335.742065151994
2017-07-31,4984,5.0,50.0,5137,5329.2528124373275
2017-08-31,4985,5.0,50.0,5157,5321.2422785857725
2017-09-30,4986,5.0,50.0,5212,5314.398850311365
2017-10-31,4987,5.0,50.0,5190,5310.132231548392
2017-11-30,4988,5.0,50.0,5207,5305.126721900543
2017-12-31,4989,5.0,50.0,5178,5301.03810848802
2018-01-31,4990,5.0,50.0,5219,5295.911520634353
2018-02-28,4991,5.0,50.0,5272,5292.706873941255
2018-03-31,4992,5.0,50.0,5208,5291.844087527037
2018-04-30,4993,5.0,50.0,5363,5288.3505838800775
2018-05-31,4994,5.0,50.0,5488,5291.460976218407
2018-06-30,4995,5.0,50.0,5562,5299.650102209307
2018-07-31,4996,5.0,50.0,5607,5310.581347950586
2018-08-31,4997,5.0,50.0,5518,5322.932125119311
2018-09-30,4998,5.0,50.0,5559,5331.059953239341
2018-10-31,4999,5.0,50.0,5605,5340.557455187702
2018-11-30,5000,5.0,50.0,5629,5351.575894554881
2018-12-31,5001,5.0,50.0,5566,5363.135232281762
2019-01-31,5002,5.0,50.0,5597,5371.587930936689
2019-02-28,5003,5.0,50.0,5584,5380.980100480993
2019-03-31,5004,5.0,50.0,5674,5389.439262960953
2019-04-30,5005,5.0,50.0,5722,5401.29596033758
2019-05-31,5006,5.0,50.0,5678,5414.658628656848
2019-06-30,5007,5.0,50.0,5737,5425.631185796146
2019-07-31,5008,5.0,50.0,5686,5438.604886387974
2019-08-31,5009,5.0,50.0,5676,5448.913016121809
2019-09-30,5010,5.0,50.0,5794,5458.3749737834005
2019-10-31,5011,5.0,50.0,5707,5472.359349875759
2019-11-30,5012,5.0,50.0,5753,5482.136043630936
2019-12-31,5013,5.0,50.0,5627,5493.42204181298
2020-01-31,5014,5.0,50.0,5605,5498.9877900707725
2020-02-29,5015,5.0,50.0,5639,5503.404965484491
2020-03-31,5016,5.0,50.0,5503,5509.054758589304
2020-04-30,5017,5.0,50.0,5436,5508.8024769814165
2020-05-31,5018,5.0,50.0,5480,5505.769040440524
2020-06-30,5019,5.0,50.0,5526,5504.695330422169
2020-07-31,5020,5.0,50.0,5517,5505.583024987912
2020-08-31,5021,5.0,50.0,5532,5506.058732280082
2020-09-30,5022,5.0,50.0,5516,5507.139618435079
2020-10-31,5023,5.0,50.0,5590,5507.508801000284
2020-11-30,5024,5.0,50.0,5624,5510.945934291939
2020-12-31,5025,5.0,50.0,5685,5515.656520363108
2021-01-31,5026,5.0,50.0,5654,5522.712498681312
2021-02-28,5027,5.0,50.0,5651,5528.182811236257
2021-03-31,5028,5.0,50.0,5576,5533.300194101414
2021-04-30,5029,5.0,50.0,5584,5535.079352680521
2021-05-31,5030,5.0,50.0,5646,5537.1177129855
2021-06-30,5031,5.0,50.0,5413,5541.654474944437
2021-07-31,5032,5.0,50.0,5453,5536.293871821753
2021-08-31,5033,5.0,50.0,5392,5532.823293829179
2021-09-30,5034,5.0,50.0,5358,5526.955656586298
2021-10-31,5035,5.0,50.0,5329,5519.915837561869
2021-11-30,5036,5.0,50.0,5354,5511.961010996792
2021-12-31,5037,5.0,50.0,5346,5505.379302205259
2022-01-31,5038,5.0,50.0,5386,5498.738497946706
2022-02-28,5039,5.0,50.0,5360,5494.04106053226
2022-03-31,5040,5.0,50.0,5331,5488.456016343416
2022-04-30,5041,5.0,50.0,5331,5481.895348995774
2022-05-31,5042,5.0,50.0,5423,5475.608042787617
2022-06-30,5043,5.0,50.0,5416,5473.416041004799
2022-07-31,5044,5.0,50.0,5437,5471.023705962933
2022-08-31,5045,5.0,50.0,5394,5469.606051547811
2022-09-30,5046,5.0,50.0,5443,5466.455799399986
2022-10-31,5047,5.0,50.0,5516,5465.478474424987
2022-11-30,5048,5.0,50.0,5532,5467.583537990613
2022-12-31,5049,5.0,50.0,5518,5470.267557241004
2023-01-31,5050,5.0,50.0,5555,5472.25640902263
2023-02-28,5051,5.0,50.0,5581,5475.7040586466865
2023-03-31,5052,5.0,50.0,5548,5480.091389536408
2023-04-30,5053,5.0,50.0,5559,5482.920914972392
2023-05-31,5054,5.0,50.0,5564,5486.090876848542
2023-06-30,5055,5.0,50.0,5613,5489.337090313186
2023-07-31,5056,5.0,50.0,5584,5494.489711550137
2010-02-28,5057,5.0,51.0,3756,3756.0
2010-03-31,5058,5.0,51.0,3792,3756.0
2010-04-30,5059,5.0,51.0,3741,3757.5
2010-05-31,5060,5.0,51.0,3772,3756.8125
2010-06-30,5061,5.0,51.0,3707,3757.4453125
2010-07-31,5062,5.0,51.0,3741,3755.343424479167
2010-08-31,5063,5.0,51.0,3687,3754.745781792535
2010-09-30,5064,5.0,51.0,3678,3751.923040884513
2010-10-31,5065,5.0,51.0,3654,3748.8429141809916
2010-11-30,5066,5.0,51.0,3564,3744.8911260901173
2010-12-31,5067,5.0,51.0,3662,3737.3539958363626
2011-01-31,5068,5.0,51.0,3705,3734.214246009848
2011-02-28,5069,5.0,51.0,3688,3732.996985759438
2011-03-31,5070,5.0,51.0,3773,3731.1221113527945
2011-04-30,5071,5.0,51.0,3770,3732.8670233797616
2011-05-31,5072,5.0,51.0,3726,3734.4142307389384
2011-06-30,5073,5.0,51.0,3660,3734.063637791483
2011-07-31,5074,5.0,51.0,3677,3730.9776528835046
2011-08-31,5075,5.0,51.0,3669,3728.7285840133586
2011-09-30,5076,5.0,51.0,3627,3726.239893012802
2011-10-31,5077,5.0,51.0,3622,3722.104897470602
2011-11-30,5078,5.0,51.0,3537,3717.9338600759934
2011-12-31,5079,5.0,51.0,3643,3710.3949492394936
2012-01-31,5080,5.0,51.0,3673,3707.586826354515
2012-02-29,5081,5.0,51.0,3695,3706.145708589743
2012-03-31,5082,5.0,51.0,3698,3705.681304065171
2012-04-30,5083,5.0,51.0,3664,3705.3612497291224
2012-05-31,5084,5.0,51.0,3726,3703.637864323742
2012-06-30,5085,5.0,51.0,3663,3704.5696199769195
2012-07-31,5086,5.0,51.0,3704,3702.837552477881
2012-08-31,5087,5.0,51.0,3665,3702.8859877913033
2012-09-30,5088,5.0,51.0,3639,3701.307404966666
2012-10-31,5089,5.0,51.0,3684,3698.711263093055
2012-11-30,5090,5.0,51.0,3679,3698.0982937975114
2012-12-31,5091,5.0,51.0,3720,3697.3025315559485
2013-01-31,5092,5.0,51.0,3754,3698.248259407784
2013-02-28,5093,5.0,51.0,3675,3700.5712485991266
2013-03-31,5094,5.0,51.0,3766,3699.5057799074966
2013-04-30,5095,5.0,51.0,3742,3702.276372411351
2013-05-31,5096,5.0,51.0,3740,3703.9315235608783
2013-06-30,5097,5.0,51.0,3707,3705.434376745842
2013-07-31,5098,5.0,51.0,3749,3705.4996110480993
2013-08-31,5099,5.0,51.0,3834,3707.3121272544286
2013-09-30,5100,5.0,51.0,3741,3712.5907886188274
2013-10-31,5101,5.0,51.0,3743,3713.77450575971
2013-11-30,5102,5.0,51.0,3731,3714.992234686389
2013-12-31,5103,5.0,51.0,3790,3715.65922490779
2014-01-31,5104,5.0,51.0,3853,3718.7567572032985
2014-02-28,5105,5.0,51.0,3870,3724.350225653161
2014-03-31,5106,5.0,51.0,3876,3730.418966250946
2014-04-30,5107,5.0,51.0,3853,3736.484842657157
2014-05-31,5108,5.0,51.0,3849,3741.3396408797753
2014-06-30,5109,5.0,51.0,3863,3745.8254891764514
2014-07-31,5110,5.0,51.0,3876,3750.707760460766
2014-08-31,5111,5.0,51.0,3821,3755.9282704415677
2014-09-30,5112,5.0,51.0,3821,3758.6395925065026
2014-10-31,5113,5.0,51.0,3868,3761.237942818732
2014-11-30,5114,5.0,51.0,3849,3765.6863618679513
2014-12-31,5115,5.0,51.0,3906,3769.1577634567866
2015-01-31,5116,5.0,51.0,3967,3774.859523312754
2015-02-28,5117,5.0,51.0,4041,3782.8653765080558
2015-03-31,5118,5.0,51.0,4036,3793.62098582022
2015-04-30,5119,5.0,51.0,4028,3803.7201114110444
2015-05-31,5120,5.0,51.0,4039,3813.0651067689178
2015-06-30,5121,5.0,51.0,4032,3822.479060653546
2015-07-31,5122,5.0,51.0,4037,3831.2090997929818
2015-08-31,5123,5.0,51.0,3933,3839.7837206349413
2015-09-30,5124,5.0,51.0,3931,3843.667732275152
2015-10-31,5125,5.0,51.0,3946,3847.306576763687
2015-11-30,5126,5.0,51.0,3981,3851.418802731867
2015-12-31,5127,5.0,51.0,3976,3856.8180192847058
2016-01-31,5128,5.0,51.0,4043,3861.783935147843
2016-02-29,5129,5.0,51.0,4081,3869.334604516683
2016-03-31,5130,5.0,51.0,4027,3878.1539959951547
2016-04-30,5131,5.0,51.0,3932,3884.3559128286897
2016-05-31,5132,5.0,51.0,3934,3886.3410831274946
2016-06-30,5133,5.0,51.0,3928,3888.3268713305156
2016-07-31,5134,5.0,51.0,3936,3889.979918358411
2016-08-31,5135,5.0,51.0,3883,3891.897421760144
2016-09-30,5136,5.0,51.0,3918,3891.526695853471
2016-10-31,5137,5.0,51.0,3865,3892.6297501929103
2016-11-30,5138,5.0,51.0,3914,3891.478510601539
2016-12-31,5139,5.0,51.0,3943,3892.4169059931414
2017-01-31,5140,5.0,51.0,3990,3894.5245349100937
2017-02-28,5141,5.0,51.0,4048,3898.5026792888398
2017-03-31,5142,5.0,51.0,4038,3904.7317343184714
2017-04-30,5143,5.0,51.0,4019,3910.2845787218685
2017-05-31,5144,5.0,51.0,4034,3914.8143879417908
2017-06-30,5145,5.0,51.0,4045,3919.780455110883
2017-07-31,5146,5.0,51.0,4031,3924.9979361479295
2017-08-31,5147,5.0,51.0,3950,3929.414688808433
2017-09-30,5148,5.0,51.0,3973,3930.2724101080817
2017-10-31,5149,5.0,51.0,3910,3932.0527263535782
2017-11-30,5150,5.0,51.0,3987,3931.1338627555124
2017-12-31,5151,5.0,51.0,3985,3933.461618474033
2018-01-31,5152,5.0,51.0,4032,3935.609051037615
2018-02-28,5153,5.0,51.0,4003,3939.6253405777143
2018-03-31,5154,5.0,51.0,4013,3942.265951386976
2018-04-30,5155,5.0,51.0,4001,3945.2132034125193
2018-05-31,5156,5.0,51.0,3993,3947.5376532703312
2018-06-30,5157,5.0,51.0,4012,3949.431917717401
2018-07-31,5158,5.0,51.0,4015,3952.038921145843
2018-08-31,5159,5.0,51.0,3974,3954.6622994314325
2018-09-30,5160,5.0,51.0,3947,3955.4680369551234
2018-10-31,5161,5.0,51.0,3859,3955.1152020819936
2018-11-30,5162,5.0,51.0,3829,3951.110401995244
2018-12-31,5163,5.0,51.0,3882,3946.0224685787757
2019-01-31,5164,5.0,51.0,3940,3943.354865721327
2019-02-28,5165,5.0,51.0,3925,3943.215079649605
2019-03-31,5166,5.0,51.0,3924,3942.456117997538
2019-04-30,5167,5.0,51.0,3965,3941.687113080974
2019-05-31,5168,5.0,51.0,3966,3942.6584833692673
2019-06-30,5169,5.0,51.0,4017,3943.6310465622146
2019-07-31,5170,5.0,51.0,4016,3946.6880862887892
2019-08-31,5171,5.0,51.0,3970,3949.5760826934234
2019-09-30,5172,5.0,51.0,3961,3950.427079247864
2019-10-31,5173,5.0,51.0,3930,3950.8676176125364
2019-11-30,5174,5.0,51.0,3944,3949.9981335453476
2019-12-31,5175,5.0,51.0,4268,3949.748211314292
2020-01-31,5176,5.0,51.0,4347,3963.00870250953
2020-02-29,5177,5.0,51.0,4282,3979.0083399049663
2020-03-31,5178,5.0,51.0,4255,3991.632992408926
2020-04-30,5179,5.0,51.0,4297,4002.6066177252205
2020-05-31,5180,5.0,51.0,3994,4014.8730086533365
2020-06-30,5181,5.0,51.0,4303,4014.0032999594473
2020-07-31,5182,5.0,51.0,4301,4026.0448291278035
2020-08-31,5183,5.0,51.0,4379,4037.501294580812
2020-09-30,5184,5.0,51.0,4385,4051.730407306612
2020-10-31,5185,5.0,51.0,4366,4065.6166403355037
2020-11-30,5186,5.0,51.0,4360,4078.132613654858
2020-12-31,5187,5.0,51.0,4307,4089.877088085905
2021-01-31,5188,5.0,51.0,4346,4098.9238760823255
2021-02-28,5189,5.0,51.0,4481,4109.218714578896
2021-03-31,5190,5.0,51.0,4401,4124.709601471442
2021-04-30,5191,5.0,51.0,4423,4136.221701410132
2021-05-31,5192,5.0,51.0,4457,4148.17079718471
2021-06-30,5193,5.0,51.0,4190,4161.038680635347
2021-07-31,5194,5.0,51.0,4159,4162.245402275541
2021-08-31,5195,5.0,51.0,4170,4162.110177180727
2021-09-30,5196,5.0,51.0,4150,4162.438919798196
2021-10-31,5197,5.0,51.0,4241,4161.920631473272
2021-11-30,5198,5.0,51.0,4039,4165.215605161886
2021-12-31,5199,5.0,51.0,4087,4159.956621613474
2022-01-31,5200,5.0,51.0,4164,4156.91676237958
2022-02-28,5201,5.0,51.0,4259,4157.211897280431
2022-03-31,5202,5.0,51.0,4209,4161.45306822708
2022-04-30,5203,5.0,51.0,4269,4163.434190384285
2022-05-31,5204,5.0,51.0,4315,4167.83276578494
2022-06-30,5205,5.0,51.0,4266,4173.964733877235
2022-07-31,5206,5.0,51.0,4326,4177.79953663235
2022-08-31,5207,5.0,51.0,4292,4183.974555939336
2022-09-30,5208,5.0,51.0,4302,4188.475616108531
2022-10-31,5209,5.0,51.0,4331,4193.205798770676
2022-11-30,5210,5.0,51.0,4282,4198.947223821898
2022-12-31,5211,5.0,51.0,4329,4202.407756162652
2023-01-31,5212,5.0,51.0,4416,4207.682432989208
2023-02-28,5213,5.0,51.0,4437,4216.362331614658
2023-03-31,5214,5.0,51.0,4444,4225.555567797381
2023-04-30,5215,5.0,51.0,4461,4234.657419139156
2023-05-31,5216,5.0,51.0,4496,4244.088360008358
2023-06-30,5217,5.0,51.0,4475,4254.5846783413435
2023-07-31,5218,5.0,51.0,4501,4263.768650077121
2010-02-28,5219,6.0,61.0,46121,46121.0
2010-03-31,5220,6.0,61.0,46261,46121.00000000001
2010-04-30,5221,6.0,61.0,46435,46126.83333333334
2010-05-31,5222,6.0,61.0,46483,46139.67361111112
2010-06-30,5223,6.0,61.0,47445,46153.97887731482
2010-07-31,5224,6.0,61.0,47166,46207.77142409337
2010-08-31,5225,6.0,61.0,46921,46247.69761475615
2010-09-30,5226,6.0,61.0,47028,46275.75188080798
2010-10-31,5227,6.0,61.0,46772,46307.09555244098
2010-11-30,5228,6.0,61.0,47008,46326.46657108927
2010-12-31,5229,6.0,61.0,46766,46354.86379729389
2011-01-31,5230,6.0,61.0,46868,46371.994472406644
2011-02-28,5231,6.0,61.0,47085,46392.6613693897
2011-03-31,5232,6.0,61.0,47575,46421.5088123318
2011-04-30,5233,6.0,61.0,47868,46469.5709451513
2011-05-31,5234,6.0,61.0,47746,46527.838822436664
2011-06-30,5235,6.0,61.0,47946,46578.59553816847
2011-07-31,5236,6.0,61.0,49253,46635.57072407812
2011-08-31,5237,6.0,61.0,50242,46744.63027724154
2011-09-30,5238,6.0,61.0,50487,46890.3540156898
2011-10-31,5239,6.0,61.0,49392,47040.21426503606
2011-11-30,5240,6.0,61.0,49302,47138.205337326224
2011-12-31,5241,6.0,61.0,49329,47228.36344827097
2012-01-31,5242,6.0,61.0,49820,47315.889971259676
2012-02-29,5243,6.0,61.0,50268,47420.22788912386
2012-03-31,5244,6.0,61.0,50451,47538.885060410365
2012-04-30,5245,6.0,61.0,50703,47660.22318289327
2012-05-31,5246,6.0,61.0,50660,47787.00555027272
2012-06-30,5247,6.0,61.0,50730,47906.71365234469
2012-07-31,5248,6.0,61.0,50960,48024.350583497
2012-08-31,5249,6.0,61.0,51027,48146.669309184625
2012-09-30,5250,6.0,61.0,51282,48266.6830879686
2012-10-31,5251,6.0,61.0,51242,48392.32129263658
2012-11-30,5252,6.0,61.0,51398,48511.05790544339
2012-12-31,5253,6.0,61.0,52713,48631.34715938325
2013-01-31,5254,6.0,61.0,52964,48801.416027742285
2013-02-28,5255,6.0,61.0,53059,48974.85702658636
2013-03-31,5256,6.0,61.0,54402,49145.029650478595
2013-04-30,5257,6.0,61.0,54637,49364.070081708654
2013-05-31,5258,6.0,61.0,53692,49583.775494970796
2013-06-30,5259,6.0,61.0,53282,49754.95151601368
2013-07-31,5260,6.0,61.0,53545,49901.91186951311
2013-08-31,5261,6.0,61.0,53771,50053.7072082834
2013-09-30,5262,6.0,61.0,54271,50208.59440793826
2013-10-31,5263,6.0,61.0,54658,50377.8613076075
2013-11-30,5264,6.0,61.0,54295,50556.20041979052
2013-12-31,5265,6.0,61.0,52147,50711.98373563258
2014-01-31,5266,6.0,61.0,51835,50771.776079981224
2014-02-28,5267,6.0,61.0,52431,50816.077076648675
2014-03-31,5268,6.0,61.0,52804,50883.36553178832
2014-04-30,5269,6.0,61.0,53342,50963.391967963806
2014-05-31,5270,6.0,61.0,53710,51062.50063596532
2014-06-30,5271,6.0,61.0,53842,51172.81310946676
2014-07-31,5272,6.0,61.0,54036,51284.029229905645
2014-08-31,5273,6.0,61.0,54352,51398.69467865958
2014-09-30,5274,6.0,61.0,54820,51521.74906704876
2014-10-31,5275,6.0,61.0,55578,51659.176189255064
2014-11-30,5276,6.0,61.0,55497,51822.46051470277
2014-12-31,5277,6.0,61.0,56152,51975.56632659015
2015-01-31,5278,6.0,61.0,56324,52149.584396315564
2015-02-28,5279,6.0,61.0,56593,52323.51837980242
2015-03-31,5280,6.0,61.0,56236,52501.41344731065
2015-04-30,5281,6.0,61.0,56790,52657.021220339375
2015-05-31,5282,6.0,61.0,57104,52829.2286694919
2015-06-30,5283,6.0,61.0,57523,53007.34414159641
2015-07-31,5284,6.0,61.0,57586,53195.496469029895
2015-08-31,5285,6.0,61.0,57525,53378.43411615365
2015-09-30,5286,6.0,61.0,57459,53551.20769464725
2015-10-31,5287,6.0,61.0,57697,53714.03237403695
2015-11-30,5288,6.0,61.0,58110,53879.989358452076
2015-12-31,5289,6.0,61.0,58697,54056.23980184991
2016-01-31,5290,6.0,61.0,59249,54249.60481010617
2016-02-29,5291,6.0,61.0,59377,54457.91294301842
2016-03-31,5292,6.0,61.0,59687,54662.874903725984
2016-04-30,5293,6.0,61.0,59564,54872.21344940407
2016-05-31,5294,6.0,61.0,59978,55067.70455567891
2016-06-30,5295,6.0,61.0,59793,55272.300199192294
2016-07-31,5296,6.0,61.0,60938,55460.66269089262
2016-08-31,5297,6.0,61.0,62074,55688.885078772095
2016-09-30,5298,6.0,61.0,62644,55954.931533823255
2016-10-31,5299,6.0,61.0,63830,56233.64271991395
2016-11-30,5300,6.0,61.0,65614,56550.15760658421
2016-12-31,5301,6.0,61.0,66628,56927.81770630987
2017-01-31,5302,6.0,61.0,65301,57331.99196854696
2017-02-28,5303,6.0,61.0,62702,57664.033969857504
2017-03-31,5304,6.0,61.0,63123,57873.94922111345
2017-04-30,5305,6.0,61.0,62575,58092.65967023373
2017-05-31,5306,6.0,61.0,62907,58279.423850640655
2017-06-30,5307,6.0,61.0,63181,58472.23952353063
2017-07-31,5308,6.0,61.0,62852,58668.43787671685
2017-08-31,5309,6.0,61.0,63466,58842.75296518699
2017-09-30,5310,6.0,61.0,63648,59035.3882583042
2017-10-31,5311,6.0,61.0,64308,59227.58041420819
2017-11-30,5312,6.0,61.0,63765,59439.26456361618
2017-12-31,5313,6.0,61.0,63214,59619.50354013218
2018-01-31,5314,6.0,61.0,63982,59769.274225960005
2018-02-28,5315,6.0,61.0,63996,59944.80446654501
2018-03-31,5316,6.0,61.0,63885,60113.604280438965
2018-04-30,5317,6.0,61.0,64209,60270.74576875401
2018-05-31,5318,6.0,61.0,64652,60434.839695055925
2018-06-30,5319,6.0,61.0,65222,60610.554707761934
2018-07-31,5320,6.0,61.0,64727,60802.69826160519
2018-08-31,5321,6.0,61.0,64388,60966.21083403831
2018-09-30,5322,6.0,61.0,65719,61108.78538262005
2018-10-31,5323,6.0,61.0,66925,61300.877658344216
2018-11-30,5324,6.0,61.0,66223,61535.21608924654
2018-12-31,5325,6.0,61.0,66527,61730.54041886127
2019-01-31,5326,6.0,61.0,66279,61930.39290140872
2019-02-28,5327,6.0,61.0,66184,62111.584863850025
2019-03-31,5328,6.0,61.0,66918,62281.26882785627
2019-04-30,5329,6.0,61.0,67558,62474.46596002893
2019-05-31,5330,6.0,61.0,67456,62686.279878361056
2019-06-30,5331,6.0,61.0,67293,62885.01821676268
2019-07-31,5332,6.0,61.0,66891,63068.684124397565
2019-08-31,5333,6.0,61.0,67077,63227.947285881004
2019-09-30,5334,6.0,61.0,67340,63388.32448230263
2019-10-31,5335,6.0,61.0,67911,63552.97762887336
2019-11-30,5336,6.0,61.0,67649,63734.56189433698
2019-12-31,5337,6.0,61.0,67821,63897.66348207294
2020-01-31,5338,6.0,61.0,67997,64061.13583698657
2020-02-29,5339,6.0,61.0,67859,64225.130177112136
2020-03-31,5340,6.0,61.0,67785,64376.54141973247
2020-04-30,5341,6.0,61.0,67413,64518.56052724362
2020-05-31,5342,6.0,61.0,67048,64639.1621719418
2020-06-30,5343,6.0,61.0,67321,64739.53041477756
2020-07-31,5344,6.0,61.0,67840,64847.09164749516
2020-08-31,5345,6.0,61.0,68330,64971.79616218286
2020-09-30,5346,6.0,61.0,68913,65111.72132209191
2020-10-31,5347,6.0,61.0,68905,65270.10793367141
2020-11-30,5348,6.0,61.0,68684,65421.561769768436
2020-12-31,5349,6.0,61.0,68889,65557.49669602809
2021-01-31,5350,6.0,61.0,69476,65696.30933369359
2021-02-28,5351,6.0,61.0,69907,65853.79644478968
2021-03-31,5352,6.0,61.0,70252,66022.67992625678
2021-04-30,5353,6.0,61.0,70686,66198.90159599608
2021-05-31,5354,6.0,61.0,71020,66385.86402949624
2021-06-30,5355,6.0,61.0,75762,66578.95302826723
2021-07-31,5356,6.0,61.0,76885,66961.57998542277
2021-08-31,5357,6.0,61.0,76606,67375.0558193635
2021-09-30,5358,6.0,61.0,77459,67759.67849355668
2021-10-31,5359,6.0,61.0,77795,68163.81688965848
2021-11-30,5360,6.0,61.0,76849,68565.11618592271
2021-12-31,5361,6.0,61.0,77267,68910.27801150928
2022-01-31,5362,6.0,61.0,77288,69258.47476102972
2022-02-28,5363,6.0,61.0,77423,69593.03831265347
2022-03-31,5364,6.0,61.0,77135,69919.2867162929
2022-04-30,5365,6.0,61.0,77058,70219.94143644736
2022-05-31,5366,6.0,61.0,77371,70504.86054326205
2022-06-30,5367,6.0,61.0,77524,70790.94968729281
2022-07-31,5368,6.0,61.0,78354,71071.49345032229
2022-08-31,5369,6.0,61.0,78693,71374.93122322553
2022-09-30,5370,6.0,61.0,79258,71679.85075559113
2022-10-31,5371,6.0,61.0,79770,71995.60697410817
2022-11-30,5372,6.0,61.0,79016,72319.54001685367
2022-12-31,5373,6.0,61.0,78690,72598.5591828181
2023-01-31,5374,6.0,61.0,79247,72852.36921686736
2023-02-28,5375,6.0,61.0,79957,73118.81216616456
2023-03-31,5376,6.0,61.0,80865,73403.73665924104
2023-04-30,5377,6.0,61.0,81592,73714.62263177267
2023-05-31,5378,6.0,61.0,82029,74042.84668878214
2023-06-30,5379,6.0,61.0,82689,74375.60307674955
2023-07-31,5380,6.0,61.0,83352,74721.99461521833
2010-02-28,5381,6.0,62.0,42340,42340.0
2010-03-31,5382,6.0,62.0,42434,42340.0
2010-04-30,5383,6.0,62.0,42628,42343.91666666667
2010-05-31,5384,6.0,62.0,42908,42355.753472222226
2010-06-30,5385,6.0,62.0,43108,42378.76374421297
2010-07-31,5386,6.0,62.0,43166,42409.148588204094
2010-08-31,5387,6.0,62.0,43266,42440.6840636956
2010-09-30,5388,6.0,62.0,43616,42475.07222770828
2010-10-31,5389,6.0,62.0,44331,42522.61088488711
2010-11-30,5390,6.0,62.0,44167,42597.96043135015
2010-12-31,5391,6.0,62.0,43285,42663.33708004389
2011-01-31,5392,6.0,62.0,43006,42689.23970170873
2011-02-28,5393,6.0,62.0,43075,42702.43804747087
2011-03-31,5394,6.0,62.0,43470,42717.96146215958
2011-04-30,5395,6.0,62.0,44068,42749.29640123627
2011-05-31,5396,6.0,62.0,44422,42804.2423845181
2011-06-30,5397,6.0,62.0,45135,42871.64895182984
2011-07-31,5398,6.0,62.0,44994,42965.955245503596
2011-08-31,5399,6.0,62.0,45401,43050.45711027428
2011-09-30,5400,6.0,62.0,46308,43148.39639734619
2011-10-31,5401,6.0,62.0,47470,43280.04654745676
2011-11-30,5402,6.0,62.0,47760,43454.62794131273
2011-12-31,5403,6.0,62.0,46885,43634.01844375803
2012-01-31,5404,6.0,62.0,47314,43769.47600860144
2012-02-29,5405,6.0,62.0,47511,43917.16450824305
2012-03-31,5406,6.0,62.0,47371,44066.907653732924
2012-04-30,5407,6.0,62.0,47848,44204.57816816072
2012-05-31,5408,6.0,62.0,48469,44356.38741115402
2012-06-30,5409,6.0,62.0,48872,44527.7462690226
2012-07-31,5410,6.0,62.0,49181,44708.756841146664
2012-08-31,5411,6.0,62.0,49249,44895.10030609889
2012-09-30,5412,6.0,62.0,49898,45076.512793344766
2012-10-31,5413,6.0,62.0,50674,45277.40809362207
2012-11-30,5414,6.0,62.0,50818,45502.26608972115
2012-12-31,5415,6.0,62.0,49717,45723.755002649435
2013-01-31,5416,6.0,62.0,49985,45890.14021087238
2013-02-28,5417,6.0,62.0,50030,46060.7593687527
2013-03-31,5418,6.0,62.0,49999,46226.144395054675
2013-04-30,5419,6.0,62.0,50216,46383.3467119274
2013-05-31,5420,6.0,62.0,50150,46543.04059893043
2013-06-30,5421,6.0,62.0,50647,46693.330573975
2013-07-31,5422,6.0,62.0,51899,46858.06680005937
2013-08-31,5423,6.0,62.0,52621,47068.10568339023
2013-09-30,5424,6.0,62.0,53287,47299.47627991564
2013-10-31,5425,6.0,62.0,54639,47548.95643491915
2013-11-30,5426,6.0,62.0,55450,47844.37491679752
2013-12-31,5427,6.0,62.0,54816,48161.27596193095
2014-01-31,5428,6.0,62.0,55045,48438.55613018383
2014-02-28,5429,6.0,62.0,55054,48713.8246247595
2014-03-31,5430,6.0,62.0,55471,48977.998598727856
2014-04-30,5431,6.0,62.0,56458,49248.540323780864
2014-05-31,5432,6.0,62.0,57259,49548.93447695666
2014-06-30,5433,6.0,62.0,57658,49870.187207083465
2014-07-31,5434,6.0,62.0,57718,50194.679406788324
2014-08-31,5435,6.0,62.0,57730,50508.151098172144
2014-09-30,5436,6.0,62.0,58269,50809.06146908164
2014-10-31,5437,6.0,62.0,59534,51119.89224120323
2014-11-30,5438,6.0,62.0,59409,51470.48006448644
2014-12-31,5439,6.0,62.0,58852,51801.25172846617
2015-01-31,5440,6.0,62.0,59413,52095.03290644675
2015-02-28,5441,6.0,62.0,60542,52399.94820201147
2015-03-31,5442,6.0,62.0,60872,52739.20036026099
2015-04-30,5443,6.0,62.0,61384,53078.067011916784
2015-05-31,5444,6.0,62.0,62273,53424.14755308692
2015-06-30,5445,6.0,62.0,62092,53792.84973837497
2015-07-31,5446,6.0,62.0,61595,54138.64766594268
2015-08-31,5447,6.0,62.0,61500,54449.32901319507
2015-09-30,5448,6.0,62.0,62242,54743.10697097861
2015-10-31,5449,6.0,62.0,63219,55055.56084718784
2015-11-30,5450,6.0,62.0,62633,55395.70414522168
2015-12-31,5451,6.0,62.0,61592,55697.25813917078
2016-01-31,5452,6.0,62.0,61731,55942.872383372
2016-02-29,5453,6.0,62.0,61610,56184.04436739817
2016-03-31,5454,6.0,62.0,61366,56410.12585208992
2016-04-30,5455,6.0,62.0,61970,56616.62060825284
2016-05-31,5456,6.0,62.0,62718,56839.67808290898
2016-06-30,5457,6.0,62.0,62845,57084.60816278777
2016-07-31,5458,6.0,62.0,62609,57324.62448933828
2016-08-31,5459,6.0,62.0,63134,57544.806802282525
2016-09-30,5460,6.0,62.0,63567,57777.689852187425
2016-10-31,5461,6.0,62.0,63701,58018.911108346285
2016-11-30,5462,6.0,62.0,62777,58255.664812165196
2016-12-31,5463,6.0,62.0,62595,58444.05377832498
2017-01-31,5464,6.0,62.0,61735,58617.00987089478
2017-02-28,5465,6.0,62.0,61377,58746.926126274164
2017-03-31,5466,6.0,62.0,61991,58856.51253767941
2017-04-30,5467,6.0,62.0,62684,58987.11618194277
2017-05-31,5468,6.0,62.0,63286,59141.15300769516
2017-06-30,5469,6.0,62.0,64624,59313.85496570786
2017-07-31,5470,6.0,62.0,64701,59535.11100880337
2017-08-31,5471,6.0,62.0,64947,59750.35638343656
2017-09-30,5472,6.0,62.0,66180,59966.883200793374
2017-10-31,5473,6.0,62.0,67043,60225.76306742699
2017-11-30,5474,6.0,62.0,66590,60509.814606284206
2017-12-31,5475,6.0,62.0,65397,60763.155664355705
2018-01-31,5476,6.0,62.0,65627,60956.23251167422
2018-02-28,5477,6.0,62.0,65185,61150.8478236878
2018-03-31,5478,6.0,62.0,64838,61318.937497700805
2018-04-30,5479,6.0,62.0,65291,61465.56510196328
2018-05-31,5480,6.0,62.0,64927,61624.95822271481
2018-06-30,5481,6.0,62.0,65312,61762.54329676836
2018-07-31,5482,6.0,62.0,65144,61910.43732606968
2018-08-31,5483,6.0,62.0,65384,62045.16910415012
2018-09-30,5484,6.0,62.0,66167,62184.28705814387
2018-10-31,5485,6.0,62.0,66656,62350.233430721215
2018-11-30,5486,6.0,62.0,66889,62529.64037110784
2018-12-31,5487,6.0,62.0,65864,62711.28035564501
2019-01-31,5488,6.0,62.0,66092,62842.64367415981
2019-02-28,5489,6.0,62.0,65412,62978.03352106982
2019-03-31,5490,6.0,62.0,64631,63079.44879102524
2019-04-30,5491,6.0,62.0,65131,63144.09675806586
2019-05-31,5492,6.0,62.0,65650,63226.88439314645
2019-06-30,5493,6.0,62.0,65786,63327.84754343201
2019-07-31,5494,6.0,62.0,65667,63430.270562455684
2019-08-31,5495,6.0,62.0,65982,63523.46762235337
2019-09-30,5496,6.0,62.0,66600,63625.90647142198
2019-10-31,5497,6.0,62.0,67706,63749.82703511273
2019-11-30,5498,6.0,62.0,66539,63914.66757531637
2019-12-31,5499,6.0,62.0,66213,64024.0147596782
2020-01-31,5500,6.0,62.0,66734,64115.22247802494
2020-02-29,5501,6.0,62.0,66240,64224.338208107234
2020-03-31,5502,6.0,62.0,64063,64308.32411610277
2020-04-30,5503,6.0,62.0,62924,64298.10227793182
2020-05-31,5504,6.0,62.0,62638,64240.84801635134
2020-06-30,5505,6.0,62.0,62799,64174.0626823367
2020-07-31,5506,6.0,62.0,62995,64116.768403906004
2020-08-31,5507,6.0,62.0,63031,64070.028053743255
2020-09-30,5508,6.0,62.0,64290,64026.73521817062
2020-10-31,5509,6.0,62.0,65400,64037.70458408018
2020-11-30,5510,6.0,62.0,64177,64094.46689307684
2020-12-31,5511,6.0,62.0,63307,64097.90577253197
2021-01-31,5512,6.0,62.0,63369,64064.95136534314
2021-02-28,5513,6.0,62.0,63690,64035.95339178718
2021-03-31,5514,6.0,62.0,64356,64021.53866712938
2021-04-30,5515,6.0,62.0,64595,64035.47455599899
2021-05-31,5516,6.0,62.0,64695,64058.788116165706
2021-06-30,5517,6.0,62.0,67244,64085.2969446588
2021-07-31,5518,6.0,62.0,67249,64216.909571964694
2021-08-31,5519,6.0,62.0,67461,64343.24667313283
2021-09-30,5520,6.0,62.0,67355,64473.1530617523
2021-10-31,5521,6.0,62.0,68121,64593.23001751263
2021-11-30,5522,6.0,62.0,67643,64740.220433449605
2021-12-31,5523,6.0,62.0,67146,64861.169582055874
2022-01-31,5524,6.0,62.0,66880,64956.370849470215
2022-02-28,5525,6.0,62.0,66639,65036.52206407562
2022-03-31,5526,6.0,62.0,66446,65103.29197807248
2022-04-30,5527,6.0,62.0,66743,65159.238145652795
2022-05-31,5528,6.0,62.0,67725,65225.22822291726
2022-06-30,5529,6.0,62.0,67829,65329.38538029572
2022-07-31,5530,6.0,62.0,68068,65433.535989450065
2022-08-31,5531,6.0,62.0,68456,65543.30532322299
2022-09-30,5532,6.0,62.0,69447,65664.66760142203
2022-10-31,5533,6.0,62.0,70647,65822.2647846961
2022-11-30,5534,6.0,62.0,70017,66023.29541866711
2022-12-31,5535,6.0,62.0,69566,66189.69977622265
2023-01-31,5536,6.0,62.0,70037,66330.37895221337
2023-02-28,5537,6.0,62.0,70295,66484.82149587115
2023-03-31,5538,6.0,62.0,70524,66643.57893354319
2023-04-30,5539,6.0,62.0,70798,66805.26314464556
2023-05-31,5540,6.0,62.0,72337,66971.62718028533
2023-06-30,5541,6.0,62.0,72399,67195.18438110678
2023-07-31,5542,6.0,62.0,71794,67412.010031894
2010-02-28,5543,6.0,63.0,13033,13033.0
2010-03-31,5544,6.0,63.0,13093,13033.0
2010-04-30,5545,6.0,63.0,13173,13035.5
2010-05-31,5546,6.0,63.0,13367,13041.229166666668
2010-06-30,5547,6.0,63.0,13468,13054.80295138889
2010-07-31,5548,6.0,63.0,13578,13072.01949508102
2010-08-31,5549,6.0,63.0,13607,13093.102016119312
2010-09-30,5550,6.0,63.0,13781,13114.514432114342
2010-10-31,5551,6.0,63.0,14082,13142.284664109578
2010-11-30,5552,6.0,63.0,13874,13181.43946977168
2010-12-31,5553,6.0,63.0,13601,13210.296158531195
2011-01-31,5554,6.0,63.0,13607,13226.575485259063
2011-02-28,5555,6.0,63.0,13523,13242.426506706604
2011-03-31,5556,6.0,63.0,13473,13254.117068927164
2011-04-30,5557,6.0,63.0,13376,13263.2371910552
2011-05-31,5558,6.0,63.0,13518,13267.935641427901
2011-06-30,5559,6.0,63.0,13643,13278.354989701738
2011-07-31,5560,6.0,63.0,13621,13293.5485317975
2011-08-31,5561,6.0,63.0,13361,13307.192342972605
2011-09-30,5562,6.0,63.0,13867,13309.43432868208
2011-10-31,5563,6.0,63.0,14157,13332.66623165366
2011-11-30,5564,6.0,63.0,14001,13367.013472001425
2011-12-31,5565,6.0,63.0,13699,13393.429577334698
2012-01-31,5566,6.0,63.0,13857,13406.161678279086
2012-02-29,5567,6.0,63.0,13606,13424.94660835079
2012-03-31,5568,6.0,63.0,13576,13432.490499669508
2012-04-30,5569,6.0,63.0,13595,13438.470062183278
2012-05-31,5570,6.0,63.0,13690,13444.992142925643
2012-06-30,5571,6.0,63.0,13645,13455.200803637073
2012-07-31,5572,6.0,63.0,13790,13463.109103485529
2012-08-31,5573,6.0,63.0,13763,13476.729557506966
2012-09-30,5574,6.0,63.0,14089,13488.657492610842
2012-10-31,5575,6.0,63.0,14209,13513.671763752058
2012-11-30,5576,6.0,63.0,14064,13542.643773595722
2012-12-31,5577,6.0,63.0,13619,13564.366949695901
2013-01-31,5578,6.0,63.0,13638,13566.643326791906
2013-02-28,5579,6.0,63.0,13760,13569.61652150891
2013-03-31,5580,6.0,63.0,13881,13577.549166446039
2013-04-30,5581,6.0,63.0,14164,13590.192951177454
2013-05-31,5582,6.0,63.0,13932,13614.101578211727
2013-06-30,5583,6.0,63.0,13916,13627.347345786238
2013-07-31,5584,6.0,63.0,13844,13639.374539711813
2013-08-31,5585,6.0,63.0,13811,13647.900600557155
2013-09-30,5586,6.0,63.0,13908,13654.696408867276
2013-10-31,5587,6.0,63.0,14107,13665.250725164473
2013-11-30,5588,6.0,63.0,13979,13683.656944949287
2013-12-31,5589,6.0,63.0,13591,13695.962905576402
2014-01-31,5590,6.0,63.0,13744,13691.589451177384
2014-02-28,5591,6.0,63.0,13944,13693.773224044993
2014-03-31,5592,6.0,63.0,13972,13704.199339709785
2014-04-30,5593,6.0,63.0,13990,13715.35770055521
2014-05-31,5594,6.0,63.0,14029,13726.801129698744
2014-06-30,5595,6.0,63.0,14135,13739.39274929463
2014-07-31,5596,6.0,63.0,14125,13755.876384740688
2014-08-31,5597,6.0,63.0,14473,13771.256535376493
2014-09-30,5598,6.0,63.0,14643,13800.495846402473
2014-10-31,5599,6.0,63.0,14613,13835.600186135704
2014-11-30,5600,6.0,63.0,14973,13867.991845046716
2014-12-31,5601,6.0,63.0,14393,13914.033851503104
2015-01-31,5602,6.0,63.0,14705,13933.990774357142
2015-02-28,5603,6.0,63.0,14705,13966.116158758929
2015-03-31,5604,6.0,63.0,14702,13996.902985477307
2015-04-30,5605,6.0,63.0,14169,14026.282027749086
2015-05-31,5606,6.0,63.0,14650,14032.22860992621
2015-06-30,5607,6.0,63.0,14670,14057.969084512617
2015-07-31,5608,6.0,63.0,14412,14083.470372657925
2015-08-31,5609,6.0,63.0,14503,14097.159107130512
2015-09-30,5610,6.0,63.0,14682,14114.069144333407
2015-10-31,5611,6.0,63.0,14669,14137.732929986183
2015-11-30,5612,6.0,63.0,14572,14159.869057903426
2015-12-31,5613,6.0,63.0,14618,14177.041180490784
2016-01-31,5614,6.0,63.0,14554,14195.414464637002
2016-02-29,5615,6.0,63.0,14657,14210.35552861046
2016-03-31,5616,6.0,63.0,14754,14228.965714918359
2016-04-30,5617,6.0,63.0,14802,14250.842143463427
2016-05-31,5618,6.0,63.0,14904,14273.807054152452
2016-06-30,5619,6.0,63.0,15107,14300.065093562767
2016-07-31,5620,6.0,63.0,15137,14333.687381330987
2016-08-31,5621,6.0,63.0,15401,14367.158740442197
2016-09-30,5622,6.0,63.0,15763,14410.23545959044
2016-10-31,5623,6.0,63.0,15929,14466.60064877417
2016-11-30,5624,6.0,63.0,15770,14527.533955075249
2016-12-31,5625,6.0,63.0,15443,14579.30337361378
2017-01-31,5626,6.0,63.0,15348,14615.29073304654
2017-02-28,5627,6.0,63.0,15241,14645.82028583627
2017-03-31,5628,6.0,63.0,15221,14670.619440593091
2017-04-30,5629,6.0,63.0,15150,14693.551963901713
2017-05-31,5630,6.0,63.0,15172,14712.570632072475
2017-06-30,5631,6.0,63.0,15436,14731.713522402788
2017-07-31,5632,6.0,63.0,15430,14761.058792302672
2017-08-31,5633,6.0,63.0,16997,14788.931342623395
2017-09-30,5634,6.0,63.0,17220,14880.93420334742
2017-10-31,5635,6.0,63.0,17296,14978.395278207945
2017-11-30,5636,6.0,63.0,17028,15074.962141615948
2017-12-31,5637,6.0,63.0,16888,15156.338719048617
2018-01-31,5638,6.0,63.0,17057,15228.491272421592
2018-02-28,5639,6.0,63.0,17149,15304.679136070694
2018-03-31,5640,6.0,63.0,17363,15381.525838734415
2018-04-30,5641,6.0,63.0,17544,15464.087262120482
2018-05-31,5642,6.0,63.0,17556,15550.750292865463
2018-06-30,5643,6.0,63.0,17710,15634.30236399607
2018-07-31,5644,6.0,63.0,17872,15720.789765496234
2018-08-31,5645,6.0,63.0,18116,15810.423525267224
2018-09-30,5646,6.0,63.0,18322,15906.489211714425
2018-10-31,5647,6.0,63.0,18335,16007.135494559658
2018-11-30,5648,6.0,63.0,17999,16104.129848953007
2018-12-31,5649,6.0,63.0,17765,16183.0827719133
2019-01-31,5650,6.0,63.0,17668,16248.995989750247
2019-02-28,5651,6.0,63.0,17871,16308.121156843987
2019-03-31,5652,6.0,63.0,17153,16373.241108642154
2019-04-30,5653,6.0,63.0,17110,16405.731062448733
2019-05-31,5654,6.0,63.0,17065,16435.07560151337
2019-06-30,5655,6.0,63.0,17159,16461.322451450313
2019-07-31,5656,6.0,63.0,17777,16490.39234930655
2019-08-31,5657,6.0,63.0,17702,16544.001001418776
2019-09-30,5658,6.0,63.0,18087,16592.250959692992
2019-10-31,5659,6.0,63.0,18588,16654.532169705784
2019-11-30,5660,6.0,63.0,18453,16735.093329301377
2019-12-31,5661,6.0,63.0,18180,16806.672773913822
2020-01-31,5662,6.0,63.0,18374,16863.894741667413
2020-02-29,5663,6.0,63.0,18423,16926.815794097936
2020-03-31,5664,6.0,63.0,17567,16989.15680267719
2020-04-30,5665,6.0,63.0,17370,17013.23360256564
2020-05-31,5666,6.0,63.0,17591,17028.098869125406
2020-06-30,5667,6.0,63.0,17898,17051.553082911847
2020-07-31,5668,6.0,63.0,18016,17086.821704457187
2020-08-31,5669,6.0,63.0,18273,17125.53746677147
2020-09-30,5670,6.0,63.0,18732,17173.348405655994
2020-10-31,5671,6.0,63.0,19075,17238.292222086995
2020-11-30,5672,6.0,63.0,18967,17314.82171283337
2020-12-31,5673,6.0,63.0,18507,17383.66247479865
2021-01-31,5674,6.0,63.0,18772,17430.468205015375
2021-02-28,5675,6.0,63.0,18476,17486.365363139736
2021-03-31,5676,6.0,63.0,18507,17527.60013967558
2021-04-30,5677,6.0,63.0,18613,17568.408467189096
2021-05-31,5678,6.0,63.0,18566,17611.93311438955
2021-06-30,5679,6.0,63.0,19400,17651.685901289984
2021-07-31,5680,6.0,63.0,19831,17724.53232206957
2021-08-31,5681,6.0,63.0,19673,17812.301808650005
2021-09-30,5682,6.0,63.0,19960,17889.830899956254
2021-10-31,5683,6.0,63.0,20104,17976.087945791412
2021-11-30,5684,6.0,63.0,19911,18064.750948050107
2021-12-31,5685,6.0,63.0,19663,18141.67799188135
2022-01-31,5686,6.0,63.0,19888,18205.066408886298
2022-02-28,5687,6.0,63.0,20212,18275.18864184937
2022-03-31,5688,6.0,63.0,20414,18355.88911510565
2022-04-30,5689,6.0,63.0,20603,18441.64373530958
2022-05-31,5690,6.0,63.0,20479,18531.700246338347
2022-06-30,5691,6.0,63.0,20623,18612.837736074252
2022-07-31,5692,6.0,63.0,20836,18696.59449707116
2022-08-31,5693,6.0,63.0,20883,18785.73639302653
2022-09-30,5694,6.0,63.0,20915,18873.122376650426
2022-10-31,5695,6.0,63.0,21079,18958.200610956657
2022-11-30,5696,6.0,63.0,20604,19046.5672521668
2022-12-31,5697,6.0,63.0,20200,19111.460283326516
2023-01-31,5698,6.0,63.0,20212,19156.81610485458
2023-02-28,5699,6.0,63.0,20233,19200.78210048564
2023-03-31,5700,6.0,63.0,20120,19243.791179632073
2023-04-30,5701,6.0,63.0,20217,19280.299880480736
2023-05-31,5702,6.0,63.0,20256,19319.329052127374
2023-06-30,5703,6.0,63.0,20458,19358.357008288735
2023-07-31,5704,6.0,63.0,20498,19404.175466276705
2010-02-28,5705,6.0,64.0,33419,33419.0
2010-03-31,5706,6.0,64.0,32582,33419.0
2010-04-30,5707,6.0,64.0,32560,33384.125
2010-05-31,5708,6.0,64.0,32665,33349.786458333336
2010-06-30,5709,6.0,64.0,33202,33321.25368923612
2010-07-31,5710,6.0,64.0,33592,33316.28478551794
2010-08-31,5711,6.0,64.0,34149,33327.7729194547
2010-09-30,5712,6.0,64.0,35696,33361.99071447742
2010-10-31,5713,6.0,64.0,37261,33459.241101374195
2010-11-30,5714,6.0,64.0,36762,33617.64772215027
2010-12-31,5715,6.0,64.0,35660,33748.66240039401
2011-01-31,5716,6.0,64.0,36353,33828.30146704426
2011-02-28,5717,6.0,64.0,38003,33933.49723925075
2011-03-31,5718,6.0,64.0,38006,34103.05985428197
2011-04-30,5719,6.0,64.0,38230,34265.68236035356
2011-05-31,5720,6.0,64.0,38069,34430.862262005496
2011-06-30,5721,6.0,64.0,38626,34582.45133442194
2011-07-31,5722,6.0,64.0,38890,34750.932528821024
2011-08-31,5723,6.0,64.0,39050,34923.39367345348
2011-09-30,5724,6.0,64.0,40675,35095.33560372626
2011-10-31,5725,6.0,64.0,42105,35327.821620237664
2011-11-30,5726,6.0,64.0,41487,35610.204052727764
2011-12-31,5727,6.0,64.0,40250,35855.07055053078
2012-01-31,5728,6.0,64.0,40392,36038.19261092533
2012-02-29,5729,6.0,64.0,40366,36219.60125213678
2012-03-31,5730,6.0,64.0,39965,36392.36786663108
2012-04-30,5731,6.0,64.0,40259,36541.227538854786
2012-05-31,5732,6.0,64.0,41121,36696.13472473584
2012-06-30,5733,6.0,64.0,41821,36880.504111205184
2012-07-31,5734,6.0,64.0,42147,37086.358106571635
2012-08-31,5735,6.0,64.0,42693,37297.21818546449
2012-09-30,5736,6.0,64.0,43917,37522.0424277368
2012-10-31,5737,6.0,64.0,44841,37788.49899324777
2012-11-30,5738,6.0,64.0,44408,38082.35320186245
2012-12-31,5739,6.0,64.0,42996,38345.92181845151
2013-01-31,5740,6.0,64.0,43168,38539.675076016036
2013-02-28,5741,6.0,64.0,43139,38732.5219478487
2013-03-31,5742,6.0,64.0,42008,38916.12520002167
2013-04-30,5743,6.0,64.0,41868,39044.95331668744
2013-05-31,5744,6.0,64.0,43156,39162.58026182546
2013-06-30,5745,6.0,64.0,43199,39328.972750916066
2013-07-31,5746,6.0,64.0,43705,39490.22388629457
2013-08-31,5747,6.0,64.0,43998,39665.83955769896
2013-09-30,5748,6.0,64.0,44466,39846.34624279483
2013-10-31,5749,6.0,64.0,45447,40038.83181601171
2013-11-30,5750,6.0,64.0,43521,40264.17215701123
2013-12-31,5751,6.0,64.0,43371,40399.87331713576
2014-01-31,5752,6.0,64.0,43739,40523.6702622551
2014-02-28,5753,6.0,64.0,43970,40657.64233466114
2014-03-31,5754,6.0,64.0,43629,40795.657237383595
2014-04-30,5755,6.0,64.0,43992,40913.713185825945
2014-05-31,5756,6.0,64.0,44353,41041.975136416535
2014-06-30,5757,6.0,64.0,44858,41179.93450573251
2014-07-31,5758,6.0,64.0,45107,41333.18723466033
2014-08-31,5759,6.0,64.0,45477,41490.42943321615
2014-09-30,5760,6.0,64.0,45863,41656.53654016548
2014-10-31,5761,6.0,64.0,47147,41831.80585099192
2014-11-30,5762,6.0,64.0,46376,42053.27227386726
2014-12-31,5763,6.0,64.0,44940,42233.38592912279
2015-01-31,5764,6.0,64.0,44946,42346.161515409345
2015-02-28,5765,6.0,64.0,45064,42454.48811893396
2015-03-31,5766,6.0,64.0,44940,42563.21778064504
2015-04-30,5767,6.0,64.0,44980,42662.250373118164
2015-05-31,5768,6.0,64.0,45352,42758.82327423824
2015-06-30,5769,6.0,64.0,45729,42866.87230447831
2015-07-31,5770,6.0,64.0,46173,42986.12762512505
2015-08-31,5771,6.0,64.0,46383,43118.913974078176
2015-09-30,5772,6.0,64.0,47425,43254.91755849159
2015-10-31,5773,6.0,64.0,48466,43428.670993554435
2015-11-30,5774,6.0,64.0,47637,43638.55970215633
2015-12-31,5775,6.0,64.0,46271,43805.16138123315
2016-01-31,5776,6.0,64.0,46435,43907.904657015104
2016-02-29,5777,6.0,64.0,46357,44013.20029630614
2016-03-31,5778,6.0,64.0,46419,44110.85861729338
2016-04-30,5779,6.0,64.0,46312,44207.03117490616
2016-05-31,5780,6.0,64.0,46656,44294.73820928507
2016-06-30,5781,6.0,64.0,46617,44393.12411723153
2016-07-31,5782,6.0,64.0,46857,44485.78561234688
2016-08-31,5783,6.0,64.0,47028,44584.58621183243
2016-09-30,5784,6.0,64.0,47929,44686.39511967274
2016-10-31,5785,6.0,64.0,48963,44821.503656353045
2016-11-30,5786,6.0,64.0,48000,44994.066004005006
2016-12-31,5787,6.0,64.0,48174,45119.31325383813
2017-01-31,5788,6.0,64.0,48047,45246.591868261545
2017-02-28,5789,6.0,64.0,47937,45363.275540417315
2017-03-31,5790,6.0,64.0,47426,45470.514059566594
2017-04-30,5791,6.0,64.0,47037,45551.99264041799
2017-05-31,5792,6.0,64.0,47680,45613.86794706724
2017-06-30,5793,6.0,64.0,48202,45699.95678260611
2017-07-31,5794,6.0,64.0,48343,45804.20858333085
2017-08-31,5795,6.0,64.0,47473,45909.9915590254
2017-09-30,5796,6.0,64.0,48814,45975.11691073268
2017-10-31,5797,6.0,64.0,49667,46093.403706118814
2017-11-30,5798,6.0,64.0,48840,46242.3035516972
2017-12-31,5799,6.0,64.0,47672,46350.54090370982
2018-01-31,5800,6.0,64.0,47958,46405.601699388586
2018-02-28,5801,6.0,64.0,47863,46470.28496191406
2018-03-31,5802,6.0,64.0,47911,46528.314755167645
2018-04-30,5803,6.0,64.0,48015,46585.92664036899
2018-05-31,5804,6.0,64.0,48467,46645.47136368695
2018-06-30,5805,6.0,64.0,48876,46721.3683902
2018-07-31,5806,6.0,64.0,48632,46811.144707275
2018-08-31,5807,6.0,64.0,48639,46887.01367780521
2018-09-30,5808,6.0,64.0,49447,46960.01310789666
2018-10-31,5809,6.0,64.0,50188,47063.6375617343
2018-11-30,5810,6.0,64.0,49460,47193.81932999537
2018-12-31,5811,6.0,64.0,48430,47288.2435245789
2019-01-31,5812,6.0,64.0,48386,47335.81671105478
2019-02-28,5813,6.0,64.0,48337,47379.57434809417
2019-03-31,5814,6.0,64.0,47848,47419.46708359024
2019-04-30,5815,6.0,64.0,48456,47437.32262177398
2019-05-31,5816,6.0,64.0,49571,47479.7675125334
2019-06-30,5817,6.0,64.0,50332,47566.902199511176
2019-07-31,5818,6.0,64.0,49964,47682.114607864874
2019-08-31,5819,6.0,64.0,50673,47777.19316587051
2019-09-30,5820,6.0,64.0,52357,47897.85178395924
2019-10-31,5821,6.0,64.0,53909,48083.64962629427
2019-11-30,5822,6.0,64.0,52556,48326.37255853201
2019-12-31,5823,6.0,64.0,51529,48502.60703525985
2020-01-31,5824,6.0,64.0,51427,48628.70674212402
2020-02-29,5825,6.0,64.0,51943,48745.30229453552
2020-03-31,5826,6.0,64.0,53219,48878.53969892987
2020-04-30,5827,6.0,64.0,52185,49059.392211474464
2020-05-31,5828,6.0,64.0,51312,49189.6258693297
2020-06-30,5829,6.0,64.0,51380,49278.058124774296
2020-07-31,5830,6.0,64.0,51498,49365.639036242035
2020-08-31,5831,6.0,64.0,51663,49454.487409731955
2020-09-30,5832,6.0,64.0,52441,49546.50876765979
2020-10-31,5833,6.0,64.0,53646,49667.1125690073
2020-11-30,5834,6.0,64.0,52942,49832.899545298664
2020-12-31,5835,6.0,64.0,50759,49962.44539757789
2021-01-31,5836,6.0,64.0,50532,49995.63517267881
2021-02-28,5837,6.0,64.0,50562,50017.98370715053
2021-03-31,5838,6.0,64.0,50275,50040.65105268593
2021-04-30,5839,6.0,64.0,50519,50050.41559215735
2021-05-31,5840,6.0,64.0,49602,50069.93994248413
2021-06-30,5841,6.0,64.0,48310,50050.44244488063
2021-07-31,5842,6.0,64.0,47177,49977.92400967727
2021-08-31,5843,6.0,64.0,47415,49861.21884260739
2021-09-30,5844,6.0,64.0,47617,49759.293057498755
2021-10-31,5845,6.0,64.0,48602,49670.03084676964
2021-11-30,5846,6.0,64.0,46725,49625.52956148757
2021-12-31,5847,6.0,64.0,45811,49504.674163092255
2022-01-31,5848,6.0,64.0,45841,49350.77107296341
2022-02-28,5849,6.0,64.0,45465,49204.53061158994
2022-03-31,5850,6.0,64.0,45762,49048.71683610702
2022-04-30,5851,6.0,64.0,46081,48911.77030126923
2022-05-31,5852,6.0,64.0,47817,48793.821538716344
2022-06-30,5853,6.0,64.0,45928,48753.12064126983
2022-07-31,5854,6.0,64.0,46170,48635.40728121692
2022-08-31,5855,6.0,64.0,46857,48532.68197783288
2022-09-30,5856,6.0,64.0,48903,48462.86189542318
2022-10-31,5857,6.0,64.0,49834,48481.20098311388
2022-11-30,5858,6.0,64.0,48373,48537.567608817466
2022-12-31,5859,6.0,64.0,47283,48530.710625116735
2023-01-31,5860,6.0,64.0,47275,48478.72268240354
2023-02-28,5861,6.0,64.0,47198,48428.567570636726
2023-03-31,5862,6.0,64.0,48076,48377.2939218602
2023-04-30,5863,6.0,64.0,48032,48364.74000844936
2023-05-31,5864,6.0,64.0,47918,48350.875841430636
2023-06-30,5865,6.0,64.0,48355,48332.8393480377
2023-07-31,5866,6.0,64.0,47916,48333.762708536124
2010-02-28,5867,6.0,65.0,15176,15176.0
2010-03-31,5868,6.0,65.0,15244,15176.000000000002
2010-04-30,5869,6.0,65.0,15418,15178.833333333336
2010-05-31,5870,6.0,65.0,15579,15188.798611111113
2010-06-30,5871,6.0,65.0,15639,15205.057002314818
2010-07-31,5872,6.0,65.0,15735,15223.137960551701
2010-08-31,5873,6.0,65.0,15855,15244.465545528714
2010-09-30,5874,6.0,65.0,15863,15269.904481131685
2010-10-31,5875,6.0,65.0,16034,15294.616794417867
2010-11-30,5876,6.0,65.0,16063,15325.42442798379
2010-12-31,5877,6.0,65.0,15979,15356.156743484466
2011-01-31,5878,6.0,65.0,16081,15382.108545839279
2011-02-28,5879,6.0,65.0,16359,15411.229023095975
2011-03-31,5880,6.0,65.0,16444,15450.719480466976
2011-04-30,5881,6.0,65.0,16553,15492.106168780852
2011-05-31,5882,6.0,65.0,16658,15536.310078414985
2011-06-30,5883,6.0,65.0,16639,15583.047158481028
2011-07-31,5884,6.0,65.0,16750,15627.045193544318
2011-08-31,5885,6.0,65.0,16802,15673.834977146638
2011-09-30,5886,6.0,65.0,16874,15720.841853098862
2011-10-31,5887,6.0,65.0,16919,15768.890109219745
2011-11-30,5888,6.0,65.0,16965,15816.811354668924
2011-12-31,5889,6.0,65.0,16997,15864.652548224385
2012-01-31,5890,6.0,65.0,17027,15911.83369204837
2012-02-29,5891,6.0,65.0,17045,15958.29895487969
2012-03-31,5892,6.0,65.0,17096,16003.578165093038
2012-04-30,5893,6.0,65.0,17232,16049.095741547497
2012-05-31,5894,6.0,65.0,17391,16098.383418983018
2012-06-30,5895,6.0,65.0,17443,16152.242443192059
2012-07-31,5896,6.0,65.0,17574,16206.024008059056
2012-08-31,5897,6.0,65.0,17572,16263.023007723263
2012-09-30,5898,6.0,65.0,17422,16317.563715734794
2012-10-31,5899,6.0,65.0,17376,16363.581894245845
2012-11-30,5900,6.0,65.0,17376,16405.7659819856
2012-12-31,5901,6.0,65.0,17649,16446.19239940287
2013-01-31,5902,6.0,65.0,17678,16496.309382761086
2013-02-28,5903,6.0,65.0,17729,16545.546491812707
2013-03-31,5904,6.0,65.0,17946,16594.857054653843
2013-04-30,5905,6.0,65.0,18095,16651.154677376602
2013-05-31,5906,6.0,65.0,18065,16711.314899152578
2013-06-30,5907,6.0,65.0,18243,16767.71844502122
2013-07-31,5908,6.0,65.0,18168,16829.188509812004
2013-08-31,5909,6.0,65.0,18270,16884.972321903173
2013-09-30,5910,6.0,65.0,18377,16942.68180849054
2013-10-31,5911,6.0,65.0,18405,17002.4450664701
2013-11-30,5912,6.0,65.0,18179,17060.884855367178
2013-12-31,5913,6.0,65.0,18245,17107.472986393546
2014-01-31,5914,6.0,65.0,18399,17154.869945293816
2014-02-28,5915,6.0,65.0,18437,17206.70869757324
2014-03-31,5916,6.0,65.0,18453,17257.970835174357
2014-04-30,5917,6.0,65.0,18225,17307.763717042093
2014-05-31,5918,6.0,65.0,18272,17345.981895498673
2014-06-30,5919,6.0,65.0,18460,17384.56598318623
2014-07-31,5920,6.0,65.0,18437,17429.375733886805
2014-08-31,5921,6.0,65.0,18453,17471.36007830819
2014-09-30,5922,6.0,65.0,18420,17512.261741712016
2014-10-31,5923,6.0,65.0,18366,17550.084169140682
2014-11-30,5924,6.0,65.0,18331,17584.080662093154
2014-12-31,5925,6.0,65.0,18406,17615.20230117261
2015-01-31,5926,6.0,65.0,18588,17648.15220529042
2015-02-28,5927,6.0,65.0,18680,17687.312530069987
2015-03-31,5928,6.0,65.0,18667,17728.67450798374
2015-04-30,5929,6.0,65.0,18656,17767.771403484418
2015-05-31,5930,6.0,65.0,19058,17804.780928339234
2015-06-30,5931,6.0,65.0,19109,17856.99838965843
2015-07-31,5932,6.0,65.0,19149,17909.165123422663
2015-08-31,5933,6.0,65.0,19190,17960.824909946718
2015-09-30,5934,6.0,65.0,19169,18012.040538698937
2015-10-31,5935,6.0,65.0,19188,18060.247182919815
2015-11-30,5936,6.0,65.0,19093,18107.23688363149
2015-12-31,5937,6.0,65.0,19135,18148.310346813512
2016-01-31,5938,6.0,65.0,19205,18189.422415696285
2016-02-29,5939,6.0,65.0,19213,18231.738148375607
2016-03-31,5940,6.0,65.0,19307,18272.624058859958
2016-04-30,5941,6.0,65.0,19349,18315.72305640746
2016-05-31,5942,6.0,65.0,19300,18358.776262390482
2016-06-30,5943,6.0,65.0,19438,18397.993918124215
2016-07-31,5944,6.0,65.0,19524,18441.32750486904
2016-08-31,5945,6.0,65.0,19665,18486.438858832833
2016-09-30,5946,6.0,65.0,19618,18535.545573048134
2016-10-31,5947,6.0,65.0,19735,18580.647840837795
2016-11-30,5948,6.0,65.0,19628,18628.745847469556
2016-12-31,5949,6.0,65.0,19157,18670.381437158325
2017-01-31,5950,6.0,65.0,19383,18690.65721061006
2017-02-28,5951,6.0,65.0,19516,18719.504826834644
2017-03-31,5952,6.0,65.0,19555,18752.692125716534
2017-04-30,5953,6.0,65.0,19601,18786.12162047835
2017-05-31,5954,6.0,65.0,19674,18820.07488629175
2017-06-30,5955,6.0,65.0,19654,18855.655099362928
2017-07-31,5956,6.0,65.0,19767,18888.91947022281
2017-08-31,5957,6.0,65.0,19747,18925.506158963526
2017-09-30,5958,6.0,65.0,19862,18959.735069006714
2017-10-31,5959,6.0,65.0,19823,18997.329441131435
2017-11-30,5960,6.0,65.0,19787,19031.73238108429
2017-12-31,5961,6.0,65.0,19899,19063.201865205778
2018-01-31,5962,6.0,65.0,19851,19098.02678748887
2018-02-28,5963,6.0,65.0,19860,19129.4006713435
2018-03-31,5964,6.0,65.0,19607,19159.842310037522
2018-04-30,5965,6.0,65.0,19559,19178.473880452624
2018-05-31,5966,6.0,65.0,19719,19194.329135433763
2018-06-30,5967,6.0,65.0,19794,19216.19042145736
2018-07-31,5968,6.0,65.0,19886,19240.2658205633
2018-08-31,5969,6.0,65.0,19904,19267.171411373165
2018-09-30,5970,6.0,65.0,20058,19293.70593589928
2018-10-31,5971,6.0,65.0,20087,19325.55152190348
2018-11-30,5972,6.0,65.0,19981,19357.278541824166
2018-12-31,5973,6.0,65.0,19860,19383.266935914828
2019-01-31,5974,6.0,65.0,20134,19403.130813585045
2019-02-28,5975,6.0,65.0,20241,19433.583696352336
2019-03-31,5976,6.0,65.0,20233,19467.226042337657
2019-04-30,5977,6.0,65.0,20468,19499.13329057359
2019-05-31,5978,6.0,65.0,20651,19539.50273679969
2019-06-30,5979,6.0,65.0,20815,19585.81512276637
2019-07-31,5980,6.0,65.0,20868,19637.031159317772
2019-08-31,5981,6.0,65.0,20915,19688.32152767953
2019-09-30,5982,6.0,65.0,20920,19739.433130692883
2019-10-31,5983,6.0,65.0,21023,19788.623416914015
2019-11-30,5984,6.0,65.0,21288,19840.055774542598
2019-12-31,5985,6.0,65.0,21665,19900.386783936658
2020-01-31,5986,6.0,65.0,21907,19973.912334605964
2020-02-29,5987,6.0,65.0,22211,20054.457653997386
2020-03-31,5988,6.0,65.0,22352,20144.31358508083
2020-04-30,5989,6.0,65.0,22193,20236.300519035794
2020-05-31,5990,6.0,65.0,22286,20317.82966407597
2020-06-30,5991,6.0,65.0,22502,20399.836761406135
2020-07-31,5992,6.0,65.0,22723,20487.426896347544
2020-08-31,5993,6.0,65.0,22793,20580.5757756664
2020-09-30,5994,6.0,65.0,22920,20672.760118346967
2020-10-31,5995,6.0,65.0,22952,20766.395113415845
2020-11-30,5996,6.0,65.0,22846,20857.461983690184
2020-12-31,5997,6.0,65.0,22972,20940.31773436976
2021-01-31,5998,6.0,65.0,23102,21024.971162104357
2021-02-28,5999,6.0,65.0,23258,21111.51403035001
2021-03-31,6000,6.0,65.0,23220,21200.95094575209
2021-04-30,6001,6.0,65.0,23190,21285.07798967909
2021-05-31,6002,6.0,65.0,23234,21364.44974010913
2021-06-30,6003,6.0,65.0,23946,21442.34766760458
2021-07-31,6004,6.0,65.0,24042,21546.66651478772
2021-08-31,6005,6.0,65.0,23877,21650.638743338233
2021-09-30,6006,6.0,65.0,23645,21743.40379569914
2021-10-31,6007,6.0,65.0,23376,21822.636970878342
2021-11-30,6008,6.0,65.0,23100,21887.36043042508
2021-12-31,6009,6.0,65.0,22996,21937.887079157368
2022-01-31,6010,6.0,65.0,22910,21981.975117525813
2022-02-28,6011,6.0,65.0,22739,22020.64282096224
2022-03-31,6012,6.0,65.0,22664,22050.574370088812
2022-04-30,6013,6.0,65.0,22645,22076.133771335113
2022-05-31,6014,6.0,65.0,22624,22099.83653086282
2022-06-30,6015,6.0,65.0,22634,22121.676675410203
2022-07-31,6016,6.0,65.0,22637,22143.023480601445
2022-08-31,6017,6.0,65.0,22472,22163.605835576385
2022-09-30,6018,6.0,65.0,22521,22176.45559242737
2022-10-31,6019,6.0,65.0,22432,22190.811609409564
2022-11-30,6020,6.0,65.0,22400,22200.86112568417
2022-12-31,6021,6.0,65.0,22420,22209.15857878066
2023-01-31,6022,6.0,65.0,22551,22217.943637998134
2023-02-28,6023,6.0,65.0,22621,22231.82098641488
2023-03-31,6024,6.0,65.0,22648,22248.036778647598
2023-04-30,6025,6.0,65.0,22678,22264.701912870616
2023-05-31,6026,6.0,65.0,22653,22281.92266650101
2023-06-30,6027,6.0,65.0,22810,22297.38422206347
2023-07-31,6028,6.0,65.0,22905,22318.743212810827
2010-02-28,6029,6.0,66.0,33889,33889.0
2010-03-31,6030,6.0,66.0,34012,33889.0
2010-04-30,6031,6.0,66.0,34494,33894.125
2010-05-31,6032,6.0,66.0,34523,33919.11979166667
2010-06-30,6033,6.0,66.0,34620,33944.2814670139
2010-07-31,6034,6.0,66.0,34923,33972.43640588832
2010-08-31,6035,6.0,66.0,34838,34012.04322230964
2010-09-30,6036,6.0,66.0,35202,34046.45808804674
2010-10-31,6037,6.0,66.0,35495,34094.60566771146
2010-11-30,6038,6.0,66.0,35206,34152.95543155682
2010-12-31,6039,6.0,66.0,35351,34196.832288575286
2011-01-31,6040,6.0,66.0,35727,34244.922609884656
2011-02-28,6041,6.0,66.0,35899,34306.67583447279
2011-03-31,6042,6.0,66.0,35820,34373.02267470309
2011-04-30,6043,6.0,66.0,35832,34433.31339659046
2011-05-31,6044,6.0,66.0,35813,34491.59200506586
2011-06-30,6045,6.0,66.0,36967,34546.65067152146
2011-07-31,6046,6.0,66.0,37004,34647.49856020806
2011-08-31,6047,6.0,66.0,37314,34745.686120199396
2011-09-30,6048,6.0,66.0,37359,34852.699198524424
2011-10-31,6049,6.0,66.0,37498,34957.128398585905
2011-11-30,6050,6.0,66.0,37350,35062.998048644826
2011-12-31,6051,6.0,66.0,37399,35158.28979661796
2012-01-31,6052,6.0,66.0,37668,35251.652721758874
2012-02-29,6053,6.0,66.0,37895,35352.333858352256
2012-03-31,6054,6.0,66.0,38347,35458.27828092092
2012-04-30,6055,6.0,66.0,38744,35578.64168588255
2012-05-31,6056,6.0,66.0,38808,35710.53161563745
2012-06-30,6057,6.0,66.0,39254,35839.59279831922
2012-07-31,6058,6.0,66.0,39183,35981.859765055924
2012-08-31,6059,6.0,66.0,39273,36115.240608178596
2012-09-30,6060,6.0,66.0,39558,36246.81391617116
2012-10-31,6061,6.0,66.0,39637,36384.78000299736
2012-11-30,6062,6.0,66.0,39396,36520.28916953914
2012-12-31,6063,6.0,66.0,39590,36640.11045414167
2013-01-31,6064,6.0,66.0,39487,36763.02251855244
2013-02-28,6065,6.0,66.0,39851,36876.52158027942
2013-03-31,6066,6.0,66.0,39862,37000.458181101116
2013-04-30,6067,6.0,66.0,39653,37119.6890902219
2013-05-31,6068,6.0,66.0,39791,37225.24371146266
2013-06-30,6069,6.0,66.0,39965,37332.15022348505
2013-07-31,6070,6.0,66.0,39943,37441.852297506506
2013-08-31,6071,6.0,66.0,40099,37546.0667851104
2013-09-30,6072,6.0,66.0,40448,37652.43900239746
2013-10-31,6073,6.0,66.0,40445,37768.920710630904
2013-11-30,6074,6.0,66.0,39912,37880.42401435462
2013-12-31,6075,6.0,66.0,39888,37965.07301375651
2014-01-31,6076,6.0,66.0,40267,38045.194971516656
2014-02-28,6077,6.0,66.0,40295,38137.770181036794
2014-03-31,6078,6.0,66.0,40497,38227.65475682693
2014-04-30,6079,6.0,66.0,40670,38322.21080862581
2014-05-31,6080,6.0,66.0,40910,38420.0353582664
2014-06-30,6081,6.0,66.0,41449,38523.78388500531
2014-07-31,6082,6.0,66.0,42125,38645.66788979675
2014-08-31,6083,6.0,66.0,42334,38790.64006105522
2014-09-30,6084,6.0,66.0,42875,38938.280058511256
2014-10-31,6085,6.0,66.0,43093,39102.31005607329
2014-11-30,6086,6.0,66.0,43144,39268.58880373691
2014-12-31,6087,6.0,66.0,43285,39430.064270247865
2015-01-31,6088,6.0,66.0,43466,39590.68659232087
2015-02-28,6089,6.0,66.0,43438,39752.1579843075
2015-03-31,6090,6.0,66.0,43780,39905.734734961356
2015-04-30,6091,6.0,66.0,43979,40067.162454337966
2015-05-31,6092,6.0,66.0,44312,40230.15568540722
2015-06-30,6093,6.0,66.0,44359,40400.23253184859
2015-07-31,6094,6.0,66.0,44677,40565.1811763549
2015-08-31,6095,6.0,66.0,45090,40736.50696067344
2015-09-30,6096,6.0,66.0,45782,40917.902503978716
2015-10-31,6097,6.0,66.0,46431,41120.57323297961
2015-11-30,6098,6.0,66.0,46236,41341.84101493879
2015-12-31,6099,6.0,66.0,46559,41545.76430598301
2016-01-31,6100,6.0,66.0,46852,41754.649126567056
2016-02-29,6101,6.0,66.0,47374,41967.03874629343
2016-03-31,6102,6.0,66.0,47671,42192.328798531205
2016-04-30,6103,6.0,66.0,48216,42420.60676525907
2016-05-31,6104,6.0,66.0,48695,42662.08148337328
2016-06-30,6105,6.0,66.0,48910,42913.45308823273
2016-07-31,6106,6.0,66.0,49371,43163.30920955637
2016-08-31,6107,6.0,66.0,49462,43421.96299249152
2016-09-30,6108,6.0,66.0,49977,43673.63120113771
2016-10-31,6109,6.0,66.0,50846,43936.27156775697
2016-11-30,6110,6.0,66.0,50419,44224.176919100435
2016-12-31,6111,6.0,66.0,49201,44482.29454747125
2017-01-31,6112,6.0,66.0,49797,44678.90727465994
2017-02-28,6113,6.0,66.0,49139,44892.16113821578
2017-03-31,6114,6.0,66.0,48510,45069.112757456794
2017-04-30,6115,6.0,66.0,48721,45212.48305922943
2017-05-31,6116,6.0,66.0,48811,45358.67126509487
2017-06-30,6117,6.0,66.0,48650,45502.51829571591
2017-07-31,6118,6.0,66.0,48961,45633.66336672776
2017-08-31,6119,6.0,66.0,49106,45772.3023931141
2017-09-30,6120,6.0,66.0,48891,45911.20646006768
2017-10-31,6121,6.0,66.0,49102,46035.36452423153
2017-11-30,6122,6.0,66.0,48504,46163.141002388555
2017-12-31,6123,6.0,66.0,48776,46260.6767939557
2018-01-31,6124,6.0,66.0,49688,46365.48192754089
2018-02-28,6125,6.0,66.0,49846,46503.920180560024
2018-03-31,6126,6.0,66.0,50030,46643.173506370025
2018-04-30,6127,6.0,66.0,50211,46784.29127693795
2018-05-31,6128,6.0,66.0,50402,46927.07080706553
2018-06-30,6129,6.0,66.0,50167,47071.85952343781
2018-07-31,6130,6.0,66.0,50431,47200.82370996123
2018-08-31,6131,6.0,66.0,50670,47335.414388712845
2018-09-30,6132,6.0,66.0,50964,47474.355455849814
2018-10-31,6133,6.0,66.0,51237,47619.757311856076
2018-11-30,6134,6.0,66.0,50776,47770.47575719541
2018-12-31,6135,6.0,66.0,51579,47895.705933978934
2019-01-31,6136,6.0,66.0,51415,48049.17652006315
2019-02-28,6137,6.0,66.0,51534,48189.41916506051
2019-03-31,6138,6.0,66.0,52371,48328.77669984966
2019-04-30,6139,6.0,66.0,52809,48497.20267068926
2019-05-31,6140,6.0,66.0,53199,48676.860892743876
2019-06-30,6141,6.0,66.0,53157,48865.28335554621
2019-07-31,6142,6.0,66.0,53180,49044.10488239845
2019-08-31,6143,6.0,66.0,53230,49216.43384563186
2019-09-30,6144,6.0,66.0,53314,49383.66576873053
2019-10-31,6145,6.0,66.0,53218,49547.429695033425
2019-11-30,6146,6.0,66.0,52599,49700.37012440703
2019-12-31,6147,6.0,66.0,52366,49821.14636922341
2020-01-31,6148,6.0,66.0,52969,49927.181937172434
2020-02-29,6149,6.0,66.0,53034,50053.92435645692
2020-03-31,6150,6.0,66.0,52335,50178.09417493788
2020-04-30,6151,6.0,66.0,52407,50267.96525098214
2020-05-31,6152,6.0,66.0,53187,50357.09169885788
2020-06-30,6153,6.0,66.0,53579,50475.004544738804
2020-07-31,6154,6.0,66.0,54042,50604.33768870802
2020-08-31,6155,6.0,66.0,53784,50747.57361834519
2020-09-30,6156,6.0,66.0,54614,50874.09138424748
2020-10-31,6157,6.0,66.0,55047,51029.920909903834
2020-11-30,6158,6.0,66.0,54731,51197.29920532451
2020-12-31,6159,6.0,66.0,54677,51344.53673843599
2021-01-31,6160,6.0,66.0,55191,51483.389374334496
2021-02-28,6161,6.0,66.0,55348,51637.873150403895
2021-03-31,6162,6.0,66.0,55816,51792.461769137066
2021-04-30,6163,6.0,66.0,54479,51960.10919542302
2021-05-31,6164,6.0,66.0,56035,52065.06297894707
2021-06-30,6165,6.0,66.0,57745,52230.477021490944
2021-07-31,6166,6.0,66.0,57990,52460.24881226215
2021-08-31,6167,6.0,66.0,58267,52690.65511175123
2021-09-30,6168,6.0,66.0,58381,52923.00281542826
2021-10-31,6169,6.0,66.0,58545,53150.41936478542
2021-11-30,6170,6.0,66.0,58238,53375.19355791936
2021-12-31,6171,6.0,66.0,58526,53577.81049300606
2022-01-31,6172,6.0,66.0,58788,53783.98505579748
2022-02-28,6173,6.0,66.0,59065,53992.485678472585
2022-03-31,6174,6.0,66.0,59416,54203.84044186956
2022-04-30,6175,6.0,66.0,59698,54421.01375679166
2022-05-31,6176,6.0,66.0,59930,54640.88818359201
2022-06-30,6177,6.0,66.0,60250,54861.26784260901
2022-07-31,6178,6.0,66.0,60592,55085.79834916697
2022-08-31,6179,6.0,66.0,60738,55315.22341795168
2022-09-30,6180,6.0,66.0,61672,55541.1724422037
2022-10-31,6181,6.0,66.0,61621,55796.62359044521
2022-11-30,6182,6.0,66.0,61234,56039.305940843326
2022-12-31,6183,6.0,66.0,60814,56255.75152664152
2023-01-31,6184,6.0,66.0,61376,56445.67854636479
2023-02-28,6185,6.0,66.0,61684,56651.108606932925
2023-03-31,6186,6.0,66.0,61945,56860.81241497739
2023-04-30,6187,6.0,66.0,62352,57072.65356435333
2023-05-31,6188,6.0,66.0,63108,57292.62633250527
2023-06-30,6189,6.0,66.0,63042,57534.933568650886
2023-07-31,6190,6.0,66.0,62802,57764.3946699571
2010-02-28,6191,6.0,67.0,20595,20595.0
2010-03-31,6192,6.0,67.0,20719,20595.0
2010-04-30,6193,6.0,67.0,20871,20600.166666666668
2010-05-31,6194,6.0,67.0,21081,20611.45138888889
2010-06-30,6195,6.0,67.0,20984,20631.015914351854
2010-07-31,6196,6.0,67.0,21442,20645.723584587195
2010-08-31,6197,6.0,67.0,21560,20678.90176856273
2010-09-30,6198,6.0,67.0,21762,20715.614194872614
2010-10-31,6199,6.0,67.0,21854,20759.21360341959
2010-11-30,6200,6.0,67.0,22028,20804.829703277108
2010-12-31,6201,6.0,67.0,22009,20855.795132307227
2011-01-31,6202,6.0,67.0,22093,20903.84533512776
2011-02-28,6203,6.0,67.0,22291,20953.393446164107
2011-03-31,6204,6.0,67.0,22525,21009.12705257394
2011-04-30,6205,6.0,67.0,22671,21072.288425383358
2011-05-31,6206,6.0,67.0,23013,21138.901407659054
2011-06-30,6207,6.0,67.0,23063,21216.988849006593
2011-07-31,6208,6.0,67.0,22980,21293.905980297986
2011-08-31,6209,6.0,67.0,23585,21364.159897785572
2011-09-30,6210,6.0,67.0,23464,21456.694902044506
2011-10-31,6211,6.0,67.0,23579,21540.33261445932
2011-11-30,6212,6.0,67.0,23522,21625.27708885685
2011-12-31,6213,6.0,67.0,23676,21704.30721015448
2012-01-31,6214,6.0,67.0,23805,21786.46107639804
2012-02-29,6215,6.0,67.0,24015,21870.566864881457
2012-03-31,6216,6.0,67.0,24102,21959.9182455114
2012-04-30,6217,6.0,67.0,24488,22049.171651948425
2012-05-31,6218,6.0,67.0,24607,22150.789499783907
2012-06-30,6219,6.0,67.0,24918,22253.13160395958
2012-07-31,6220,6.0,67.0,25026,22364.16778712793
2012-08-31,6221,6.0,67.0,25319,22475.077462664267
2012-09-30,6222,6.0,67.0,25505,22593.574235053256
2012-10-31,6223,6.0,67.0,25611,22714.883641926037
2012-11-30,6224,6.0,67.0,25655,22835.555156845785
2012-12-31,6225,6.0,67.0,25706,22953.032025310542
2013-01-31,6226,6.0,67.0,25951,23067.739024255934
2013-02-28,6227,6.0,67.0,25998,23187.87489824527
2013-03-31,6228,6.0,67.0,26354,23304.96344415172
2013-04-30,6229,6.0,67.0,26418,23432.00663397873
2013-05-31,6230,6.0,67.0,26462,23556.423024229618
2013-06-30,6231,6.0,67.0,26267,23677.488731553385
2013-07-31,6232,6.0,67.0,26198,23785.385034405328
2013-08-31,6233,6.0,67.0,26252,23885.910657971774
2013-09-30,6234,6.0,67.0,26327,23984.497713889617
2013-10-31,6235,6.0,67.0,26435,24082.10197581088
2013-11-30,6236,6.0,67.0,26259,24180.139393485428
2013-12-31,6237,6.0,67.0,26096,24266.758585423537
2014-01-31,6238,6.0,67.0,26491,24342.976977697555
2014-02-28,6239,6.0,67.0,26685,24432.47793696016
2014-03-31,6240,6.0,67.0,27088,24526.333022920153
2014-04-30,6241,6.0,67.0,27016,24633.06914696515
2014-05-31,6242,6.0,67.0,26931,24732.357932508272
2014-06-30,6243,6.0,67.0,27187,24823.968018653763
2014-07-31,6244,6.0,67.0,27209,24922.427684543192
2014-08-31,6245,6.0,67.0,27431,25017.70153102056
2014-09-30,6246,6.0,67.0,27350,25118.255633894703
2014-10-31,6247,6.0,67.0,27531,25211.244982482425
2014-11-30,6248,6.0,67.0,27252,25307.90144154566
2014-12-31,6249,6.0,67.0,27384,25388.905548147923
2015-01-31,6250,6.0,67.0,27534,25472.03448364176
2015-02-28,6251,6.0,67.0,28691,25557.949713490023
2015-03-31,6252,6.0,67.0,27603,25688.49347542794
2015-04-30,6253,6.0,67.0,28987,25768.26458061844
2015-05-31,6254,6.0,67.0,28904,25902.378556426007
2015-06-30,6255,6.0,67.0,29558,26027.446116574924
2015-07-31,6256,6.0,67.0,32386,26174.5525283843
2015-08-31,6257,6.0,67.0,32409,26433.362839701625
2015-09-30,6258,6.0,67.0,32804,26682.347721380724
2015-10-31,6259,6.0,67.0,32687,26937.416566323194
2015-11-30,6260,6.0,67.0,32604,27176.982542726393
2015-12-31,6261,6.0,67.0,32513,27403.108270112796
2016-01-31,6262,6.0,67.0,32776,27616.020425524763
2016-02-29,6263,6.0,67.0,33833,27831.019574461232
2016-03-31,6264,6.0,67.0,34005,28081.102092192014
2016-04-30,6265,6.0,67.0,34002,28327.931171684013
2016-05-31,6266,6.0,67.0,34306,28564.35070619718
2016-06-30,6267,6.0,67.0,34239,28803.586093438968
2016-07-31,6268,6.0,67.0,35917,29030.061672879012
2016-08-31,6269,6.0,67.0,36270,29317.017436509057
2016-09-30,6270,6.0,67.0,36992,29606.72504332118
2016-10-31,6271,6.0,67.0,37339,29914.4448331828
2016-11-30,6272,6.0,67.0,37253,30223.801298466853
2016-12-31,6273,6.0,67.0,38791,30516.6845776974
2017-01-31,6274,6.0,67.0,39245,30861.447720293345
2017-02-28,6275,6.0,67.0,39750,31210.762398614457
2017-03-31,6276,6.0,67.0,39778,31566.563965338857
2017-04-30,6277,6.0,67.0,40331,31908.70713344974
2017-05-31,6278,6.0,67.0,39961,32259.636002889336
2017-06-30,6279,6.0,67.0,39685,32580.526169435616
2017-07-31,6280,6.0,67.0,39649,32876.5459123758
2017-08-31,6281,6.0,67.0,40191,33158.73149936014
2017-09-30,6282,6.0,67.0,40343,33451.742686886806
2017-10-31,6283,6.0,67.0,40800,33738.87840826652
2017-11-30,6284,6.0,67.0,40525,34033.09180792209
2017-12-31,6285,6.0,67.0,40415,34303.587982592
2018-01-31,6286,6.0,67.0,41219,34558.230149984
2018-02-28,6287,6.0,67.0,41723,34835.76222706801
2018-03-31,6288,6.0,67.0,42800,35122.730467606845
2018-04-30,6289,6.0,67.0,42925,35442.61669812323
2018-05-31,6290,6.0,67.0,43080,35754.38266903476
2018-06-30,6291,6.0,67.0,43305,36059.61672449165
2018-07-31,6292,6.0,67.0,43502,36361.5076943045
2018-08-31,6293,6.0,67.0,43571,36659.02820704182
2018-09-30,6294,6.0,67.0,43666,36947.02703174841
2018-10-31,6295,6.0,67.0,43769,37226.984238758894
2018-11-30,6296,6.0,67.0,43665,37499.56822881061
2018-12-31,6297,6.0,67.0,44002,37756.46121927684
2019-01-31,6298,6.0,67.0,44471,38016.69200180697
2019-02-28,6299,6.0,67.0,44597,38285.621501731686
2019-03-31,6300,6.0,67.0,45291,38548.5956058262
2019-04-30,6301,6.0,67.0,44961,38829.52912225011
2019-05-31,6302,6.0,67.0,44811,39085.00707548969
2019-06-30,6303,6.0,67.0,44707,39323.59011401095
2019-07-31,6304,6.0,67.0,44909,39547.898859260495
2019-08-31,6305,6.0,67.0,44990,39771.27807345798
2019-09-30,6306,6.0,67.0,45188,39988.724820397234
2019-10-31,6307,6.0,67.0,44725,40205.36128621402
2019-11-30,6308,6.0,67.0,43774,40393.679565955106
2019-12-31,6309,6.0,67.0,42983,40534.52625070698
2020-01-31,6310,6.0,67.0,42850,40636.545990260856
2020-02-29,6311,6.0,67.0,42659,40728.773240666655
2020-03-31,6312,6.0,67.0,42070,40809.199355638884
2020-04-30,6313,6.0,67.0,41785,40861.732715820595
2020-05-31,6314,6.0,67.0,41701,40900.202185994734
2020-06-30,6315,6.0,67.0,41410,40933.56876157829
2020-07-31,6316,6.0,67.0,41329,40953.42006317919
2020-08-31,6317,6.0,67.0,41858,40969.06922721339
2020-09-30,6318,6.0,67.0,42108,41006.108009412834
2020-10-31,6319,6.0,67.0,42337,41052.0201756873
2020-11-30,6320,6.0,67.0,42384,41105.56100170033
2020-12-31,6321,6.0,67.0,42419,41158.82929329615
2021-01-31,6322,6.0,67.0,42664,41211.33640607548
2021-02-28,6323,6.0,67.0,43445,41271.864055822334
2021-03-31,6324,6.0,67.0,43674,41362.41138682974
2021-04-30,6325,6.0,67.0,44211,41458.727579045175
2021-05-31,6326,6.0,67.0,44467,41573.40559658496
2021-06-30,6327,6.0,67.0,45233,41693.97203006059
2021-07-31,6328,6.0,67.0,45684,41841.43152880807
2021-08-31,6329,6.0,67.0,46379,42001.538548441065
2021-09-30,6330,6.0,67.0,47286,42183.93277558936
2021-10-31,6331,6.0,67.0,47239,42396.518909939805
2021-11-30,6332,6.0,67.0,46749,42598.28895535898
2021-12-31,6333,6.0,67.0,47115,42771.235248885685
2022-01-31,6334,6.0,67.0,47514,42952.22544684878
2022-02-28,6335,6.0,67.0,47849,43142.29938656342
2022-03-31,6336,6.0,67.0,48027,43338.41191212328
2022-04-30,6337,6.0,67.0,48430,43533.769749118146
2022-05-31,6338,6.0,67.0,48641,43737.77934290489
2022-06-30,6339,6.0,67.0,48716,43942.08020361719
2022-07-31,6340,6.0,67.0,48963,44140.993528466475
2022-08-31,6341,6.0,67.0,49096,44341.910464780376
2022-09-30,6342,6.0,67.0,50090,44539.99752874786
2022-10-31,6343,6.0,67.0,50150,44771.2476317167
2022-11-30,6344,6.0,67.0,49835,44995.36231372851
2022-12-31,6345,6.0,67.0,50356,45197.01388398983
2023-01-31,6346,6.0,67.0,50692,45411.97163882358
2023-02-28,6347,6.0,67.0,51269,45631.97282053927
2023-03-31,6348,6.0,67.0,51476,45866.8489530168
2023-04-30,6349,6.0,67.0,50448,46100.56357997444
2023-05-31,6350,6.0,67.0,50616,46281.706764142175
2023-06-30,6351,6.0,67.0,51107,46462.302315636254
2023-07-31,6352,6.0,67.0,50794,46655.831385818085
2010-02-28,6353,6.0,68.0,15743,15743.0
2010-03-31,6354,6.0,68.0,15860,15743.000000000002
2010-04-30,6355,6.0,68.0,15880,15747.875000000004
2010-05-31,6356,6.0,68.0,15917,15753.380208333338
2010-06-30,6357,6.0,68.0,16591,15760.197699652783
2010-07-31,6358,6.0,68.0,16628,15794.81446216725
2010-08-31,6359,6.0,68.0,16786,15829.530526243616
2010-09-30,6360,6.0,68.0,16824,15869.383420983466
2010-10-31,6361,6.0,68.0,16900,15909.159111775822
2010-11-30,6362,6.0,68.0,16942,15950.444148785162
2010-12-31,6363,6.0,68.0,16939,15991.758975919114
2011-01-31,6364,6.0,68.0,17206,16031.227351922484
2011-02-28,6365,6.0,68.0,17242,16080.176212259046
2011-03-31,6366,6.0,68.0,17277,16128.585536748253
2011-04-30,6367,6.0,68.0,17219,16176.436139383743
2011-05-31,6368,6.0,68.0,17192,16219.876300242755
2011-06-30,6369,6.0,68.0,17293,16260.381454399308
2011-07-31,6370,6.0,68.0,17225,16303.407227132671
2011-08-31,6371,6.0,68.0,17301,16341.806926002144
2011-09-30,6372,6.0,68.0,17435,16381.77330408539
2011-10-31,6373,6.0,68.0,17442,16425.657749748498
2011-11-30,6374,6.0,68.0,17453,16468.00534350898
2011-12-31,6375,6.0,68.0,17968,16509.046787529438
2012-01-31,6376,6.0,68.0,18023,16569.836504715713
2012-02-29,6377,6.0,68.0,17916,16630.384983685894
2012-03-31,6378,6.0,68.0,17978,16683.952276032316
2012-04-30,6379,6.0,68.0,17985,16737.870931197638
2012-05-31,6380,6.0,68.0,18082,16789.834642397735
2012-06-30,6381,6.0,68.0,18214,16843.674865631165
2012-07-31,6382,6.0,68.0,18368,16900.771746229868
2012-08-31,6383,6.0,68.0,18450,16961.906256803624
2012-09-30,6384,6.0,68.0,18917,17023.91016277014
2012-10-31,6385,6.0,68.0,19138,17102.78890598805
2012-11-30,6386,6.0,68.0,19136,17187.58936823855
2012-12-31,6387,6.0,68.0,19126,17268.773144561943
2013-01-31,6388,6.0,68.0,19403,17346.157596871864
2013-02-28,6389,6.0,68.0,19348,17431.85936366887
2013-03-31,6390,6.0,68.0,19494,17511.698556849336
2013-04-30,6391,6.0,68.0,19584,17594.294450313948
2013-05-31,6392,6.0,68.0,20090,17677.198848217533
2013-06-30,6393,6.0,68.0,20699,17777.7322295418
2013-07-31,6394,6.0,68.0,20880,17899.45171997756
2013-08-31,6395,6.0,68.0,21092,18023.64123164516
2013-09-30,6396,6.0,68.0,21381,18151.489513659944
2013-10-31,6397,6.0,68.0,21229,18286.05245059078
2013-11-30,6398,6.0,68.0,21314,18408.6752651495
2013-12-31,6399,6.0,68.0,21465,18529.730462434938
2014-01-31,6400,6.0,68.0,21702,18652.033359833484
2014-02-28,6401,6.0,68.0,21611,18779.115303173756
2014-03-31,6402,6.0,68.0,21644,18897.11049887485
2014-04-30,6403,6.0,68.0,21495,19011.564228088395
2014-05-31,6404,6.0,68.0,21643,19115.04071858471
2014-06-30,6405,6.0,68.0,21632,19220.37235531035
2014-07-31,6406,6.0,68.0,21758,19320.85684050575
2014-08-31,6407,6.0,68.0,21859,19422.404472151342
2014-09-30,6408,6.0,68.0,21950,19523.929285811704
2014-10-31,6409,6.0,68.0,21899,19625.01556556955
2014-11-30,6410,6.0,68.0,21866,19719.76491700415
2014-12-31,6411,6.0,68.0,21249,19809.191378795644
2015-01-31,6412,6.0,68.0,21472,19869.18340467916
2015-02-28,6413,6.0,68.0,21635,19935.967429484197
2015-03-31,6414,6.0,68.0,21757,20006.760453255687
2015-04-30,6415,6.0,68.0,21910,20079.687101036703
2015-05-31,6416,6.0,68.0,21977,20155.95013849351
2015-06-30,6417,6.0,68.0,22108,20231.82721605628
2015-07-31,6418,6.0,68.0,21994,20310.00108205394
2015-08-31,6419,6.0,68.0,22241,20380.167703635027
2015-09-30,6420,6.0,68.0,22423,20457.702382650234
2015-10-31,6421,6.0,68.0,22592,20539.589783373143
2015-11-30,6422,6.0,68.0,22533,20625.106875732596
2015-12-31,6423,6.0,68.0,22805,20704.60242257707
2016-01-31,6424,6.0,68.0,23057,20792.118988303027
2016-02-29,6425,6.0,68.0,23203,20886.48903045707
2016-03-31,6426,6.0,68.0,23383,20983.010320854693
2016-04-30,6427,6.0,68.0,23464,21083.009890819085
2016-05-31,6428,6.0,68.0,23530,21182.21781203496
2016-06-30,6429,6.0,68.0,23380,21280.04206986684
2016-07-31,6430,6.0,68.0,23318,21367.54031695572
2016-08-31,6431,6.0,68.0,23846,21448.809470415898
2016-09-30,6432,6.0,68.0,24180,21548.692409148567
2016-10-31,6433,6.0,68.0,24301,21658.330225434045
2016-11-30,6434,6.0,68.0,24552,21768.44146604096
2016-12-31,6435,6.0,68.0,25022,21884.423071622587
2017-01-31,6436,6.0,68.0,25153,22015.155443638312
2017-02-28,6437,6.0,68.0,25220,22145.898966820052
2017-03-31,6438,6.0,68.0,25093,22273.986509869217
2017-04-30,6439,6.0,68.0,25283,22391.445405291335
2017-05-31,6440,6.0,68.0,26220,22511.92684673753
2017-06-30,6441,6.0,68.0,26439,22666.429894790133
2017-07-31,6442,6.0,68.0,26733,22823.620315840544
2017-08-31,6443,6.0,68.0,26859,22986.511136013854
2017-09-30,6444,6.0,68.0,26885,23147.864838679943
2017-10-31,6445,6.0,68.0,26831,23303.578803734945
2017-11-30,6446,6.0,68.0,26802,23450.554686912656
2017-12-31,6447,6.0,68.0,27256,23590.19824162463
2018-01-31,6448,6.0,68.0,27207,23742.939981556938
2018-02-28,6449,6.0,68.0,28055,23887.275815658733
2018-03-31,6450,6.0,68.0,28022,24060.930990006287
2018-04-30,6451,6.0,68.0,28284,24225.975532089356
2018-05-31,6452,6.0,68.0,28607,24395.059884918966
2018-06-30,6453,6.0,68.0,28711,24570.55738971401
2018-07-31,6454,6.0,68.0,28739,24743.07583180926
2018-08-31,6455,6.0,68.0,28648,24909.57267215054
2018-09-30,6456,6.0,68.0,28795,25065.340477477606
2018-10-31,6457,6.0,68.0,28859,25220.74295758271
2018-11-30,6458,6.0,68.0,28570,25372.33700101676
2018-12-31,6459,6.0,68.0,28283,25505.57295930773
2019-01-31,6460,6.0,68.0,28464,25621.29908600324
2019-02-28,6461,6.0,68.0,28488,25739.744957419774
2019-03-31,6462,6.0,68.0,28067,25854.25558419395
2019-04-30,6463,6.0,68.0,28097,25946.45326818587
2019-05-31,6464,6.0,68.0,27911,26036.05938201146
2019-06-30,6465,6.0,68.0,27914,26114.18190776098
2019-07-31,6466,6.0,68.0,27379,26189.17432827094
2019-08-31,6467,6.0,68.0,27445,26238.75039792632
2019-09-30,6468,6.0,68.0,27667,26289.010798012725
2019-10-31,6469,6.0,68.0,27599,26346.427014762197
2019-11-30,6470,6.0,68.0,27118,26398.617555813773
2019-12-31,6471,6.0,68.0,30587,26428.591824321535
2020-01-31,6472,6.0,68.0,30491,26601.85883164147
2020-02-29,6473,6.0,68.0,30651,26763.90638032308
2020-03-31,6474,6.0,68.0,30093,26925.868614476283
2020-04-30,6475,6.0,68.0,28987,27057.83242220644
2020-05-31,6476,6.0,68.0,28708,27138.214404614508
2020-06-30,6477,6.0,68.0,27867,27203.62213775557
2020-07-31,6478,6.0,68.0,27852,27231.262882015755
2020-08-31,6479,6.0,68.0,27758,27257.126928598434
2020-09-30,6480,6.0,68.0,28023,27277.996639906833
2020-10-31,6481,6.0,68.0,27924,27309.038446577382
2020-11-30,6482,6.0,68.0,28998,27334.66184463666
2020-12-31,6483,6.0,68.0,29672,27403.967601110133
2021-01-31,6484,6.0,68.0,30170,27498.46895106388
2021-02-28,6485,6.0,68.0,30276,27609.78274476955
2021-03-31,6486,6.0,68.0,30355,27720.87513040415
2021-04-30,6487,6.0,68.0,30523,27830.63033330398
2021-05-31,6488,6.0,68.0,30368,27942.81240274965
2021-06-30,6489,6.0,68.0,28563,28043.861885968414
2021-07-31,6490,6.0,68.0,28012,28065.49264071973
2021-08-31,6491,6.0,68.0,29228,28063.263780689744
2021-09-30,6492,6.0,68.0,29192,28111.79445649434
2021-10-31,6493,6.0,68.0,29623,28156.803020807074
2021-11-30,6494,6.0,68.0,32156,28217.894561606783
2021-12-31,6495,6.0,68.0,32456,28381.982288206502
2022-01-31,6496,6.0,68.0,32694,28551.733026197897
2022-02-28,6497,6.0,68.0,32846,28724.32748343965
2022-03-31,6498,6.0,68.0,32843,28896.063838296333
2022-04-30,6499,6.0,68.0,32937,29060.51951170065
2022-05-31,6500,6.0,68.0,33210,29222.03953204646
2022-06-30,6501,6.0,68.0,33489,29388.204551544524
2022-07-31,6502,6.0,68.0,33678,29559.071028563503
2022-08-31,6503,6.0,68.0,33945,29730.693069040026
2022-09-30,6504,6.0,68.0,34037,29906.28919116336
2022-10-31,6505,6.0,68.0,34398,30078.402141531555
2022-11-30,6506,6.0,68.0,34405,30258.385385634407
2022-12-31,6507,6.0,68.0,34436,30431.160994566308
2023-01-31,6508,6.0,68.0,34687,30598.02928645938
2023-02-28,6509,6.0,68.0,34979,30768.40306619024
2023-03-31,6510,6.0,68.0,35175,30943.84460509898
2023-04-30,6511,6.0,68.0,35688,31120.142746553192
2023-05-31,6512,6.0,68.0,36197,31310.470132113478
2023-06-30,6513,6.0,68.0,36869,31514.075543275416
2023-07-31,6514,6.0,68.0,37061,31737.19739563894
2010-02-28,6515,6.0,69.0,6524,6524.0
2010-03-31,6516,6.0,69.0,6510,6524.0
2010-04-30,6517,6.0,69.0,6715,6523.416666666667
2010-05-31,6518,6.0,69.0,6811,6531.399305555557
2010-06-30,6519,6.0,69.0,6101,6543.049334490743
2010-07-31,6520,6.0,69.0,6089,6524.630612220295
2010-08-31,6521,6.0,69.0,6195,6506.479336711116
2010-09-30,6522,6.0,69.0,5817,6493.50103101482
2010-10-31,6523,6.0,69.0,5835,6465.313488055869
2010-11-30,6524,6.0,69.0,5760,6439.050426053542
2010-12-31,6525,6.0,69.0,5814,6410.756658301311
2011-01-31,6526,6.0,69.0,5761,6385.891797538757
2011-02-28,6527,6.0,69.0,5857,6359.854639307976
2011-03-31,6528,6.0,69.0,6076,6338.902362670145
2011-04-30,6529,6.0,69.0,6054,6327.9480975588895
2011-05-31,6530,6.0,69.0,6060,6316.533593493936
2011-06-30,6531,6.0,69.0,6790,6305.844693765022
2011-07-31,6532,6.0,69.0,6961,6326.017831524814
2011-08-31,6533,6.0,69.0,6826,6352.475421877947
2011-09-30,6534,6.0,69.0,7191,6372.2056126330335
2011-10-31,6535,6.0,69.0,6946,6406.322045439991
2011-11-30,6536,6.0,69.0,6681,6428.808626879992
2011-12-31,6537,6.0,69.0,6600,6439.316600759992
2012-01-31,6538,6.0,69.0,6520,6446.011742394992
2012-02-29,6539,6.0,69.0,7155,6449.094586461868
2012-03-31,6540,6.0,69.0,6931,6478.507312025957
2012-04-30,6541,6.0,69.0,6938,6497.361174024876
2012-05-31,6542,6.0,69.0,6999,6515.721125107173
2012-06-30,6543,6.0,69.0,6964,6535.857744894374
2012-07-31,6544,6.0,69.0,7381,6553.697005523776
2012-08-31,6545,6.0,69.0,7625,6588.167963626953
2012-09-30,6546,6.0,69.0,7947,6631.36929847583
2012-10-31,6547,6.0,69.0,7987,6686.187244372671
2012-11-30,6548,6.0,69.0,8004,6740.387775857143
2012-12-31,6549,6.0,69.0,7895,6793.03828519643
2013-01-31,6550,6.0,69.0,8165,6838.953356646578
2013-02-28,6551,6.0,69.0,8649,6894.205300119637
2013-03-31,6552,6.0,69.0,8998,6967.321745947986
2013-04-30,6553,6.0,69.0,9381,7051.9333398668205
2013-05-31,6554,6.0,69.0,9599,7148.977784039036
2013-06-30,6555,6.0,69.0,9013,7251.062043037409
2013-07-31,6556,6.0,69.0,9371,7324.476124577518
2013-08-31,6557,6.0,69.0,9600,7409.747952720121
2013-09-30,6558,6.0,69.0,9638,7501.008454690116
2013-10-31,6559,6.0,69.0,9187,7590.049769078028
2013-11-30,6560,6.0,69.0,9590,7656.589362033111
2013-12-31,6561,6.0,69.0,9716,7737.148138615064
2014-01-31,6562,6.0,69.0,9845,7819.6002995061035
2014-02-28,6563,6.0,69.0,9973,7903.991953693349
2014-03-31,6564,6.0,69.0,8717,7990.200622289461
2014-04-30,6565,6.0,69.0,8596,8020.483929694066
2014-05-31,6566,6.0,69.0,8594,8044.463765956814
2014-06-30,6567,6.0,69.0,8333,8067.361109041947
2014-07-31,6568,6.0,69.0,8264,8078.429396165199
2014-08-31,6569,6.0,69.0,8274,8086.161504658316
2014-09-30,6570,6.0,69.0,8024,8093.988108630886
2014-10-31,6571,6.0,69.0,9031,8091.071937437932
2014-11-30,6572,6.0,69.0,8949,8130.235606711352
2014-12-31,6573,6.0,69.0,8798,8164.350789765046
2015-01-31,6574,6.0,69.0,8800,8190.752840191502
2015-02-28,6575,6.0,69.0,9149,8216.138138516857
2015-03-31,6576,6.0,69.0,10276,8255.007382745322
2015-04-30,6577,6.0,69.0,10498,8339.215408464266
2015-05-31,6578,6.0,69.0,9338,8429.164766444921
2015-06-30,6579,6.0,69.0,9244,8467.032901176382
2015-07-31,6580,6.0,69.0,9658,8499.406530294033
2015-08-31,6581,6.0,69.0,9609,8547.681258198449
2015-09-30,6582,6.0,69.0,9657,8591.90287244018
2015-10-31,6583,6.0,69.0,9637,8636.28191942184
2015-11-30,6584,6.0,69.0,9168,8677.978506112595
2015-12-31,6585,6.0,69.0,9093,8698.396068357904
2016-01-31,6586,6.0,69.0,9367,8714.837898842992
2016-02-29,6587,6.0,69.0,9439,8742.011319724534
2016-03-31,6588,6.0,69.0,9346,8771.052514736011
2016-04-30,6589,6.0,69.0,9393,8795.008659955343
2016-05-31,6590,6.0,69.0,9391,8819.924965790538
2016-06-30,6591,6.0,69.0,9645,8843.719758882598
2016-07-31,6592,6.0,69.0,9955,8877.106435595824
2016-08-31,6593,6.0,69.0,9930,8922.018667445998
2016-09-30,6594,6.0,69.0,10261,8964.017889635748
2016-10-31,6595,6.0,69.0,10479,9018.058810900926
2016-11-30,6596,6.0,69.0,10241,9078.93136044672
2016-12-31,6597,6.0,69.0,10280,9127.350887094775
2017-01-31,6598,6.0,69.0,10287,9175.377933465827
2017-02-28,6599,6.0,69.0,10671,9221.695519571418
2017-03-31,6600,6.0,69.0,11361,9282.083206255942
2017-04-30,6601,6.0,69.0,11509,9368.704739328612
2017-05-31,6602,6.0,69.0,11506,9457.883708523254
2017-06-30,6603,6.0,69.0,11482,9543.221887334785
2017-07-31,6604,6.0,69.0,11144,9624.004308695836
2017-08-31,6605,6.0,69.0,11583,9687.337462500176
2017-09-30,6606,6.0,69.0,11756,9766.32340156267
2017-10-31,6607,6.0,69.0,11610,9849.226593164225
2017-11-30,6608,6.0,69.0,11639,9922.592151782383
2017-12-31,6609,6.0,69.0,11592,9994.109145458118
2018-01-31,6610,6.0,69.0,11655,10060.68793106403
2018-02-28,6611,6.0,69.0,11696,10127.11760060303
2018-03-31,6612,6.0,69.0,11384,10192.487700577904
2018-04-30,6613,6.0,69.0,11500,10242.134046387158
2018-05-31,6614,6.0,69.0,11145,10294.545127787693
2018-06-30,6615,6.0,69.0,10855,10329.980747463205
2018-07-31,6616,6.0,69.0,11396,10351.856549652239
2018-08-31,6617,6.0,69.0,11616,10395.362526750063
2018-09-30,6618,6.0,69.0,11878,10446.22242146881
2018-10-31,6619,6.0,69.0,11987,10505.879820574277
2018-11-30,6620,6.0,69.0,10551,10567.593161383684
2018-12-31,6621,6.0,69.0,12235,10566.901779659363
2019-01-31,6622,6.0,69.0,11269,10636.405872173556
2019-02-28,6623,6.0,69.0,11289,10662.763960832992
2019-03-31,6624,6.0,69.0,11592,10688.857129131618
2019-04-30,6625,6.0,69.0,11597,10726.488082084468
2019-05-31,6626,6.0,69.0,11373,10762.759411997617
2019-06-30,6627,6.0,69.0,11238,10788.186103164382
2019-07-31,6628,6.0,69.0,11805,10806.928348865866
2019-08-31,6629,6.0,69.0,12355,10848.514667663121
2019-09-30,6630,6.0,69.0,12797,10911.284889843824
2019-10-31,6631,6.0,69.0,13635,10989.856352767
2019-11-30,6632,6.0,69.0,13649,11100.070671401709
2019-12-31,6633,6.0,69.0,13738,11206.276060093305
2020-01-31,6634,6.0,69.0,13745,11311.764557589417
2020-02-29,6635,6.0,69.0,13823,11413.149367689859
2020-03-31,6636,6.0,69.0,13642,11513.559810702782
2020-04-30,6637,6.0,69.0,13562,11602.244818590165
2020-05-31,6638,6.0,69.0,13319,11683.901284482243
2020-06-30,6639,6.0,69.0,13064,11752.030397628818
2020-07-31,6640,6.0,69.0,13126,11806.695797727618
2020-08-31,6641,6.0,69.0,13178,11861.666806155634
2020-09-30,6642,6.0,69.0,13720,11916.514022565816
2020-10-31,6643,6.0,69.0,13679,11991.659271625573
2020-11-30,6644,6.0,69.0,13270,12061.96513530784
2020-12-31,6645,6.0,69.0,13751,12112.29992133668
2021-01-31,6646,6.0,69.0,13778,12180.579091280986
2021-02-28,6647,6.0,69.0,13671,12247.138295810946
2021-03-31,6648,6.0,69.0,13495,12306.465866818824
2021-04-30,6649,6.0,69.0,12811,12355.98812236804
2021-05-31,6650,6.0,69.0,14404,12374.946950602705
2021-06-30,6651,6.0,69.0,15849,12459.490827660926
2021-07-31,6652,6.0,69.0,16100,12600.720376508387
2021-08-31,6653,6.0,69.0,16568,12746.523694153871
2021-09-30,6654,6.0,69.0,17478,12905.751873564128
2021-10-31,6655,6.0,69.0,17829,13096.262212165622
2021-11-30,6656,6.0,69.0,17578,13293.459619992054
2021-12-31,6657,6.0,69.0,17242,13471.982135825718
2022-01-31,6658,6.0,69.0,16943,13629.066213499646
2022-02-28,6659,6.0,69.0,16798,13767.146787937161
2022-03-31,6660,6.0,69.0,16665,13893.43233843978
2022-04-30,6661,6.0,69.0,15962,14008.914324338122
2022-05-31,6662,6.0,69.0,15446,14090.292894157368
2022-06-30,6663,6.0,69.0,15588,14146.780690234145
2022-07-31,6664,6.0,69.0,15162,14206.831494807722
2022-08-31,6665,6.0,69.0,15872,14246.630182524068
2022-09-30,6666,6.0,69.0,16025,14314.3539249189
2022-10-31,6667,6.0,69.0,14058,14385.630844713947
2022-11-30,6668,6.0,69.0,13723,14371.979559517533
2022-12-31,6669,6.0,69.0,13640,14344.938744537636
2023-01-31,6670,6.0,69.0,13735,14315.566296848569
2023-02-28,6671,6.0,69.0,13939,14291.376034479877
2023-03-31,6672,6.0,69.0,13950,14276.693699709882
2023-04-30,6673,6.0,69.0,14156,14263.081462221971
2023-05-31,6674,6.0,69.0,14083,14258.61973462939
2023-06-30,6675,6.0,69.0,13899,14251.302245686498
2023-07-31,6676,6.0,69.0,13985,14236.622985449561
2010-02-28,6677,7.0,71.0,32983,32983.0
2010-03-31,6678,7.0,71.0,32916,32983.0
2010-04-30,6679,7.0,71.0,33184,32980.208333333336
2010-05-31,6680,7.0,71.0,33209,32988.69965277778
2010-06-30,6681,7.0,71.0,33322,32997.878833912044
2010-07-31,6682,7.0,71.0,33555,33011.383882499045
2010-08-31,6683,7.0,71.0,33432,33034.03455406158
2010-09-30,6684,7.0,71.0,33720,33050.61644764235
2010-10-31,6685,7.0,71.0,33870,33078.50742899059
2010-11-30,6686,7.0,71.0,34169,33111.48628611598
2010-12-31,6687,7.0,71.0,34210,33155.549357527816
2011-01-31,6688,7.0,71.0,34301,33199.48480096416
2011-02-28,6689,7.0,71.0,34541,33245.38126759065
2011-03-31,6690,7.0,71.0,34583,33299.36538144104
2011-04-30,6691,7.0,71.0,33624,33352.850157214336
2011-05-31,6692,7.0,71.0,33678,33364.1480673304
2011-06-30,6693,7.0,71.0,33010,33377.22523119164
2011-07-31,6694,7.0,71.0,33236,33361.92417989199
2011-08-31,6695,7.0,71.0,33480,33356.67733906316
2011-09-30,6696,7.0,71.0,33416,33361.81578326886
2011-10-31,6697,7.0,71.0,33291,33364.07345896599
2011-11-30,6698,7.0,71.0,33474,33361.028731509075
2011-12-31,6699,7.0,71.0,33623,33365.7358676962
2012-01-31,6700,7.0,71.0,33778,33376.455206542196
2012-02-29,6701,7.0,71.0,33991,33393.18623960294
2012-03-31,6702,7.0,71.0,34170,33418.09514628615
2012-04-30,6703,7.0,71.0,34161,33449.4245151909
2012-05-31,6704,7.0,71.0,34060,33479.073493724616
2012-06-30,6705,7.0,71.0,35562,33503.27876481943
2012-07-31,6706,7.0,71.0,35773,33589.05881628529
2012-08-31,6707,7.0,71.0,35561,33680.05636560673
2012-09-30,6708,7.0,71.0,35898,33758.42901703979
2012-10-31,6709,7.0,71.0,36090,33847.577807996466
2012-11-30,6710,7.0,71.0,36051,33941.01206599662
2012-12-31,6711,7.0,71.0,35876,34028.92822991343
2013-01-31,6712,7.0,71.0,35998,34105.88955366704
2013-02-28,6713,7.0,71.0,36623,34184.72748893091
2013-03-31,6714,7.0,71.0,36527,34286.32217689213
2013-04-30,6715,7.0,71.0,36631,34379.68375285496
2013-05-31,6716,7.0,71.0,36909,34473.488596486
2013-06-30,6717,7.0,71.0,36709,34574.96823829909
2013-07-31,6718,7.0,71.0,37355,34663.88622836996
2013-08-31,6719,7.0,71.0,37272,34776.01596885455
2013-09-30,6720,7.0,71.0,37209,34880.015303485605
2013-10-31,6721,7.0,71.0,36920,34977.05633250704
2013-11-30,6722,7.0,71.0,36763,35058.01231865258
2013-12-31,6723,7.0,71.0,36781,35129.053472042055
2014-01-31,6724,7.0,71.0,36827,35197.88457737363
2014-02-28,6725,7.0,71.0,36672,35265.76438664973
2014-03-31,6726,7.0,71.0,36896,35324.35753720599
2014-04-30,6727,7.0,71.0,37181,35389.84263982241
2014-05-31,6728,7.0,71.0,37411,35464.47419649648
2014-06-30,6729,7.0,71.0,37631,35545.57943830913
2014-07-31,6730,7.0,71.0,37875,35632.471961712916
2014-08-31,6731,7.0,71.0,37927,35725.91062997488
2014-09-30,6732,7.0,71.0,38068,35817.62268705926
2014-10-31,6733,7.0,71.0,38076,35911.38840843179
2014-11-30,6734,7.0,71.0,38233,36001.580558080466
2014-12-31,6735,7.0,71.0,38540,36094.55636816045
2015-01-31,6736,7.0,71.0,38823,36196.449852820435
2015-02-28,6737,7.0,71.0,39493,36305.88944228625
2015-03-31,6738,7.0,71.0,39848,36438.68571552432
2015-04-30,6739,7.0,71.0,39969,36580.740477377476
2015-05-31,6740,7.0,71.0,39868,36721.91795748675
2015-06-30,6741,7.0,71.0,40043,36853.00470925814
2015-07-31,6742,7.0,71.0,40112,36985.92117970572
2015-08-31,6743,7.0,71.0,40026,37116.17446388465
2015-09-30,6744,7.0,71.0,40127,37237.417194556125
2015-10-31,6745,7.0,71.0,40281,37357.81647811629
2015-11-30,6746,7.0,71.0,40188,37479.615791528115
2015-12-31,6747,7.0,71.0,40252,37592.465133547776
2016-01-31,6748,7.0,71.0,40704,37703.279086316616
2016-02-29,6749,7.0,71.0,40789,37828.30912438676
2016-03-31,6750,7.0,71.0,40561,37951.67124420398
2016-04-30,6751,7.0,71.0,40453,38060.39327569548
2016-05-31,6752,7.0,71.0,42151,38160.0852225415
2016-06-30,6753,7.0,71.0,42640,38326.37333826894
2016-07-31,6754,7.0,71.0,42880,38506.10778250773
2016-08-31,6755,7.0,71.0,43066,38688.3532915699
2016-09-30,6756,7.0,71.0,43251,38870.75523775449
2016-10-31,6757,7.0,71.0,43596,39053.26543618139
2016-11-30,6758,7.0,71.0,42806,39242.54604300717
2016-12-31,6759,7.0,71.0,42049,39391.023291215206
2017-01-31,6760,7.0,71.0,42924,39501.77232074791
2017-02-28,6761,7.0,71.0,43163,39644.36514071674
2017-03-31,6762,7.0,71.0,43457,39790.97492652021
2017-04-30,6763,7.0,71.0,43302,39943.72597124854
2017-05-31,6764,7.0,71.0,43543,40083.65405577985
2017-06-30,6765,7.0,71.0,43807,40227.79347012236
2017-07-31,6766,7.0,71.0,44442,40376.927075533924
2017-08-31,6767,7.0,71.0,44788,40546.30511405334
2017-09-30,6768,7.0,71.0,45007,40723.04240096779
2017-10-31,6769,7.0,71.0,45536,40901.5406342608
2017-11-30,6770,7.0,71.0,45105,41094.64310783327
2017-12-31,6771,7.0,71.0,45046,41261.74131167355
2018-01-31,6772,7.0,71.0,45273,41419.41875702048
2018-02-28,6773,7.0,71.0,45385,41579.98464214463
2018-03-31,6774,7.0,71.0,45584,41738.526948721934
2018-04-30,6775,7.0,71.0,45181,41898.75499252519
2018-05-31,6776,7.0,71.0,45252,42035.51520116997
2018-06-30,6777,7.0,71.0,45952,42169.53540112122
2018-07-31,6778,7.0,71.0,46085,42327.13809274117
2018-08-31,6779,7.0,71.0,46105,42483.71567221029
2018-09-30,6780,7.0,71.0,46288,42634.60251920152
2018-10-31,6781,7.0,71.0,46299,42786.827414234795
2018-11-30,6782,7.0,71.0,46282,42933.16793864168
2018-12-31,6783,7.0,71.0,46464,43072.70260786494
2019-01-31,6784,7.0,71.0,46686,43214.00666587057
2019-02-28,6785,7.0,71.0,46991,43358.67305479263
2019-03-31,6786,7.0,71.0,47311,43510.02001084294
2019-04-30,6787,7.0,71.0,47409,43668.39417705782
2019-05-31,6788,7.0,71.0,47425,43824.252753013745
2019-06-30,6789,7.0,71.0,47323,43974.28388830484
2019-07-31,6790,7.0,71.0,47282,44113.81372629214
2019-08-31,6791,7.0,71.0,47605,44245.82148769664
2019-09-30,6792,7.0,71.0,48631,44385.78725904261
2019-10-31,6793,7.0,71.0,49209,44562.67112324917
2019-11-30,6794,7.0,71.0,49366,44756.26815978046
2019-12-31,6795,7.0,71.0,49704,44948.34031978961
2020-01-31,6796,7.0,71.0,49903,45146.492806465045
2020-02-29,6797,7.0,71.0,51163,45344.68060619567
2020-03-31,6798,7.0,71.0,50943,45587.110580937515
2020-04-30,6799,7.0,71.0,50550,45810.27264006512
2020-05-31,6800,7.0,71.0,50715,46007.76128006241
2020-06-30,6801,7.0,71.0,50900,46203.89622672648
2020-07-31,6802,7.0,71.0,51073,46399.567217279546
2020-08-31,6803,7.0,71.0,51128,46594.29358322623
2020-09-30,6804,7.0,71.0,51044,46783.19801725847
2020-10-31,6805,7.0,71.0,51496,46960.73143320604
2020-11-30,6806,7.0,71.0,51087,47149.70095682245
2020-12-31,6807,7.0,71.0,50968,47313.755083621516
2021-01-31,6808,7.0,71.0,50703,47466.01528847062
2021-02-28,6809,7.0,71.0,50057,47600.88965145101
2021-03-31,6810,7.0,71.0,50105,47703.22758264056
2021-04-30,6811,7.0,71.0,51211,47803.30143336387
2021-05-31,6812,7.0,71.0,51328,47945.28887364038
2021-06-30,6813,7.0,71.0,51769,48086.23517057203
2021-07-31,6814,7.0,71.0,51770,48239.68370513152
2021-08-31,6815,7.0,71.0,50301,48386.78021741771
2021-09-30,6816,7.0,71.0,50449,48466.539375025306
2021-10-31,6817,7.0,71.0,50875,48549.141901065916
2021-11-30,6818,7.0,71.0,51076,48646.05265518817
2021-12-31,6819,7.0,71.0,51722,48747.300461221996
2022-01-31,6820,7.0,71.0,52349,48871.24627533775
2022-02-28,6821,7.0,71.0,52622,49016.15268053201
2022-03-31,6822,7.0,71.0,52801,49166.39631884318
2022-04-30,6823,7.0,71.0,52731,49317.838138891384
2022-05-31,6824,7.0,71.0,53084,49460.053216437576
2022-06-30,6825,7.0,71.0,53198,49611.050999086016
2022-07-31,6826,7.0,71.0,53207,49760.507207457435
2022-08-31,6827,7.0,71.0,53998,49904.11107381338
2022-09-30,6828,7.0,71.0,54350,50074.68977907115
2022-10-31,6829,7.0,71.0,54502,50252.82770494319
2022-11-30,6830,7.0,71.0,54068,50429.87655057056
2022-12-31,6831,7.0,71.0,54500,50581.465027630125
2023-01-31,6832,7.0,71.0,54608,50744.73731814554
2023-02-28,6833,7.0,71.0,54701,50905.70659655615
2023-03-31,6834,7.0,71.0,54804,51063.843821699644
2023-04-30,6835,7.0,71.0,54670,51219.68366246216
2023-05-31,6836,7.0,71.0,55057,51363.4468431929
2023-06-30,6837,7.0,71.0,54995,51517.34489139319
2023-07-31,6838,7.0,71.0,54963,51662.24718758515
2010-02-28,6839,7.0,72.0,357,357.0
2010-03-31,6840,7.0,72.0,348,357.0
2010-04-30,6841,7.0,72.0,334,356.625
2010-05-31,6842,7.0,72.0,335,355.6822916666667
2010-06-30,6843,7.0,72.0,347,354.8205295138889
2010-07-31,6844,7.0,72.0,331,354.49467411747685
2010-08-31,6845,7.0,72.0,324,353.515729362582
2010-09-30,6846,7.0,72.0,321,352.28590730580777
2010-10-31,6847,7.0,72.0,309,350.9823278347325
2010-11-30,6848,7.0,72.0,314,349.23306417495195
2010-12-31,6849,7.0,72.0,321,347.76501983432894
2011-01-31,6850,7.0,72.0,310,346.64981067456523
2011-02-28,6851,7.0,72.0,313,345.1227352297917
2011-03-31,6852,7.0,72.0,311,343.78428792855044
2011-04-30,6853,7.0,72.0,307,342.4182759315275
2011-05-31,6854,7.0,72.0,316,340.94251443438054
2011-06-30,6855,7.0,72.0,308,339.9032429996147
2011-07-31,6856,7.0,72.0,295,338.5739412079641
2011-08-31,6857,7.0,72.0,290,336.75836032429896
2011-09-30,6858,7.0,72.0,280,334.8100953107865
2011-10-31,6859,7.0,72.0,280,332.52634133950374
2011-11-30,6860,7.0,72.0,275,330.3377437836911
2011-12-31,6861,7.0,72.0,279,328.0320044593706
2012-01-31,6862,7.0,72.0,278,325.9890042735635
2012-02-29,6863,7.0,72.0,273,323.9894624288317
2012-03-31,6864,7.0,72.0,273,321.86490149429704
2012-04-30,6865,7.0,72.0,269,319.82886393203466
2012-05-31,6866,7.0,72.0,265,317.71099460153323
2012-06-30,6867,7.0,72.0,263,315.5147031598027
2012-07-31,6868,7.0,72.0,262,313.32659052814427
2012-08-31,6869,7.0,72.0,262,311.18798258947163
2012-09-30,6870,7.0,72.0,260,309.13848331491033
2012-10-31,6871,7.0,72.0,264,307.0910465101224
2012-11-30,6872,7.0,72.0,267,305.2955862388673
2012-12-31,6873,7.0,72.0,264,303.69993681224787
2013-01-31,6874,7.0,72.0,266,302.0457727784042
2013-02-28,6875,7.0,72.0,265,300.54386557930405
2013-03-31,6876,7.0,72.0,268,299.06287118016644
2013-04-30,6877,7.0,72.0,266,297.7685848809929
2013-05-31,6878,7.0,72.0,263,296.4448938442848
2013-06-30,6879,7.0,72.0,259,295.0513566007729
2013-07-31,6880,7.0,72.0,253,293.5492167424074
2013-08-31,6881,7.0,72.0,270,291.8596660448071
2013-09-30,6882,7.0,72.0,279,290.9488466262735
2013-10-31,6883,7.0,72.0,287,290.45097801684545
2013-11-30,6884,7.0,72.0,298,290.30718726614356
2013-12-31,6885,7.0,72.0,292,290.6277211300543
2014-01-31,6886,7.0,72.0,289,290.6848994163021
2014-02-28,6887,7.0,72.0,289,290.61469527395616
2014-03-31,6888,7.0,72.0,291,290.547416304208
2014-04-30,6889,7.0,72.0,293,290.56627395819936
2014-05-31,6890,7.0,72.0,305,290.66767920994107
2014-06-30,6891,7.0,72.0,371,291.2648592428602
2014-07-31,6892,7.0,72.0,363,294.5871567744077
2014-08-31,6893,7.0,72.0,360,297.4376919088074
2014-09-30,6894,7.0,72.0,374,300.0444547459404
2014-10-31,6895,7.0,72.0,369,303.12593579819287
2014-11-30,6896,7.0,72.0,378,305.87068847326816
2014-12-31,6897,7.0,72.0,388,308.87607645354865
2015-01-31,6898,7.0,72.0,377,312.1729066013175
2015-02-28,6899,7.0,72.0,376,314.87403549292924
2015-03-31,6900,7.0,72.0,373,317.4209506807239
2015-04-30,6901,7.0,72.0,370,319.7367444023604
2015-05-31,6902,7.0,72.0,362,321.83104671892875
2015-06-30,6903,7.0,72.0,378,323.50475310564
2015-07-31,6904,7.0,72.0,381,325.77538839290503
2015-08-31,6905,7.0,72.0,395,328.076413876534
2015-09-30,6906,7.0,72.0,399,330.8648966316784
2015-10-31,6907,7.0,72.0,398,333.7038592720251
2015-11-30,6908,7.0,72.0,389,336.38286513569074
2015-12-31,6909,7.0,72.0,389,338.575245755037
2016-01-31,6910,7.0,72.0,397,340.67627718191045
2016-02-29,6911,7.0,72.0,400,343.0230989659975
2016-03-31,6912,7.0,72.0,397,345.397136509081
2016-04-30,6913,7.0,72.0,539,347.54725582120267
2016-05-31,6914,7.0,72.0,536,355.5244534953192
2016-06-30,6915,7.0,72.0,540,363.0442679330142
2016-07-31,6916,7.0,72.0,542,370.4174234358053
2016-08-31,6917,7.0,72.0,532,377.5666974593134
2016-09-30,6918,7.0,72.0,521,384.0014183985087
2016-10-31,6919,7.0,72.0,508,389.70969263190415
2016-11-30,6920,7.0,72.0,500,394.6384554389082
2016-12-31,6921,7.0,72.0,494,399.02851979562035
2017-01-31,6922,7.0,72.0,500,402.98566480413615
2017-02-28,6923,7.0,72.0,513,407.02792877063047
2017-03-31,6924,7.0,72.0,506,411.44343173852087
2017-04-30,6925,7.0,72.0,506,415.38328874941584
2017-05-31,6926,7.0,72.0,380,419.15898505152353
2017-06-30,6927,7.0,72.0,385,417.5273606743767
2017-07-31,6928,7.0,72.0,385,416.17205397961106
2017-08-31,6929,7.0,72.0,384,414.8732183971273
2017-09-30,6930,7.0,72.0,390,413.586834297247
2017-10-31,6931,7.0,72.0,389,412.6040495348617
2017-11-30,6932,7.0,72.0,393,411.6205474709091
2017-12-31,6933,7.0,72.0,400,410.84469132628794
2018-01-31,6934,7.0,72.0,624,410.39282918769266
2018-02-28,6935,7.0,72.0,663,419.2931279715388
2018-03-31,6936,7.0,72.0,633,429.4475809727247
2018-04-30,6937,7.0,72.0,632,437.92893176552786
2018-05-31,6938,7.0,72.0,627,446.01522627529755
2018-06-30,6939,7.0,72.0,632,453.55625851382683
2018-07-31,6940,7.0,72.0,653,460.99141440908403
2018-08-31,6941,7.0,72.0,672,468.9917721420389
2018-09-30,6942,7.0,72.0,701,477.45044830278727
2018-10-31,6943,7.0,72.0,684,486.7650129568378
2018-11-30,6944,7.0,72.0,607,494.98313741696956
2018-12-31,6945,7.0,72.0,624,499.65050669126254
2019-01-31,6946,7.0,72.0,763,504.8317355791266
2019-02-28,6947,7.0,72.0,668,515.588746596663
2019-03-31,6948,7.0,72.0,715,521.9392154884687
2019-04-30,6949,7.0,72.0,606,529.9834148431158
2019-05-31,6950,7.0,72.0,633,533.1507725579861
2019-06-30,6951,7.0,72.0,640,537.3111570347367
2019-07-31,6952,7.0,72.0,662,541.589858824956
2019-08-31,6953,7.0,72.0,724,546.6069480405829
2019-09-30,6954,7.0,72.0,702,553.9983252055586
2019-10-31,6955,7.0,72.0,645,560.165061655327
2019-11-30,6956,7.0,72.0,672,563.6998507530218
2019-12-31,6957,7.0,72.0,501,568.2123569716459
2020-01-31,6958,7.0,72.0,620,565.4118420978274
2020-02-29,6959,7.0,72.0,576,567.6863486770847
2020-03-31,6960,7.0,72.0,522,568.0327508155394
2020-04-30,6961,7.0,72.0,304,566.1147195315586
2020-05-31,6962,7.0,72.0,294,555.1932728844104
2020-06-30,6963,7.0,72.0,291,544.31021984756
2020-07-31,6964,7.0,72.0,280,533.7556273539117
2020-08-31,6965,7.0,72.0,415,523.1824762141654
2020-09-30,6966,7.0,72.0,305,518.6748730385751
2020-10-31,6967,7.0,72.0,265,509.7717533286345
2020-11-30,6968,7.0,72.0,288,499.5729302732747
2020-12-31,6969,7.0,72.0,284,490.7573915118883
2021-01-31,6970,7.0,72.0,314,482.14250019889295
2021-02-28,6971,7.0,72.0,259,475.13656269060573
2021-03-31,6972,7.0,72.0,294,466.1308725784972
2021-04-30,6973,7.0,72.0,358,458.9587528877265
2021-05-31,6974,7.0,72.0,434,454.75213818407127
2021-06-30,6975,7.0,72.0,457,453.887465759735
2021-07-31,6976,7.0,72.0,514,454.01715468641277
2021-08-31,6977,7.0,72.0,498,456.5164399078123
2021-09-30,6978,7.0,72.0,532,458.24492157832015
2021-10-31,6979,7.0,72.0,656,461.3180498458902
2021-11-30,6980,7.0,72.0,544,469.4297977689781
2021-12-31,6981,7.0,72.0,629,472.5368895286041
2022-01-31,6982,7.0,72.0,534,479.05618579824556
2022-02-28,6983,7.0,72.0,533,481.34551138998535
2022-03-31,6984,7.0,72.0,534,483.497781748736
2022-04-30,6985,7.0,72.0,689,485.60204084253866
2022-05-31,6986,7.0,72.0,543,494.07695580743285
2022-06-30,6987,7.0,72.0,548,496.1154159821232
2022-07-31,6988,7.0,72.0,514,498.2772736495347
2022-08-31,6989,7.0,72.0,569,498.9323872474708
2022-09-30,6990,7.0,72.0,574,501.85187111215953
2022-10-31,6991,7.0,72.0,570,504.85804314915293
2022-11-30,6992,7.0,72.0,569,507.5722913512716
2022-12-31,6993,7.0,72.0,612,510.13177921163526
2023-01-31,6994,7.0,72.0,671,514.3762884111504
2023-02-28,6995,7.0,72.0,763,520.9022763940192
2023-03-31,6996,7.0,72.0,719,530.9896815442684
2023-04-30,6997,7.0,72.0,759,538.8234448132572
2023-05-31,6998,7.0,72.0,789,547.9974679460381
2023-06-30,6999,7.0,72.0,657,558.0392401149533
2023-07-31,7000,7.0,72.0,671,562.1626051101636
2010-02-28,7001,7.0,73.0,1963,1963.0
2010-03-31,7002,7.0,73.0,1984,1963.0000000000002
2010-04-30,7003,7.0,73.0,1954,1963.8750000000005
2010-05-31,7004,7.0,73.0,2029,1963.4635416666672
2010-06-30,7005,7.0,73.0,2086,1966.194227430556
2010-07-31,7006,7.0,73.0,2015,1971.1861346209498
2010-08-31,7007,7.0,73.0,1889,1973.0117123450768
2010-09-30,7008,7.0,73.0,1891,1969.5112243306987
2010-10-31,7009,7.0,73.0,2028,1966.2399233169197
2010-11-30,7010,7.0,73.0,1559,1968.8132598453815
2010-12-31,7011,7.0,73.0,1446,1951.737707351824
2011-01-31,7012,7.0,73.0,1475,1930.6653028788314
2011-02-28,7013,7.0,73.0,1475,1911.6792485922135
2011-03-31,7014,7.0,73.0,1706,1893.4842799008713
2011-04-30,7015,7.0,73.0,1672,1885.6724349050016
2011-05-31,7016,7.0,73.0,1730,1876.76941678396
2011-06-30,7017,7.0,73.0,1749,1870.6540244179616
2011-07-31,7018,7.0,73.0,1784,1865.58510673388
2011-08-31,7019,7.0,73.0,1798,1862.1857272866348
2011-09-30,7020,7.0,73.0,1806,1859.5113219830253
2011-10-31,7021,7.0,73.0,1878,1857.281683567066
2011-11-30,7022,7.0,73.0,1906,1858.1449467517716
2011-12-31,7023,7.0,73.0,1899,1860.1389073037813
2012-01-31,7024,7.0,73.0,1924,1861.758119499457
2012-02-29,7025,7.0,73.0,1823,1864.3515311869799
2012-03-31,7026,7.0,73.0,1925,1862.6285507208556
2012-04-30,7027,7.0,73.0,1932,1865.2273611074866
2012-05-31,7028,7.0,73.0,2090,1868.0095543946748
2012-06-30,7029,7.0,73.0,2084,1877.2591562948967
2012-07-31,7030,7.0,73.0,2113,1885.8733581159427
2012-08-31,7031,7.0,73.0,2104,1895.3369681944453
2012-09-30,7032,7.0,73.0,2086,1904.0312611863435
2012-10-31,7033,7.0,73.0,2232,1911.613291970246
2012-11-30,7034,7.0,73.0,2181,1924.9627381381526
2012-12-31,7035,7.0,73.0,2204,1935.6309573823964
2013-01-31,7036,7.0,73.0,2217,1946.8130008247965
2013-02-28,7037,7.0,73.0,2220,1958.0707924570968
2013-03-31,7038,7.0,73.0,2186,1968.9845094380512
2013-04-30,7039,7.0,73.0,2201,1978.026821544799
2013-05-31,7040,7.0,73.0,2196,1987.317370647099
2013-06-30,7041,7.0,73.0,2293,1996.01248020347
2013-07-31,7042,7.0,73.0,2407,2008.3869601949923
2013-08-31,7043,7.0,73.0,2457,2024.9958368535345
2013-09-30,7044,7.0,73.0,2524,2042.9960103179706
2013-10-31,7045,7.0,73.0,2637,2063.0378432213884
2013-11-30,7046,7.0,73.0,2394,2086.9529330871637
2013-12-31,7047,7.0,73.0,2410,2099.7465608751986
2014-01-31,7048,7.0,73.0,2415,2112.6737875053986
2014-02-28,7049,7.0,73.0,2422,2125.270713026007
2014-03-31,7050,7.0,73.0,2417,2137.63443331659
2014-04-30,7051,7.0,73.0,2464,2149.274665261732
2014-05-31,7052,7.0,73.0,2501,2162.3882208758264
2014-06-30,7053,7.0,73.0,2526,2176.4970450060005
2014-07-31,7054,7.0,73.0,2519,2191.0596681307507
2014-08-31,7055,7.0,73.0,2481,2204.723848625303
2014-09-30,7056,7.0,73.0,2421,2216.235354932582
2014-10-31,7057,7.0,73.0,2505,2224.7672151437246
2014-11-30,7058,7.0,73.0,2579,2236.443581179403
2014-12-31,7059,7.0,73.0,2562,2250.716765296928
2015-01-31,7060,7.0,73.0,2517,2263.6869000762226
2015-02-28,7061,7.0,73.0,2520,2274.241612573047
2015-03-31,7062,7.0,73.0,2488,2284.4815453825036
2015-04-30,7063,7.0,73.0,2416,2292.9614809915656
2015-05-31,7064,7.0,73.0,2427,2298.0880859502504
2015-06-30,7065,7.0,73.0,2439,2303.4594157023234
2015-07-31,7066,7.0,73.0,2420,2309.10694004806
2015-08-31,7067,7.0,73.0,2424,2313.7274842127244
2015-09-30,7068,7.0,73.0,2438,2318.322172370528
2015-10-31,7069,7.0,73.0,2497,2323.308748521756
2015-11-30,7070,7.0,73.0,2486,2330.545884000016
2015-12-31,7071,7.0,73.0,2598,2337.023138833349
2016-01-31,7072,7.0,73.0,2613,2347.8971747152927
2016-02-29,7073,7.0,73.0,2630,2358.9431257688225
2016-03-31,7074,7.0,73.0,2612,2370.237162195122
2016-04-30,7075,7.0,73.0,2632,2380.3106137703253
2016-05-31,7076,7.0,73.0,2711,2390.797671529895
2016-06-30,7077,7.0,73.0,2739,2404.1394352161496
2016-07-31,7078,7.0,73.0,2738,2418.09195874881
2016-08-31,7079,7.0,73.0,2757,2431.42146046761
2016-09-30,7080,7.0,73.0,2650,2444.9872329481263
2016-10-31,7081,7.0,73.0,2863,2453.5294315752876
2016-11-30,7082,7.0,73.0,2845,2470.5907052596503
2016-12-31,7083,7.0,73.0,2895,2486.191092540498
2017-01-31,7084,7.0,73.0,2874,2503.2247970179774
2017-02-28,7085,7.0,73.0,2923,2518.6737638088953
2017-03-31,7086,7.0,73.0,2985,2535.520690316858
2017-04-30,7087,7.0,73.0,2998,2554.248994886989
2017-05-31,7088,7.0,73.0,3034,2572.738620100031
2017-06-30,7089,7.0,73.0,3060,2591.9578442625293
2017-07-31,7090,7.0,73.0,3114,2611.4596007515906
2017-08-31,7091,7.0,73.0,3144,2632.398784053608
2017-09-30,7092,7.0,73.0,3176,2653.7155013847077
2017-10-31,7093,7.0,73.0,3193,2675.4773554936787
2017-11-30,7094,7.0,73.0,3238,2697.0407990147755
2017-12-31,7095,7.0,73.0,3241,2719.580765722493
2018-01-31,7096,7.0,73.0,3246,2741.3065671507225
2018-02-28,7097,7.0,73.0,3270,2762.3354601861092
2018-03-31,7098,7.0,73.0,3274,2783.4881493450216
2018-04-30,7099,7.0,73.0,3198,2803.926143122312
2018-05-31,7100,7.0,73.0,3204,2820.3458871588828
2018-06-30,7101,7.0,73.0,3223,2836.3314751939292
2018-07-31,7102,7.0,73.0,3272,2852.4426637275155
2018-08-31,7103,7.0,73.0,3250,2869.924219405536
2018-09-30,7104,7.0,73.0,3299,2885.7607102636384
2018-10-31,7105,7.0,73.0,3218,2902.979014002654
2018-11-30,7106,7.0,73.0,3219,2916.10488841921
2018-12-31,7107,7.0,73.0,3206,2928.7255180684097
2019-01-31,7108,7.0,73.0,3229,2940.2786214822263
2019-02-28,7109,7.0,73.0,3246,2952.3086789204667
2019-03-31,7110,7.0,73.0,3246,2964.5458172987805
2019-04-30,7111,7.0,73.0,3199,2976.2730749113316
2019-05-31,7112,7.0,73.0,3250,2985.5533634566928
2019-06-30,7113,7.0,73.0,3243,2996.571973312664
2019-07-31,7114,7.0,73.0,3222,3006.8398077579695
2019-08-31,7115,7.0,73.0,3195,3015.804815768054
2019-09-30,7116,7.0,73.0,3236,3023.2712817777187
2019-10-31,7117,7.0,73.0,3278,3032.134978370314
2019-11-30,7118,7.0,73.0,3351,3042.379354271551
2019-12-31,7119,7.0,73.0,3306,3055.23854784357
2020-01-31,7120,7.0,73.0,3316,3065.686941683421
2020-02-29,7121,7.0,73.0,3287,3076.1166524466116
2020-03-31,7122,7.0,73.0,2918,3084.9034585946697
2020-04-30,7123,7.0,73.0,2885,3077.949147819892
2020-05-31,7124,7.0,73.0,2867,3069.9095999940632
2020-06-30,7125,7.0,73.0,3000,3061.4550333276443
2020-07-31,7126,7.0,73.0,2993,3058.8944069389927
2020-08-31,7127,7.0,73.0,2815,3056.148806649868
2020-09-30,7128,7.0,73.0,2854,3046.100939706124
2020-10-31,7129,7.0,73.0,2961,3038.0967338850355
2020-11-30,7130,7.0,73.0,2955,3034.884369973159
2020-12-31,7131,7.0,73.0,2882,3031.555854557611
2021-01-31,7132,7.0,73.0,2878,3025.3243606177107
2021-02-28,7133,7.0,73.0,2779,3019.185845591973
2021-03-31,7134,7.0,73.0,2834,3009.1781020256403
2021-04-30,7135,7.0,73.0,2731,3001.8790144412387
2021-05-31,7136,7.0,73.0,2920,2990.5923888395205
2021-06-30,7137,7.0,73.0,3123,2987.6510393045405
2021-07-31,7138,7.0,73.0,3236,2993.290579333518
2021-08-31,7139,7.0,73.0,3454,3003.4034718612884
2021-09-30,7140,7.0,73.0,3517,3022.1783272004013
2021-10-31,7141,7.0,73.0,3595,3042.7958969003844
2021-11-30,7142,7.0,73.0,3709,3065.8044011962015
2021-12-31,7143,7.0,73.0,3741,3092.6042178130265
2022-01-31,7144,7.0,73.0,3762,3119.6207087374837
2022-02-28,7145,7.0,73.0,3784,3146.3865125400885
2022-03-31,7146,7.0,73.0,4005,3172.9537411842516
2022-04-30,7147,7.0,73.0,4079,3207.6223353015744
2022-05-31,7148,7.0,73.0,4176,3243.9297379973423
2022-06-30,7149,7.0,73.0,4258,3282.76599891412
2022-07-31,7150,7.0,73.0,4286,3323.4007489593646
2022-08-31,7151,7.0,73.0,4302,3363.509051086058
2022-09-30,7152,7.0,73.0,4430,3402.612840624139
2022-10-31,7153,7.0,73.0,4381,3445.420638931467
2022-11-30,7154,7.0,73.0,4603,3484.4031123093223
2022-12-31,7155,7.0,73.0,4611,3531.0113159631005
2023-01-31,7156,7.0,73.0,4652,3576.010844464638
2023-02-28,7157,7.0,73.0,4735,3620.8437259452785
2023-03-31,7158,7.0,73.0,4761,3667.266904030892
2023-04-30,7159,7.0,73.0,4796,3712.839116362938
2023-05-31,7160,7.0,73.0,4829,3757.970819847816
2023-06-30,7161,7.0,73.0,4900,3802.597035687491
2023-07-31,7162,7.0,73.0,4933,3848.322159200512
2010-02-28,7163,7.0,74.0,1758,1758.0
2010-03-31,7164,7.0,74.0,1758,1758.0
2010-04-30,7165,7.0,74.0,1772,1758.0
2010-05-31,7166,7.0,74.0,1770,1758.5833333333333
2010-06-30,7167,7.0,74.0,1769,1759.0590277777778
2010-07-31,7168,7.0,74.0,1772,1759.4732349537037
2010-08-31,7169,7.0,74.0,1785,1759.9951834972994
2010-09-30,7170,7.0,74.0,1794,1761.0370508515787
2010-10-31,7171,7.0,74.0,1826,1762.4105070660962
2010-11-30,7172,7.0,74.0,1847,1765.0600692716755
2010-12-31,7173,7.0,74.0,1837,1768.4742330520223
2011-01-31,7174,7.0,74.0,1851,1771.3294733415216
2011-02-28,7175,7.0,74.0,1883,1774.6490786189584
2011-03-31,7176,7.0,74.0,1905,1779.1637003431683
2011-04-30,7177,7.0,74.0,1899,1784.4068794955365
2011-05-31,7178,7.0,74.0,1715,1789.1815928498893
2011-06-30,7179,7.0,74.0,1715,1786.0906931478105
2011-07-31,7180,7.0,74.0,2193,1783.1285809333183
2011-08-31,7181,7.0,74.0,2159,1800.2065567277634
2011-09-30,7182,7.0,74.0,2189,1815.1562835307732
2011-10-31,7183,7.0,74.0,2185,1830.7331050503242
2011-11-30,7184,7.0,74.0,2184,1845.4942256732274
2011-12-31,7185,7.0,74.0,2167,1859.598632936843
2012-01-31,7186,7.0,74.0,2136,1872.4070232311412
2012-02-29,7187,7.0,74.0,1917,1883.3900639298438
2012-03-31,7188,7.0,74.0,1891,1884.790477932767
2012-04-30,7189,7.0,74.0,1884,1885.049208018902
2012-05-31,7190,7.0,74.0,1904,1885.0054910181145
2012-06-30,7191,7.0,74.0,1885,1885.7969288923598
2012-07-31,7192,7.0,74.0,1872,1885.763723521845
2012-08-31,7193,7.0,74.0,1834,1885.1902350417681
2012-09-30,7194,7.0,74.0,1835,1883.0573085816945
2012-10-31,7195,7.0,74.0,1838,1881.054920724124
2012-11-30,7196,7.0,74.0,1773,1879.2609656939521
2012-12-31,7197,7.0,74.0,1736,1874.8334254567042
2013-01-31,7198,7.0,74.0,1741,1869.0486993960083
2013-02-28,7199,7.0,74.0,1767,1863.7133369211747
2013-03-31,7200,7.0,74.0,1748,1859.6836145494592
2013-04-30,7201,7.0,74.0,1740,1855.0301306098984
2013-05-31,7202,7.0,74.0,1741,1850.2372085011527
2013-06-30,7203,7.0,74.0,1740,1845.6856581469383
2013-07-31,7204,7.0,74.0,1744,1841.2820890574826
2013-08-31,7205,7.0,74.0,1739,1837.2286686800876
2013-09-30,7206,7.0,74.0,1725,1833.135807485084
2013-10-31,7207,7.0,74.0,1735,1828.6301488398722
2013-11-30,7208,7.0,74.0,1744,1824.728892638211
2013-12-31,7209,7.0,74.0,1718,1821.3651887782855
2014-01-31,7210,7.0,74.0,1716,1817.0583059125236
2014-02-28,7211,7.0,74.0,1731,1812.8475431661684
2014-03-31,7212,7.0,74.0,1648,1809.4372288675781
2014-04-30,7213,7.0,74.0,1630,1802.7106776647624
2014-05-31,7214,7.0,74.0,1619,1795.5143994287307
2014-06-30,7215,7.0,74.0,1623,1788.159632785867
2014-07-31,7216,7.0,74.0,1594,1781.2779814197893
2014-08-31,7217,7.0,74.0,1430,1773.4747321939649
2014-09-30,7218,7.0,74.0,1435,1759.1632850192163
2014-10-31,7219,7.0,74.0,1448,1745.6564814767491
2014-11-30,7220,7.0,74.0,1430,1733.2541280818846
2014-12-31,7221,7.0,74.0,1418,1720.618539411806
2015-01-31,7222,7.0,74.0,1416,1708.0094336029808
2015-02-28,7223,7.0,74.0,1453,1695.8423738695233
2015-03-31,7224,7.0,74.0,1430,1685.72394162496
2015-04-30,7225,7.0,74.0,1275,1675.0687773905865
2015-05-31,7226,7.0,74.0,1282,1658.3992449993123
2015-06-30,7227,7.0,74.0,1266,1642.715943124341
2015-07-31,7228,7.0,74.0,1258,1627.0194454941602
2015-08-31,7229,7.0,74.0,1263,1611.643635265237
2015-09-30,7230,7.0,74.0,1253,1597.1168171291854
2015-10-31,7231,7.0,74.0,1257,1582.7786164154693
2015-11-30,7232,7.0,74.0,1294,1569.204507398158
2015-12-31,7233,7.0,74.0,1285,1557.737652923235
2016-01-31,7234,7.0,74.0,1302,1546.3735840514337
2016-02-29,7235,7.0,74.0,1312,1536.191351382624
2016-03-31,7236,7.0,74.0,1311,1526.8500450750148
2016-04-30,7237,7.0,74.0,1312,1517.8562931968893
2016-05-31,7238,7.0,74.0,1312,1509.278947647019
2016-06-30,7239,7.0,74.0,1342,1501.0589914950601
2016-07-31,7240,7.0,74.0,1346,1494.4315335160993
2016-08-31,7241,7.0,74.0,1337,1488.2468862862618
2016-09-30,7242,7.0,74.0,1285,1481.9449326910008
2016-10-31,7243,7.0,74.0,1274,1473.738893828876
2016-11-30,7244,7.0,74.0,1295,1465.4164399193394
2016-12-31,7245,7.0,74.0,1286,1458.3157549227003
2017-01-31,7246,7.0,74.0,1292,1451.135931800921
2017-02-28,7247,7.0,74.0,1288,1444.5052679758826
2017-03-31,7248,7.0,74.0,1318,1437.9842151435544
2017-04-30,7249,7.0,74.0,1313,1432.9848728459065
2017-05-31,7250,7.0,74.0,1312,1427.9855031439936
2017-06-30,7251,7.0,74.0,1326,1423.1527738463274
2017-07-31,7252,7.0,74.0,1322,1419.1047416027304
2017-08-31,7253,7.0,74.0,1316,1415.0587107026167
2017-09-30,7254,7.0,74.0,1379,1410.931264423341
2017-10-31,7255,7.0,74.0,1386,1409.6007950723683
2017-11-30,7256,7.0,74.0,1425,1408.6174286110197
2017-12-31,7257,7.0,74.0,1252,1409.3000357522274
2018-01-31,7258,7.0,74.0,1246,1402.7458675958846
2018-02-28,7259,7.0,74.0,1279,1396.2147897793895
2018-03-31,7260,7.0,74.0,1266,1391.3308402052485
2018-04-30,7261,7.0,74.0,1275,1386.1087218633631
2018-05-31,7262,7.0,74.0,1273,1381.479191785723
2018-06-30,7263,7.0,74.0,1296,1376.959225461318
2018-07-31,7264,7.0,74.0,1286,1373.5859244004298
2018-08-31,7265,7.0,74.0,1196,1369.9365108837453
2018-09-30,7266,7.0,74.0,1211,1362.6891562635892
2018-10-31,7267,7.0,74.0,1256,1356.3687747526062
2018-11-30,7268,7.0,74.0,1289,1352.1867424712475
2018-12-31,7269,7.0,74.0,1272,1349.5539615349455
2019-01-31,7270,7.0,74.0,1302,1346.3225464709894
2019-02-28,7271,7.0,74.0,1294,1344.475773701365
2019-03-31,7272,7.0,74.0,1313,1342.372616463808
2019-04-30,7273,7.0,74.0,1221,1341.1487574444827
2019-05-31,7274,7.0,74.0,1234,1336.1425592176292
2019-06-30,7275,7.0,74.0,1223,1331.8866192502283
2019-07-31,7276,7.0,74.0,1196,1327.3496767814688
2019-08-31,7277,7.0,74.0,1189,1321.876773582241
2019-09-30,7278,7.0,74.0,1199,1316.3402413496476
2019-10-31,7279,7.0,74.0,1222,1311.4510646267456
2019-11-30,7280,7.0,74.0,1221,1307.7239369339648
2019-12-31,7281,7.0,74.0,1220,1304.1104395617162
2020-01-31,7282,7.0,74.0,1238,1300.6058379133115
2020-02-29,7283,7.0,74.0,1243,1297.9972613335901
2020-03-31,7284,7.0,74.0,1177,1295.705708778024
2020-04-30,7285,7.0,74.0,1130,1290.7596375789399
2020-05-31,7286,7.0,74.0,1091,1284.061319346484
2020-06-30,7287,7.0,74.0,1075,1276.017097707047
2020-07-31,7288,7.0,74.0,1054,1267.6413853025867
2020-08-31,7289,7.0,74.0,1041,1258.7396609149791
2020-09-30,7290,7.0,74.0,1027,1249.6671750435216
2020-10-31,7291,7.0,74.0,1024,1240.389376083375
2020-11-30,7292,7.0,74.0,1048,1231.3731520799013
2020-12-31,7293,7.0,74.0,1029,1223.7326040765722
2021-01-31,7294,7.0,74.0,1031,1215.6187455733818
2021-02-28,7295,7.0,74.0,1040,1207.9262978411575
2021-03-31,7296,7.0,74.0,1029,1200.9293687644426
2021-04-30,7297,7.0,74.0,742,1193.7656450659242
2021-05-31,7298,7.0,74.0,722,1174.942076521511
2021-06-30,7299,7.0,74.0,649,1156.0694899997814
2021-07-31,7300,7.0,74.0,595,1134.941594583124
2021-08-31,7301,7.0,74.0,596,1112.4440281421607
2021-09-30,7302,7.0,74.0,600,1090.9255269695707
2021-10-31,7303,7.0,74.0,802,1070.470296679172
2021-11-30,7304,7.0,74.0,804,1059.2840343175399
2021-12-31,7305,7.0,74.0,899,1048.647199554309
2022-01-31,7306,7.0,74.0,929,1042.4118995728795
2022-02-28,7307,7.0,74.0,834,1037.686403757343
2022-03-31,7308,7.0,74.0,839,1029.1994702674538
2022-04-30,7309,7.0,74.0,851,1021.2744923396433
2022-05-31,7310,7.0,74.0,854,1014.1797218254916
2022-06-30,7311,7.0,74.0,862,1007.5055667494295
2022-07-31,7312,7.0,74.0,870,1001.4428348015366
2022-08-31,7313,7.0,74.0,855,995.9660500181393
2022-09-30,7314,7.0,74.0,875,990.0924646007169
2022-10-31,7315,7.0,74.0,883,985.2969452423538
2022-11-30,7316,7.0,74.0,876,981.0345725239224
2022-12-31,7317,7.0,74.0,889,976.6581320020923
2023-01-31,7318,7.0,74.0,885,973.0057098353385
2023-02-28,7319,7.0,74.0,884,969.3388052588662
2023-03-31,7320,7.0,74.0,909,965.7830217064135
2023-04-30,7321,7.0,74.0,948,963.4170624686462
2023-05-31,7322,7.0,74.0,981,962.774684865786
2023-06-30,7323,7.0,74.0,991,963.5340729963782
2023-07-31,7324,7.0,74.0,1013,964.6784866215291
2010-02-28,7325,7.0,75.0,12421,12421.0
2010-03-31,7326,7.0,75.0,12408,12421.0
2010-04-30,7327,7.0,75.0,12494,12420.458333333334
2010-05-31,7328,7.0,75.0,12745,12423.522569444445
2010-06-30,7329,7.0,75.0,12829,12436.91746238426
2010-07-31,7330,7.0,75.0,12852,12453.254234784916
2010-08-31,7331,7.0,75.0,12955,12469.868641668878
2010-09-30,7332,7.0,75.0,13047,12490.082448266008
2010-10-31,7333,7.0,75.0,13206,12513.287346254925
2010-11-30,7334,7.0,75.0,12753,12542.150373494303
2010-12-31,7335,7.0,75.0,12848,12550.935774598707
2011-01-31,7336,7.0,75.0,12842,12563.313450657095
2011-02-28,7337,7.0,75.0,12772,12574.925390213051
2011-03-31,7338,7.0,75.0,12704,12583.136832287508
2011-04-30,7339,7.0,75.0,13267,12588.172797608862
2011-05-31,7340,7.0,75.0,13387,12616.45726437516
2011-06-30,7341,7.0,75.0,13709,12648.563211692861
2011-07-31,7342,7.0,75.0,13862,12692.748077872326
2011-08-31,7343,7.0,75.0,13940,12741.46690796098
2011-09-30,7344,7.0,75.0,14180,12791.40578679594
2011-10-31,7345,7.0,75.0,14182,12849.263879012777
2011-11-30,7346,7.0,75.0,13901,12904.794550720577
2011-12-31,7347,7.0,75.0,14103,12946.303111107221
2012-01-31,7348,7.0,75.0,14110,12994.498814811088
2012-02-29,7349,7.0,75.0,14071,13040.978030860626
2012-03-31,7350,7.0,75.0,13991,13083.8956129081
2012-04-30,7351,7.0,75.0,14285,13121.69162903693
2012-05-31,7352,7.0,75.0,14296,13170.162811160393
2012-06-30,7353,7.0,75.0,13064,13217.07269402871
2012-07-31,7354,7.0,75.0,12991,13210.694665110848
2012-08-31,7355,7.0,75.0,13151,13201.54072073123
2012-09-30,7356,7.0,75.0,13026,13199.434857367429
2012-10-31,7357,7.0,75.0,13088,13192.20840497712
2012-11-30,7358,7.0,75.0,13003,13187.866388103075
2012-12-31,7359,7.0,75.0,13181,13180.163621932114
2013-01-31,7360,7.0,75.0,13279,13180.198471018277
2013-02-28,7361,7.0,75.0,13810,13184.315201392516
2013-03-31,7362,7.0,75.0,13747,13210.385401334494
2013-04-30,7363,7.0,75.0,13638,13232.744342945556
2013-05-31,7364,7.0,75.0,13481,13249.629995322824
2013-06-30,7365,7.0,75.0,13730,13259.270412184374
2013-07-31,7366,7.0,75.0,13822,13278.884145010026
2013-08-31,7367,7.0,75.0,13855,13301.513972301274
2013-09-30,7368,7.0,75.0,13903,13324.575890122054
2013-10-31,7369,7.0,75.0,14188,13348.676894700302
2013-11-30,7370,7.0,75.0,14251,13383.648690754457
2013-12-31,7371,7.0,75.0,14392,13419.788328639688
2014-01-31,7372,7.0,75.0,14708,13460.2971482797
2014-02-28,7373,7.0,75.0,14626,13512.28476710138
2014-03-31,7374,7.0,75.0,14734,13558.689568472157
2014-04-30,7375,7.0,75.0,14929,13607.660836452484
2014-05-31,7376,7.0,75.0,14981,13662.71663493363
2014-06-30,7377,7.0,75.0,15015,13717.645108478062
2014-07-31,7378,7.0,75.0,15465,13771.701562291477
2014-08-31,7379,7.0,75.0,15702,13842.255663862667
2014-09-30,7380,7.0,75.0,15748,13919.745011201723
2014-10-31,7381,7.0,75.0,16037,13995.922302401652
2014-11-30,7382,7.0,75.0,16197,14080.96720646825
2014-12-31,7383,7.0,75.0,16214,14169.135239532074
2015-01-31,7384,7.0,75.0,16436,14254.337937884906
2015-02-28,7385,7.0,75.0,16921,14345.24052380637
2015-03-31,7386,7.0,75.0,16989,14452.563835314437
2015-04-30,7387,7.0,75.0,17124,14558.248675509669
2015-05-31,7388,7.0,75.0,17198,14665.154980696767
2015-06-30,7389,7.0,75.0,17495,14770.690189834402
2015-07-31,7390,7.0,75.0,17626,14884.203098591302
2015-08-31,7391,7.0,75.0,18060,14998.444636149998
2015-09-30,7392,7.0,75.0,18166,15126.009442977082
2015-10-31,7393,7.0,75.0,18451,15252.67571618637
2015-11-30,7394,7.0,75.0,18339,15385.939228011937
2015-12-31,7395,7.0,75.0,18077,15508.983426844774
2016-01-31,7396,7.0,75.0,17877,15615.984117392909
2016-02-29,7397,7.0,75.0,18281,15710.193112501538
2016-03-31,7398,7.0,75.0,18316,15817.310066147309
2016-04-30,7399,7.0,75.0,17708,15921.422146724504
2016-05-31,7400,7.0,75.0,17220,15995.862890610984
2016-06-30,7401,7.0,75.0,17640,16046.868603502195
2016-07-31,7402,7.0,75.0,17849,16113.24907835627
2016-08-31,7403,7.0,75.0,17678,16185.57203342476
2016-09-30,7404,7.0,75.0,17650,16247.756532032063
2016-10-31,7405,7.0,75.0,17782,16306.183343197394
2016-11-30,7406,7.0,75.0,17467,16367.675703897503
2016-12-31,7407,7.0,75.0,17479,16413.480882901775
2017-01-31,7408,7.0,75.0,17429,16457.87751278087
2017-02-28,7409,7.0,75.0,18025,16498.340949748334
2017-03-31,7410,7.0,75.0,18190,16561.95174350882
2017-04-30,7411,7.0,75.0,18856,16629.787087529287
2017-05-31,7412,7.0,75.0,18834,16722.545958882234
2017-06-30,7413,7.0,75.0,19177,16810.523210595475
2017-07-31,7414,7.0,75.0,18566,16909.126410153996
2017-08-31,7415,7.0,75.0,18756,16978.162809730915
2017-09-30,7416,7.0,75.0,18961,17052.23935932546
2017-10-31,7417,7.0,75.0,19510,17131.7710526869
2017-11-30,7418,7.0,75.0,19612,17230.863925491616
2017-12-31,7419,7.0,75.0,20524,17330.077928596133
2018-01-31,7420,7.0,75.0,20426,17463.158014904628
2018-02-28,7421,7.0,75.0,20637,17586.6097642836
2018-03-31,7422,7.0,75.0,20244,17713.70935743845
2018-04-30,7423,7.0,75.0,20993,17819.138134211848
2018-05-31,7424,7.0,75.0,20917,17951.382378619688
2018-06-30,7425,7.0,75.0,20739,18074.949779510538
2018-07-31,7426,7.0,75.0,21046,18185.95187203093
2018-08-31,7427,7.0,75.0,20872,18305.120544029643
2018-09-30,7428,7.0,75.0,20993,18412.073854695078
2018-10-31,7429,7.0,75.0,21987,18519.61244408278
2018-11-30,7430,7.0,75.0,21882,18664.086925579333
2018-12-31,7431,7.0,75.0,21747,18798.166637013528
2019-01-31,7432,7.0,75.0,22199,18921.03469380463
2019-02-28,7433,7.0,75.0,22413,19057.616581562772
2019-03-31,7434,7.0,75.0,22131,19197.424223997656
2019-04-30,7435,7.0,75.0,22277,19319.656547997754
2019-05-31,7436,7.0,75.0,21834,19442.87919183118
2019-06-30,7437,7.0,75.0,22090,19542.50922550488
2019-07-31,7438,7.0,75.0,22034,19648.65467444218
2019-08-31,7439,7.0,75.0,22263,19748.044063007088
2019-09-30,7440,7.0,75.0,22486,19852.833893715127
2019-10-31,7441,7.0,75.0,22348,19962.549148143666
2019-11-30,7442,7.0,75.0,22235,20061.94293363768
2019-12-31,7443,7.0,75.0,22456,20152.486978069443
2020-01-31,7444,7.0,75.0,22775,20248.46668731655
2020-02-29,7445,7.0,75.0,23091,20353.738908678362
2020-03-31,7446,7.0,75.0,22996,20467.791454150098
2020-04-30,7447,7.0,75.0,22654,20573.133476893847
2020-05-31,7448,7.0,75.0,22579,20659.83624868994
2020-06-30,7449,7.0,75.0,22784,20739.801404994527
2020-07-31,7450,7.0,75.0,23018,20824.976346453088
2020-08-31,7451,7.0,75.0,23181,20916.35233201754
2020-09-30,7452,7.0,75.0,23269,21010.71265151681
2020-10-31,7453,7.0,75.0,23678,21104.80795770361
2020-11-30,7454,7.0,75.0,23417,21212.024292799295
2020-12-31,7455,7.0,75.0,23587,21303.898280599326
2021-01-31,7456,7.0,75.0,24061,21399.02751890769
2021-02-28,7457,7.0,75.0,24191,21509.943038953203
2021-03-31,7458,7.0,75.0,24182,21621.653745663487
2021-04-30,7459,7.0,75.0,24519,21728.334839594176
2021-05-31,7460,7.0,75.0,24353,21844.612554611085
2021-06-30,7461,7.0,75.0,28377,21949.128698168955
2021-07-31,7462,7.0,75.0,29080,22216.956669078583
2021-08-31,7463,7.0,75.0,29973,22502.91680786698
2021-09-30,7464,7.0,75.0,30391,22814.170274205855
2021-10-31,7465,7.0,75.0,32202,23129.871512780614
2021-11-30,7466,7.0,75.0,31388,23507.876866414754
2021-12-31,7467,7.0,75.0,31695,23836.21533031414
2022-01-31,7468,7.0,75.0,32254,24163.66469155105
2022-02-28,7469,7.0,75.0,32322,24500.76199606976
2022-03-31,7470,7.0,75.0,32362,24826.646912900185
2022-04-30,7471,7.0,75.0,32656,25140.619958196014
2022-05-31,7472,7.0,75.0,33193,25453.760793271184
2022-06-30,7473,7.0,75.0,32774,25776.229093551552
2022-07-31,7474,7.0,75.0,33027,26067.802881320236
2022-08-31,7475,7.0,75.0,34548,26357.769427931893
2022-09-30,7476,7.0,75.0,34816,26699.029035101397
2022-10-31,7477,7.0,75.0,34790,27037.23615863884
2022-11-30,7478,7.0,75.0,34493,27360.26798536222
2022-12-31,7479,7.0,75.0,34154,27657.465152638793
2023-01-31,7480,7.0,75.0,34064,27928.15410461218
2023-02-28,7481,7.0,75.0,34199,28183.81435025334
2023-03-31,7482,7.0,75.0,34349,28434.44708565945
2023-04-30,7483,7.0,75.0,34961,28680.88679042364
2023-05-31,7484,7.0,75.0,34962,28942.558174155987
2023-06-30,7485,7.0,75.0,35156,29193.368250232823
2023-07-31,7486,7.0,75.0,35886,29441.811239806455
2010-02-28,7487,7.0,76.0,6186,6186.0
2010-03-31,7488,7.0,76.0,6208,6186.0
2010-04-30,7489,7.0,76.0,6218,6186.916666666667
2010-05-31,7490,7.0,76.0,6232,6188.211805555556
2010-06-30,7491,7.0,76.0,6234,6190.036313657408
2010-07-31,7492,7.0,76.0,6336,6191.868133921683
2010-08-31,7493,7.0,76.0,6426,6197.873628341613
2010-09-30,7494,7.0,76.0,6593,6207.378893827379
2010-10-31,7495,7.0,76.0,6782,6223.446439917905
2010-11-30,7496,7.0,76.0,6782,6246.719504921326
2010-12-31,7497,7.0,76.0,6719,6269.022858882938
2011-01-31,7498,7.0,76.0,6671,6287.7719064294815
2011-02-28,7499,7.0,76.0,6831,6303.7397436615865
2011-03-31,7500,7.0,76.0,6836,6325.708921009021
2011-04-30,7501,7.0,76.0,6972,6346.971049300311
2011-05-31,7502,7.0,76.0,7013,6373.013922246132
2011-06-30,7503,7.0,76.0,7100,6399.680008819209
2011-07-31,7504,7.0,76.0,7171,6428.860008451742
2011-08-31,7505,7.0,76.0,7071,6459.782508099586
2011-09-30,7506,7.0,76.0,7165,6485.249903595437
2011-10-31,7507,7.0,76.0,7240,6513.572824278961
2011-11-30,7508,7.0,76.0,7211,6543.840623267338
2011-12-31,7509,7.0,76.0,7290,6571.6389306311985
2012-01-31,7510,7.0,76.0,7207,6601.570641854899
2012-02-29,7511,7.0,76.0,7127,6626.796865110945
2012-03-31,7512,7.0,76.0,7125,6647.638662397989
2012-04-30,7513,7.0,76.0,7199,6667.528718131406
2012-05-31,7514,7.0,76.0,7153,6689.673354875931
2012-06-30,7515,7.0,76.0,7603,6708.978631756101
2012-07-31,7516,7.0,76.0,8240,6746.2295220995975
2012-08-31,7517,7.0,76.0,7961,6808.469958678781
2012-09-30,7518,7.0,76.0,8220,6856.492043733831
2012-10-31,7519,7.0,76.0,8268,6913.304875244922
2012-11-30,7520,7.0,76.0,8354,6969.75050544305
2012-12-31,7521,7.0,76.0,6988,7027.427567716257
2013-01-31,7522,7.0,76.0,6963,7025.784752394747
2013-02-28,7523,7.0,76.0,6929,7023.168721044965
2013-03-31,7524,7.0,76.0,7009,7019.245024334758
2013-04-30,7525,7.0,76.0,6991,7018.818148320811
2013-05-31,7526,7.0,76.0,7092,7017.659058807444
2013-06-30,7527,7.0,76.0,7112,7020.7565980238005
2013-07-31,7528,7.0,76.0,7113,7024.558406439475
2013-08-31,7529,7.0,76.0,7336,7028.24347283783
2013-09-30,7530,7.0,76.0,7512,7041.066661469588
2013-10-31,7531,7.0,76.0,7603,7060.688883908356
2013-11-30,7532,7.0,76.0,7502,7083.285180412175
2013-12-31,7533,7.0,76.0,7520,7100.731631228334
2014-01-31,7534,7.0,76.0,7582,7118.201146593819
2014-02-28,7535,7.0,76.0,7613,7137.526098819078
2014-03-31,7536,7.0,76.0,7524,7157.337511368282
2014-04-30,7537,7.0,76.0,7596,7172.61511506127
2014-05-31,7538,7.0,76.0,7249,7190.256151933718
2014-06-30,7539,7.0,76.0,7211,7192.703812269813
2014-07-31,7540,7.0,76.0,7152,7193.466153425237
2014-08-31,7541,7.0,76.0,7210,7191.738397032519
2014-09-30,7542,7.0,76.0,7369,7192.499297156165
2014-10-31,7543,7.0,76.0,7629,7199.853493107992
2014-11-30,7544,7.0,76.0,7573,7217.734597561826
2014-12-31,7545,7.0,76.0,7592,7232.537322663417
2015-01-31,7546,7.0,76.0,7478,7247.514934219108
2015-02-28,7547,7.0,76.0,7464,7257.118478626645
2015-03-31,7548,7.0,76.0,7586,7265.738542017201
2015-04-30,7549,7.0,76.0,7691,7279.082769433151
2015-05-31,7550,7.0,76.0,7712,7296.245987373436
2015-06-30,7551,7.0,76.0,7654,7313.569071232876
2015-07-31,7552,7.0,76.0,7651,7327.75369326484
2015-08-31,7553,7.0,76.0,7730,7341.222289378806
2015-09-30,7554,7.0,76.0,7992,7357.421360654689
2015-10-31,7555,7.0,76.0,8187,7383.862137294077
2015-11-30,7556,7.0,76.0,8283,7417.326214906824
2015-12-31,7557,7.0,76.0,8724,7453.395955952374
2016-01-31,7558,7.0,76.0,8650,7506.3377911210255
2016-02-29,7559,7.0,76.0,8703,7553.99038315765
2016-03-31,7560,7.0,76.0,8746,7601.865783859415
2016-04-30,7561,7.0,76.0,8836,7649.538042865273
2016-05-31,7562,7.0,76.0,9002,7698.973957745888
2016-06-30,7563,7.0,76.0,8972,7753.266709506475
2016-07-31,7564,7.0,76.0,8969,7804.047263277039
2016-08-31,7565,7.0,76.0,8986,7852.586960640496
2016-09-30,7566,7.0,76.0,9121,7899.812503947142
2016-10-31,7567,7.0,76.0,9245,7950.6953162826785
2016-11-30,7568,7.0,76.0,9342,8004.624678104234
2016-12-31,7569,7.0,76.0,9190,8060.3486498498905
2017-01-31,7570,7.0,76.0,9151,8107.417456106145
2017-02-28,7571,7.0,76.0,8979,8150.900062101723
2017-03-31,7572,7.0,76.0,9271,8185.404226180818
2017-04-30,7573,7.0,76.0,9278,8230.637383423284
2017-05-31,7574,7.0,76.0,9254,8274.277492447314
2017-06-30,7575,7.0,76.0,9385,8315.099263595343
2017-07-31,7576,7.0,76.0,9389,8359.678460945537
2017-08-31,7577,7.0,76.0,9576,8402.56685840614
2017-09-30,7578,7.0,76.0,9777,8451.459905972551
2017-10-31,7579,7.0,76.0,10166,8506.690743223695
2017-11-30,7580,7.0,76.0,10188,8575.828628922709
2017-12-31,7581,7.0,76.0,10196,8643.00243605093
2018-01-31,7582,7.0,76.0,9707,8707.710667882142
2018-02-28,7583,7.0,76.0,9623,8749.347723387054
2018-03-31,7584,7.0,76.0,9307,8785.749901579262
2018-04-30,7585,7.0,76.0,9163,8807.468655680126
2018-05-31,7586,7.0,76.0,9092,8822.282461693454
2018-06-30,7587,7.0,76.0,9019,8833.520692456228
2018-07-31,7588,7.0,76.0,8843,8841.248996937218
2018-08-31,7589,7.0,76.0,9000,8841.321955398169
2018-09-30,7590,7.0,76.0,9105,8847.933540589913
2018-10-31,7591,7.0,76.0,9342,8858.644643065334
2018-11-30,7592,7.0,76.0,9455,8878.784449604278
2018-12-31,7593,7.0,76.0,9355,8902.793430870768
2019-01-31,7594,7.0,76.0,9240,8921.635371251152
2019-02-28,7595,7.0,76.0,9268,8934.900564115687
2019-03-31,7596,7.0,76.0,9238,8948.779707277534
2019-04-30,7597,7.0,76.0,9084,8960.830552807636
2019-05-31,7598,7.0,76.0,9854,8965.962613107318
2019-06-30,7599,7.0,76.0,9824,9002.964170894515
2019-07-31,7600,7.0,76.0,9874,9037.173997107244
2019-08-31,7601,7.0,76.0,10013,9072.041747227775
2019-09-30,7602,7.0,76.0,9933,9111.248341093285
2019-10-31,7603,7.0,76.0,10278,9145.487993547733
2019-11-30,7604,7.0,76.0,10123,9192.675993816578
2019-12-31,7605,7.0,76.0,9928,9231.43949407422
2020-01-31,7606,7.0,76.0,9929,9260.462848487794
2020-02-29,7607,7.0,76.0,9807,9288.318563134137
2020-03-31,7608,7.0,76.0,9664,9309.930289670214
2020-04-30,7609,7.0,76.0,9627,9324.683194267289
2020-05-31,7610,7.0,76.0,9624,9337.279727839485
2020-06-30,7611,7.0,76.0,9560,9349.226405846173
2020-07-31,7612,7.0,76.0,9514,9358.008638935917
2020-08-31,7613,7.0,76.0,9561,9364.508278980253
2020-09-30,7614,7.0,76.0,9561,9372.695434022742
2020-10-31,7615,7.0,76.0,9564,9380.541457605128
2020-11-30,7616,7.0,76.0,9622,9388.185563538247
2020-12-31,7617,7.0,76.0,9460,9397.927831724153
2021-01-31,7618,7.0,76.0,9672,9400.51417206898
2021-02-28,7619,7.0,76.0,9721,9411.826081566107
2021-03-31,7620,7.0,76.0,9814,9424.708328167519
2021-04-30,7621,7.0,76.0,9838,9440.928814493871
2021-05-31,7622,7.0,76.0,9790,9457.473447223292
2021-06-30,7623,7.0,76.0,8880,9471.328720255655
2021-07-31,7624,7.0,76.0,9137,9446.690023578336
2021-08-31,7625,7.0,76.0,9453,9433.786272595906
2021-09-30,7626,7.0,76.0,9569,9434.586844571077
2021-10-31,7627,7.0,76.0,9742,9440.18739271395
2021-11-30,7628,7.0,76.0,9734,9452.762918017535
2021-12-31,7629,7.0,76.0,9657,9464.481129766806
2022-01-31,7630,7.0,76.0,9717,9472.502749359855
2022-02-28,7631,7.0,76.0,9729,9482.690134803195
2022-03-31,7632,7.0,76.0,9619,9492.953045853063
2022-04-30,7633,7.0,76.0,9650,9498.205002275852
2022-05-31,7634,7.0,76.0,9729,9504.529793847692
2022-06-30,7635,7.0,76.0,9745,9513.882719104038
2022-07-31,7636,7.0,76.0,9704,9523.512605808037
2022-08-31,7637,7.0,76.0,9776,9531.03291389937
2022-09-30,7638,7.0,76.0,9799,9541.23987582023
2022-10-31,7639,7.0,76.0,9906,9551.979880994388
2022-11-30,7640,7.0,76.0,9835,9566.730719286288
2022-12-31,7641,7.0,76.0,9739,9577.908605982693
2023-01-31,7642,7.0,76.0,9723,9584.62074740008
2023-02-28,7643,7.0,76.0,9710,9590.386549591743
2023-03-31,7644,7.0,76.0,9671,9595.370443358755
2023-04-30,7645,7.0,76.0,9618,9598.521674885475
2023-05-31,7646,7.0,76.0,9785,9599.333271765247
2023-06-30,7647,7.0,76.0,9751,9607.069385441695
2023-07-31,7648,7.0,76.0,9952,9613.066494381625
2010-02-28,7649,8.0,81.0,12100,12100.0
2010-03-31,7650,8.0,81.0,12177,12100.0
2010-04-30,7651,8.0,81.0,12185,12103.208333333334
2010-05-31,7652,8.0,81.0,12274,12106.616319444445
2010-06-30,7653,8.0,81.0,12386,12113.590639467593
2010-07-31,7654,8.0,81.0,12322,12124.941029489777
2010-08-31,7655,8.0,81.0,12466,12133.151819927703
2010-09-30,7656,8.0,81.0,12504,12147.020494097382
2010-10-31,7657,8.0,81.0,12513,12161.894640176657
2010-11-30,7658,8.0,81.0,12488,12176.524030169297
2010-12-31,7659,8.0,81.0,12910,12189.50219557891
2011-01-31,7660,8.0,81.0,13069,12219.522937429789
2011-02-28,7661,8.0,81.0,13036,12254.91781503688
2011-03-31,7662,8.0,81.0,13064,12287.462906077011
2011-04-30,7663,8.0,81.0,13068,12319.818618323803
2011-05-31,7664,8.0,81.0,13017,12350.992842560312
2011-06-30,7665,8.0,81.0,12997,12378.743140786966
2011-07-31,7666,8.0,81.0,13075,12404.503843254175
2011-08-31,7667,8.0,81.0,13067,12432.441183118584
2011-09-30,7668,8.0,81.0,13081,12458.881133821978
2011-10-31,7669,8.0,81.0,13248,12484.802753246062
2011-11-30,7670,8.0,81.0,13286,12516.602638527476
2011-12-31,7671,8.0,81.0,13340,12548.660861922166
2012-01-31,7672,8.0,81.0,13322,12581.633326008743
2012-02-29,7673,8.0,81.0,13425,12612.481937425047
2012-03-31,7674,8.0,81.0,13473,12646.336856699005
2012-04-30,7675,8.0,81.0,13529,12680.781154336546
2012-05-31,7676,8.0,81.0,13641,12716.12360623919
2012-06-30,7677,8.0,81.0,14052,12754.660122645892
2012-07-31,7678,8.0,81.0,13960,12808.71595086898
2012-08-31,7679,8.0,81.0,14121,12856.686119582773
2012-09-30,7680,8.0,81.0,14072,12909.365864600159
2012-10-31,7681,8.0,81.0,14465,12957.808953575153
2012-11-30,7682,8.0,81.0,14473,13020.608580509523
2012-12-31,7683,8.0,81.0,14389,13081.124889654959
2013-01-31,7684,8.0,81.0,14426,13135.619685919335
2013-02-28,7685,8.0,81.0,15894,13189.385532339364
2013-03-31,7686,8.0,81.0,15973,13302.077801825224
2013-04-30,7687,8.0,81.0,15830,13413.366226749173
2013-05-31,7688,8.0,81.0,15845,13514.059300634624
2013-06-30,7689,8.0,81.0,15926,13611.181829774849
2013-07-31,7690,8.0,81.0,15953,13707.632586867565
2013-08-31,7691,8.0,81.0,15966,13801.189562414751
2013-09-30,7692,8.0,81.0,15996,13891.389997314136
2013-10-31,7693,8.0,81.0,16261,13979.082080759381
2013-11-30,7694,8.0,81.0,16204,14074.161994061073
2013-12-31,7695,8.0,81.0,16375,14162.905244308527
2014-01-31,7696,8.0,81.0,16296,14255.075859129005
2014-02-28,7697,8.0,81.0,16329,14340.11436499863
2014-03-31,7698,8.0,81.0,14945,14422.984599790354
2014-04-30,7699,8.0,81.0,14815,14444.735241465756
2014-05-31,7700,8.0,81.0,15423,14460.162939738017
2014-06-30,7701,8.0,81.0,15431,14500.281150582266
2014-07-31,7702,8.0,81.0,15392,14539.06110264134
2014-08-31,7703,8.0,81.0,15357,14574.60022336462
2014-09-30,7704,8.0,81.0,15363,14607.20021405776
2014-10-31,7705,8.0,81.0,15390,14638.691871805355
2014-11-30,7706,8.0,81.0,15461,14669.9963771468
2014-12-31,7707,8.0,81.0,15330,14702.95486143235
2015-01-31,7708,8.0,81.0,15014,14729.081742206003
2015-02-28,7709,8.0,81.0,14742,14740.953336280754
2015-03-31,7710,8.0,81.0,14789,14740.996947269057
2015-04-30,7711,8.0,81.0,15140,14742.99707446618
2015-05-31,7712,8.0,81.0,14593,14759.538863030091
2015-06-30,7713,8.0,81.0,14441,14752.599743737172
2015-07-31,7714,8.0,81.0,14464,14739.616421081457
2015-08-31,7715,8.0,81.0,14417,14728.132403536396
2015-09-30,7716,8.0,81.0,14426,14715.168553389047
2015-10-31,7717,8.0,81.0,14477,14703.119863664504
2015-11-30,7718,8.0,81.0,14522,14693.698202678484
2015-12-31,7719,8.0,81.0,14405,14686.544110900215
2016-01-31,7720,8.0,81.0,14699,14674.813106279375
2016-02-29,7721,8.0,81.0,14529,14675.820893517735
2016-03-31,7722,8.0,81.0,14602,14669.70335628783
2016-04-30,7723,8.0,81.0,14584,14666.88238310917
2016-05-31,7724,8.0,81.0,15325,14663.428950479622
2016-06-30,7725,8.0,81.0,14677,14690.994410876305
2016-07-31,7726,8.0,81.0,14683,14690.411310423126
2016-08-31,7727,8.0,81.0,14604,14690.102505822162
2016-09-30,7728,8.0,81.0,14615,14686.514901412906
2016-10-31,7729,8.0,81.0,15528,14683.535113854035
2016-11-30,7730,8.0,81.0,15494,14718.721150776784
2016-12-31,7731,8.0,81.0,15579,14751.024436161086
2017-01-31,7732,8.0,81.0,15588,14785.523417987708
2017-02-28,7733,8.0,81.0,15592,14818.95994223822
2017-03-31,7734,8.0,81.0,15698,14851.16994464496
2017-04-30,7735,8.0,81.0,15657,14886.454530284755
2017-05-31,7736,8.0,81.0,15628,14918.56059152289
2017-06-30,7737,8.0,81.0,15330,14948.120566876103
2017-07-31,7738,8.0,81.0,15141,14964.032209922932
2017-08-31,7739,8.0,81.0,15085,14971.40586784281
2017-09-30,7740,8.0,81.0,15160,14976.138956682693
2017-10-31,7741,8.0,81.0,15107,14983.799833487581
2017-11-30,7742,8.0,81.0,15165,14988.933173758933
2017-12-31,7743,8.0,81.0,15052,14996.269291518978
2018-01-31,7744,8.0,81.0,15098,14998.591404372353
2018-02-28,7745,8.0,81.0,15042,15002.733429190173
2018-03-31,7746,8.0,81.0,15115,15004.36953630725
2018-04-30,7747,8.0,81.0,15209,15008.979138961115
2018-05-31,7748,8.0,81.0,15190,15017.313341504403
2018-06-30,7749,8.0,81.0,15235,15024.50861894172
2018-07-31,7750,8.0,81.0,15257,15033.279093152481
2018-08-31,7751,8.0,81.0,15101,15042.600797604462
2018-09-30,7752,8.0,81.0,15215,15045.034097704278
2018-10-31,7753,8.0,81.0,14837,15052.116010299935
2018-11-30,7754,8.0,81.0,14831,15043.152843204105
2018-12-31,7755,8.0,81.0,14889,15034.313141403934
2019-01-31,7756,8.0,81.0,14931,15028.258427178771
2019-02-28,7757,8.0,81.0,14911,15024.205992712989
2019-03-31,7758,8.0,81.0,14806,15019.489076349948
2019-04-30,7759,8.0,81.0,14802,15010.593698168701
2019-05-31,7760,8.0,81.0,14837,15001.90229407834
2019-06-30,7761,8.0,81.0,14856,14995.03136515841
2019-07-31,7762,8.0,81.0,14865,14989.238391610143
2019-08-31,7763,8.0,81.0,14837,14984.06179195972
2019-09-30,7764,8.0,81.0,14865,14977.934217294733
2019-10-31,7765,8.0,81.0,14882,14973.228624907453
2019-11-30,7766,8.0,81.0,14828,14969.427432202978
2019-12-31,7767,8.0,81.0,14839,14963.534622527855
2020-01-31,7768,8.0,81.0,14895,14958.345679922528
2020-02-29,7769,8.0,81.0,14982,14955.706276592424
2020-03-31,7770,8.0,81.0,14909,14956.801848401074
2020-04-30,7771,8.0,81.0,14775,14954.810104717697
2020-05-31,7772,8.0,81.0,14791,14947.318017021127
2020-06-30,7773,8.0,81.0,14861,14940.804766311914
2020-07-31,7774,8.0,81.0,15025,14937.479567715585
2020-08-31,7775,8.0,81.0,14988,14941.126252394102
2020-09-30,7776,8.0,81.0,14875,14943.079325211016
2020-10-31,7777,8.0,81.0,14999,14940.242686660557
2020-11-30,7778,8.0,81.0,15242,14942.6909080497
2020-12-31,7779,8.0,81.0,15764,14955.162120214298
2021-01-31,7780,8.0,81.0,15732,14988.863698538704
2021-02-28,7781,8.0,81.0,15628,15019.827711099591
2021-03-31,7782,8.0,81.0,15587,15045.168223137109
2021-04-30,7783,8.0,81.0,15473,15067.744547173064
2021-05-31,7784,8.0,81.0,15966,15084.630191040855
2021-06-30,7785,8.0,81.0,19171,15121.35393308082
2021-07-31,7786,8.0,81.0,19397,15290.08918586912
2021-08-31,7787,8.0,81.0,19375,15461.21046979124
2021-09-30,7788,8.0,81.0,19920,15624.285033549939
2021-10-31,7789,8.0,81.0,19989,15803.273157152025
2021-11-30,7790,8.0,81.0,19651,15977.678442270691
2021-12-31,7791,8.0,81.0,19595,16130.733507176079
2022-01-31,7792,8.0,81.0,19663,16275.077944377077
2022-02-28,7793,8.0,81.0,19716,16416.241363361365
2022-03-31,7794,8.0,81.0,19723,16553.73130655464
2022-04-30,7795,8.0,81.0,19761,16685.78416878153
2022-05-31,7796,8.0,81.0,19845,16813.918161748967
2022-06-30,7797,8.0,81.0,19992,16940.21323834276
2022-07-31,7798,8.0,81.0,20112,17067.371020078477
2022-08-31,7799,8.0,81.0,20170,17194.23056090854
2022-09-30,7800,8.0,81.0,20296,17318.220954204022
2022-10-31,7801,8.0,81.0,20120,17442.29508111219
2022-11-30,7802,8.0,81.0,20229,17553.86611939918
2022-12-31,7803,8.0,81.0,20358,17665.33003109088
2023-01-31,7804,8.0,81.0,20472,17777.524613128764
2023-02-28,7805,8.0,81.0,20521,17889.794420915066
2023-03-31,7806,8.0,81.0,20674,17999.427986710274
2023-04-30,7807,8.0,81.0,20842,18110.868487264015
2023-05-31,7808,8.0,81.0,20962,18224.665633628018
2023-06-30,7809,8.0,81.0,21147,18338.721232226853
2023-07-31,7810,8.0,81.0,21317,18455.732847550735
2010-02-28,7811,8.0,82.0,3854,3854.0
2010-03-31,7812,8.0,82.0,3794,3854.0000000000005
2010-04-30,7813,8.0,82.0,3881,3851.500000000001
2010-05-31,7814,8.0,82.0,3842,3852.729166666668
2010-06-30,7815,8.0,82.0,3921,3852.282118055557
2010-07-31,7816,8.0,82.0,3947,3855.1453631365757
2010-08-31,7817,8.0,82.0,4034,3858.972639672552
2010-09-30,7818,8.0,82.0,4127,3866.2654463528625
2010-10-31,7819,8.0,82.0,4221,3877.12938608816
2010-11-30,7820,8.0,82.0,4231,3891.457328334487
2010-12-31,7821,8.0,82.0,4189,3905.6049396538833
2011-01-31,7822,8.0,82.0,4098,3917.4130671683047
2011-02-28,7823,8.0,82.0,4166,3924.9375227029586
2011-03-31,7824,8.0,82.0,4264,3934.9817925903358
2011-04-30,7825,8.0,82.0,4434,3948.6908845657385
2011-05-31,7826,8.0,82.0,4553,3968.912097708833
2011-06-30,7827,8.0,82.0,4589,3993.2490936376316
2011-07-31,7828,8.0,82.0,4670,4018.072048069397
2011-08-31,7829,8.0,82.0,4777,4045.2357127331725
2011-09-30,7830,8.0,82.0,4845,4075.7258913692904
2011-10-31,7831,8.0,82.0,4842,4107.778979228904
2011-11-30,7832,8.0,82.0,4856,4138.371521761033
2011-12-31,7833,8.0,82.0,4839,4168.272708354324
2012-01-31,7834,8.0,82.0,4861,4196.219678839561
2012-02-29,7835,8.0,82.0,4832,4223.918858887913
2012-03-31,7836,8.0,82.0,4877,4249.255573100917
2012-04-30,7837,8.0,82.0,4924,4275.411590888379
2012-05-31,7838,8.0,82.0,4951,4302.436107934696
2012-06-30,7839,8.0,82.0,5014,4329.459603437418
2012-07-31,7840,8.0,82.0,5154,4357.98211996086
2012-08-31,7841,8.0,82.0,5236,4391.1495316291575
2012-09-30,7842,8.0,82.0,5233,4426.351634477943
2012-10-31,7843,8.0,82.0,5300,4459.961983041362
2012-11-30,7844,8.0,82.0,5310,4494.963567081305
2012-12-31,7845,8.0,82.0,5420,4528.923418452918
2013-01-31,7846,8.0,82.0,5531,4566.051609350713
2013-02-28,7847,8.0,82.0,5464,4606.257792294433
2013-03-31,7848,8.0,82.0,5603,4641.997050948832
2013-04-30,7849,8.0,82.0,5551,4682.038840492631
2013-05-31,7850,8.0,82.0,5518,4718.245555472105
2013-06-30,7851,8.0,82.0,5549,4751.568657327434
2013-07-31,7852,8.0,82.0,5530,4784.794963272125
2013-08-31,7853,8.0,82.0,5539,4815.845173135786
2013-09-30,7854,8.0,82.0,5638,4845.976624255129
2013-10-31,7855,8.0,82.0,5662,4878.977598244499
2013-11-30,7856,8.0,82.0,5579,4911.603531650979
2013-12-31,7857,8.0,82.0,5116,4939.411717832188
2014-01-31,7858,8.0,82.0,5212,4946.769562922514
2014-02-28,7859,8.0,82.0,5232,4957.820831134076
2014-03-31,7860,8.0,82.0,5234,4969.244963170157
2014-04-30,7861,8.0,82.0,5366,4980.276423038066
2014-05-31,7862,8.0,82.0,5523,4996.348238744813
2014-06-30,7863,8.0,82.0,5416,5018.292062130446
2014-07-31,7864,8.0,82.0,5657,5034.863226208344
2014-08-31,7865,8.0,82.0,5613,5060.785591782996
2014-09-30,7866,8.0,82.0,5534,5083.794525458704
2014-10-31,7867,8.0,82.0,5490,5102.553086897924
2014-11-30,7868,8.0,82.0,5564,5118.696708277177
2014-12-31,7869,8.0,82.0,5493,5137.251012098961
2015-01-31,7870,8.0,82.0,5512,5152.073886594838
2015-02-28,7871,8.0,82.0,5518,5167.07080798672
2015-03-31,7872,8.0,82.0,5610,5181.69285765394
2015-04-30,7873,8.0,82.0,5780,5199.538988585026
2015-05-31,7874,8.0,82.0,5929,5223.72486406065
2015-06-30,7875,8.0,82.0,6023,5253.111328058124
2015-07-31,7876,8.0,82.0,6036,5285.190022722369
2015-08-31,7877,8.0,82.0,6091,5316.473771775603
2015-09-30,7878,8.0,82.0,5932,5348.74569795162
2015-10-31,7879,8.0,82.0,5932,5373.04796053697
2015-11-30,7880,8.0,82.0,5869,5396.33762884793
2015-12-31,7881,8.0,82.0,5875,5416.0318943126
2016-01-31,7882,8.0,82.0,5856,5435.155565382909
2016-02-29,7883,8.0,82.0,5874,5452.690750158621
2016-03-31,7884,8.0,82.0,5866,5470.245302235346
2016-04-30,7885,8.0,82.0,5906,5486.735081308873
2016-05-31,7886,8.0,82.0,5843,5504.204452921003
2016-06-30,7887,8.0,82.0,5763,5518.320934049295
2016-07-31,7888,8.0,82.0,5891,5528.515895130575
2016-08-31,7889,8.0,82.0,5927,5543.619399500134
2016-09-30,7890,8.0,82.0,5987,5559.593591187629
2016-10-31,7891,8.0,82.0,5985,5577.402191554811
2016-11-30,7892,8.0,82.0,5961,5594.38543357336
2016-12-31,7893,8.0,82.0,6369,5609.661040507804
2017-01-31,7894,8.0,82.0,6350,5641.3001638199785
2017-02-28,7895,8.0,82.0,6353,5670.829323660812
2017-03-31,7896,8.0,82.0,6317,5699.253101841612
2017-04-30,7897,8.0,82.0,6219,5724.992555931545
2017-05-31,7898,8.0,82.0,6374,5745.5761994343975
2017-06-30,7899,8.0,82.0,6411,5771.7605244579645
2017-07-31,7900,8.0,82.0,6502,5798.395502605549
2017-08-31,7901,8.0,82.0,6663,5827.712356663652
2017-09-30,7902,8.0,82.0,6703,5862.516008469333
2017-10-31,7903,8.0,82.0,6675,5897.536174783112
2017-11-30,7904,8.0,82.0,6681,5929.930500833816
2017-12-31,7905,8.0,82.0,6461,5961.225063299074
2018-01-31,7906,8.0,82.0,6337,5982.049018994945
2018-02-28,7907,8.0,82.0,6412,5996.8386432034895
2018-03-31,7908,8.0,82.0,6419,6014.137033070011
2018-04-30,7909,8.0,82.0,6480,6031.006323358761
2018-05-31,7910,8.0,82.0,6349,6049.714393218813
2018-06-30,7911,8.0,82.0,6278,6062.184626834696
2018-07-31,7912,8.0,82.0,6270,6071.176934049917
2018-08-31,7913,8.0,82.0,6264,6079.461228464504
2018-09-30,7914,8.0,82.0,6304,6087.15034394515
2018-10-31,7915,8.0,82.0,6326,6096.185746280769
2018-11-30,7916,8.0,82.0,6223,6105.761340185737
2018-12-31,7917,8.0,82.0,6149,6110.646284344665
2019-01-31,7918,8.0,82.0,6106,6112.244355830304
2019-02-28,7919,8.0,82.0,6061,6111.984174337375
2019-03-31,7920,8.0,82.0,5998,6109.859833739985
2019-04-30,7921,8.0,82.0,5997,6105.199007334153
2019-05-31,7922,8.0,82.0,6066,6100.690715361897
2019-06-30,7923,8.0,82.0,6173,6099.245268888485
2019-07-31,7924,8.0,82.0,6220,6102.318382684798
2019-08-31,7925,8.0,82.0,6238,6107.221783406265
2019-09-30,7926,8.0,82.0,6295,6112.670875764337
2019-10-31,7927,8.0,82.0,6377,6120.267922607491
2019-11-30,7928,8.0,82.0,6349,6130.9650924988455
2019-12-31,7929,8.0,82.0,7058,6140.049880311394
2020-01-31,7930,8.0,82.0,6971,6178.297801965086
2020-02-29,7931,8.0,82.0,7038,6211.327060216541
2020-03-31,7932,8.0,82.0,6911,6245.7717660408525
2020-04-30,7933,8.0,82.0,6705,6273.489609122484
2020-05-31,7934,8.0,82.0,6744,6291.46920874238
2020-06-30,7935,8.0,82.0,6715,6310.324658378115
2020-07-31,7936,8.0,82.0,6678,6327.186130945694
2020-08-31,7937,8.0,82.0,6700,6341.803375489623
2020-09-30,7938,8.0,82.0,6697,6356.728234844223
2020-10-31,7939,8.0,82.0,6740,6370.906225059048
2020-11-30,7940,8.0,82.0,6736,6386.285132348254
2020-12-31,7941,8.0,82.0,6791,6400.856585167077
2021-01-31,7942,8.0,82.0,6814,6417.112560785115
2021-02-28,7943,8.0,82.0,6693,6433.64953741907
2021-03-31,7944,8.0,82.0,6707,6444.455806693276
2021-04-30,7945,8.0,82.0,6797,6455.395148081056
2021-05-31,7946,8.0,82.0,6946,6469.628683577678
2021-06-30,7947,8.0,82.0,6963,6489.477488428609
2021-07-31,7948,8.0,82.0,6418,6509.207593077417
2021-08-31,7949,8.0,82.0,6709,6505.407276699192
2021-09-30,7950,8.0,82.0,6796,6513.890306836726
2021-10-31,7951,8.0,82.0,6894,6525.644877385196
2021-11-30,7952,8.0,82.0,6918,6540.993007494147
2021-12-31,7953,8.0,82.0,6952,6556.701632181891
2022-01-31,7954,8.0,82.0,7046,6573.172397507646
2022-02-28,7955,8.0,82.0,7122,6592.873547611493
2022-03-31,7956,8.0,82.0,7279,6614.920483127681
2022-04-30,7957,8.0,82.0,7293,6642.590462997362
2022-05-31,7958,8.0,82.0,7276,6669.690860372472
2022-06-30,7959,8.0,82.0,7234,6694.953741190287
2022-07-31,7960,8.0,82.0,7204,6717.414001974025
2022-08-31,7961,8.0,82.0,7199,6737.688418558441
2022-09-30,7962,8.0,82.0,6989,6756.9097344518395
2022-10-31,7963,8.0,82.0,7037,6766.580162183013
2022-11-30,7964,8.0,82.0,7002,6777.8476554253875
2022-12-31,7965,8.0,82.0,6970,6787.18733644933
2023-01-31,7966,8.0,82.0,6930,6794.804530763942
2023-02-28,7967,8.0,82.0,6938,6800.437675315445
2023-03-31,7968,8.0,82.0,6949,6806.169438843968
2023-04-30,7969,8.0,82.0,6921,6812.12071222547
2023-05-31,7970,8.0,82.0,6994,6816.657349216076
2023-06-30,7971,8.0,82.0,6964,6824.046626332073
2023-07-31,7972,8.0,82.0,6936,6829.878016901571
2010-02-28,7973,8.0,83.0,3535,3535.0
2010-03-31,7974,8.0,83.0,3504,3535.0
2010-04-30,7975,8.0,83.0,3635,3533.7083333333335
2010-05-31,7976,8.0,83.0,3699,3537.928819444445
2010-06-30,7977,8.0,83.0,3721,3544.6401186342596
2010-07-31,7978,8.0,83.0,3650,3551.988447024499
2010-08-31,7979,8.0,83.0,3526,3556.0722617318115
2010-09-30,7980,8.0,83.0,3367,3554.819250826319
2010-10-31,7981,8.0,83.0,3127,3546.9934487085557
2010-11-30,7982,8.0,83.0,3226,3529.4937216790327
2010-12-31,7983,8.0,83.0,3056,3516.848149942406
2011-01-31,7984,8.0,83.0,2939,3497.646143694806
2011-02-28,7985,8.0,83.0,2931,3474.3692210408562
2011-03-31,7986,8.0,83.0,2955,3451.728836830821
2011-04-30,7987,8.0,83.0,2988,3431.0318019628703
2011-05-31,7988,8.0,83.0,2985,3412.572143547751
2011-06-30,7989,8.0,83.0,2991,3394.7566375665947
2011-07-31,7990,8.0,83.0,3072,3377.9334443346534
2011-08-31,7991,8.0,83.0,3080,3365.1862174873763
2011-09-30,7992,8.0,83.0,3123,3353.3034584254024
2011-10-31,7993,8.0,83.0,3098,3343.707480991011
2011-11-30,7994,8.0,83.0,3077,3333.4696692830526
2011-12-31,7995,8.0,83.0,3238,3322.7834330629257
2012-01-31,7996,8.0,83.0,3257,3319.250790018637
2012-02-29,7997,8.0,83.0,3320,3316.657007101194
2012-03-31,7998,8.0,83.0,3370,3316.7962984719775
2012-04-30,7999,8.0,83.0,3427,3319.0131193689786
2012-05-31,8000,8.0,83.0,3476,3323.5125727286045
2012-06-30,8001,8.0,83.0,3519,3329.8662155315797
2012-07-31,8002,8.0,83.0,3456,3337.7467898844307
2012-08-31,8003,8.0,83.0,3393,3342.6740069725797
2012-09-30,8004,8.0,83.0,3377,3344.770923348722
2012-10-31,8005,8.0,83.0,3502,3346.113801542526
2012-11-30,8006,8.0,83.0,3426,3352.609059811587
2012-12-31,8007,8.0,83.0,3377,3355.667015652771
2013-01-31,8008,8.0,83.0,3411,3356.5558900005726
2013-02-28,8009,8.0,83.0,3389,3358.824394583882
2013-03-31,8010,8.0,83.0,3308,3360.081711476221
2013-04-30,8011,8.0,83.0,3312,3357.911640164712
2013-05-31,8012,8.0,83.0,3251,3355.998655157849
2013-06-30,8013,8.0,83.0,3232,3351.623711192939
2013-07-31,8014,8.0,83.0,3261,3346.6393898932333
2013-08-31,8015,8.0,83.0,3356,3343.0710819810156
2013-09-30,8016,8.0,83.0,3199,3343.6097868984734
2013-10-31,8017,8.0,83.0,3237,3337.584379111037
2013-11-30,8018,8.0,83.0,3281,3333.393363314744
2013-12-31,8019,8.0,83.0,3241,3331.210306509963
2014-01-31,8020,8.0,83.0,3169,3327.4515437387145
2014-02-28,8021,8.0,83.0,3251,3320.8493960829346
2014-03-31,8022,8.0,83.0,3192,3317.9390045794794
2014-04-30,8023,8.0,83.0,3209,3312.6915460553346
2014-05-31,8024,8.0,83.0,3170,3308.371064969696
2014-06-30,8025,8.0,83.0,3271,3302.605603929292
2014-07-31,8026,8.0,83.0,3279,3301.2887037655714
2014-08-31,8027,8.0,83.0,3809,3300.3600077753395
2014-09-30,8028,8.0,83.0,3895,3321.5533407847006
2014-10-31,8029,8.0,83.0,3843,3345.446951585338
2014-11-30,8030,8.0,83.0,3823,3366.1783286026157
2014-12-31,8031,8.0,83.0,3320,3385.2125649108402
2015-01-31,8032,8.0,83.0,3396,3382.4953747062223
2015-02-28,8033,8.0,83.0,3635,3383.0580674267962
2015-03-31,8034,8.0,83.0,3691,3393.55564795068
2015-04-30,8035,8.0,83.0,3742,3405.9491626194017
2015-05-31,8036,8.0,83.0,3811,3419.9512808435934
2015-06-30,8037,8.0,83.0,3791,3436.2449774751103
2015-07-31,8038,8.0,83.0,3836,3451.026436746981
2015-08-31,8039,8.0,83.0,3790,3467.0670018825235
2015-09-30,8040,8.0,83.0,3944,3480.5225434707518
2015-10-31,8041,8.0,83.0,3877,3499.834104159471
2015-11-30,8042,8.0,83.0,3910,3515.549349819493
2015-12-31,8043,8.0,83.0,3883,3531.984793577014
2016-01-31,8044,8.0,83.0,3945,3546.610427177972
2016-02-29,8045,8.0,83.0,3995,3563.209992712223
2016-03-31,8046,8.0,83.0,3858,3581.2012430158807
2016-04-30,8047,8.0,83.0,3809,3592.734524556886
2016-05-31,8048,8.0,83.0,3718,3601.7455860336827
2016-06-30,8049,8.0,83.0,3864,3606.589519948946
2016-07-31,8050,8.0,83.0,3961,3617.31495661774
2016-08-31,8051,8.0,83.0,3960,3631.6351667586673
2016-09-30,8052,8.0,83.0,4032,3645.3170348103895
2016-10-31,8053,8.0,83.0,4066,3661.4288250266236
2016-11-30,8054,8.0,83.0,4030,3678.285957317181
2016-12-31,8055,8.0,83.0,4059,3692.9407090956315
2017-01-31,8056,8.0,83.0,4121,3708.1931795499804
2017-02-28,8057,8.0,83.0,4738,3725.393463735398
2017-03-31,8058,8.0,83.0,4801,3767.5854027464234
2017-04-30,8059,8.0,83.0,4821,3810.6443442986556
2017-05-31,8060,8.0,83.0,4821,3852.742496619545
2017-06-30,8061,8.0,83.0,4924,3893.0865592603973
2017-07-31,8062,8.0,83.0,5053,3936.0412859578805
2017-08-31,8063,8.0,83.0,5043,3982.581232376302
2017-09-30,8064,8.0,83.0,5180,4026.7653476939563
2017-10-31,8065,8.0,83.0,5269,4074.816791540042
2017-11-30,8066,8.0,83.0,4910,4124.574425225874
2017-12-31,8067,8.0,83.0,5198,4157.300490841462
2018-01-31,8068,8.0,83.0,5124,4200.662970389735
2018-02-28,8069,8.0,83.0,5143,4239.135346623496
2018-03-31,8070,8.0,83.0,5172,4276.796373847517
2018-04-30,8071,8.0,83.0,5082,4314.096524937204
2018-05-31,8072,8.0,83.0,5065,4346.09250306482
2018-06-30,8073,8.0,83.0,5061,4376.046982103787
2018-07-31,8074,8.0,83.0,5083,4404.586691182796
2018-08-31,8075,8.0,83.0,5236,4432.8539123835135
2018-09-30,8076,8.0,83.0,4762,4466.318332700867
2018-10-31,8077,8.0,83.0,4800,4478.638402171665
2018-11-30,8078,8.0,83.0,4726,4492.028468747846
2018-12-31,8079,8.0,83.0,4734,4501.77728255002
2019-01-31,8080,8.0,83.0,4708,4511.453229110436
2019-02-28,8081,8.0,83.0,4703,4519.642677897502
2019-03-31,8082,8.0,83.0,4890,4527.282566318439
2019-04-30,8083,8.0,83.0,5074,4542.395792721838
2019-05-31,8084,8.0,83.0,5204,4564.545968025095
2019-06-30,8085,8.0,83.0,5288,4591.189886024049
2019-07-31,8086,8.0,83.0,5395,4620.223640773047
2019-08-31,8087,8.0,83.0,5421,4652.50598907417
2019-09-30,8088,8.0,83.0,5470,4684.526572862746
2019-10-31,8089,8.0,83.0,5467,4717.254632326799
2019-11-30,8090,8.0,83.0,5583,4748.494022646516
2019-12-31,8091,8.0,83.0,5868,4783.265105036245
2020-01-31,8092,8.0,83.0,6055,4828.462392326402
2020-02-29,8093,8.0,83.0,6103,4879.568125979468
2020-03-31,8094,8.0,83.0,6017,4930.544454063657
2020-04-30,8095,8.0,83.0,6242,4975.813435144338
2020-05-31,8096,8.0,83.0,6180,5028.57120867999
2020-06-30,8097,8.0,83.0,6361,5076.547408318324
2020-07-31,8098,8.0,83.0,6360,5130.066266305062
2020-08-31,8099,8.0,83.0,5954,5181.313505209017
2020-09-30,8100,8.0,83.0,6396,5213.5087758253085
2020-10-31,8101,8.0,83.0,6390,5262.779243499254
2020-11-30,8102,8.0,83.0,5932,5309.746775020119
2020-12-31,8103,8.0,83.0,5959,5335.673992727614
2021-01-31,8104,8.0,83.0,6024,5361.645909697298
2021-02-28,8105,8.0,83.0,6330,5389.243996793244
2021-03-31,8106,8.0,83.0,6380,5428.442163593526
2021-04-30,8107,8.0,83.0,6085,5468.090406777129
2021-05-31,8108,8.0,83.0,6095,5493.794973161415
2021-06-30,8109,8.0,83.0,6467,5518.845182613023
2021-07-31,8110,8.0,83.0,6218,5558.35163333748
2021-08-31,8111,8.0,83.0,6258,5585.836981948419
2021-09-30,8112,8.0,83.0,6310,5613.843774367235
2021-10-31,8113,8.0,83.0,6391,5642.8502837686
2021-11-30,8114,8.0,83.0,6355,5674.023188611575
2021-12-31,8115,8.0,83.0,6397,5702.397222419427
2022-01-31,8116,8.0,83.0,6490,5731.3390048186175
2022-02-28,8117,8.0,83.0,6401,5762.949879617842
2022-03-31,8118,8.0,83.0,6347,5789.535301300432
2022-04-30,8119,8.0,83.0,6344,5812.762997079581
2022-05-31,8120,8.0,83.0,6182,5834.897872201264
2022-06-30,8121,8.0,83.0,6221,5849.360460859545
2022-07-31,8122,8.0,83.0,6285,5864.845441657064
2022-08-31,8123,8.0,83.0,6324,5882.35188158802
2022-09-30,8124,8.0,83.0,6376,5900.753886521852
2022-10-31,8125,8.0,83.0,6387,5920.555807916776
2022-11-30,8126,8.0,83.0,6261,5939.990982586911
2022-12-31,8127,8.0,83.0,6322,5953.366358312456
2023-01-31,8128,8.0,83.0,6384,5968.726093382771
2023-02-28,8129,8.0,83.0,6447,5986.029172825156
2023-03-31,8130,8.0,83.0,6543,6005.236290624108
2023-04-30,8131,8.0,83.0,6626,6027.643111848103
2023-05-31,8132,8.0,83.0,6680,6052.574648854432
2023-06-30,8133,8.0,83.0,6724,6078.7173718188305
2023-07-31,8134,8.0,83.0,6755,6105.604147993046
2010-02-28,8135,8.0,84.0,125980,125980.0
2010-03-31,8136,8.0,84.0,125718,125980.00000000001
2010-04-30,8137,8.0,84.0,126020,125969.08333333336
2010-05-31,8138,8.0,84.0,121951,125971.20486111114
2010-06-30,8139,8.0,84.0,121709,125803.69632523152
2010-07-31,8140,8.0,84.0,122540,125633.08397834687
2010-08-31,8141,8.0,84.0,123540,125504.20547924908
2010-09-30,8142,8.0,84.0,123258,125422.36358428038
2010-10-31,8143,8.0,84.0,124346,125332.1817682687
2010-11-30,8144,8.0,84.0,122277,125291.0908612575
2010-12-31,8145,8.0,84.0,120454,125165.50374203845
2011-01-31,8146,8.0,84.0,121563,124969.19108612019
2011-02-28,8147,8.0,84.0,119520,124827.26645753185
2011-03-31,8148,8.0,84.0,120036,124606.1303551347
2011-04-30,8149,8.0,84.0,120747,124415.70825700408
2011-05-31,8150,8.0,84.0,121475,124262.84541296226
2011-06-30,8151,8.0,84.0,122977,124146.68518742216
2011-07-31,8152,8.0,84.0,124922,124097.94830461292
2011-08-31,8153,8.0,84.0,126399,124132.28379192071
2011-09-30,8154,8.0,84.0,126164,124226.73030059069
2011-10-31,8155,8.0,84.0,127234,124307.44987139941
2011-11-30,8156,8.0,84.0,123957,124429.38946009112
2011-12-31,8157,8.0,84.0,123195,124409.70656592066
2012-01-31,8158,8.0,84.0,125846,124359.09379234063
2012-02-29,8159,8.0,84.0,127089,124421.04821765977
2012-03-31,8160,8.0,84.0,127485,124532.21287525729
2012-04-30,8161,8.0,84.0,127154,124655.24567212157
2012-05-31,8162,8.0,84.0,124288,124759.36043578318
2012-06-30,8163,8.0,84.0,124705,124739.72041762556
2012-07-31,8164,8.0,84.0,122893,124738.27373355784
2012-08-31,8165,8.0,84.0,124408,124661.38732799294
2012-09-30,8166,8.0,84.0,122149,124650.82952265991
2012-10-31,8167,8.0,84.0,124127,124546.58662588242
2012-11-30,8168,8.0,84.0,123448,124529.10384980399
2012-12-31,8169,8.0,84.0,125687,124484.05785606217
2013-01-31,8170,8.0,84.0,126931,124534.1804453929
2013-02-28,8171,8.0,84.0,125073,124634.04792683487
2013-03-31,8172,8.0,84.0,123417,124652.33759655009
2013-04-30,8173,8.0,84.0,124325,124600.86519669383
2013-05-31,8174,8.0,84.0,125170,124589.37081349826
2013-06-30,8175,8.0,84.0,125131,124613.56369626918
2013-07-31,8176,8.0,84.0,127333,124635.12354225798
2013-08-31,8177,8.0,84.0,126284,124747.53506133058
2013-09-30,8178,8.0,84.0,128767,124811.55443377513
2013-10-31,8179,8.0,84.0,128974,124976.36466570119
2013-11-30,8180,8.0,84.0,126248,125142.93280463031
2013-12-31,8181,8.0,84.0,126901,125188.97727110404
2014-01-31,8182,8.0,84.0,125892,125260.31155147472
2014-02-28,8183,8.0,84.0,127932,125286.63190349661
2014-03-31,8184,8.0,84.0,130088,125396.85557418426
2014-04-30,8185,8.0,84.0,131740,125592.31992525992
2014-05-31,8186,8.0,84.0,134024,125848.47326170743
2014-06-30,8187,8.0,84.0,136884,126189.1202091363
2014-07-31,8188,8.0,84.0,136981,126634.74020042228
2014-08-31,8189,8.0,84.0,137052,127065.83435873804
2014-09-30,8190,8.0,84.0,138809,127481.92459379062
2014-10-31,8191,8.0,84.0,140151,127953.88606904935
2014-11-30,8192,8.0,84.0,136276,128462.09914950562
2014-12-31,8193,8.0,84.0,138638,128787.67835160956
2015-01-31,8194,8.0,84.0,139289,129198.1084202925
2015-02-28,8195,8.0,84.0,139738,129618.56223611365
2015-03-31,8196,8.0,84.0,138294,130040.20547627559
2015-04-30,8197,8.0,84.0,135487,130384.11358143078
2015-05-31,8198,8.0,84.0,136031,130596.73384887117
2015-06-30,8199,8.0,84.0,137049,130823.1616051682
2015-07-31,8200,8.0,84.0,138399,131082.5715382862
2015-08-31,8201,8.0,84.0,138497,131387.42272419092
2015-09-30,8202,8.0,84.0,139137,131683.65511068297
2015-10-31,8203,8.0,84.0,141333,131994.21114773786
2015-11-30,8204,8.0,84.0,141119,132383.32734991546
2015-12-31,8205,8.0,84.0,140465,132747.31371033567
2016-01-31,8206,8.0,84.0,140952,133068.88397240502
2016-02-29,8207,8.0,84.0,141946,133397.34714022148
2016-03-31,8208,8.0,84.0,146688,133753.5410093789
2016-04-30,8209,8.0,84.0,148212,134292.47680065478
2016-05-31,8210,8.0,84.0,146544,134872.45693396084
2016-06-30,8211,8.0,84.0,149226,135358.77122837916
2016-07-31,8212,8.0,84.0,148923,135936.57242719672
2016-08-31,8213,8.0,84.0,150798,136477.67357606353
2016-09-30,8214,8.0,84.0,153265,137074.35384372756
2016-10-31,8215,8.0,84.0,153985,137748.9641002389
2016-11-30,8216,8.0,84.0,151213,138425.46559606228
2016-12-31,8217,8.0,84.0,151801,138958.2795295597
2017-01-31,8218,8.0,84.0,152711,139493.3928824947
2017-02-28,8219,8.0,84.0,158121,140044.12651239077
2017-03-31,8220,8.0,84.0,158270,140797.32957437448
2017-04-30,8221,8.0,84.0,157859,141525.35750877557
2017-05-31,8222,8.0,84.0,160250,142205.92594590993
2017-06-30,8223,8.0,84.0,162508,142957.76236483036
2017-07-31,8224,8.0,84.0,164563,143772.35559962908
2017-08-31,8225,8.0,84.0,165186,144638.63244964453
2017-09-30,8226,8.0,84.0,168715,145494.7727642427
2017-10-31,8227,8.0,84.0,168273,146462.28223239924
2017-11-30,8228,8.0,84.0,167532,147371.06213938261
2017-12-31,8229,8.0,84.0,165815,148211.10121690834
2018-01-31,8230,8.0,84.0,167452,148944.59699953717
2018-02-28,8231,8.0,84.0,167366,149715.73879122312
2018-03-31,8232,8.0,84.0,167896,150451.16634158883
2018-04-30,8233,8.0,84.0,169371,151178.0344106893
2018-05-31,8234,8.0,84.0,169531,151936.07464357725
2018-06-30,8235,8.0,84.0,169451,152669.19653342818
2018-07-31,8236,8.0,84.0,172932,153368.43834453536
2018-08-31,8237,8.0,84.0,174699,154183.58674684638
2018-09-30,8238,8.0,84.0,172965,155038.39563239444
2018-10-31,8239,8.0,84.0,176024,155785.33748104467
2018-11-30,8240,8.0,84.0,175260,156628.61508600117
2018-12-31,8241,8.0,84.0,178589,157404.92279075112
2019-01-31,8242,8.0,84.0,181426,158287.59267446984
2019-02-28,8243,8.0,84.0,181653,159251.69297970025
2019-03-31,8244,8.0,84.0,182858,160185.08077221274
2019-04-30,8245,8.0,84.0,183072,161129.78574003722
2019-05-31,8246,8.0,84.0,182724,162044.04466753567
2019-06-30,8247,8.0,84.0,182924,162905.70947305503
2019-07-31,8248,8.0,84.0,183054,163739.80491167775
2019-08-31,8249,8.0,84.0,184287,164544.56304035784
2019-09-30,8250,8.0,84.0,184559,165367.16458034294
2019-10-31,8251,8.0,84.0,187845,166166.82438949533
2019-11-30,8252,8.0,84.0,185964,167070.0817065997
2019-12-31,8253,8.0,84.0,182466,167857.32830215807
2020-01-31,8254,8.0,84.0,183985,168466.02295623484
2020-02-29,8255,8.0,84.0,182339,169112.64699972505
2020-03-31,8256,8.0,84.0,177530,169663.7450414032
2020-04-30,8257,8.0,84.0,176644,169991.5056646781
2020-05-31,8258,8.0,84.0,176552,170268.69292864983
2020-06-30,8259,8.0,84.0,178179,170530.49738995612
2020-07-31,8260,8.0,84.0,179507,170849.18499870796
2020-08-31,8261,8.0,84.0,182128,171209.9272904285
2020-09-30,8262,8.0,84.0,183166,171664.84698666062
2020-10-31,8263,8.0,84.0,184321,172144.06169554975
2020-11-30,8264,8.0,84.0,180178,172651.43412490183
2020-12-31,8265,8.0,84.0,181823,172965.04103636424
2021-01-31,8266,8.0,84.0,183755,173334.1226598491
2021-02-28,8267,8.0,84.0,183456,173768.3258823554
2021-03-31,8268,8.0,84.0,185273,174171.9789705906
2021-04-30,8269,8.0,84.0,184527,174634.52151348267
2021-05-31,8270,8.0,84.0,184937,175046.70811708758
2021-06-30,8271,8.0,84.0,167923,175458.80361220895
2021-07-31,8272,8.0,84.0,166229,175144.81179503357
2021-08-31,8273,8.0,84.0,164297,174773.3196369072
2021-09-30,8274,8.0,84.0,164520,174336.80631870276
2021-10-31,8275,8.0,84.0,163640,173927.77272209016
2021-11-30,8276,8.0,84.0,161092,173499.1155253364
2021-12-31,8277,8.0,84.0,161490,172982.15237844738
2022-01-31,8278,8.0,84.0,161379,172503.3126960121
2022-02-28,8279,8.0,84.0,163310,172039.7996670116
2022-03-31,8280,8.0,84.0,163198,171676.05801421945
2022-04-30,8281,8.0,84.0,164779,171322.8055969603
2022-05-31,8282,8.0,84.0,165666,171050.14703042028
2022-06-30,8283,8.0,84.0,166373,170825.80757081945
2022-07-31,8284,8.0,84.0,167622,170640.27392203533
2022-08-31,8285,8.0,84.0,167313,170514.5125086172
2022-09-30,8286,8.0,84.0,168418,170381.1161540915
2022-10-31,8287,8.0,84.0,170137,170299.319647671
2022-11-30,8288,8.0,84.0,169070,170292.55632901806
2022-12-31,8289,8.0,84.0,170091,170241.61648197565
2023-01-31,8290,8.0,84.0,170349,170235.3407952267
2023-02-28,8291,8.0,84.0,170352,170240.07659542558
2023-03-31,8292,8.0,84.0,171056,170244.7400706162
2023-04-30,8293,8.0,84.0,169986,170278.54256767387
2023-05-31,8294,8.0,84.0,170079,170266.3532940208
2023-06-30,8295,8.0,84.0,171212,170258.54690676995
2023-07-31,8296,8.0,84.0,170576,170298.27411898787
2010-02-28,8297,8.0,85.0,3926,3926.0
2010-03-31,8298,8.0,85.0,3820,3926.0000000000005
2010-04-30,8299,8.0,85.0,3821,3921.583333333334
2010-05-31,8300,8.0,85.0,3932,3917.3923611111118
2010-06-30,8301,8.0,85.0,3908,3918.001012731482
2010-07-31,8302,8.0,85.0,3870,3917.5843038676708
2010-08-31,8303,8.0,85.0,3940,3915.6016245398514
2010-09-30,8304,8.0,85.0,4003,3916.6182235173574
2010-10-31,8305,8.0,85.0,4104,3920.217464204134
2010-11-30,8306,8.0,85.0,4053,3927.8750698622953
2010-12-31,8307,8.0,85.0,4093,3933.088608618033
2011-01-31,8308,8.0,85.0,4097,3939.7515832589484
2011-02-28,8309,8.0,85.0,4158,3946.303600623159
2011-03-31,8310,8.0,85.0,4039,3955.124283930528
2011-04-30,8311,8.0,85.0,4161,3958.6191054334226
2011-05-31,8312,8.0,85.0,4099,3967.05164270703
2011-06-30,8313,8.0,85.0,4027,3972.549490927571
2011-07-31,8314,8.0,85.0,4258,3974.818262138922
2011-08-31,8315,8.0,85.0,4223,3986.6175012164667
2011-09-30,8316,8.0,85.0,4287,3996.4667719991144
2011-10-31,8317,8.0,85.0,4250,4008.572323165818
2011-11-30,8318,8.0,85.0,4320,4018.631809700576
2011-12-31,8319,8.0,85.0,4106,4031.188817629719
2012-01-31,8320,8.0,85.0,4102,4034.305950228481
2012-02-29,8321,8.0,85.0,4255,4037.1265356356275
2012-03-31,8322,8.0,85.0,4242,4046.20459665081
2012-04-30,8323,8.0,85.0,4239,4054.3627384570264
2012-05-31,8324,8.0,85.0,4289,4062.0559576879837
2012-06-30,8325,8.0,85.0,4235,4071.5119594509847
2012-07-31,8326,8.0,85.0,4309,4078.3239611405274
2012-08-31,8327,8.0,85.0,4448,4087.935462759672
2012-09-30,8328,8.0,85.0,4294,4102.938151811352
2012-10-31,8329,8.0,85.0,4189,4110.899062152546
2012-11-30,8330,8.0,85.0,4114,4114.15326789619
2012-12-31,8331,8.0,85.0,4010,4114.146881733849
2013-01-31,8332,8.0,85.0,4083,4109.807428328272
2013-02-28,8333,8.0,85.0,4058,4108.690452147928
2013-03-31,8334,8.0,85.0,3854,4106.578349975098
2013-04-30,8335,8.0,85.0,3689,4096.054252059469
2013-05-31,8336,8.0,85.0,3740,4079.093658223658
2013-06-30,8337,8.0,85.0,3718,4064.9647557976728
2013-07-31,8338,8.0,85.0,3649,4050.50789097277
2013-08-31,8339,8.0,85.0,3615,4033.778395515571
2013-09-30,8340,8.0,85.0,3676,4016.3292957024223
2013-10-31,8341,8.0,85.0,3769,4002.148908381488
2013-11-30,8342,8.0,85.0,3814,3992.4343705322594
2013-12-31,8343,8.0,85.0,3915,3984.999605093415
2014-01-31,8344,8.0,85.0,3924,3982.0829548811894
2014-02-28,8345,8.0,85.0,3878,3979.66283176114
2014-03-31,8346,8.0,85.0,3929,3975.4268804377593
2014-04-30,8347,8.0,85.0,3847,3973.492427086186
2014-05-31,8348,8.0,85.0,3904,3968.2219092909286
2014-06-30,8349,8.0,85.0,4000,3965.5459964038064
2014-07-31,8350,8.0,85.0,3969,3966.9815798869813
2014-08-31,8351,8.0,85.0,4034,3967.065680725024
2014-09-30,8352,8.0,85.0,3956,3969.8546106948147
2014-10-31,8353,8.0,85.0,3921,3969.2773352491977
2014-11-30,8354,8.0,85.0,4148,3967.2657796138146
2014-12-31,8355,8.0,85.0,4053,3974.796372129906
2015-01-31,8356,8.0,85.0,4017,3978.0548566244934
2015-02-28,8357,8.0,85.0,4023,3979.6775709318063
2015-03-31,8358,8.0,85.0,4018,3981.4826721429813
2015-04-30,8359,8.0,85.0,4165,3983.004227470357
2015-05-31,8360,8.0,85.0,4151,3990.587384659092
2015-06-30,8361,8.0,85.0,4297,3997.27124363163
2015-07-31,8362,8.0,85.0,4504,4009.7599418136456
2015-08-31,8363,8.0,85.0,4640,4030.35327757141
2015-09-30,8364,8.0,85.0,4698,4055.7552243392684
2015-10-31,8365,8.0,85.0,4760,4082.5154233251324
2015-11-30,8366,8.0,85.0,4765,4110.743947353252
2015-12-31,8367,8.0,85.0,4770,4138.004616213534
2016-01-31,8368,8.0,85.0,4882,4164.3377572046375
2016-02-29,8369,8.0,85.0,4943,4194.240350654444
2016-03-31,8370,8.0,85.0,4927,4225.438669377176
2016-04-30,8371,8.0,85.0,4991,4254.67039148646
2016-05-31,8372,8.0,85.0,5002,4285.3507918411915
2016-06-30,8373,8.0,85.0,4765,4315.211175514476
2016-07-31,8374,8.0,85.0,4681,4333.952376534707
2016-08-31,8375,8.0,85.0,4688,4348.412694179095
2016-09-30,8376,8.0,85.0,4776,4362.562165254965
2016-10-31,8377,8.0,85.0,4669,4379.788741702675
2016-11-30,8378,8.0,85.0,4686,4391.839210798397
2016-12-31,8379,8.0,85.0,4734,4404.095910348464
2017-01-31,8380,8.0,85.0,4741,4417.841914083945
2017-02-28,8381,8.0,85.0,4833,4431.306834330448
2017-03-31,8382,8.0,85.0,4763,4448.044049566679
2017-04-30,8383,8.0,85.0,4835,4461.167214168067
2017-05-31,8384,8.0,85.0,4876,4476.743580244398
2017-06-30,8385,8.0,85.0,5017,4493.379264400882
2017-07-31,8386,8.0,85.0,4978,4515.196795050845
2017-08-31,8387,8.0,85.0,4959,4534.480261923727
2017-09-30,8388,8.0,85.0,5117,4552.168584343572
2017-10-31,8389,8.0,85.0,5210,4575.703226662589
2017-11-30,8390,8.0,85.0,5026,4602.132258884982
2017-12-31,8391,8.0,85.0,5153,4619.793414764775
2018-01-31,8392,8.0,85.0,5130,4642.010355816243
2018-02-28,8393,8.0,85.0,5007,4662.343257657233
2018-03-31,8394,8.0,85.0,5322,4676.703955254849
2018-04-30,8395,8.0,85.0,5463,4703.591290452563
2018-05-31,8396,8.0,85.0,5710,4735.23332001704
2018-06-30,8397,8.0,85.0,5524,4775.848598349664
2018-07-31,8398,8.0,85.0,5908,4807.0215734184285
2018-08-31,8399,8.0,85.0,6195,4852.895674525995
2018-09-30,8400,8.0,85.0,6337,4908.816688087411
2018-10-31,8401,8.0,85.0,6153,4968.32432608377
2018-11-30,8402,8.0,85.0,5810,5017.685812496947
2018-12-31,8403,8.0,85.0,5939,5050.698903642907
2019-01-31,8404,8.0,85.0,5981,5087.711449324453
2019-02-28,8405,8.0,85.0,5835,5124.9318056026
2019-03-31,8406,8.0,85.0,5859,5154.517980369159
2019-04-30,8407,8.0,85.0,6010,5183.871397853777
2019-05-31,8408,8.0,85.0,6213,5218.293422943204
2019-06-30,8409,8.0,85.0,6252,5259.73953032057
2019-07-31,8410,8.0,85.0,6292,5301.083716557214
2019-08-31,8411,8.0,85.0,6333,5342.371895033997
2019-09-30,8412,8.0,85.0,6138,5383.648066074247
2019-10-31,8413,8.0,85.0,6215,5415.079396654487
2019-11-30,8414,8.0,85.0,6384,5448.409421793884
2019-12-31,8415,8.0,85.0,6852,5487.392362552472
2020-01-31,8416,8.0,85.0,6935,5544.251014112786
2020-02-29,8417,8.0,85.0,6840,5602.198888524753
2020-03-31,8418,8.0,85.0,6204,5653.773934836222
2020-04-30,8419,8.0,85.0,6111,5676.700020884713
2020-05-31,8420,8.0,85.0,5933,5694.79585334785
2020-06-30,8421,8.0,85.0,5800,5704.721026125023
2020-07-31,8422,8.0,85.0,5888,5708.690983369815
2020-08-31,8423,8.0,85.0,5446,5716.162192396072
2020-09-30,8424,8.0,85.0,5414,5704.90543437957
2020-10-31,8425,8.0,85.0,5505,5692.784374613754
2020-11-30,8426,8.0,85.0,5585,5684.960025671515
2020-12-31,8427,8.0,85.0,5578,5680.795024601868
2021-01-31,8428,8.0,85.0,5595,5676.51189857679
2021-02-28,8429,8.0,85.0,5801,5673.115569469424
2021-03-31,8430,8.0,85.0,5816,5678.444087408198
2021-04-30,8431,8.0,85.0,5899,5684.17558376619
2021-05-31,8432,8.0,85.0,5893,5693.126601109267
2021-06-30,8433,8.0,85.0,5576,5701.454659396381
2021-07-31,8434,8.0,85.0,5737,5696.2273819215325
2021-08-31,8435,8.0,85.0,5881,5697.926241008136
2021-09-30,8436,8.0,85.0,5818,5705.554314299464
2021-10-31,8437,8.0,85.0,5727,5710.239551203654
2021-11-30,8438,8.0,85.0,5726,5710.937903236835
2021-12-31,8439,8.0,85.0,6082,5711.565490601967
2022-01-31,8440,8.0,85.0,6102,5727.000261826885
2022-02-28,8441,8.0,85.0,6176,5742.625250917432
2022-03-31,8442,8.0,85.0,6256,5760.682532129205
2022-04-30,8443,8.0,85.0,6297,5781.320759957156
2022-05-31,8444,8.0,85.0,6394,5802.807394958942
2022-06-30,8445,8.0,85.0,6406,5827.440420168986
2022-07-31,8446,8.0,85.0,6473,5851.5470693286115
2022-08-31,8447,8.0,85.0,6516,5877.44094143992
2022-09-30,8448,8.0,85.0,6702,5904.047568879923
2022-10-31,8449,8.0,85.0,6902,5937.29558684326
2022-11-30,8450,8.0,85.0,6872,5977.491604058124
2022-12-31,8451,8.0,85.0,7182,6014.762787222368
2023-01-31,8452,8.0,85.0,6995,6063.397671088103
2023-02-28,8453,8.0,85.0,7014,6102.214434792766
2023-03-31,8454,8.0,85.0,7092,6140.205500009734
2023-04-30,8455,8.0,85.0,7120,6179.8636041759955
2023-05-31,8456,8.0,85.0,7040,6219.035954001996
2023-06-30,8457,8.0,85.0,7252,6253.242789251913
2023-07-31,8458,8.0,85.0,7263,6294.857673033083
2010-02-28,8459,8.0,86.0,21884,21884.0
2010-03-31,8460,8.0,86.0,21575,21884.0
2010-04-30,8461,8.0,86.0,21275,21871.125
2010-05-31,8462,8.0,86.0,21100,21846.286458333332
2010-06-30,8463,8.0,86.0,21645,21815.191189236113
2010-07-31,8464,8.0,86.0,21178,21808.09988968461
2010-08-31,8465,8.0,86.0,21031,21781.84572761442
2010-09-30,8466,8.0,86.0,21645,21750.560488963823
2010-10-31,8467,8.0,86.0,22078,21746.162135257
2010-11-30,8468,8.0,86.0,22702,21759.988712954626
2010-12-31,8469,8.0,86.0,22937,21799.239183248184
2011-01-31,8470,8.0,86.0,23571,21846.645883946177
2011-02-28,8471,8.0,86.0,23466,21918.493972115088
2011-03-31,8472,8.0,86.0,23733,21982.973389943625
2011-04-30,8473,8.0,86.0,22900,22055.891165362642
2011-05-31,8474,8.0,86.0,22953,22091.06236680587
2011-06-30,8475,8.0,86.0,23970,22126.976434855624
2011-07-31,8476,8.0,86.0,23096,22203.769083403306
2011-08-31,8477,8.0,86.0,23012,22240.945371594833
2011-09-30,8478,8.0,86.0,23691,22273.072647778383
2011-10-31,8479,8.0,86.0,24004,22332.15295412095
2011-11-30,8480,8.0,86.0,24105,22401.813247699247
2011-12-31,8481,8.0,86.0,23921,22472.779362378446
2012-01-31,8482,8.0,86.0,24008,22533.12188894601
2012-02-29,8483,8.0,86.0,24578,22594.57514357326
2012-03-31,8484,8.0,86.0,24708,22677.217845924373
2012-04-30,8485,8.0,86.0,24356,22761.83376901086
2012-05-31,8486,8.0,86.0,24277,22828.25736196874
2012-06-30,8487,8.0,86.0,24936,22888.621638553377
2012-07-31,8488,8.0,86.0,23969,22973.92907028032
2012-08-31,8489,8.0,86.0,23723,23015.39035901864
2012-09-30,8490,8.0,86.0,23924,23044.874094059527
2012-10-31,8491,8.0,86.0,24231,23081.50434014038
2012-11-30,8492,8.0,86.0,24582,23129.39999263453
2012-12-31,8493,8.0,86.0,23821,23189.924992941425
2013-01-31,8494,8.0,86.0,23803,23216.2197849022
2013-02-28,8495,8.0,86.0,24373,23240.66896053128
2013-03-31,8496,8.0,86.0,23350,23287.849420509145
2013-04-30,8497,8.0,86.0,23044,23290.439027987934
2013-05-31,8498,8.0,86.0,22972,23280.170735155105
2013-06-30,8499,8.0,86.0,23677,23267.330287856978
2013-07-31,8500,8.0,86.0,22777,23284.399859196274
2013-08-31,8501,8.0,86.0,22338,23263.25819839643
2013-09-30,8502,8.0,86.0,22442,23224.705773463247
2013-10-31,8503,8.0,86.0,23180,23192.093032902278
2013-11-30,8504,8.0,86.0,23337,23191.58915653135
2013-12-31,8505,8.0,86.0,23610,23197.647941675878
2014-01-31,8506,8.0,86.0,23909,23214.829277439385
2014-02-28,8507,8.0,86.0,24092,23243.753057546077
2014-03-31,8508,8.0,86.0,24045,23279.096680148323
2014-04-30,8509,8.0,86.0,23019,23311.009318475477
2014-05-31,8510,8.0,86.0,23039,23298.842263538998
2014-06-30,8511,8.0,86.0,24039,23288.015502558206
2014-07-31,8512,8.0,86.0,23296,23319.306523284948
2014-08-31,8513,8.0,86.0,22893,23318.335418148075
2014-09-30,8514,8.0,86.0,23588,23300.613109058573
2014-10-31,8515,8.0,86.0,24415,23312.5875628478
2014-11-30,8516,8.0,86.0,24671,23358.52141439581
2014-12-31,8517,8.0,86.0,24708,23413.208022129318
2015-01-31,8518,8.0,86.0,24818,23467.157687873932
2015-02-28,8519,8.0,86.0,24662,23523.44278421252
2015-03-31,8520,8.0,86.0,24314,23570.882668203663
2015-04-30,8521,8.0,86.0,23949,23601.845890361845
2015-05-31,8522,8.0,86.0,24363,23616.3106449301
2015-06-30,8523,8.0,86.0,25112,23647.422701391348
2015-07-31,8524,8.0,86.0,25083,23708.44675550004
2015-08-31,8525,8.0,86.0,25209,23765.719807354206
2015-09-30,8526,8.0,86.0,25810,23825.85648204778
2015-10-31,8527,8.0,86.0,26699,23908.529128629125
2015-11-30,8528,8.0,86.0,27093,24024.79874826958
2015-12-31,8529,8.0,86.0,27124,24152.64046709168
2016-01-31,8530,8.0,86.0,27488,24276.447114296196
2016-02-29,8531,8.0,86.0,27696,24410.261817867187
2016-03-31,8532,8.0,86.0,26976,24547.167575456057
2016-04-30,8533,8.0,86.0,26657,24648.36892647872
2016-05-31,8534,8.0,86.0,26869,24732.06188787544
2016-06-30,8535,8.0,86.0,27523,24821.100975880632
2016-07-31,8536,8.0,86.0,26501,24933.68010188561
2016-08-31,8537,8.0,86.0,26600,24998.985097640376
2016-09-30,8538,8.0,86.0,26488,25065.69405190536
2016-10-31,8539,8.0,86.0,26940,25124.95679974264
2016-11-30,8540,8.0,86.0,27031,25200.58359975336
2016-12-31,8541,8.0,86.0,27260,25276.85094976364
2017-01-31,8542,8.0,86.0,27460,25359.482160190157
2017-02-28,8543,8.0,86.0,27667,25447.003736848903
2017-03-31,8544,8.0,86.0,27541,25539.503581146866
2017-04-30,8545,8.0,86.0,27135,25622.899265265747
2017-05-31,8546,8.0,86.0,27437,25685.903462546343
2017-06-30,8547,8.0,86.0,28287,25758.865818273578
2017-07-31,8548,8.0,86.0,27891,25864.20474251218
2017-08-31,8549,8.0,86.0,27664,25948.654544907506
2017-09-30,8550,8.0,86.0,28031,26020.12727220303
2017-10-31,8551,8.0,86.0,28579,26103.913635861238
2017-11-30,8552,8.0,86.0,28544,26207.04223436702
2017-12-31,8553,8.0,86.0,28442,26304.41547460173
2018-01-31,8554,8.0,86.0,28410,26393.481496493325
2018-02-28,8555,8.0,86.0,28678,26477.503100806105
2018-03-31,8556,8.0,86.0,28264,26569.190471605853
2018-04-30,8557,8.0,86.0,28194,26639.807535288943
2018-05-31,8558,8.0,86.0,28336,26704.565554651905
2018-06-30,8559,8.0,86.0,28688,26772.541989874746
2018-07-31,8560,8.0,86.0,28366,26852.352740296632
2018-08-31,8561,8.0,86.0,28393,26915.421376117607
2018-09-30,8562,8.0,86.0,29016,26976.98715211271
2018-10-31,8563,8.0,86.0,29676,27061.94602077468
2018-11-30,8564,8.0,86.0,29790,27170.864936575737
2018-12-31,8565,8.0,86.0,30011,27279.995564218418
2019-01-31,8566,8.0,86.0,29978,27393.787415709317
2019-02-28,8567,8.0,86.0,30085,27501.462940054764
2019-03-31,8568,8.0,86.0,30394,27609.110317552484
2019-04-30,8569,8.0,86.0,30365,27725.147387654466
2019-05-31,8570,8.0,86.0,31163,27835.141246502197
2019-06-30,8571,8.0,86.0,31207,27973.80202789794
2019-07-31,8572,8.0,86.0,30444,28108.51861006886
2019-08-31,8573,8.0,86.0,30728,28205.830334649323
2019-09-30,8574,8.0,86.0,31238,28310.920737372267
2019-10-31,8575,8.0,86.0,31763,28432.88237331509
2019-11-30,8576,8.0,86.0,31709,28571.63727442696
2019-12-31,8577,8.0,86.0,32165,28702.360721325836
2020-01-31,8578,8.0,86.0,33189,28846.63735793726
2020-02-29,8579,8.0,86.0,29873,29027.569134689875
2020-03-31,8580,8.0,86.0,26746,29062.795420744464
2020-04-30,8581,8.0,86.0,25726,28966.262278213446
2020-05-31,8582,8.0,86.0,24712,28831.251349954553
2020-06-30,8583,8.0,86.0,24985,28659.61587703978
2020-07-31,8584,8.0,86.0,24931,28506.506882163125
2020-08-31,8585,8.0,86.0,25248,28357.527428739664
2020-09-30,8586,8.0,86.0,26294,28227.963785875512
2020-10-31,8587,8.0,86.0,26821,28147.38196146403
2020-11-30,8588,8.0,86.0,26840,28092.116046403033
2020-12-31,8589,8.0,86.0,25409,28039.944544469574
2021-01-31,8590,8.0,86.0,24996,27930.321855116676
2021-02-28,8591,8.0,86.0,26119,27808.058444486815
2021-03-31,8592,8.0,86.0,26486,27737.681009299868
2021-04-30,8593,8.0,86.0,26909,27685.527633912374
2021-05-31,8594,8.0,86.0,29949,27653.172315832693
2021-06-30,8595,8.0,86.0,30431,27748.831802672998
2021-07-31,8596,8.0,86.0,30201,27860.588810894955
2021-08-31,8597,8.0,86.0,29728,27958.10594377433
2021-09-30,8598,8.0,86.0,30309,28031.851529450403
2021-10-31,8599,8.0,86.0,31202,28126.732715723305
2021-11-30,8600,8.0,86.0,31212,28254.86885256817
2021-12-31,8601,8.0,86.0,30777,28378.08265037783
2022-01-31,8602,8.0,86.0,31102,28478.03753994542
2022-02-28,8603,8.0,86.0,31677,28587.369309114365
2022-03-31,8604,8.0,86.0,31858,28716.1039212346
2022-04-30,8605,8.0,86.0,31996,28847.016257849828
2022-05-31,8606,8.0,86.0,32399,28978.223913772752
2022-06-30,8607,8.0,86.0,32677,29120.756250698887
2022-07-31,8608,8.0,86.0,32687,29268.933073586435
2022-08-31,8609,8.0,86.0,33538,29411.352528853666
2022-09-30,8610,8.0,86.0,34008,29583.296173484767
2022-10-31,8611,8.0,86.0,34882,29767.6588329229
2022-11-30,8612,8.0,86.0,34825,29980.756381551117
2022-12-31,8613,8.0,86.0,34950,30182.599865653156
2023-01-31,8614,8.0,86.0,35156,30381.24153791761
2023-02-28,8615,8.0,86.0,35531,30580.189807171042
2023-03-31,8616,8.0,86.0,35543,30786.473565205582
2023-04-30,8617,8.0,86.0,35674,30984.66216665535
2023-05-31,8618,8.0,86.0,35934,31180.051243044712
2023-06-30,8619,8.0,86.0,36177,31378.132441251182
2023-07-31,8620,8.0,86.0,35992,31578.08525619905
2010-02-28,8621,8.0,87.0,33623,33623.0
2010-03-31,8622,8.0,87.0,33300,33623.0
2010-04-30,8623,8.0,87.0,33291,33609.54166666667
2010-05-31,8624,8.0,87.0,33339,33596.26909722223
2010-06-30,8625,8.0,87.0,34690,33585.54955150464
2010-07-31,8626,8.0,87.0,33715,33631.56832019195
2010-08-31,8627,8.0,87.0,33634,33635.04464018396
2010-09-30,8628,8.0,87.0,33794,33635.00111350963
2010-10-31,8629,8.0,87.0,34451,33641.62606711339
2010-11-30,8630,8.0,87.0,34543,33675.34998098367
2010-12-31,8631,8.0,87.0,33964,33711.50206510935
2011-01-31,8632,8.0,87.0,34070,33722.02281239646
2011-02-28,8633,8.0,87.0,34083,33736.52186187995
2011-03-31,8634,8.0,87.0,34978,33750.95845096829
2011-04-30,8635,8.0,87.0,34080,33802.08518217794
2011-05-31,8636,8.0,87.0,34913,33813.66496625386
2011-06-30,8637,8.0,87.0,34993,33859.470592659956
2011-07-31,8638,8.0,87.0,34715,33906.70098463246
2011-08-31,8639,8.0,87.0,34757,33940.380110272774
2011-09-30,8640,8.0,87.0,35354,33974.40593901141
2011-10-31,8641,8.0,87.0,35386,34031.88902488594
2011-11-30,8642,8.0,87.0,35709,34088.31031551569
2011-12-31,8643,8.0,87.0,35452,34155.83905236921
2012-01-31,8644,8.0,87.0,35856,34209.84575852049
2012-02-29,8645,8.0,87.0,36230,34278.43551858213
2012-03-31,8646,8.0,87.0,36041,34359.75070530788
2012-04-30,8647,8.0,87.0,36217,34429.80275925339
2012-05-31,8648,8.0,87.0,36115,34504.26931095117
2012-06-30,8649,8.0,87.0,36199,34571.38308966153
2012-07-31,8650,8.0,87.0,36256,34639.20046092563
2012-08-31,8651,8.0,87.0,36440,34706.56710838706
2012-09-30,8652,8.0,87.0,36720,34778.79347887094
2012-10-31,8653,8.0,87.0,36985,34859.67708391799
2012-11-30,8654,8.0,87.0,37019,34948.2322054214
2012-12-31,8655,8.0,87.0,36925,35034.51419686218
2013-01-31,8656,8.0,87.0,36953,35113.28443865959
2013-02-28,8657,8.0,87.0,37193,35189.93925371544
2013-03-31,8658,8.0,87.0,36775,35273.40011814397
2013-04-30,8659,8.0,87.0,36997,35335.96677988797
2013-05-31,8660,8.0,87.0,37279,35405.17649739263
2013-06-30,8661,8.0,87.0,38271,35483.25247666794
2013-07-31,8662,8.0,87.0,38739,35599.40862347344
2013-08-31,8663,8.0,87.0,38802,35730.224930828714
2013-09-30,8664,8.0,87.0,39058,35858.21555871085
2013-10-31,8665,8.0,87.0,39883,35991.53991043123
2013-11-30,8666,8.0,87.0,39799,36153.68408082993
2013-12-31,8667,8.0,87.0,39683,36305.572244128685
2014-01-31,8668,8.0,87.0,39802,36446.298400623324
2014-02-28,8669,8.0,87.0,39999,36586.11930059735
2014-03-31,8670,8.0,87.0,39719,36728.32266307246
2014-04-30,8671,8.0,87.0,39511,36852.93421877778
2014-05-31,8672,8.0,87.0,39888,36963.68695966204
2014-06-30,8673,8.0,87.0,40092,37085.533336342785
2014-07-31,8674,8.0,87.0,40169,37210.802780661834
2014-08-31,8675,8.0,87.0,39887,37334.060998134264
2014-09-30,8676,8.0,87.0,40224,37440.43345654534
2014-10-31,8677,8.0,87.0,41140,37556.415395855955
2014-11-30,8678,8.0,87.0,41131,37705.73142102862
2014-12-31,8679,8.0,87.0,40831,37848.45094515243
2015-01-31,8680,8.0,87.0,41336,37972.72382243774
2015-02-28,8681,8.0,87.0,41634,38112.86032983618
2015-03-31,8682,8.0,87.0,41820,38259.57448275967
2015-04-30,8683,8.0,87.0,41878,38407.92554597802
2015-05-31,8684,8.0,87.0,41789,38552.51198156227
2015-06-30,8685,8.0,87.0,42276,38687.365648997176
2015-07-31,8686,8.0,87.0,42406,38836.89208028896
2015-08-31,8687,8.0,87.0,42670,38985.604910276925
2015-09-30,8688,8.0,87.0,43602,39139.121372348716
2015-10-31,8689,8.0,87.0,44653,39325.07464850086
2015-11-30,8690,8.0,87.0,44459,39547.07153814665
2015-12-31,8691,8.0,87.0,43848,39751.73522405721
2016-01-31,8692,8.0,87.0,44373,39922.41292305483
2016-02-29,8693,8.0,87.0,44065,40107.85405126088
2016-03-31,8694,8.0,87.0,44412,40272.73513245834
2016-04-30,8695,8.0,87.0,44641,40445.204501939246
2016-05-31,8696,8.0,87.0,45144,40620.02931435844
2016-06-30,8697,8.0,87.0,45404,40808.52809292684
2016-07-31,8698,8.0,87.0,44998,41000.00608905489
2016-08-31,8699,8.0,87.0,45034,41166.5891686776
2016-09-30,8700,8.0,87.0,46061,41327.73128664937
2016-10-31,8701,8.0,87.0,46325,41524.950816372315
2016-11-30,8702,8.0,87.0,46264,41724.95286569014
2016-12-31,8703,8.0,87.0,46582,41914.07982961972
2017-01-31,8704,8.0,87.0,47254,42108.576503385564
2017-02-28,8705,8.0,87.0,47988,42322.969149077835
2017-03-31,8706,8.0,87.0,47629,42559.012101199594
2017-04-30,8707,8.0,87.0,47332,42770.26159698294
2017-05-31,8708,8.0,87.0,48325,42960.33403044198
2017-06-30,8709,8.0,87.0,48907,43183.86177917357
2017-07-31,8710,8.0,87.0,49465,43422.325871708
2017-08-31,8711,8.0,87.0,49582,43674.103960386834
2017-09-30,8712,8.0,87.0,49996,43920.26629537072
2017-10-31,8713,8.0,87.0,50683,44173.42186639694
2017-11-30,8714,8.0,87.0,50457,44444.654288630394
2017-12-31,8715,8.0,87.0,50498,44695.168693270796
2018-01-31,8716,8.0,87.0,51050,44936.95333105118
2018-02-28,8717,8.0,87.0,51212,45191.66360892406
2018-03-31,8718,8.0,87.0,51522,45442.51095855222
2018-04-30,8719,8.0,87.0,51191,45695.82300194588
2018-05-31,8720,8.0,87.0,50776,45924.78871019814
2018-06-30,8721,8.0,87.0,50602,46126.922513939884
2018-07-31,8722,8.0,87.0,50783,46313.38407585905
2018-08-31,8723,8.0,87.0,51127,46499.618072698264
2018-09-30,8724,8.0,87.0,52041,46692.4256530025
2018-10-31,8725,8.0,87.0,52321,46915.28291746073
2018-11-30,8726,8.0,87.0,51753,47140.5211292332
2018-12-31,8727,8.0,87.0,51408,47332.70774884849
2019-01-31,8728,8.0,87.0,51924,47502.51159264647
2019-02-28,8729,8.0,87.0,52242,47686.740276286204
2019-03-31,8730,8.0,87.0,52585,47876.54276477428
2019-04-30,8731,8.0,87.0,52153,48072.728482908686
2019-05-31,8732,8.0,87.0,51990,48242.739796120826
2019-06-30,8733,8.0,87.0,52986,48398.875637949124
2019-07-31,8734,8.0,87.0,52494,48590.00581970125
2019-08-31,8735,8.0,87.0,52600,48752.67224388036
2019-09-30,8736,8.0,87.0,53055,48912.97756705201
2019-10-31,8737,8.0,87.0,53396,49085.56183509151
2019-11-30,8738,8.0,87.0,52877,49265.163425296036
2019-12-31,8739,8.0,87.0,51947,49415.65661590871
2020-01-31,8740,8.0,87.0,52227,49521.129256912514
2020-02-29,8741,8.0,87.0,51422,49633.87387120783
2020-03-31,8742,8.0,87.0,46796,49708.379126574175
2020-04-30,8743,8.0,87.0,44742,49587.029996300254
2020-05-31,8744,8.0,87.0,43166,49385.15374645441
2020-06-30,8745,8.0,87.0,42816,49126.022340352145
2020-07-31,8746,8.0,87.0,42863,48863.10474283747
2020-08-31,8747,8.0,87.0,42899,48613.10037855258
2020-09-30,8748,8.0,87.0,43641,48375.012862779564
2020-10-31,8749,8.0,87.0,44609,48177.762326830416
2020-11-30,8750,8.0,87.0,44590,48029.06389654582
2020-12-31,8751,8.0,87.0,44829,47885.76956752308
2021-01-31,8752,8.0,87.0,44976,47758.40416887629
2021-02-28,8753,8.0,87.0,44855,47642.470661839776
2021-03-31,8754,8.0,87.0,45466,47526.32605092979
2021-04-30,8755,8.0,87.0,45543,47440.47913214105
2021-05-31,8756,8.0,87.0,47123,47361.41750163518
2021-06-30,8757,8.0,87.0,51039,47351.48343906705
2021-07-31,8758,8.0,87.0,50635,47505.129962439256
2021-08-31,8759,8.0,87.0,49002,47635.54121400428
2021-09-30,8760,8.0,87.0,50033,47692.47699675411
2021-10-31,8761,8.0,87.0,50815,47789.998788556026
2021-11-30,8762,8.0,87.0,51400,47916.04050569952
2021-12-31,8763,8.0,87.0,51650,48061.20548462871
2022-01-31,8764,8.0,87.0,51973,48210.738589435845
2022-02-28,8765,8.0,87.0,51756,48367.49948154268
2022-03-31,8766,8.0,87.0,51776,48508.687003145074
2022-04-30,8767,8.0,87.0,51651,48644.8250446807
2022-05-31,8768,8.0,87.0,52128,48770.08233448567
2022-06-30,8769,8.0,87.0,52455,48909.99557054877
2022-07-31,8770,8.0,87.0,52859,49057.704088442566
2022-08-31,8771,8.0,87.0,52860,49216.09141809079
2022-09-30,8772,8.0,87.0,53691,49367.92094233701
2022-10-31,8773,8.0,87.0,54539,49548.0492364063
2022-11-30,8774,8.0,87.0,54061,49756.00551822271
2022-12-31,8775,8.0,87.0,54053,49935.380288296765
2023-01-31,8776,8.0,87.0,54846,50106.9477762844
2023-02-28,8777,8.0,87.0,55566,50304.40828560589
2023-03-31,8778,8.0,87.0,56092,50523.641273705645
2023-04-30,8779,8.0,87.0,56469,50755.65622063458
2023-05-31,8780,8.0,87.0,57254,50993.712211441474
2023-06-30,8781,8.0,87.0,58326,51254.55753596475
2023-07-31,8782,8.0,87.0,58041,51549.20097196622
2010-02-28,8783,8.0,88.0,11836,11836.0
2010-03-31,8784,8.0,88.0,11926,11836.0
2010-04-30,8785,8.0,88.0,11865,11839.75
2010-05-31,8786,8.0,88.0,11974,11840.802083333334
2010-06-30,8787,8.0,88.0,12318,11846.351996527777
2010-07-31,8788,8.0,88.0,11983,11866.003996672454
2010-08-31,8789,8.0,88.0,12012,11870.878830144435
2010-09-30,8790,8.0,88.0,12097,11876.758878888417
2010-10-31,8791,8.0,88.0,12312,11885.935592268066
2010-11-30,8792,8.0,88.0,12198,11903.688275923563
2010-12-31,8793,8.0,88.0,12188,11915.951264426749
2011-01-31,8794,8.0,88.0,12291,11927.286628408969
2011-02-28,8795,8.0,88.0,12431,11942.441352225262
2011-03-31,8796,8.0,88.0,12963,11962.79796254921
2011-04-30,8797,8.0,88.0,12985,12004.473047442993
2011-05-31,8798,8.0,88.0,13412,12045.328337132867
2011-06-30,8799,8.0,88.0,13825,12102.272989752331
2011-07-31,8800,8.0,88.0,13580,12174.053281845983
2011-08-31,8801,8.0,88.0,13472,12232.634395102401
2011-09-30,8802,8.0,88.0,13696,12284.274628639801
2011-10-31,8803,8.0,88.0,13643,12343.096519113144
2011-11-30,8804,8.0,88.0,13480,12397.259164150097
2011-12-31,8805,8.0,88.0,13169,12442.373365643842
2012-01-31,8806,8.0,88.0,13186,12472.649475408683
2012-02-29,8807,8.0,88.0,13565,12502.37241393332
2012-03-31,8808,8.0,88.0,13416,12546.648563352766
2012-04-30,8809,8.0,88.0,13541,12582.871539879736
2012-05-31,8810,8.0,88.0,13651,12622.793559051415
2012-06-30,8811,8.0,88.0,13866,12665.635494090939
2012-07-31,8812,8.0,88.0,12928,12715.65068183715
2012-08-31,8813,8.0,88.0,12893,12724.498570093936
2012-09-30,8814,8.0,88.0,12942,12731.519463006689
2012-10-31,8815,8.0,88.0,13060,12740.28948538141
2012-11-30,8816,8.0,88.0,12857,12753.610756823851
2012-12-31,8817,8.0,88.0,12680,12757.918641956192
2013-01-31,8818,8.0,88.0,12837,12754.672031874685
2013-02-28,8819,8.0,88.0,14188,12758.102363879907
2013-03-31,8820,8.0,88.0,14662,12817.681432051577
2013-04-30,8821,8.0,88.0,14688,12894.528039049428
2013-05-31,8822,8.0,88.0,14885,12969.256037422369
2013-06-30,8823,8.0,88.0,15135,13049.07870252977
2013-07-31,8824,8.0,88.0,14995,13135.992089924364
2013-08-31,8825,8.0,88.0,14893,13213.450752844183
2013-09-30,8826,8.0,88.0,15177,13283.431971475675
2013-10-31,8827,8.0,88.0,15452,13362.330639330856
2013-11-30,8828,8.0,88.0,15668,13449.400196025405
2013-12-31,8829,8.0,88.0,14970,13541.841854524348
2014-01-31,8830,8.0,88.0,15244,13601.348443919167
2014-02-28,8831,8.0,88.0,15523,13669.792258755868
2014-03-31,8832,8.0,88.0,15245,13747.009247974373
2014-04-30,8833,8.0,88.0,15509,13809.425529308775
2014-05-31,8834,8.0,88.0,15523,13880.241132254245
2014-06-30,8835,8.0,88.0,15854,13948.689418410318
2014-07-31,8836,8.0,88.0,15704,14028.07735930989
2014-08-31,8837,8.0,88.0,15914,14097.907469338645
2014-09-30,8838,8.0,88.0,15721,14173.577991449536
2014-10-31,8839,8.0,88.0,16181,14238.053908472471
2014-11-30,8840,8.0,88.0,15813,14319.009995619454
2014-12-31,8841,8.0,88.0,15324,14381.25957913531
2015-01-31,8842,8.0,88.0,15731,14420.540430004674
2015-02-28,8843,8.0,88.0,16109,14475.142912087813
2015-03-31,8844,8.0,88.0,16332,14543.220290750822
2015-04-30,8845,8.0,88.0,16437,14617.752778636204
2015-05-31,8846,8.0,88.0,15912,14693.55474619303
2015-06-30,8847,8.0,88.0,16331,14744.323298434987
2015-07-31,8848,8.0,88.0,15933,14810.434827666864
2015-08-31,8849,8.0,88.0,15877,14857.20837651408
2015-09-30,8850,8.0,88.0,16096,14899.699694159326
2015-10-31,8851,8.0,88.0,16255,14949.54554023602
2015-11-30,8852,8.0,88.0,16116,15003.939476059519
2015-12-31,8853,8.0,88.0,15998,15050.275331223706
2016-01-31,8854,8.0,88.0,16014,15089.763859089386
2016-02-29,8855,8.0,88.0,16381,15128.273698293995
2016-03-31,8856,8.0,88.0,16518,15180.470627531746
2016-04-30,8857,8.0,88.0,16518,15236.201018051257
2016-05-31,8858,8.0,88.0,16519,15289.609308965788
2016-06-30,8859,8.0,88.0,17119,15340.833921092213
2016-07-31,8860,8.0,88.0,16935,15414.924174380038
2016-08-31,8861,8.0,88.0,16906,15478.260667114204
2016-09-30,8862,8.0,88.0,16820,15537.749805984446
2016-10-31,8863,8.0,88.0,16962,15591.176897401761
2016-11-30,8864,8.0,88.0,17298,15648.29452667669
2016-12-31,8865,8.0,88.0,17242,15717.032254731828
2017-01-31,8866,8.0,88.0,17255,15780.572577451336
2017-02-28,8867,8.0,88.0,17466,15842.007053390864
2017-03-31,8868,8.0,88.0,17499,15909.673426166246
2017-04-30,8869,8.0,88.0,17693,15975.895366742652
2017-05-31,8870,8.0,88.0,17699,16047.441393128376
2017-06-30,8871,8.0,88.0,17964,16116.256335081362
2017-07-31,8872,8.0,88.0,17721,16193.245654452972
2017-08-31,8873,8.0,88.0,17819,16256.902085517433
2017-09-30,8874,8.0,88.0,17701,16321.989498620875
2017-10-31,8875,8.0,88.0,17631,16379.448269511671
2017-11-30,8876,8.0,88.0,17233,16431.59625828202
2017-12-31,8877,8.0,88.0,17268,16464.988080853604
2018-01-31,8878,8.0,88.0,17140,16498.44691081804
2018-02-28,8879,8.0,88.0,16989,16525.178289533953
2018-03-31,8880,8.0,88.0,17266,16544.504194136705
2018-04-30,8881,8.0,88.0,17439,16574.56651938101
2018-05-31,8882,8.0,88.0,17633,16610.584581073468
2018-06-30,8883,8.0,88.0,17925,16653.18522352874
2018-07-31,8884,8.0,88.0,17839,16706.17750588171
2018-08-31,8885,8.0,88.0,18058,16753.37844313664
2018-09-30,8886,8.0,88.0,17981,16807.737674672615
2018-10-31,8887,8.0,88.0,18287,16856.62360489459
2018-11-30,8888,8.0,88.0,17902,16916.222621357316
2018-12-31,8889,8.0,88.0,17952,16957.29667880076
2019-01-31,8890,8.0,88.0,18227,16998.742650517397
2019-02-28,8891,8.0,88.0,18443,17049.920040079174
2019-03-31,8892,8.0,88.0,18771,17107.96503840921
2019-04-30,8893,8.0,88.0,19045,17177.258161808826
2019-05-31,8894,8.0,88.0,19717,17255.080738400127
2019-06-30,8895,8.0,88.0,20154,17357.66070763346
2019-07-31,8896,8.0,88.0,19981,17474.1748448154
2019-08-31,8897,8.0,88.0,19832,17578.625892948094
2019-09-30,8898,8.0,88.0,19866,17672.516480741924
2019-10-31,8899,8.0,88.0,20234,17763.911627377678
2019-11-30,8900,8.0,88.0,19698,17866.83197623694
2019-12-31,8901,8.0,88.0,19142,17943.130643893735
2020-01-31,8902,8.0,88.0,19369,17993.083533731497
2020-02-29,8903,8.0,88.0,18774,18050.413386492684
2020-03-31,8904,8.0,88.0,17733,18080.562828722155
2020-04-30,8905,8.0,88.0,16515,18066.081044192066
2020-05-31,8906,8.0,88.0,15667,18001.45266735073
2020-06-30,8907,8.0,88.0,15373,17904.18380621112
2020-07-31,8908,8.0,88.0,15165,17798.717814285657
2020-08-31,8909,8.0,88.0,15045,17688.979572023756
2020-09-30,8910,8.0,88.0,15119,17578.813756522766
2020-10-31,8911,8.0,88.0,15049,17476.32151666765
2020-11-30,8912,8.0,88.0,15020,17375.18312013983
2020-12-31,8913,8.0,88.0,14495,17277.050490134003
2021-01-31,8914,8.0,88.0,14471,17161.131719711753
2021-02-28,8915,8.0,88.0,14669,17049.042898057098
2021-03-31,8916,8.0,88.0,14672,16949.874443971385
2021-04-30,8917,8.0,88.0,15045,16854.96300880591
2021-05-31,8918,8.0,88.0,15392,16779.547883438998
2021-06-30,8919,8.0,88.0,16199,16721.733388295706
2021-07-31,8920,8.0,88.0,15878,16699.952830450053
2021-08-31,8921,8.0,88.0,16837,16665.704795847967
2021-09-30,8922,8.0,88.0,17107,16672.84209602097
2021-10-31,8923,8.0,88.0,17368,16690.932008686763
2021-11-30,8924,8.0,88.0,17621,16719.14317499148
2021-12-31,8925,8.0,88.0,17459,16756.720542700168
2022-01-31,8926,8.0,88.0,17797,16785.98218675433
2022-02-28,8927,8.0,88.0,18017,16828.1079289729
2022-03-31,8928,8.0,88.0,18310,16877.645098599027
2022-04-30,8929,8.0,88.0,19033,16937.32655282407
2022-05-31,8930,8.0,88.0,19304,17024.646279789733
2022-06-30,8931,8.0,88.0,19119,17119.61935146516
2022-07-31,8932,8.0,88.0,18822,17202.926878487448
2022-08-31,8933,8.0,88.0,18847,17270.388258550473
2022-09-30,8934,8.0,88.0,19623,17336.080414444205
2022-10-31,8935,8.0,88.0,20167,17431.36873050903
2022-11-30,8936,8.0,88.0,20116,17545.353366737825
2022-12-31,8937,8.0,88.0,20005,17652.463643123752
2023-01-31,8938,8.0,88.0,20061,17750.485991326932
2023-02-28,8939,8.0,88.0,20191,17846.757408354977
2023-03-31,8940,8.0,88.0,20818,17944.434183006855
2023-04-30,8941,8.0,88.0,20873,18064.16609204824
2023-05-31,8942,8.0,88.0,21063,18181.200838212895
2023-06-30,8943,8.0,88.0,21357,18301.275803287357
2023-07-31,8944,8.0,88.0,20945,18428.59764481705
2010-02-28,8945,8.0,89.0,35783,35783.0
2010-03-31,8946,8.0,89.0,35759,35783.00000000001
2010-04-30,8947,8.0,89.0,35589,35782.00000000001
2010-05-31,8948,8.0,89.0,35775,35773.95833333334
2010-06-30,8949,8.0,89.0,36117,35774.001736111124
2010-07-31,8950,8.0,89.0,36047,35788.29333043983
2010-08-31,8951,8.0,89.0,36021,35799.072775004846
2010-09-30,8952,8.0,89.0,36164,35808.31974271298
2010-10-31,8953,8.0,89.0,36466,35823.13975343327
2010-11-30,8954,8.0,89.0,36368,35849.925597040216
2010-12-31,8955,8.0,89.0,36363,35871.51203049688
2011-01-31,8956,8.0,89.0,36505,35891.99069589285
2011-02-28,8957,8.0,89.0,37149,35917.532750230646
2011-03-31,8958,8.0,89.0,37682,35968.8438856377
2011-04-30,8959,8.0,89.0,37691,36040.225390402804
2011-05-31,8960,8.0,89.0,37808,36109.00766580269
2011-06-30,8961,8.0,89.0,37997,36179.79901306091
2011-07-31,8962,8.0,89.0,37009,36255.515720850046
2011-08-31,8963,8.0,89.0,37179,36286.91089914796
2011-09-30,8964,8.0,89.0,37479,36324.08127835013
2011-10-31,8965,8.0,89.0,37838,36372.20289175221
2011-11-30,8966,8.0,89.0,37648,36433.27777126254
2011-12-31,8967,8.0,89.0,38040,36483.89119745993
2012-01-31,8968,8.0,89.0,39294,36548.72906423244
2012-02-29,8969,8.0,89.0,39008,36663.115353222754
2012-03-31,8970,8.0,89.0,38402,36760.81888017181
2012-04-30,8971,8.0,89.0,38429,36829.20142683132
2012-05-31,8972,8.0,89.0,38847,36895.85970071335
2012-06-30,8973,8.0,89.0,39286,36977.15721318363
2012-07-31,8974,8.0,89.0,39666,37073.35899596765
2012-08-31,8975,8.0,89.0,41294,37181.385704468994
2012-09-30,8976,8.0,89.0,41514,37352.74463344946
2012-10-31,8977,8.0,89.0,41487,37526.1302737224
2012-11-30,8978,8.0,89.0,40441,37691.16651231731
2012-12-31,8979,8.0,89.0,40894,37805.74290763742
2013-01-31,8980,8.0,89.0,40560,37934.42028648586
2013-02-28,8981,8.0,89.0,41141,38043.819441215615
2013-03-31,8982,8.0,89.0,41581,38172.868631164965
2013-04-30,8983,8.0,89.0,41726,38314.87410486642
2013-05-31,8984,8.0,89.0,42150,38457.004350496994
2013-06-30,8985,8.0,89.0,42224,38610.87916922629
2013-07-31,8986,8.0,89.0,42268,38761.42587050853
2013-08-31,8987,8.0,89.0,42639,38907.53312590401
2013-09-30,8988,8.0,89.0,42641,39063.01091232468
2013-10-31,8989,8.0,89.0,42987,39212.09379097782
2013-11-30,8990,8.0,89.0,42472,39369.38154968708
2013-12-31,8991,8.0,89.0,40877,39498.65731845012
2014-01-31,8992,8.0,89.0,40882,39556.0882635147
2014-02-28,8993,8.0,89.0,41072,39611.33458586825
2014-03-31,8994,8.0,89.0,41424,39672.19564479041
2014-04-30,8995,8.0,89.0,41981,39745.187492924146
2014-05-31,8996,8.0,89.0,41709,39838.34634738565
2014-06-30,8997,8.0,89.0,42288,39916.29024957791
2014-07-31,8998,8.0,89.0,42785,40015.11148917883
2014-08-31,8999,8.0,89.0,42541,40130.52351046305
2014-09-30,9000,8.0,89.0,42597,40230.96003086042
2014-10-31,9001,8.0,89.0,42877,40329.54502957457
2014-11-30,9002,8.0,89.0,42655,40435.688986675625
2014-12-31,9003,8.0,89.0,41558,40528.16027889747
2015-01-31,9004,8.0,89.0,42380,40571.070267276744
2015-02-28,9005,8.0,89.0,43474,40646.44233947355
2015-03-31,9006,8.0,89.0,43647,40764.25724199548
2015-04-30,9007,8.0,89.0,43533,40884.37152357901
2015-05-31,9008,8.0,89.0,43929,40994.731043429885
2015-06-30,9009,8.0,89.0,43454,41116.99224995364
2015-07-31,9010,8.0,89.0,44159,41214.367572872245
2015-08-31,9011,8.0,89.0,44577,41337.060590669236
2015-09-30,9012,8.0,89.0,45645,41472.058066058016
2015-10-31,9013,8.0,89.0,45572,41645.93064663893
2015-11-30,9014,8.0,89.0,46006,41809.516869695646
2015-12-31,9015,8.0,89.0,46325,41984.370333458326
2016-01-31,9016,8.0,89.0,47326,42165.22990289757
2016-02-29,9017,8.0,89.0,47305,42380.261990276835
2016-03-31,9018,8.0,89.0,46457,42585.45940734863
2016-04-30,9019,8.0,89.0,46766,42746.77359870911
2016-05-31,9020,8.0,89.0,47328,42914.24136542957
2016-06-30,9021,8.0,89.0,47592,43098.147975203334
2016-07-31,9022,8.0,89.0,46933,43285.39180956986
2016-08-31,9023,8.0,89.0,47608,43437.37548417111
2016-09-30,9024,8.0,89.0,47958,43611.151505663984
2016-10-31,9025,8.0,89.0,48384,43792.27019292799
2016-11-30,9026,8.0,89.0,48211,43983.59226822265
2016-12-31,9027,8.0,89.0,45584,44159.73425704671
2017-01-31,9028,8.0,89.0,44726,44219.0786630031
2017-02-28,9029,8.0,89.0,45667,44240.200385377975
2017-03-31,9030,8.0,89.0,45480,44299.65036932056
2017-04-30,9031,8.0,89.0,45055,44348.8316039322
2017-05-31,9032,8.0,89.0,44736,44378.255287101696
2017-06-30,9033,8.0,89.0,45070,44393.161316805796
2017-07-31,9034,8.0,89.0,45307,44421.36292860555
2017-08-31,9035,8.0,89.0,46177,44458.264473246985
2017-09-30,9036,8.0,89.0,46951,44529.87845352836
2017-10-31,9037,8.0,89.0,46933,44630.75851796468
2017-11-30,9038,8.0,89.0,46586,44726.68524638282
2017-12-31,9039,8.0,89.0,46068,44804.156694450205
2018-01-31,9040,8.0,89.0,46487,44856.816832181445
2018-02-28,9041,8.0,89.0,47827,44924.74113084056
2018-03-31,9042,8.0,89.0,48675,45045.6685837222
2018-04-30,9043,8.0,89.0,48241,45196.89072606711
2018-05-31,9044,8.0,89.0,48324,45323.72861248098
2018-06-30,9045,8.0,89.0,47964,45448.739920294276
2018-07-31,9046,8.0,89.0,48356,45553.54242361535
2018-08-31,9047,8.0,89.0,48262,45670.311489298045
2018-09-30,9048,8.0,89.0,48700,45778.29851057729
2018-10-31,9049,8.0,89.0,48845,45900.03607263657
2018-11-30,9050,8.0,89.0,46852,46022.742902943384
2018-12-31,9051,8.0,89.0,45957,46057.29528198741
2019-01-31,9052,8.0,89.0,46349,46053.1163119046
2019-02-28,9053,8.0,89.0,46549,46065.44479890858
2019-03-31,9054,8.0,89.0,46558,46085.59293228739
2019-04-30,9055,8.0,89.0,47177,46105.27656010875
2019-05-31,9056,8.0,89.0,46499,46149.931703437556
2019-06-30,9057,8.0,89.0,46102,46164.476215794326
2019-07-31,9058,8.0,89.0,46657,46161.873040136226
2019-08-31,9059,8.0,89.0,47423,46182.50333013055
2019-09-30,9060,8.0,89.0,47928,46234.190691375115
2019-10-31,9061,8.0,89.0,47896,46304.76607923449
2019-11-30,9062,8.0,89.0,47523,46371.06749259972
2019-12-31,9063,8.0,89.0,46939,46419.06468040807
2020-01-31,9064,8.0,89.0,47830,46440.72865205773
2020-02-29,9065,8.0,89.0,47909,46498.614958221995
2020-03-31,9066,8.0,89.0,46549,46557.381001629416
2020-04-30,9067,8.0,89.0,45651,46557.03179322819
2020-05-31,9068,8.0,89.0,46162,46519.28046851035
2020-06-30,9069,8.0,89.0,46963,46504.39378232242
2020-07-31,9070,8.0,89.0,47280,46523.50237472565
2020-08-31,9071,8.0,89.0,47762,46555.02310911208
2020-09-30,9072,8.0,89.0,47625,46605.31381289908
2020-10-31,9073,8.0,89.0,47758,46647.80073736162
2020-11-30,9074,8.0,89.0,47108,46694.05903997155
2020-12-31,9075,8.0,89.0,46659,46711.30657997274
2021-01-31,9076,8.0,89.0,46606,46709.127139140546
2021-02-28,9077,8.0,89.0,47371,46704.83017500969
2021-03-31,9078,8.0,89.0,47020,46732.58725105095
2021-04-30,9079,8.0,89.0,46677,46744.56278225716
2021-05-31,9080,8.0,89.0,47463,46741.747666329786
2021-06-30,9081,8.0,89.0,47486,46771.79984689938
2021-07-31,9082,8.0,89.0,46958,46801.55818661191
2021-08-31,9083,8.0,89.0,47765,46808.07659550309
2021-09-30,9084,8.0,89.0,48359,46847.948404023795
2021-10-31,9085,8.0,89.0,48667,46910.90888718947
2021-11-30,9086,8.0,89.0,47992,46984.07935022324
2021-12-31,9087,8.0,89.0,48176,47026.07604396394
2022-01-31,9088,8.0,89.0,48539,47073.98954213211
2022-02-28,9089,8.0,89.0,48591,47135.031644543276
2022-03-31,9090,8.0,89.0,48767,47195.696992687306
2022-04-30,9091,8.0,89.0,48362,47261.16795132534
2022-05-31,9092,8.0,89.0,48607,47307.03595335346
2022-06-30,9093,8.0,89.0,48719,47361.20112196373
2022-07-31,9094,8.0,89.0,48426,47417.776075215246
2022-08-31,9095,8.0,89.0,48792,47459.785405414616
2022-09-30,9096,8.0,89.0,48805,47515.29434685568
2022-10-31,9097,8.0,89.0,48887,47569.032082403355
2022-11-30,9098,8.0,89.0,47971,47623.94741230322
2022-12-31,9099,8.0,89.0,48975,47638.40793679059
2023-01-31,9100,8.0,89.0,49473,47694.099272757645
2023-02-28,9101,8.0,89.0,50045,47768.220136392745
2023-03-31,9102,8.0,89.0,50560,47863.08596404305
2023-04-30,9103,8.0,89.0,51259,47975.457382207926
2023-05-31,9104,8.0,89.0,50918,48112.27165794926
2023-06-30,9105,8.0,89.0,50925,48229.177005534715
2023-07-31,9106,8.0,89.0,51181,48341.50296363744
2010-02-28,9107,9.0,91.0,39956,39956.0
2010-03-31,9108,9.0,91.0,39307,39956.00000000001
2010-04-30,9109,9.0,91.0,38890,39928.958333333336
2010-05-31,9110,9.0,91.0,38546,39885.66840277778
2010-06-30,9111,9.0,91.0,36295,39829.84888599538
2010-07-31,9112,9.0,91.0,37481,39682.56351574557
2010-08-31,9113,9.0,91.0,39810,39590.83170258951
2010-09-30,9114,9.0,91.0,39601,39599.96371498161
2010-10-31,9115,9.0,91.0,39887,39600.00689352404
2010-11-30,9116,9.0,91.0,36483,39611.96493962721
2010-12-31,9117,9.0,91.0,39568,39481.59140047608
2011-01-31,9118,9.0,91.0,40328,39485.19175878957
2011-02-28,9119,9.0,91.0,40613,39520.30876884001
2011-03-31,9120,9.0,91.0,39734,39565.83757013835
2011-04-30,9121,9.0,91.0,39493,39572.84433804925
2011-05-31,9122,9.0,91.0,39026,39569.51749063053
2011-06-30,9123,9.0,91.0,36569,39546.87092852093
2011-07-31,9124,9.0,91.0,38334,39422.792973165895
2011-08-31,9125,9.0,91.0,40655,39377.42659928399
2011-09-30,9126,9.0,91.0,41074,39430.658824313825
2011-10-31,9127,9.0,91.0,41266,39499.13137330075
2011-11-30,9128,9.0,91.0,37922,39572.750899413215
2011-12-31,9129,9.0,91.0,40714,39503.96961193767
2012-01-31,9130,9.0,91.0,41385,39554.3875447736
2012-02-29,9131,9.0,91.0,41682,39630.66306374137
2012-03-31,9132,9.0,91.0,40762,39716.13543608548
2012-04-30,9133,9.0,91.0,40737,39759.713126248585
2012-05-31,9134,9.0,91.0,40269,39800.43341265489
2012-06-30,9135,9.0,91.0,37723,39819.95702046094
2012-07-31,9136,9.0,91.0,40035,39732.583811275064
2012-08-31,9137,9.0,91.0,42228,39745.18448580527
2012-09-30,9138,9.0,91.0,42932,39848.635132230054
2012-10-31,9139,9.0,91.0,43467,39977.10866838714
2012-11-30,9140,9.0,91.0,40162,40122.520807204346
2012-12-31,9141,9.0,91.0,42853,40124.16577357083
2013-01-31,9142,9.0,91.0,43457,40237.867199672044
2013-02-28,9143,9.0,91.0,43556,40371.997733019045
2013-03-31,9144,9.0,91.0,42843,40504.66449414325
2013-04-30,9145,9.0,91.0,42640,40602.09514022062
2013-05-31,9146,9.0,91.0,42444,40687.00784271143
2013-06-30,9147,9.0,91.0,39832,40760.21584926512
2013-07-31,9148,9.0,91.0,42209,40721.54018887907
2013-08-31,9149,9.0,91.0,44348,40783.517681009114
2013-09-30,9150,9.0,91.0,44773,40932.03777763374
2013-10-31,9151,9.0,91.0,45098,41092.07787023234
2013-11-30,9152,9.0,91.0,41578,41258.991292306
2013-12-31,9153,9.0,91.0,44228,41272.28332179325
2014-01-31,9154,9.0,91.0,45292,41395.4381833852
2014-02-28,9155,9.0,91.0,45626,41557.79492574415
2014-03-31,9156,9.0,91.0,45013,41727.30347050481
2014-04-30,9157,9.0,91.0,44868,41864.20749256711
2014-05-31,9158,9.0,91.0,44361,41989.36551371015
2014-06-30,9159,9.0,91.0,41509,42088.18361730556
2014-07-31,9160,9.0,91.0,43646,42064.050966584495
2014-08-31,9161,9.0,91.0,45794,42129.96550964348
2014-09-30,9162,9.0,91.0,46220,42282.63361340834
2014-10-31,9163,9.0,91.0,46514,42446.690546182996
2014-11-30,9164,9.0,91.0,42770,42616.161773425374
2014-12-31,9165,9.0,91.0,45644,42622.57169953265
2015-01-31,9166,9.0,91.0,46446,42748.46454538546
2015-02-28,9167,9.0,91.0,46399,42902.528522661065
2015-03-31,9168,9.0,91.0,45880,43048.21483421685
2015-04-30,9169,9.0,91.0,45463,43166.205882791146
2015-05-31,9170,9.0,91.0,45011,43261.90563767485
2015-06-30,9171,9.0,91.0,42041,43334.7845694384
2015-07-31,9172,9.0,91.0,44331,43280.876879045136
2015-08-31,9173,9.0,91.0,46238,43324.632009084926
2015-09-30,9174,9.0,91.0,46747,43446.02234203972
2015-10-31,9175,9.0,91.0,47087,43583.563077788065
2015-11-30,9176,9.0,91.0,43327,43729.539616213566
2015-12-31,9177,9.0,91.0,46002,43712.767132204666
2016-01-31,9178,9.0,91.0,46800,43808.15183502947
2016-02-29,9179,9.0,91.0,46706,43932.81217523658
2016-03-31,9180,9.0,91.0,46404,44048.36166793506
2016-04-30,9181,9.0,91.0,45762,44146.51326510443
2016-05-31,9182,9.0,91.0,45320,44213.82521239175
2016-06-30,9183,9.0,91.0,42540,44259.91582854209
2016-07-31,9184,9.0,91.0,44793,44188.25266901951
2016-08-31,9185,9.0,91.0,47325,44213.45047447703
2016-09-30,9186,9.0,91.0,47904,44343.098371373824
2016-10-31,9187,9.0,91.0,48189,44491.46927256658
2016-11-30,9188,9.0,91.0,44344,44645.53305287631
2016-12-31,9189,9.0,91.0,47610,44632.969175673126
2017-01-31,9190,9.0,91.0,48355,44757.01212668675
2017-02-28,9191,9.0,91.0,48538,44906.9282880748
2017-03-31,9192,9.0,91.0,47722,45058.22294273835
2017-04-30,9193,9.0,91.0,47456,45169.213653457584
2017-05-31,9194,9.0,91.0,47094,45264.49641789686
2017-06-30,9195,9.0,91.0,44064,45340.725733817824
2017-07-31,9196,9.0,91.0,46594,45287.52882824208
2017-08-31,9197,9.0,91.0,49265,45341.96512706533
2017-09-30,9198,9.0,91.0,49668,45505.42491343761
2017-10-31,9199,9.0,91.0,50066,45678.865542044376
2017-11-30,9200,9.0,91.0,45948,45861.66281112586
2017-12-31,9201,9.0,91.0,48976,45865.26019399562
2018-01-31,9202,9.0,91.0,49718,45994.874352579136
2018-02-28,9203,9.0,91.0,49595,46150.00458788834
2018-03-31,9204,9.0,91.0,48907,46293.546063393
2018-04-30,9205,9.0,91.0,48590,46402.43997741829
2018-05-31,9206,9.0,91.0,48683,46493.58831169253
2018-06-30,9207,9.0,91.0,45540,46584.81379870535
2018-07-31,9208,9.0,91.0,48563,46541.27989042596
2018-08-31,9209,9.0,91.0,51128,46625.51822832489
2018-09-30,9210,9.0,91.0,51314,46813.12163547802
2018-10-31,9211,9.0,91.0,51685,47000.65823399977
2018-11-30,9212,9.0,91.0,47435,47195.83914091645
2018-12-31,9213,9.0,91.0,50766,47205.8041767116
2019-01-31,9214,9.0,91.0,51272,47354.14566934862
2019-02-28,9215,9.0,91.0,51518,47517.38959979243
2019-03-31,9216,9.0,91.0,50314,47684.08169980108
2019-04-30,9217,9.0,91.0,50100,47793.661628976035
2019-05-31,9218,9.0,91.0,49416,47889.759061102035
2019-06-30,9219,9.0,91.0,46496,47953.352433556116
2019-07-31,9220,9.0,91.0,47650,47892.62941549128
2019-08-31,9221,9.0,91.0,50828,47882.51985651248
2019-09-30,9222,9.0,91.0,51137,48005.24819582447
2019-10-31,9223,9.0,91.0,51362,48135.73785433178
2019-11-30,9224,9.0,91.0,47102,48270.16544373463
2019-12-31,9225,9.0,91.0,50320,48221.49188357902
2020-01-31,9226,9.0,91.0,51247,48308.92972176323
2020-02-29,9227,9.0,91.0,51174,48431.34931668976
2020-03-31,9228,9.0,91.0,49423,48545.62642849435
2020-04-30,9229,9.0,91.0,48638,48582.183660640425
2020-05-31,9230,9.0,91.0,47391,48584.509341447076
2020-06-30,9231,9.0,91.0,44073,48534.77978555345
2020-07-31,9232,9.0,91.0,44860,48348.87229448873
2020-08-31,9233,9.0,91.0,45579,48203.5026155517
2020-09-30,9234,9.0,91.0,45945,48094.14833990371
2020-10-31,9235,9.0,91.0,45718,48004.60049240772
2020-11-30,9236,9.0,91.0,42441,47909.325471890734
2020-12-31,9237,9.0,91.0,43788,47681.47857722862
2021-01-31,9238,9.0,91.0,44930,47519.25030317743
2021-02-28,9239,9.0,91.0,45150,47411.364873878374
2021-03-31,9240,9.0,91.0,44671,47317.141337466775
2021-04-30,9241,9.0,91.0,44703,47206.88544840566
2021-05-31,9242,9.0,91.0,44123,47102.55688805542
2021-06-30,9243,9.0,91.0,41889,46978.40868438645
2021-07-31,9244,9.0,91.0,43980,46766.349989203685
2021-08-31,9245,9.0,91.0,47059,46650.25207298687
2021-09-30,9246,9.0,91.0,47599,46667.28323661241
2021-10-31,9247,9.0,91.0,48176,46706.10476842023
2021-11-30,9248,9.0,91.0,44444,46767.35040306939
2021-12-31,9249,9.0,91.0,46868,46670.54413627483
2022-01-31,9250,9.0,91.0,48190,46678.771463930054
2022-02-28,9251,9.0,91.0,48399,46741.739319599634
2022-03-31,9252,9.0,91.0,47390,46810.79184794965
2022-04-30,9253,9.0,91.0,47280,46834.92552095175
2022-05-31,9254,9.0,91.0,46963,46853.4702909121
2022-06-30,9255,9.0,91.0,43708,46858.03402879076
2022-07-31,9256,9.0,91.0,46510,46726.78261092448
2022-08-31,9257,9.0,91.0,49446,46717.75000213596
2022-09-30,9258,9.0,91.0,49906,46831.427085380295
2022-10-31,9259,9.0,91.0,50301,46959.534290156116
2022-11-30,9260,9.0,91.0,46723,47098.76202806628
2022-12-31,9261,9.0,91.0,49365,47083.10527689685
2023-01-31,9262,9.0,91.0,50277,47178.18422369282
2023-02-28,9263,9.0,91.0,50591,47307.30154770562
2023-03-31,9264,9.0,91.0,49804,47444.12231655122
2023-04-30,9265,9.0,91.0,49424,47542.45055336159
2023-05-31,9266,9.0,91.0,49011,47620.848446971526
2023-06-30,9267,9.0,91.0,45601,47678.77142834771
2023-07-31,9268,9.0,91.0,48643,47592.19761883322
2010-02-28,9269,9.0,92.0,17662,17662.0
2010-03-31,9270,9.0,92.0,18138,17662.000000000004
2010-04-30,9271,9.0,92.0,18514,17681.833333333336
2010-05-31,9272,9.0,92.0,18618,17716.50694444445
2010-06-30,9273,9.0,92.0,18588,17754.0691550926
2010-07-31,9274,9.0,92.0,18552,17788.816273630408
2010-08-31,9275,9.0,92.0,18632,17820.615595562474
2010-09-30,9276,9.0,92.0,18725,17854.423279080704
2010-10-31,9277,9.0,92.0,18648,17890.69730911901
2010-11-30,9278,9.0,92.0,18592,17922.251587905717
2010-12-31,9279,9.0,92.0,17945,17950.157771742983
2011-01-31,9280,9.0,92.0,17904,17949.942864587025
2011-02-28,9281,9.0,92.0,17990,17948.028578562567
2011-03-31,9282,9.0,92.0,18267,17949.777387789127
2011-04-30,9283,9.0,92.0,18417,17962.99499663125
2011-05-31,9284,9.0,92.0,18314,17981.911871771616
2011-06-30,9285,9.0,92.0,18705,17995.748877114464
2011-07-31,9286,9.0,92.0,18813,18025.301007234695
2011-08-31,9287,9.0,92.0,18967,18058.121798599917
2011-09-30,9288,9.0,92.0,19088,18095.991723658255
2011-10-31,9289,9.0,92.0,19246,18137.32540183916
2011-11-30,9290,9.0,92.0,18348,18183.52017676253
2011-12-31,9291,9.0,92.0,18205,18190.37350273076
2012-01-31,9292,9.0,92.0,18443,18190.98294011698
2012-02-29,9293,9.0,92.0,18588,18201.48365094544
2012-03-31,9294,9.0,92.0,18665,18217.588498822715
2012-04-30,9295,9.0,92.0,18688,18236.2306447051
2012-05-31,9296,9.0,92.0,18857,18255.05436784239
2012-06-30,9297,9.0,92.0,18916,18280.135435848955
2012-07-31,9298,9.0,92.0,19385,18306.629792688585
2012-08-31,9299,9.0,92.0,19572,18351.561884659895
2012-09-30,9300,9.0,92.0,19602,18402.413472799068
2012-10-31,9301,9.0,92.0,18912,18452.396244765772
2012-11-30,9302,9.0,92.0,19028,18471.546401233867
2012-12-31,9303,9.0,92.0,19108,18494.731967849122
2013-01-31,9304,9.0,92.0,19220,18520.284802522077
2013-02-28,9305,9.0,92.0,19383,18549.43960241699
2013-03-31,9306,9.0,92.0,19488,18584.171285649616
2013-04-30,9307,9.0,92.0,19528,18621.830815414218
2013-05-31,9308,9.0,92.0,19601,18659.587864771962
2013-06-30,9309,9.0,92.0,20336,18698.813370406464
2013-07-31,9310,9.0,92.0,20268,18767.02947997286
2013-08-31,9311,9.0,92.0,20334,18829.569918307327
2013-09-30,9312,9.0,92.0,20284,18892.254505044522
2013-10-31,9313,9.0,92.0,20335,18950.24390066767
2013-11-30,9314,9.0,92.0,20246,19007.942071473186
2013-12-31,9315,9.0,92.0,20195,19059.527818495135
2014-01-31,9316,9.0,92.0,20358,19106.83915939117
2014-02-28,9317,9.0,92.0,20548,19158.970861083206
2014-03-31,9318,9.0,92.0,20620,19216.84707520474
2014-04-30,9319,9.0,92.0,20637,19275.311780404543
2014-05-31,9320,9.0,92.0,20756,19332.048789554356
2014-06-30,9321,9.0,92.0,20763,19391.38008998959
2014-07-31,9322,9.0,92.0,20913,19448.530919573357
2014-08-31,9323,9.0,92.0,20912,19509.550464591135
2014-09-30,9324,9.0,92.0,21045,19567.985861899837
2014-10-31,9325,9.0,92.0,21204,19629.528117654012
2014-11-30,9326,9.0,92.0,21155,19695.131112751762
2014-12-31,9327,9.0,92.0,21055,19755.95898305377
2015-01-31,9328,9.0,92.0,21163,19810.0856920932
2015-02-28,9329,9.0,92.0,21281,19866.457121589316
2015-03-31,9330,9.0,92.0,21305,19925.39640818976
2015-04-30,9331,9.0,92.0,21410,19982.879891181852
2015-05-31,9332,9.0,92.0,21463,20042.343229049275
2015-06-30,9333,9.0,92.0,21652,20101.537261172223
2015-07-31,9334,9.0,92.0,21625,20166.13987529005
2015-08-31,9335,9.0,92.0,21681,20226.925713819634
2015-09-30,9336,9.0,92.0,21808,20287.512142410484
2015-10-31,9337,9.0,92.0,21839,20350.86580314338
2015-11-30,9338,9.0,92.0,21640,20412.871394679074
2015-12-31,9339,9.0,92.0,21604,20464.001753234115
2016-01-31,9340,9.0,92.0,21830,20511.501680182697
2016-02-29,9341,9.0,92.0,21955,20566.439110175084
2016-03-31,9342,9.0,92.0,22112,20624.29581391779
2016-04-30,9343,9.0,92.0,22224,20686.283488337882
2016-05-31,9344,9.0,92.0,22377,20750.355009657138
2016-06-30,9345,9.0,92.0,22493,20818.13188425476
2016-07-31,9346,9.0,92.0,22663,20887.918055744143
2016-08-31,9347,9.0,92.0,22830,20961.879803421474
2016-09-30,9348,9.0,92.0,22970,21039.718144945582
2016-10-31,9349,9.0,92.0,23052,21120.14655557285
2016-11-30,9350,9.0,92.0,22947,21200.64044909065
2016-12-31,9351,9.0,92.0,22954,21273.40543037854
2017-01-31,9352,9.0,92.0,23159,21343.43020411277
2017-02-28,9353,9.0,92.0,23287,21419.07894560807
2017-03-31,9354,9.0,92.0,23392,21496.90898954107
2017-04-30,9355,9.0,92.0,23513,21575.87111497686
2017-05-31,9356,9.0,92.0,23610,21656.58481851949
2017-06-30,9357,9.0,92.0,23683,21737.977117747847
2017-07-31,9358,9.0,92.0,23856,21819.01973784169
2017-08-31,9359,9.0,92.0,23964,21903.893915431618
2017-09-30,9360,9.0,92.0,24103,21989.7316689553
2017-10-31,9361,9.0,92.0,24212,22077.784516082167
2017-11-30,9362,9.0,92.0,24109,22166.71016124541
2017-12-31,9363,9.0,92.0,24102,22247.63890452685
2018-01-31,9364,9.0,92.0,24230,22324.903950171567
2018-02-28,9365,9.0,92.0,24384,22404.28295224775
2018-03-31,9366,9.0,92.0,24533,22486.771162570763
2018-04-30,9367,9.0,92.0,24514,22572.030697463648
2018-05-31,9368,9.0,92.0,24584,22652.946085069332
2018-06-30,9369,9.0,92.0,24683,22733.40666485811
2018-07-31,9370,9.0,92.0,24687,22814.639720489024
2018-08-31,9371,9.0,92.0,24848,22892.654732135314
2018-09-30,9372,9.0,92.0,24959,22974.127451629676
2018-10-31,9373,9.0,92.0,25158,23056.83047447844
2018-11-30,9374,9.0,92.0,24904,23144.379204708504
2018-12-31,9375,9.0,92.0,24666,23217.696737845654
2019-01-31,9376,9.0,92.0,24508,23278.042707102086
2019-02-28,9377,9.0,92.0,24677,23329.2909276395
2019-03-31,9378,9.0,92.0,24790,23385.445472321186
2019-04-30,9379,9.0,92.0,25161,23443.96857764114
2019-05-31,9380,9.0,92.0,25193,23515.51155357276
2019-06-30,9381,9.0,92.0,25269,23585.40690550723
2019-07-31,9382,9.0,92.0,25543,23655.556617777762
2019-08-31,9383,9.0,92.0,25639,23734.200092037023
2019-09-30,9384,9.0,92.0,25715,23813.566754868814
2019-10-31,9385,9.0,92.0,26083,23892.793140082613
2019-11-30,9386,9.0,92.0,26057,23984.05175924584
2019-12-31,9387,9.0,92.0,26749,24070.424602610594
2020-01-31,9388,9.0,92.0,26965,24182.031910835154
2020-02-29,9389,9.0,92.0,27321,24297.98891455036
2020-03-31,9390,9.0,92.0,27230,24423.94770977743
2020-04-30,9391,9.0,92.0,26909,24540.866555203367
2020-05-31,9392,9.0,92.0,27063,24639.538782069892
2020-06-30,9393,9.0,92.0,27398,24740.51633281698
2020-07-31,9394,9.0,92.0,27619,24851.244818949606
2020-08-31,9395,9.0,92.0,27754,24966.567951493376
2020-09-30,9396,9.0,92.0,28032,25082.71095351449
2020-10-31,9397,9.0,92.0,28279,25205.597997118053
2020-11-30,9398,9.0,92.0,28368,25333.656413904802
2020-12-31,9399,9.0,92.0,28502,25460.08739665877
2021-01-31,9400,9.0,92.0,28856,25586.833755131323
2021-02-28,9401,9.0,92.0,29054,25723.049015334185
2021-03-31,9402,9.0,92.0,29151,25861.83863969526
2021-04-30,9403,9.0,92.0,29302,25998.88702970796
2021-05-31,9404,9.0,92.0,31084,26136.516736803464
2021-06-30,9405,9.0,92.0,31766,26342.66187276999
2021-07-31,9406,9.0,92.0,32423,26568.634294737905
2021-08-31,9407,9.0,92.0,32689,26812.566199123827
2021-09-30,9408,9.0,92.0,32979,27057.41760749367
2021-10-31,9409,9.0,92.0,33269,27304.150207181436
2021-11-30,9410,9.0,92.0,33169,27552.68561521554
2021-12-31,9411,9.0,92.0,33470,27786.698714581562
2022-01-31,9412,9.0,92.0,33651,28023.50293480733
2022-02-28,9413,9.0,92.0,33848,28257.981979190357
2022-03-31,9414,9.0,92.0,34047,28490.899396724093
2022-04-30,9415,9.0,92.0,34024,28722.403588527257
2022-05-31,9416,9.0,92.0,33982,28943.30343900529
2022-06-30,9417,9.0,92.0,33889,29153.249129046737
2022-07-31,9418,9.0,92.0,33993,29350.572082003124
2022-08-31,9419,9.0,92.0,34047,29544.00657858633
2022-09-30,9420,9.0,92.0,34207,29731.631304478567
2022-10-31,9421,9.0,92.0,34426,29918.105000125295
2022-11-30,9422,9.0,92.0,34258,30105.93395845341
2022-12-31,9423,9.0,92.0,34496,30278.93671018452
2023-01-31,9424,9.0,92.0,34710,30454.647680593498
2023-02-28,9425,9.0,92.0,34931,30631.954027235435
2023-03-31,9426,9.0,92.0,35129,30811.08094276729
2023-04-30,9427,9.0,92.0,35412,30990.994236818653
2023-05-31,9428,9.0,92.0,35547,31175.202810284543
2023-06-30,9429,9.0,92.0,35811,31357.36102652269
2023-07-31,9430,9.0,92.0,35936,31542.929317084243
2010-02-28,9431,9.0,93.0,5346,5346.0
2010-03-31,9432,9.0,93.0,5490,5346.0
2010-04-30,9433,9.0,93.0,5632,5352.0
2010-05-31,9434,9.0,93.0,5545,5363.666666666667
2010-06-30,9435,9.0,93.0,5562,5371.222222222223
2010-07-31,9436,9.0,93.0,5522,5379.1712962962965
2010-08-31,9437,9.0,93.0,5415,5385.122492283951
2010-09-30,9438,9.0,93.0,5446,5386.367388438786
2010-10-31,9439,9.0,93.0,5413,5388.85208058717
2010-11-30,9440,9.0,93.0,5738,5389.858243896038
2010-12-31,9441,9.0,93.0,5797,5404.36415040037
2011-01-31,9442,9.0,93.0,5827,5420.7239774670215
2011-02-28,9443,9.0,93.0,5868,5437.652145072563
2011-03-31,9444,9.0,93.0,5813,5455.58330569454
2011-04-30,9445,9.0,93.0,5833,5470.475667957267
2011-05-31,9446,9.0,93.0,5802,5485.580848459049
2011-06-30,9447,9.0,93.0,5846,5498.764979773256
2011-07-31,9448,9.0,93.0,5908,5513.2331056160365
2011-08-31,9449,9.0,93.0,6008,5529.681726215369
2011-09-30,9450,9.0,93.0,5982,5549.611654289729
2011-10-31,9451,9.0,93.0,6026,5567.6278353609905
2011-11-30,9452,9.0,93.0,5957,5586.726675554282
2011-12-31,9453,9.0,93.0,5868,5602.15473073952
2012-01-31,9454,9.0,93.0,6055,5613.2316169587075
2012-02-29,9455,9.0,93.0,6062,5631.638632918762
2012-03-31,9456,9.0,93.0,6080,5649.570356547147
2012-04-30,9457,9.0,93.0,6101,5667.504925024349
2012-05-31,9458,9.0,93.0,6136,5685.567219815001
2012-06-30,9459,9.0,93.0,6162,5704.33525232271
2012-07-31,9460,9.0,93.0,6211,5723.404616809265
2012-08-31,9461,9.0,93.0,6303,5743.721091108879
2012-09-30,9462,9.0,93.0,6385,5767.024378979342
2012-10-31,9463,9.0,93.0,6415,5792.773363188537
2012-11-30,9464,9.0,93.0,6382,5818.699473055682
2012-12-31,9465,9.0,93.0,6347,5842.170328345029
2013-01-31,9466,9.0,93.0,6403,5863.204897997319
2013-02-28,9467,9.0,93.0,6257,5885.696360580764
2013-03-31,9468,9.0,93.0,6153,5901.167345556565
2013-04-30,9469,9.0,93.0,6404,5911.660372825042
2013-05-31,9470,9.0,93.0,6927,5932.174523957332
2013-06-30,9471,9.0,93.0,6945,5973.62558545911
2013-07-31,9472,9.0,93.0,7078,6014.0995193983135
2013-08-31,9473,9.0,93.0,7095,6058.428706090051
2013-09-30,9474,9.0,93.0,7189,6101.619176669632
2013-10-31,9475,9.0,93.0,7218,6146.926710975064
2013-11-30,9476,9.0,93.0,7068,6191.554764684437
2013-12-31,9477,9.0,93.0,7125,6228.073316155919
2014-01-31,9478,9.0,93.0,7249,6265.445261316089
2014-02-28,9479,9.0,93.0,7334,6306.4267087612525
2014-03-31,9480,9.0,93.0,7416,6349.242262562867
2014-04-30,9481,9.0,93.0,7518,6393.690501622747
2014-05-31,9482,9.0,93.0,7474,6440.5367307218
2014-06-30,9483,9.0,93.0,7566,6483.597700275059
2014-07-31,9484,9.0,93.0,7486,6528.697796096932
2014-08-31,9485,9.0,93.0,7478,6568.585387926227
2014-09-30,9486,9.0,93.0,7591,6606.4776634293
2014-10-31,9487,9.0,93.0,6350,6647.49942745308
2014-11-30,9488,9.0,93.0,6311,6635.1036179758685
2014-12-31,9489,9.0,93.0,6567,6621.599300560208
2015-01-31,9490,9.0,93.0,6648,6619.324329703532
2015-02-28,9491,9.0,93.0,6543,6620.519149299219
2015-03-31,9492,9.0,93.0,6566,6617.289184745085
2015-04-30,9493,9.0,93.0,6545,6615.152135380706
2015-05-31,9494,9.0,93.0,6482,6612.229129739843
2015-06-30,9495,9.0,93.0,6483,6606.802916000683
2015-07-31,9496,9.0,93.0,6693,6601.644461167321
2015-08-31,9497,9.0,93.0,6705,6605.450941952016
2015-09-30,9498,9.0,93.0,6778,6609.598819370683
2015-10-31,9499,9.0,93.0,6863,6616.615535230238
2015-11-30,9500,9.0,93.0,6830,6626.881554595644
2015-12-31,9501,9.0,93.0,6762,6635.344823154159
2016-01-31,9502,9.0,93.0,6249,6640.622122189402
2016-02-29,9503,9.0,93.0,6298,6624.304533764844
2016-03-31,9504,9.0,93.0,6303,6610.708511524643
2016-04-30,9505,9.0,93.0,6365,6597.88732354445
2016-05-31,9506,9.0,93.0,6316,6588.183685063431
2016-06-30,9507,9.0,93.0,6297,6576.842698185788
2016-07-31,9508,9.0,93.0,6316,6565.18258576138
2016-08-31,9509,9.0,93.0,6343,6554.799978021323
2016-09-30,9510,9.0,93.0,6422,6545.974978937102
2016-10-31,9511,9.0,93.0,6385,6540.809354814723
2016-11-30,9512,9.0,93.0,6314,6534.31729836411
2016-12-31,9513,9.0,93.0,6382,6525.137410932271
2017-01-31,9514,9.0,93.0,6367,6519.173352143427
2017-02-28,9515,9.0,93.0,6335,6512.832795804118
2017-03-31,9516,9.0,93.0,6291,6505.423095978947
2017-04-30,9517,9.0,93.0,6334,6496.488800313157
2017-05-31,9518,9.0,93.0,6339,6489.718433633443
2017-06-30,9519,9.0,93.0,6304,6483.438498898717
2017-07-31,9520,9.0,93.0,6314,6475.961894777937
2017-08-31,9521,9.0,93.0,6319,6469.213482495523
2017-09-30,9522,9.0,93.0,6332,6462.954587391543
2017-10-31,9523,9.0,93.0,6433,6457.498146250229
2017-11-30,9524,9.0,93.0,6377,6456.47739015647
2017-12-31,9525,9.0,93.0,6377,6453.165832233284
2018-01-31,9526,9.0,93.0,6363,6449.992255890231
2018-02-28,9527,9.0,93.0,6366,6446.367578561471
2018-03-31,9528,9.0,93.0,6395,6443.018929454744
2018-04-30,9529,9.0,93.0,6305,6441.018140727462
2018-05-31,9530,9.0,93.0,6363,6435.350718197151
2018-06-30,9531,9.0,93.0,6244,6432.336104938937
2018-07-31,9532,9.0,93.0,6302,6424.488767233149
2018-08-31,9533,9.0,93.0,6313,6419.385068598434
2018-09-30,9534,9.0,93.0,6435,6414.9523574068335
2018-10-31,9535,9.0,93.0,6305,6415.787675848215
2018-11-30,9536,9.0,93.0,6233,6411.171522687873
2018-12-31,9537,9.0,93.0,6086,6403.747709242545
2019-01-31,9538,9.0,93.0,6086,6390.508221357439
2019-02-28,9539,9.0,93.0,6185,6377.820378800879
2019-03-31,9540,9.0,93.0,6213,6369.786196350842
2019-04-30,9541,9.0,93.0,6076,6363.253438169558
2019-05-31,9542,9.0,93.0,6006,6351.284544912493
2019-06-30,9543,9.0,93.0,5970,6336.897688874473
2019-07-31,9544,9.0,93.0,6054,6321.61028517137
2019-08-31,9545,9.0,93.0,6041,6310.459856622563
2019-09-30,9546,9.0,93.0,6276,6299.232362596623
2019-10-31,9547,9.0,93.0,6266,6298.264347488431
2019-11-30,9548,9.0,93.0,6203,6296.919999676413
2019-12-31,9549,9.0,93.0,6147,6293.006666356562
2020-01-31,9550,9.0,93.0,6199,6286.923055258372
2020-02-29,9551,9.0,93.0,6192,6283.259594622607
2020-03-31,9552,9.0,93.0,6100,6279.457111513332
2020-04-30,9553,9.0,93.0,6097,6271.979731866943
2020-05-31,9554,9.0,93.0,5900,6264.688909705821
2020-06-30,9555,9.0,93.0,5808,6249.493538468078
2020-07-31,9556,9.0,93.0,5775,6231.097974365242
2020-08-31,9557,9.0,93.0,5710,6212.093892100024
2020-09-30,9558,9.0,93.0,5744,6191.173313262524
2020-10-31,9559,9.0,93.0,5816,6172.541091876586
2020-11-30,9560,9.0,93.0,5768,6157.685213048395
2020-12-31,9561,9.0,93.0,5784,6141.448329171379
2021-01-31,9562,9.0,93.0,5758,6126.554648789238
2021-02-28,9563,9.0,93.0,5792,6111.198205089687
2021-03-31,9564,9.0,93.0,5819,6097.898279877616
2021-04-30,9565,9.0,93.0,5757,6086.2775182160485
2021-05-31,9566,9.0,93.0,5713,6072.557621623713
2021-06-30,9567,9.0,93.0,5720,6057.576054056059
2021-07-31,9568,9.0,93.0,5748,6043.510385137056
2021-08-31,9569,9.0,93.0,5756,6031.197452423012
2021-09-30,9570,9.0,93.0,5839,6019.730891905386
2021-10-31,9571,9.0,93.0,5840,6012.200438075995
2021-11-30,9572,9.0,93.0,5833,6005.025419822829
2021-12-31,9573,9.0,93.0,5794,5997.857693996878
2022-01-31,9574,9.0,93.0,5843,5989.363623413676
2022-02-28,9575,9.0,93.0,5805,5983.265139104772
2022-03-31,9576,9.0,93.0,5806,5975.837424975407
2022-04-30,9577,9.0,93.0,5754,5968.760865601432
2022-05-31,9578,9.0,93.0,5726,5959.812496201373
2022-06-30,9579,9.0,93.0,5713,5950.070308859648
2022-07-31,9580,9.0,93.0,5710,5940.19237932383
2022-08-31,9581,9.0,93.0,5669,5930.601030185338
2022-09-30,9582,9.0,93.0,5809,5919.700987260949
2022-10-31,9583,9.0,93.0,5746,5915.088446125076
2022-11-30,9584,9.0,93.0,5740,5908.043094203199
2022-12-31,9585,9.0,93.0,5757,5901.0412986114
2023-01-31,9586,9.0,93.0,5817,5895.039577835925
2023-02-28,9587,9.0,93.0,5838,5891.787928759429
2023-03-31,9588,9.0,93.0,5785,5889.546765061119
2023-04-30,9589,9.0,93.0,5697,5885.190649850239
2023-05-31,9590,9.0,93.0,5674,5877.349372773147
2023-06-30,9591,9.0,93.0,5705,5868.876482240933
2023-07-31,9592,9.0,93.0,5703,5862.048295480894
2010-02-28,9593,9.0,94.0,162505,162505.0
2010-03-31,9594,9.0,94.0,162892,162505.0
2010-04-30,9595,9.0,94.0,163256,162521.125
2010-05-31,9596,9.0,94.0,163900,162551.7447916667
2010-06-30,9597,9.0,94.0,164026,162607.9220920139
2010-07-31,9598,9.0,94.0,164880,162667.00867151332
2010-08-31,9599,9.0,94.0,166008,162759.2166435336
2010-09-30,9600,9.0,94.0,167703,162894.5826167197
2010-10-31,9601,9.0,94.0,168853,163094.93334102305
2010-11-30,9602,9.0,94.0,167601,163334.8527851471
2010-12-31,9603,9.0,94.0,167033,163512.6089190993
2011-01-31,9604,9.0,94.0,167898,163659.2918808035
2011-02-28,9605,9.0,94.0,169137,163835.90471910336
2011-03-31,9606,9.0,94.0,169434,164056.78368914072
2011-04-30,9607,9.0,94.0,170138,164280.83436875985
2011-05-31,9608,9.0,94.0,170287,164524.88293672822
2011-06-30,9609,9.0,94.0,170683,164764.97114769788
2011-07-31,9610,9.0,94.0,170657,165011.55568321046
2011-08-31,9611,9.0,94.0,171506,165246.7825297434
2011-09-30,9612,9.0,94.0,172348,165507.58325767078
2011-10-31,9613,9.0,94.0,172875,165792.60062193449
2011-11-30,9614,9.0,94.0,173256,166087.70059602056
2011-12-31,9615,9.0,94.0,172401,166386.37973785304
2012-01-31,9616,9.0,94.0,172208,166636.98891544252
2012-02-29,9617,9.0,94.0,173431,166869.1143772991
2012-03-31,9618,9.0,94.0,173339,167142.52627824497
2012-04-30,9619,9.0,94.0,173828,167400.71268331812
2012-05-31,9620,9.0,94.0,173705,167668.51632151322
2012-06-30,9621,9.0,94.0,173304,167920.03647478353
2012-07-31,9622,9.0,94.0,171619,168144.36828833423
2012-08-31,9623,9.0,94.0,171025,168289.14460965362
2012-09-30,9624,9.0,94.0,169058,168403.1385842514
2012-10-31,9625,9.0,94.0,169477,168430.42447657426
2012-11-30,9626,9.0,94.0,171128,168474.03179005033
2012-12-31,9627,9.0,94.0,171023,168584.61379879824
2013-01-31,9628,9.0,94.0,172304,168686.21322384832
2013-02-28,9629,9.0,94.0,175065,168836.95433952133
2013-03-31,9630,9.0,94.0,175522,169096.45624204128
2013-04-30,9631,9.0,94.0,175664,169364.18723195622
2013-05-31,9632,9.0,94.0,175778,169626.67943062473
2013-06-30,9633,9.0,94.0,176790,169882.9844543487
2013-07-31,9634,9.0,94.0,176121,170170.77676875086
2013-08-31,9635,9.0,94.0,177359,170418.70273671957
2013-09-30,9636,9.0,94.0,177536,170707.88178935627
2013-10-31,9637,9.0,94.0,177659,170992.38671479977
2013-11-30,9638,9.0,94.0,178031,171270.16226834978
2013-12-31,9639,9.0,94.0,176525,171551.8638405019
2014-01-31,9640,9.0,94.0,176901,171759.07784714768
2014-02-28,9641,9.0,94.0,177819,171973.32460351652
2014-03-31,9642,9.0,94.0,178538,172216.89441170334
2014-04-30,9643,9.0,94.0,178168,172480.2738112157
2014-05-31,9644,9.0,94.0,177862,172717.26240241504
2014-06-30,9645,9.0,94.0,179261,172931.6264689811
2014-07-31,9646,9.0,94.0,178447,173195.3503661069
2014-08-31,9647,9.0,94.0,179541,173414.16910085245
2014-09-30,9648,9.0,94.0,180929,173669.45372165026
2014-10-31,9649,9.0,94.0,181090,173971.93481658152
2014-11-30,9650,9.0,94.0,180734,174268.5208658906
2014-12-31,9651,9.0,94.0,179508,174537.91582981186
2015-01-31,9652,9.0,94.0,180014,174745.00267023637
2015-02-28,9653,9.0,94.0,180445,174964.5442256432
2015-03-31,9654,9.0,94.0,180992,175192.89654957474
2015-04-30,9655,9.0,94.0,181253,175434.52586000913
2015-05-31,9656,9.0,94.0,180702,175676.96228250876
2015-06-30,9657,9.0,94.0,179689,175886.3388540709
2015-07-31,9658,9.0,94.0,178617,176044.7830684846
2015-08-31,9659,9.0,94.0,178310,176151.9587739644
2015-09-30,9660,9.0,94.0,174205,176241.87715838256
2015-10-31,9661,9.0,94.0,175726,176157.0072767833
2015-11-30,9662,9.0,94.0,176042,176139.04864025064
2015-12-31,9663,9.0,94.0,175314,176135.00494690688
2016-01-31,9664,9.0,94.0,177393,176100.79640745244
2016-02-29,9665,9.0,94.0,178159,176154.63822380858
2016-03-31,9666,9.0,94.0,178454,176238.15329781655
2016-04-30,9667,9.0,94.0,179607,176330.48024374087
2016-05-31,9668,9.0,94.0,181165,176467.00190025166
2016-06-30,9669,9.0,94.0,181087,176662.75182107452
2016-07-31,9670,9.0,94.0,181761,176847.0954951964
2016-08-31,9671,9.0,94.0,182924,177051.8415162299
2016-09-30,9672,9.0,94.0,183099,177296.514786387
2016-10-31,9673,9.0,94.0,183242,177538.2850036209
2016-11-30,9674,9.0,94.0,181719,177775.9397951367
2016-12-31,9675,9.0,94.0,182406,177940.23397033935
2017-01-31,9676,9.0,94.0,183302,178126.30755490856
2017-02-28,9677,9.0,94.0,183936,178341.9614067874
2017-03-31,9678,9.0,94.0,184210,178575.04634817125
2017-04-30,9679,9.0,94.0,185367,178809.83608366412
2017-05-31,9680,9.0,94.0,184787,179083.05124684479
2017-06-30,9681,9.0,94.0,185211,179320.71577822627
2017-07-31,9682,9.0,94.0,185002,179566.14428746686
2017-08-31,9683,9.0,94.0,185506,179792.63827548907
2017-09-30,9684,9.0,94.0,186751,180030.69501401036
2017-10-31,9685,9.0,94.0,186287,180310.7077217599
2017-11-30,9686,9.0,94.0,186420,180559.71990001993
2017-12-31,9687,9.0,94.0,187082,180803.8982375191
2018-01-31,9688,9.0,94.0,187031,181065.48581095584
2018-02-28,9689,9.0,94.0,187761,181314.04890216602
2018-03-31,9690,9.0,94.0,188124,181582.67186457576
2018-04-30,9691,9.0,94.0,189000,181855.22720355177
2018-05-31,9692,9.0,94.0,192430,182152.92607007045
2018-06-30,9693,9.0,94.0,188766,182581.1374838175
2018-07-31,9694,9.0,94.0,186484,182838.84008865844
2018-08-31,9695,9.0,94.0,185598,182990.721751631
2018-09-30,9696,9.0,94.0,183513,183099.35834531306
2018-10-31,9697,9.0,94.0,185055,183116.59341425836
2018-11-30,9698,9.0,94.0,182811,183197.36035533092
2018-12-31,9699,9.0,94.0,182364,183181.26200719213
2019-01-31,9700,9.0,94.0,184429,183147.20942355914
2019-02-28,9701,9.0,94.0,185451,183200.61736424416
2019-03-31,9702,9.0,94.0,186644,183294.38330740065
2019-04-30,9703,9.0,94.0,186769,183433.9506695923
2019-05-31,9704,9.0,94.0,187042,183572.91105835928
2019-06-30,9705,9.0,94.0,187267,183717.45643092765
2019-07-31,9706,9.0,94.0,186567,183865.354079639
2019-08-31,9707,9.0,94.0,188117,183977.92265965402
2019-09-30,9708,9.0,94.0,188759,184150.38421550178
2019-10-31,9709,9.0,94.0,190236,184342.40987318923
2019-11-30,9710,9.0,94.0,189832,184587.976128473
2019-12-31,9711,9.0,94.0,188721,184806.47712311996
2020-01-31,9712,9.0,94.0,190009,184969.58224298997
2020-02-29,9713,9.0,94.0,190931,185179.55798286537
2020-03-31,9714,9.0,94.0,191924,185419.201400246
2020-04-30,9715,9.0,94.0,192155,185690.23467523578
2020-05-31,9716,9.0,94.0,190974,185959.59989710097
2020-06-30,9717,9.0,94.0,190216,186168.53323472178
2020-07-31,9718,9.0,94.0,190155,186337.17768327505
2020-08-31,9719,9.0,94.0,189906,186496.2536131386
2020-09-30,9720,9.0,94.0,190857,186638.32637925784
2020-10-31,9721,9.0,94.0,191374,186814.10444678876
2020-11-30,9722,9.0,94.0,190816,187004.10009483923
2020-12-31,9723,9.0,94.0,190895,187162.92925755426
2021-01-31,9724,9.0,94.0,192534,187318.4322051562
2021-02-28,9725,9.0,94.0,193115,187535.74752994135
2021-03-31,9726,9.0,94.0,193542,187768.21638286047
2021-04-30,9727,9.0,94.0,196932,188008.79070024128
2021-05-31,9728,9.0,94.0,192629,188380.59108773124
2021-06-30,9729,9.0,94.0,189751,188557.60812574247
2021-07-31,9730,9.0,94.0,189184,188607.33278716987
2021-08-31,9731,9.0,94.0,188372,188631.36058770446
2021-09-30,9732,9.0,94.0,186484,188620.55389655012
2021-10-31,9733,9.0,94.0,188354,188531.5308175272
2021-11-30,9734,9.0,94.0,188776,188524.13370013025
2021-12-31,9735,9.0,94.0,187358,188534.6281292915
2022-01-31,9736,9.0,94.0,188724,188485.6019572377
2022-02-28,9737,9.0,94.0,189093,188495.53520901946
2022-03-31,9738,9.0,94.0,189528,188520.42957531032
2022-04-30,9739,9.0,94.0,189901,188562.41167633908
2022-05-31,9740,9.0,94.0,190156,188618.18618982495
2022-06-30,9741,9.0,94.0,190203,188682.2617652489
2022-07-31,9742,9.0,94.0,190019,188745.62585836352
2022-08-31,9743,9.0,94.0,189397,188798.68311426506
2022-09-30,9744,9.0,94.0,190438,188823.61298450403
2022-10-31,9745,9.0,94.0,191103,188890.8791101497
2022-11-30,9746,9.0,94.0,191123,188983.05081389347
2022-12-31,9747,9.0,94.0,191108,189072.21536331458
2023-01-31,9748,9.0,94.0,191433,189157.03972317648
2023-02-28,9749,9.0,94.0,192492,189251.87140137746
2023-03-31,9750,9.0,94.0,192955,189386.87675965342
2023-04-30,9751,9.0,94.0,193242,189535.54856133452
2023-05-31,9752,9.0,94.0,193323,189689.9840379456
2023-06-30,9753,9.0,94.0,193323,189841.3597030312
2023-07-31,9754,9.0,94.0,193393,189986.42804873822
2010-02-28,9755,9.0,99.0,117,117.0
2010-03-31,9756,9.0,99.0,118,117.0
2010-04-30,9757,9.0,99.0,120,117.04166666666667
2010-05-31,9758,9.0,99.0,120,117.16493055555557
2010-06-30,9759,9.0,99.0,121,117.28305844907409
2010-07-31,9760,9.0,99.0,124,117.43793101369602
2010-08-31,9761,9.0,99.0,126,117.71135055479202
2010-09-30,9762,9.0,99.0,126,118.05671094834236
2010-10-31,9763,9.0,99.0,126,118.38768132549477
2010-11-30,9764,9.0,99.0,127,118.70486127026582
2010-12-31,9765,9.0,99.0,126,119.05049205067142
2011-01-31,9766,9.0,99.0,124,119.34005488189345
2011-02-28,9767,9.0,99.0,123,119.53421926181457
2011-03-31,9768,9.0,99.0,122,119.6786267925723
2011-04-30,9769,9.0,99.0,121,119.77535067621513
2011-05-31,9770,9.0,99.0,121,119.82637773137284
2011-06-30,9771,9.0,99.0,115,119.87527865923232
2011-07-31,9772,9.0,99.0,115,119.67214204843098
2011-08-31,9773,9.0,99.0,115,119.4774694630797
2011-09-30,9774,9.0,99.0,119,119.29090823545138
2011-10-31,9775,9.0,99.0,122,119.27878705897425
2011-11-30,9776,9.0,99.0,123,119.39217093151699
2011-12-31,9777,9.0,99.0,122,119.54249714270378
2012-01-31,9778,9.0,99.0,122,119.64489309509112
2012-02-29,9779,9.0,99.0,120,119.74302254946232
2012-03-31,9780,9.0,99.0,122,119.75372994323473
2012-04-30,9781,9.0,99.0,123,119.84732452893329
2012-05-31,9782,9.0,99.0,124,119.9786860068944
2012-06-30,9783,9.0,99.0,124,120.14624075660714
2012-07-31,9784,9.0,99.0,125,120.30681405841518
2012-08-31,9785,9.0,99.0,124,120.50236347264789
2012-09-30,9786,9.0,99.0,126,120.64809832795423
2012-10-31,9787,9.0,99.0,126,120.87109423095615
2012-11-30,9788,9.0,99.0,126,121.08479863799964
2012-12-31,9789,9.0,99.0,127,121.28959869474966
2013-01-31,9790,9.0,99.0,127,121.52753208246843
2013-02-28,9791,9.0,99.0,126,121.75555157903226
2013-03-31,9792,9.0,99.0,126,121.93240359657258
2013-04-30,9793,9.0,99.0,126,122.10188678004873
2013-05-31,9794,9.0,99.0,125,122.26430816421338
2013-06-30,9795,9.0,99.0,127,122.37829532403782
2013-07-31,9796,9.0,99.0,130,122.57086635220293
2013-08-31,9797,9.0,99.0,130,122.88041358752781
2013-09-30,9798,9.0,99.0,132,123.17706302138083
2013-10-31,9799,9.0,99.0,132,123.54468539548996
2013-11-30,9800,9.0,99.0,131,123.89699017067788
2013-12-31,9801,9.0,99.0,128,124.1929489135663
2014-01-31,9802,9.0,99.0,127,124.35157604216771
2014-02-28,9803,9.0,99.0,126,124.46192704041073
2014-03-31,9804,9.0,99.0,127,124.52601341372696
2014-04-30,9805,9.0,99.0,126,124.629096188155
2014-05-31,9806,9.0,99.0,127,124.68621718031521
2014-06-30,9807,9.0,99.0,130,124.78262479780209
2014-07-31,9808,9.0,99.0,128,125.00001543122701
2014-08-31,9809,9.0,99.0,129,125.12501478825922
2014-09-30,9810,9.0,99.0,130,125.28647250541509
2014-10-31,9811,9.0,99.0,132,125.48286948435614
2014-11-30,9812,9.0,99.0,132,125.75441658917464
2014-12-31,9813,9.0,99.0,131,126.01464923129237
2015-01-31,9814,9.0,99.0,132,126.22237217998851
2015-02-28,9815,9.0,99.0,132,126.46310667248899
2015-03-31,9816,9.0,99.0,130,126.6938105611353
2015-04-30,9817,9.0,99.0,131,126.83156845442133
2015-05-31,9818,9.0,99.0,138,127.00525310215377
2015-06-30,9819,9.0,99.0,136,127.46336755623071
2015-07-31,9820,9.0,99.0,136,127.8190605747211
2015-08-31,9821,9.0,99.0,136,128.15993305077438
2015-09-30,9822,9.0,99.0,136,128.4866025069921
2015-10-31,9823,9.0,99.0,136,128.79966073586743
2015-11-30,9824,9.0,99.0,138,129.09967487187296
2015-12-31,9825,9.0,99.0,138,129.4705217522116
2016-01-31,9826,9.0,99.0,139,129.8259166792028
2016-02-29,9827,9.0,99.0,140,130.2081701509027
2016-03-31,9828,9.0,99.0,136,130.61616306128175
2016-04-30,9829,9.0,99.0,135,130.84048960039502
2016-05-31,9830,9.0,99.0,134,131.0138025337119
2016-06-30,9831,9.0,99.0,133,131.13822742814057
2016-07-31,9832,9.0,99.0,131,131.21580128530138
2016-08-31,9833,9.0,99.0,133,131.2068095650805
2016-09-30,9834,9.0,99.0,131,131.28152583320215
2016-10-31,9835,9.0,99.0,130,131.26979559015206
2016-11-30,9836,9.0,99.0,129,131.2168874405624
2016-12-31,9837,9.0,99.0,128,131.12451713053898
2017-01-31,9838,9.0,99.0,128,130.99432891676653
2017-02-28,9839,9.0,99.0,127,130.86956521190126
2017-03-31,9840,9.0,99.0,127,130.70833332807206
2017-04-30,9841,9.0,99.0,127,130.5538194394024
2017-05-31,9842,9.0,99.0,127,130.4057436294273
2017-06-30,9843,9.0,99.0,125,130.26383764486783
2017-07-31,9844,9.0,99.0,123,130.04451107633167
2017-08-31,9845,9.0,99.0,120,129.75098978148452
2017-09-30,9846,9.0,99.0,120,129.34469854058932
2017-10-31,9847,9.0,99.0,119,128.9553361013981
2017-11-30,9848,9.0,99.0,119,128.54053043050652
2017-12-31,9849,9.0,99.0,118,128.1430083292354
2018-01-31,9850,9.0,99.0,116,127.72038298218395
2018-02-28,9851,9.0,99.0,116,127.23203369125962
2018-03-31,9852,9.0,99.0,115,126.76403228745713
2018-04-30,9853,9.0,99.0,115,126.27386427547975
2018-05-31,9854,9.0,99.0,116,125.80411993066811
2018-06-30,9855,9.0,99.0,121,125.39561493355694
2018-07-31,9856,9.0,99.0,121,125.2124643113254
2018-08-31,9857,9.0,99.0,126,125.03694496502018
2018-09-30,9858,9.0,99.0,123,125.07707225814434
2018-10-31,9859,9.0,99.0,126,124.99052758072166
2018-11-30,9860,9.0,99.0,125,125.03258893152493
2018-12-31,9861,9.0,99.0,125,125.03123105937806
2019-01-31,9862,9.0,99.0,125,125.0299297652373
2019-02-28,9863,9.0,99.0,122,125.02868269168574
2019-03-31,9864,9.0,99.0,122,124.90248757953218
2019-04-30,9865,9.0,99.0,122,124.78155059705168
2019-05-31,9866,9.0,99.0,124,124.66565265550786
2019-06-30,9867,9.0,99.0,124,124.63791712819504
2019-07-31,9868,9.0,99.0,137,124.6113372478536
2019-08-31,9869,9.0,99.0,141,125.12753152919304
2019-09-30,9870,9.0,99.0,144,125.78888438214334
2019-10-31,9871,9.0,99.0,144,126.5476808662207
2019-11-30,9872,9.0,99.0,143,127.27486083012818
2019-12-31,9873,9.0,99.0,145,127.93007496220616
2020-01-31,9874,9.0,99.0,149,128.6413218387809
2020-02-29,9875,9.0,99.0,150,129.48960009549836
2020-03-31,9876,9.0,99.0,149,130.34420009151927
2020-04-30,9877,9.0,99.0,149,131.12152508770598
2020-05-31,9878,9.0,99.0,148,131.8664615423849
2020-06-30,9879,9.0,99.0,148,132.53869231145222
2020-07-31,9880,9.0,99.0,147,133.18291346514172
2020-08-31,9881,9.0,99.0,150,133.75862540409418
2020-09-30,9882,9.0,99.0,151,134.43534934559025
2020-10-31,9883,9.0,99.0,148,135.12554312285732
2020-11-30,9884,9.0,99.0,148,135.6619788260716
2020-12-31,9885,9.0,99.0,145,136.17606304165193
2021-01-31,9886,9.0,99.0,145,136.54372708158309
2021-02-28,9887,9.0,99.0,145,136.89607178651713
2021-03-31,9888,9.0,99.0,144,137.2337354620789
2021-04-30,9889,9.0,99.0,133,137.51566315115895
2021-05-31,9890,9.0,99.0,132,137.32751051986065
2021-06-30,9891,9.0,99.0,132,137.10553091486648
2021-07-31,9892,9.0,99.0,131,136.89280046008037
2021-08-31,9893,9.0,99.0,131,136.64726710757702
2021-09-30,9894,9.0,99.0,131,136.411964311428
2021-10-31,9895,9.0,99.0,131,136.18646579845185
2021-11-30,9896,9.0,99.0,131,135.9703630568497
2021-12-31,9897,9.0,99.0,133,135.76326459614765
2022-01-31,9898,9.0,99.0,131,135.64812857130815
2022-02-28,9899,9.0,99.0,135,135.45445654750367
2022-03-31,9900,9.0,99.0,136,135.43552085802435
2022-04-30,9901,9.0,99.0,135,135.45904082227332
2022-05-31,9902,9.0,99.0,136,135.43991412134528
2022-06-30,9903,9.0,99.0,139,135.4632510329559
2022-07-31,9904,9.0,99.0,140,135.6106155732494
2022-08-31,9905,9.0,99.0,139,135.79350659103068
2022-09-30,9906,9.0,99.0,141,135.92711048307106
2022-10-31,9907,9.0,99.0,145,136.13848087960977
2022-11-30,9908,9.0,99.0,146,136.50771084295937
2022-12-31,9909,9.0,99.0,146,136.9032228911694
2023-01-31,9910,9.0,99.0,147,137.28225527070404
2023-02-28,9911,9.0,99.0,148,137.68716130109138
2023-03-31,9912,9.0,99.0,145,138.1168629135459
2023-04-30,9913,9.0,99.0,148,138.40366029214815
2023-05-31,9914,9.0,99.0,149,138.8035077799753
2023-06-30,9915,9.0,99.0,149,139.22836162247634
2023-07-31,9916,9.0,99.0,152,139.63551322153984
