Descriptores,2003,2004,2005,2006,2007,2008,2009,2010,2011,2012,2013,2014,2015,2016,2017,2018,2019,2020,2021,2022,2023<R>,2024<P>
Millones de pesos a precios de 2018|B.1bP---Producto interno bruto<C1>,17899317.915,18537507.509999998,18929250.875000004,19838803.942,20251027.283999994,20442061.698000006,19155182.674999997,20107450.915,20799960.586,21539026.998999998,21722561.397,22266442.952000003,22868154.245999996,23273490.765,23709107.313999996,24176670.379,24081730.905,22069934.772,23404831.102999996,24273093.489,25027209.096000005,25365220.652
"Millones de pesos a precios de 2018|D.21-D.31---Impuestos sobre los productos, netos",1094725.7809999997,1128153.966,1167183.815,1231318.112,1226031.2459999998,1278244.5540000002,1123812.2500000002,1117820.259,1125335.575,1140752.7950000002,1130864.6759999997,1158660.835,1220760.45,1248193.4370000002,1272504.3889999997,1303024.8339999998,1308297.938,1127075.0229999998,1255235.3269999998,1333448.4849999994,1388965.8630000001,1409812.167
Millones de pesos a precios de 2018|B.1bV---Valor agregado bruto|Actividad económica total  <C1>,16804592.134,17409353.544,17762067.060000002,18607485.830000002,19024996.037999995,19163817.144000005,18031370.424999997,18989630.656,19674625.011,20398274.203999996,20591696.721,21107782.117000002,21647393.795999996,22025297.328,22436602.924999997,22873645.545,22773432.967,20942859.749,22149595.775999997,22939645.004,23638243.233000003,23955408.485
Millones de pesos a precios de 2018|B.1bV---Valor agregado bruto|Actividad económica total  |Actividades primarias<C1>,592478.46,607316.558,588558.452,623901.414,651138.9999999999,656325.5020000001,638074.598,653518.474,637703.495,676312.6910000001,696704.5889999999,718687.394,732003.814,753344.6379999999,777962.3809999999,797095.0210000001,799476.894,808429.88,827208.7869999999,840161.1930000001,830701.7679999999,833913.2300000001
"Millones de pesos a precios de 2018|B.1bV---Valor agregado bruto|Actividad económica total  |Actividades primarias|11---Agricultura, cría y explotación de animales, aprovechamiento forestal, pesca y caza<C1>",592478.46,607316.558,588558.452,623901.414,651138.9999999999,656325.5020000001,638074.598,653518.474,637703.495,676312.6910000001,696704.5889999999,718687.394,732003.814,753344.6379999999,777962.3809999999,797095.0210000001,799476.894,808429.88,827208.7869999999,840161.1930000001,830701.7679999999,833913.2300000001
"Millones de pesos a precios de 2018|B.1bV---Valor agregado bruto|Actividad económica total  |Actividades primarias|11---Agricultura, cría y explotación de animales, aprovechamiento forestal, pesca y caza|111---Agricultura<C1>",355500.33300000004,369183.307,349988.351,378814.687,399360.26,403941.57900000014,381684.33100000006,393368.271,374888.21499999997,409885.01,435956.727,453886.71400000004,461253.37400000007,483714.69700000004,502630.5819999999,516354.555,515043.971,514807.51199999993,528198.9770000001,536517.6790000001,519806.257,513521.49700000003
"Millones de pesos a precios de 2018|B.1bV---Valor agregado bruto|Actividad económica total  |Actividades primarias|11---Agricultura, cría y explotación de animales, aprovechamiento forestal, pesca y caza|112---Cría y explotación de animales<C1>",204213.67,206493.116,207329.562,214096.783,218313.984,220156.51199999996,224744.542,228008.38800000006,230945.29,234097.702,228484.0849999999,231559.436,235181.281,232400.16499999998,237117.649,242533.09600000002,248050.191,256152.522,260707.41499999998,265220.90800000005,272144.58400000003,282479.019
"Millones de pesos a precios de 2018|B.1bV---Valor agregado bruto|Actividad económica total  |Actividades primarias|11---Agricultura, cría y explotación de animales, aprovechamiento forestal, pesca y caza|114---Pesca, caza y captura<C1>",6893.918,6607.349,6951.523999999999,6307.490000000001,7190.266,6861.095,6977.216,7276.351999999999,7341.563,7054.111000000001,7631.996000000001,8353.092,10072.683,10435.048999999999,9744.366,9602.664,7801.647,7299.256999999999,8093.383999999999,7563.0430000000015,7824.494,7970.31
"Millones de pesos a precios de 2018|B.1bV---Valor agregado bruto|Actividad económica total  |Actividades primarias|11---Agricultura, cría y explotación de animales, aprovechamiento forestal, pesca y caza|113,115---Aprovechamiento forestal, Servicios relacionados con las actividades agropecuarias y forestales<C1>",25870.539,25032.786000000004,24289.015,24682.453999999998,26274.489999999994,25366.316,24668.509000000002,24865.462999999996,24528.42699999999,25275.867999999995,24631.781000000003,24888.151999999995,25496.476,26794.727000000003,28469.784000000003,28604.705999999995,28581.085000000003,30170.589,30209.010999999995,30859.563,30926.433,29942.403999999995
Millones de pesos a precios de 2018|B.1bV---Valor agregado bruto|Actividad económica total  |Actividades secundarias<C1>,6394551.313,6638785.308,6789769.025,7132703.181,7214335.832999999,7153745.822000002,6574555.695999999,6883599.458000001,7100147.529,7353430.328,7314690.187,7527294.251,7664315.140999999,7686208.15,7734333.207,7747139.727,7612259.341,6939484.905000001,7382228.209000001,7733205.023000001,7962775.648000002,7928502.291999999
Millones de pesos a precios de 2018|B.1bV---Valor agregado bruto|Actividad económica total  |Actividades secundarias|21---Minería<C1>,1269484.2780000002,1291603.669,1298595.3590000002,1288184.4759999998,1273162.0669999998,1214802.507,1169413.1379999998,1191734.38,1198964.905,1220716.115,1220760.4960000003,1200782.398,1144886.0760000001,1102587.1530000002,1013837.371,948326.5819999999,897385.93,893556.6930000002,916472.5970000001,954107.17,958259.5789999999,890253.124
Millones de pesos a precios de 2018|B.1bV---Valor agregado bruto|Actividad económica total  |Actividades secundarias|21---Minería|21-1---Minería petrolera<C1>,1102514.5110000002,1118276.466,1111464.833,1103153.8159999996,1070840.852,1019474.483,977530.4169999999,975269.864,963952.523,962456.909,949818.3610000001,929432.7170000001,873746.5370000001,820233.4010000001,732050.476,674626.071,633840.4260000001,636151.2010000001,646499.6780000001,675495.7420000001,689024.188,644891.5489999999
Millones de pesos a precios de 2018|B.1bV---Valor agregado bruto|Actividad económica total  |Actividades secundarias|21---Minería|21-2---Minería no petrolera<C1>,166969.76700000002,173327.20300000004,187130.526,185030.66000000003,202321.21499999997,195328.02400000003,191882.72100000002,216464.516,235012.382,258259.206,270942.13500000007,271349.68100000004,271139.53900000005,282353.75200000004,281786.895,273700.511,263545.50399999996,257405.49200000006,269972.919,278611.42799999996,269235.391,245361.57500000007
"Millones de pesos a precios de 2018|B.1bV---Valor agregado bruto|Actividad económica total  |Actividades secundarias|22---Generación, transmisión, distribución y comercialización de energía eléctrica, suministro de agua y de gas natural por ductos al consumidor final<C1>",216956.772,266460.86100000003,284907.36400000006,327420.31899999996,350086.33199999994,360350.768,358037.95599999995,367932.20600000006,390907.8610000001,396321.76399999997,402739.21699999995,427125.966,431924.744,428609.692,448388.402,456907.22300000006,432839.8619999999,413494.31899999996,321356.72099999996,322410.86699999997,314511.836,307224.216
Millones de pesos a precios de 2018|B.1bV---Valor agregado bruto|Actividad económica total  |Actividades secundarias|23---Construcción<C1>,1075069.3270000003,1151415.2519999999,1190174.822,1296150.1890000002,1356302.0379999997,1410707.0010000004,1312387.1609999996,1310249.341,1363009.9710000001,1389656.8149999997,1364618.697,1400993.498,1434503.914,1459717.744,1456289.2859999998,1460789.5250000001,1403102.976,1154295.549,1273794.7920000006,1312765.5550000002,1473204.0330000003,1517047.3679999998
Millones de pesos a precios de 2018|B.1bV---Valor agregado bruto|Actividad económica total  |Actividades secundarias|31-33---Industrias manufactureras<C1>,3833040.9359999998,3929305.526,4016091.4800000004,4220948.197,4234785.396,4167885.546000001,3734717.4409999996,4013683.5310000004,4147264.792,4346735.634,4326571.777,4498392.389,4653000.406999999,4695293.561,4815818.148,4881116.397,4878930.573,4478138.344000001,4870604.099,5143921.431000001,5216800.200000001,5213977.584
Millones de pesos a precios de 2018|B.1bV---Valor agregado bruto|Actividad económica total  |Actividades secundarias|31-33---Industrias manufactureras|311---Industria alimentaria<C1>,678682.6879999998,698070.7309999999,720254.583,732790.798,748035.34,757415.7860000001,755945.1669999999,769648.4380000004,790430.1989999999,810363.5150000001,817512.25,826184.2330000001,845693.7030000001,868766.3310000001,887634.1900000002,911713.7720000001,931707.084,939987.5779999999,963401.239,992081.4209999999,988681.9650000001,986544.6749999999
Millones de pesos a precios de 2018|B.1bV---Valor agregado bruto|Actividad económica total  |Actividades secundarias|31-33---Industrias manufactureras|312---Industria de las bebidas y del tabaco<C1>,147409.08099999998,156906.44599999997,166139.49799999996,174957.95299999998,178954.81699999995,184269.50000000006,185060.97000000003,184723.24600000007,191875.33,195964.28399999999,196722.26,202425.49800000002,210672.44799999997,224099.06399999998,231441.138,240174.36999999997,247999.32600000003,229972.663,248237.66700000002,260002.84499999994,249821.01799999995,252628.28299999997
"Millones de pesos a precios de 2018|B.1bV---Valor agregado bruto|Actividad económica total  |Actividades secundarias|31-33---Industrias manufactureras|313-314---Fabricación de insumos textiles y acabado de textiles; Fabricación de productos textiles, excepto prendas de vestir<C1>",49781.09299999999,53098.867,51204.209999999985,52188.892,51424.770000000004,48043.05600000001,45463.178,47654.401000000005,45859.804,47096.058,46219.16800000001,46875.941,49381.67799999999,50206.848,47898.11099999998,49842.206999999995,48389.49399999999,39822.74999999999,49076.988999999994,48066.112000000016,45036.63,42709.329999999994
"Millones de pesos a precios de 2018|B.1bV---Valor agregado bruto|Actividad económica total  |Actividades secundarias|31-33---Industrias manufactureras|315-316---Fabricación de prendas de vestir; Curtido y acabado de cuero y piel, y fabricación de productos de cuero, piel y materiales sucedáneos<C1>",101839.98100000004,104386.39900000003,100901.12699999998,99372.96100000001,96253.29200000003,99717.64700000001,98129.82199999999,100017.20000000003,96182.98199999999,98752.91300000002,99046.71399999999,101354.60200000001,104163.63399999999,102480.899,101626.49100000001,102619.767,99864.25800000002,78849.67600000002,87575.18199999997,92535.79400000001,87789.506,78221.64800000002
Millones de pesos a precios de 2018|B.1bV---Valor agregado bruto|Actividad económica total  |Actividades secundarias|31-33---Industrias manufactureras|321---Industria de la madera<C1>,36263.653999999995,36822.36300000001,36010.306000000004,36721.367,37558.519000000015,34912.25299999999,32041.829,33571.895,35035.37399999999,39134.68699999999,37988.085,37031.61799999998,38713.72600000001,38457.92199999999,39257.16200000001,38837.81500000001,38608.02099999999,37692.04599999999,41026.458000000006,39869.324,35784.485,33945.566
Millones de pesos a precios de 2018|B.1bV---Valor agregado bruto|Actividad económica total  |Actividades secundarias|31-33---Industrias manufactureras|322-323---Industria del papel; Impresión e industrias conexas<C1>,84027.59999999998,86594.91,89637.535,94248.68800000001,96388.93000000001,98334.38100000001,96069.25800000002,101425.96600000001,102139.78900000002,104620.56600000002,104182.098,109341.03800000002,114074.647,118609.31599999999,122937.24799999998,126255.77700000002,123965.686,119900.65299999999,129573.66200000003,134380.273,128379.60999999999,125646.23799999998
Millones de pesos a precios de 2018|B.1bV---Valor agregado bruto|Actividad económica total  |Actividades secundarias|31-33---Industrias manufactureras|324-326---Fabricación de productos derivados del petróleo y del carbón; Industria química; Industria del plástico y del hule<C1>,796466.3039999999,821247.0449999999,821261.4120000001,835267.5260000001,844639.2229999999,837394.4940000001,817544.4579999998,804820.5270000001,793392.121,813239.312,817776.1070000001,801611.4810000003,779543.0919999998,750375.6619999999,703354.259,672445.9839999999,654885.154,630255.5989999999,692286.7790000001,731120.8040000001,710409.7660000001,757676.4949999999
Millones de pesos a precios de 2018|B.1bV---Valor agregado bruto|Actividad económica total  |Actividades secundarias|31-33---Industrias manufactureras|327---Fabricación de productos a base de minerales no metálicos<C1>,116845.15799999998,125141.422,132482.97300000003,142353.128,146377.92399999997,143101.58000000002,131127.829,134187.87,141098.878,144944.68399999998,138539.728,144785.28000000003,154306.92599999998,158120.61000000002,157187.97699999998,157596.09700000007,153135.03800000003,149058.507,162994.569,161954.592,157918.66199999998,154925.45100000003
Millones de pesos a precios de 2018|B.1bV---Valor agregado bruto|Actividad económica total  |Actividades secundarias|31-33---Industrias manufactureras|331-332---Industrias metálicas básicas; Fabricación de productos metálicos<C1>,400934.24799999996,422530.861,447179.8400000001,472475.4820000001,466732.9899999999,445304.58599999995,363481.1720000001,403732.67699999997,419652.43100000004,434705.8960000001,412624.12,449726.8030000002,453198.96499999997,450970.258,449258.74500000005,427987.15900000004,415687.88599999994,391866.1260000001,433092.91899999994,436684.56100000005,438717.55499999993,422618.07599999994
"Millones de pesos a precios de 2018|B.1bV---Valor agregado bruto|Actividad económica total  |Actividades secundarias|31-33---Industrias manufactureras|333-336---Fabricación de maquinaria y equipo; Fabricación de equipo de computación, comunicación, medición y de otros equipos, componentes y accesorios electrónicos; Fabricación de accesorios, aparatos eléctricos y equipo de generación de energía eléctrica; Fabricación de equipo de transporte<C1>",1297706.2150000003,1296192.661,1320908.5610000002,1443757.8059999999,1430853.0940000003,1378134.5090000005,1074713.258,1301105.438,1390762.1249999998,1503256.372,1503566.272,1622472.4640000002,1737527.279,1757526.2200000002,1895307.7610000002,1965246.545,1978539.643,1686676.0080000004,1870434.7230000002,2051336.0820000004,2184603.16,2158046.039
"Millones de pesos a precios de 2018|B.1bV---Valor agregado bruto|Actividad económica total  |Actividades secundarias|31-33---Industrias manufactureras|337---Fabricación de muebles, colchones y persianas<C1>",52687.333,54592.63300000001,54765.029,54948.89999999998,53899.049999999996,52157.632,49201.179,50841.384999999995,51721.663,55625.30700000002,52722.205,51839.49299999999,55495.11799999999,54923.29400000001,53331.339,55539.63300000001,56142.60199999999,52556.16700000001,56858.111999999994,56474.200999999994,51653.281,49479.149999999994
Millones de pesos a precios de 2018|B.1bV---Valor agregado bruto|Actividad económica total  |Actividades secundarias|31-33---Industrias manufactureras|339---Otras industrias manufactureras<C1>,70397.581,73721.18800000001,75346.40600000003,81864.69600000001,83667.44699999999,89100.122,85939.32100000003,81954.48800000003,89114.096,99032.04000000001,99672.76999999996,104743.93800000001,110229.19099999996,120757.13699999997,126583.72700000001,132857.27100000004,130006.38100000001,121500.57100000003,136045.8,139415.42200000002,138004.562,151536.633
Millones de pesos a precios de 2018|B.1bV---Valor agregado bruto|Actividad económica total  |Actividades terciarias<C1>,9817562.361,10163251.678,10383739.583,10850881.235000001,11159521.204999994,11353745.820000002,10818740.130999997,11452512.723999998,11936773.987,12368531.184999999,12580301.945,12861800.472000001,13251074.840999998,13585744.54,13924307.337,14329410.797000004,14361696.731999999,13194944.964,13940158.779999997,14366278.788,14844765.817,15192992.963
Millones de pesos a precios de 2018|B.1bV---Valor agregado bruto|Actividad económica total  |Actividades terciarias|43---Comercio al por mayor<C1>,1462033.7349999999,1517752.0129999998,1561713.719,1670044.4239999999,1707968.6969999997,1725036.3739999998,1561741.373,1723009.826,1845657.1039999998,1938325.5069999998,1925332.3329999996,2003205.1379999996,2084223.7130000002,2143321.8570000003,2185007.241,2268261.446,2225792.3880000007,2046973.643,2218040.929,2345477.9969999995,2434837.3880000003,2462380.3210000005
Millones de pesos a precios de 2018|B.1bV---Valor agregado bruto|Actividad económica total  |Actividades terciarias|46---Comercio al por menor<C1>,1650393.5550000004,1703338.8460000006,1763835.5600000005,1848565.7490000005,1883309.1819999996,1875034.3269999998,1649812.7980000004,1832815.14,1959588.9379999998,2010713.4949999996,2045153.8460000004,2089216.1949999998,2102972.9080000003,2100868.131,2152204.36,2241444.476,2225422.0979999998,2038198.415,2218676.102,2359932.733,2461547.261,2546015.7579999994
"Millones de pesos a precios de 2018|B.1bV---Valor agregado bruto|Actividad económica total  |Actividades terciarias|48-49---Transportes, correos y almacenamiento<C1>",1084208.998,1129856.3509999998,1158404.9710000004,1206137.017,1248371.7540000004,1246164.48,1147620.9859999998,1246954.4279999998,1298204.702,1351324.3770000003,1384020.4780000001,1439128.681,1499398.8779999996,1546098.7460000005,1604779.0949999997,1653709.88,1656324.7380000004,1356391.219,1569160.158,1753960.0900000003,1810308.5220000003,1891531.0630000003
Millones de pesos a precios de 2018|B.1bV---Valor agregado bruto|Actividad económica total  |Actividades terciarias|51---Información en medios masivos<C1>,107924.943,120325.16399999998,132238.398,145266.137,169939.47499999995,180893.742,184241.282,189944.46599999996,198701.02999999994,217478.70400000003,223933.836,233884.51099999997,282666.867,323599.373,353529.96800000005,371260.67300000007,380173.734,349318.49299999996,374756.32899999985,422565.24899999995,453723.389,467506.118
Millones de pesos a precios de 2018|B.1bV---Valor agregado bruto|Actividad económica total  |Actividades terciarias|52---Servicios financieros y de seguros<C1>,247191.5459999999,293676.97699999996,255355.602,286834.60900000005,312994.73399999994,369333.52900000016,401821.90700000006,490147.71100000007,509178.273,539125.5430000001,630362.365,645964.7899999999,700176.7860000001,787826.3220000002,855901.7019999999,886660.007,902497.3549999997,846042.5789999997,862019.7319999997,917471.098,988359.059,1010647.367
Millones de pesos a precios de 2018|B.1bV---Valor agregado bruto|Actividad económica total  |Actividades terciarias|53---Servicios inmobiliarios y de alquiler de bienes muebles e intangibles<C1>,1471667.6939999997,1530047.6930000002,1565135.1880000003,1634946.5140000002,1691003.495,1748076.31,1754258.7759999998,1807199.1900000002,1859961.3639999998,1907280.395,1926049.7710000004,1969082.3000000003,2017486.1070000005,2057143.5269999995,2085521.084,2120660.0939999996,2154506.3539999994,2146396.766,2248447.5909999995,2313743.1739999996,2369739.421,2394257.9680000003
"Millones de pesos a precios de 2018|B.1bV---Valor agregado bruto|Actividad económica total  |Actividades terciarias|54---Servicios profesionales, científicos y técnicos<C1>",339625.9219999999,352718.35599999997,364001.13200000004,374753.89099999995,387840.56299999997,400856.25299999997,383739.94899999996,381188.168,398299.26,406018.4980000001,408192.397,411067.479,425986.112,435970.69700000004,431938.25999999995,435679.59900000005,438280.20200000016,432002.79,454238.14099999995,483995.47800000006,516954.592,587443.4220000001
Millones de pesos a precios de 2018|B.1bV---Valor agregado bruto|Actividad económica total  |Actividades terciarias|55---Corporativos<C1>,72807.933,74780.004,77477.69700000003,88681.796,89428.394,96533.77999999996,89468.65699999999,93956.612,97011.595,106575.33699999998,104718.92599999998,114145.04699999999,119528.47099999999,117769.075,119293.36800000002,126888.45999999999,125131.96800000001,134474.204,149455.4159999999,154561.15100000007,148100.58899999998,162483.41300000003
"Millones de pesos a precios de 2018|B.1bV---Valor agregado bruto|Actividad económica total  |Actividades terciarias|56---Servicios de apoyo a los negocios y manejo de residuos, y servicios de remediación<C1>",550966.9169999999,570619.1160000002,590482.0759999998,612133.7100000001,631964.5729999999,645073.2189999998,603960.8840000002,609251.027,642348.6490000001,669080.8069999999,698300.9639999999,696784.3119999998,703461.3019999999,711940.219,761983.1589999998,793516.9810000001,820452.823,791000.6680000001,622591.0539999999,244067.44,233688.90100000004,223805.84500000003
Millones de pesos a precios de 2018|B.1bV---Valor agregado bruto|Actividad económica total  |Actividades terciarias|61---Servicios educativos<C1>,781557.673,790877.9149999998,804387.871,803247.2240000002,817257.751,825927.8620000001,827795.8779999998,827571.7130000001,839669.669,850689.8739999998,854720.3189999999,859150.7050000001,857988.6129999999,865926.6739999998,873302.7710000003,877924.1690000001,881177.1530000002,857498.2229999999,858154.919,868383.3559999999,879963.0300000001,881736.3139999999
Millones de pesos a precios de 2018|B.1bV---Valor agregado bruto|Actividad económica total  |Actividades terciarias|62---Servicios de salud y de asistencia social<C1>,421519.677,426849.47399999993,434533.47299999994,467168.9549999999,474427.7219999999,479663.60500000004,488755.047,491670.81299999997,504119.61199999985,516240.09899999993,521749.722,520292.6720000001,511322.91900000005,525419.6220000001,532366.0589999998,547677.3389999998,557481.194,548519.3879999999,581640.6750000002,576371.3200000001,582522.9060000001,585887.65
"Millones de pesos a precios de 2018|B.1bV---Valor agregado bruto|Actividad económica total  |Actividades terciarias|71---Servicios de esparcimiento culturales y deportivos, y otros servicios recreativos<C1>",88147.096,89249.46299999996,89006.40000000001,93426.609,97726.995,98589.957,95317.63100000001,99473.18500000003,99164.00000000001,102101.526,105629.34300000001,104272.788,107511.55300000003,111636.885,113278.88499999997,115524.743,113884.73400000001,66816.095,86528.41499999998,119866.097,125481.21099999998,129079.95000000001
Millones de pesos a precios de 2018|B.1bV---Valor agregado bruto|Actividad económica total  |Actividades terciarias|72---Servicios de alojamiento temporal y de preparación de alimentos y bebidas<C1>,501771.1599999999,519157.19800000003,525660.483,531449.3470000001,539230.926,533169.776,479038.10799999995,481760.16900000005,490379.56899999984,515292.08700000006,517332.61300000007,522227.73099999997,556185.5639999999,565182.2050000001,574054.6840000001,583974.4950000001,588728.8579999998,353162.90100000007,463485.38200000004,562236.2680000002,579354.778,568796.5949999999
Millones de pesos a precios de 2018|B.1bV---Valor agregado bruto|Actividad económica total  |Actividades terciarias|81---Otros servicios excepto actividades gubernamentales<C1>,339112.151,347384.9849999999,358787.363,371893.2039999999,386287.30199999997,392629.8229999999,390093.157,394592.03099999984,402182.41200000007,415208.687,424128.038,427875.9110000001,442011.282,451257.253,446874.18899999995,450855.0270000001,458973.552,392708.12799999997,411476.89,421992.646,435800.456,442092.749
"Millones de pesos a precios de 2018|B.1bV---Valor agregado bruto|Actividad económica total  |Actividades terciarias|93---Actividades legislativas, gubernamentales, de impartición de justicia y de organismos internacionales y extraterritoriales<C1>",698633.361,696618.123,702719.6499999999,716332.0489999999,721769.642,736762.783,761073.698,782978.245,792307.8099999997,823076.2490000001,810676.994,825502.2119999998,840153.7660000001,841783.9539999998,834272.5119999999,855373.4079999999,832869.581,835441.4519999999,821487.0469999998,821654.691,824384.314,839328.43
Variación porcentual anual en valores constantes|B.1bP---Producto interno bruto<C1>,NA,3.56544086222,2.113247235577,4.805013537019,2.077863883353,0.943331966922,-6.295250655299,4.971334683448,3.444045065322,3.553210641646,0.852101620043,2.503763460764,2.70232338096,1.772493375021,1.871728454483,1.972082115145,-0.392690442942,-8.35403460381,6.048483354349,3.709757110312,3.106796450736,1.350576305586
"Variación porcentual anual en valores constantes|D.21-D.31---Impuestos sobre los productos, netos",NA,3.053566982726,3.45962077662,5.494789781676,-0.429366379693,4.258725719295,-12.081592956272,-0.533184346407,0.672318822234,1.370010896527,-0.86680646704,2.457956251522,5.359602493166,2.247204764866,1.947691061285,2.398454988747,0.404681772934,-13.851807737084,11.371053513267,6.230955767229,4.163443779382,1.500850708813
Variación porcentual anual en valores constantes|B.1bV---Valor agregado bruto|Actividad económica total  <C1>,NA,3.598786600577,2.026000075813,4.759686849195,2.24377549882,0.729677450249,-5.909296203834,5.314405995849,3.607202095758,3.678083788613,0.948229811334,2.506279123049,2.556458447453,1.745722998165,1.867423585139,1.947900140948,-0.438113713893,-8.038196176451,5.762040339585,3.566878763792,3.045375065212,1.341746291692
Variación porcentual anual en valores constantes|B.1bV---Valor agregado bruto|Actividad económica total  |Actividades primarias<C1>,NA,2.504411384002,-3.088686740532,6.005004580242,4.365687493056,0.796527623134,-2.780770203868,2.42038721623,-2.419974282165,6.054411854839,3.01515826501,3.155254801975,1.852880697668,2.915397924416,3.267792954013,2.459327143223,0.298819204392,1.119855503917,2.322886308952,1.565796471647,-1.125905966476,0.386596263992
"Variación porcentual anual en valores constantes|B.1bV---Valor agregado bruto|Actividad económica total  |Actividades primarias|11---Agricultura, cría y explotación de animales, aprovechamiento forestal, pesca y caza<C1>",NA,2.504411384002,-3.088686740532,6.005004580242,4.365687493056,0.796527623134,-2.780770203868,2.42038721623,-2.419974282165,6.054411854839,3.01515826501,3.155254801975,1.852880697668,2.915397924416,3.267792954013,2.459327143223,0.298819204392,1.119855503917,2.322886308952,1.565796471647,-1.125905966476,0.386596263992
"Variación porcentual anual en valores constantes|B.1bV---Valor agregado bruto|Actividad económica total  |Actividades primarias|11---Agricultura, cría y explotación de animales, aprovechamiento forestal, pesca y caza|111---Agricultura<C1>",NA,3.848934228706,-5.199302253393,8.23637012993,5.423647420513,1.147164467491,-5.510016585839,3.061152646583,-4.697902032876,9.335261445869,6.360739320523,4.11279053391,1.623017324098,4.869627902169,3.910545848062,2.730429363329,-0.253814745568,-0.045910449071,2.601256719813,1.574918233891,-3.114794284346,-1.209058166455
"Variación porcentual anual en valores constantes|B.1bV---Valor agregado bruto|Actividad económica total  |Actividades primarias|11---Agricultura, cría y explotación de animales, aprovechamiento forestal, pesca y caza|112---Cría y explotación de animales<C1>",NA,1.116206373452,0.405072099353,3.263992329275,1.969763833397,0.843980750221,2.083985596574,1.452247058351,1.288067524954,1.365003806746,-2.397980395382,1.345980399466,1.564110304708,-1.182541394525,2.029897009755,2.28386500239,2.274780263391,3.266407885975,1.778195648607,1.731248418845,2.610531745861,3.797406087641
"Variación porcentual anual en valores constantes|B.1bV---Valor agregado bruto|Actividad económica total  |Actividades primarias|11---Agricultura, cría y explotación de animales, aprovechamiento forestal, pesca y caza|114---Pesca, caza y captura<C1>",NA,-4.156837954847,5.20897261519,-9.26464470237,13.995678154068,-4.578008657816,1.69245579605,4.287326062429,0.896204581637,-3.915406024575,8.19217332985,9.448327803107,20.586281104051,3.597512202062,-6.618876442267,-1.454194146648,-18.755389129517,-6.439537702744,10.879559385291,-6.552771992531,3.456955090696,1.863583766567
"Variación porcentual anual en valores constantes|B.1bV---Valor agregado bruto|Actividad económica total  |Actividades primarias|11---Agricultura, cría y explotación de animales, aprovechamiento forestal, pesca y caza|113,115---Aprovechamiento forestal, Servicios relacionados con las actividades agropecuarias y forestales<C1>",NA,-3.238251046876,-2.97118746591,1.619822788203,6.450071779735,-3.45648573959,-2.750919763043,0.798402530125,-1.355438263909,3.04724391825,-2.548229006418,1.04081389811,2.444231295277,5.091884070567,6.251442681241,0.473912973839,-0.082577321368,5.56138439111,0.127349187648,2.153503138517,0.216691338111,-3.181838008929
Variación porcentual anual en valores constantes|B.1bV---Valor agregado bruto|Actividad económica total  |Actividades secundarias<C1>,NA,3.819407852799,2.274267203943,5.050748482567,1.14448407467,-0.839855704012,-8.096319612291,4.700602995698,3.145855192785,3.567289242449,-0.526830870383,2.906535458984,1.82032062825,0.285648601307,0.626122218665,0.165580143204,-1.741034636692,-8.838038824773,6.380060048563,4.754347929425,2.968634923259,-0.430419711858
Variación porcentual anual en valores constantes|B.1bV---Valor agregado bruto|Actividad económica total  |Actividades secundarias|21---Minería<C1>,NA,1.742391881753,0.541318530429,-0.801703388808,-1.166169075927,-4.583828053997,-3.736357863805,1.908755877172,0.606722867221,1.814165694867,0.003635652832,-1.636528874047,-4.654991786447,-3.694596684046,-8.049230553659,-6.461666424407,-5.371635991956,-0.42671016694,2.564571915752,4.106459169995,0.435214107027,-7.096871921799
Variación porcentual anual en valores constantes|B.1bV---Valor agregado bruto|Actividad económica total  |Actividades secundarias|21---Minería|21-1---Minería petrolera<C1>,NA,1.429636965567,-0.609118872399,-0.747753482903,-2.92914401703,-4.796825681805,-4.114283064405,-0.231251423044,-1.160431734616,-0.155154321848,-1.313154685869,-2.1462676272690002,-5.991415944528,-6.124560582951,-10.750955141852,-7.844323155662,-6.045666889147,0.364567311458,1.626732290017,4.485085605874,2.002743342237,-6.405092849948
Variación porcentual anual en valores constantes|B.1bV---Valor agregado bruto|Actividad económica total  |Actividades secundarias|21---Minería|21-2---Minería no petrolera<C1>,NA,3.807537205224,7.963737232868,-1.122139741113,9.344697251796,-3.456479341526,-1.76385493973,12.810843452653,8.568548020129,9.891744342219,4.910930067678,0.150418095731,-0.07744324564,4.135956357143,-0.200761277647,-2.869680649982,-3.710262345838,-2.329773001933,4.882346100059,3.19976871458,-3.365273659916,-8.867265150888
"Variación porcentual anual en valores constantes|B.1bV---Valor agregado bruto|Actividad económica total  |Actividades secundarias|22---Generación, transmisión, distribución y comercialización de energía eléctrica, suministro de agua y de gas natural por ductos al consumidor final<C1>",NA,22.81748965181,6.922781428677,14.921676436556,6.922604274905,2.931972791214,-0.641822414543,2.763463994303,6.244534896736,1.384956287692,1.619253238891,6.055220840338,1.123504160831,-0.767506850684,4.614620333877,1.899875412032,-5.267450324374,-4.469445792403,-22.282675665975,0.328029859379,-2.449989069382,-2.317121063768
Variación porcentual anual en valores constantes|B.1bV---Valor agregado bruto|Actividad económica total  |Actividades secundarias|23---Construcción<C1>,NA,7.101488534981,3.366254696789,8.904184918138,4.640808566051,4.011271934696,-6.969543635234,-0.162895528357,4.026762567172,1.954999931545,-1.801748297115,2.665565192677,2.391903748864,1.757668958162,-0.234871297146,0.309020950938,-3.948997991343,-17.732656209547,10.352568984913,3.059422384575,12.221411309044,2.976053147962
Variación porcentual anual en valores constantes|B.1bV---Valor agregado bruto|Actividad económica total  |Actividades secundarias|31-33---Industrias manufactureras<C1>,NA,2.511441740574,2.208684293592,5.100897676763,0.32782205216,-1.579769545422,-10.392994246584,7.469536702763,3.328146326642,4.809696318035,-0.463885055311,3.97128768124,3.436961577164,0.908943698702,2.566923354934,1.35591185118,-0.044781230813,-8.21475573393,8.764038197387,5.611569457187,1.416793976689,-0.05410626997
Variación porcentual anual en valores constantes|B.1bV---Valor agregado bruto|Actividad económica total  |Actividades secundarias|31-33---Industrias manufactureras|311---Industria alimentaria<C1>,NA,2.8567168933,3.177880265546,1.740525544146,2.080340261041,1.254011073862,-0.194162707879,1.812733462452,2.700162824211,2.521831279374,0.882163975509,1.060777132086,2.361394616447,2.72824876408,2.17179905882,2.712782165365,2.192937368506,0.888744342745,2.49084791629,2.976971674831,-0.342658972141,-0.216175683957
Variación porcentual anual en valores constantes|B.1bV---Valor agregado bruto|Actividad económica total  |Actividades secundarias|31-33---Industrias manufactureras|312---Industria de las bebidas y del tabaco<C1>,NA,6.442862906119,5.884431287163,5.307861830665,2.284471172339,2.96984629366,0.429517635854,-0.182493369618,3.871783413767,2.131047279502,0.386792932124,2.899132004685,4.074066795676,6.373218770401,3.276262679973,3.773413869059,3.258031237888,-7.268835480625,7.942250075175,4.739481377739,-3.916044457129,1.123710495808
"Variación porcentual anual en valores constantes|B.1bV---Valor agregado bruto|Actividad económica total  |Actividades secundarias|31-33---Industrias manufactureras|313-314---Fabricación de insumos textiles y acabado de textiles; Fabricación de productos textiles, excepto prendas de vestir<C1>",NA,6.664727108342,-3.568168413085,1.923048905549,-1.464146814997,-6.576041079036,-5.369929007014,4.819775247564,-3.765857848051,2.695724560881,-1.861918039934,1.420997020111,5.345464958239,1.671004375347,-4.598450394655,4.058815597133,-2.914624145757,-17.703727176812,23.238573428505,-2.059777954185,-6.302739859633,-5.167571374679
"Variación porcentual anual en valores constantes|B.1bV---Valor agregado bruto|Actividad económica total  |Actividades secundarias|31-33---Industrias manufactureras|315-316---Fabricación de prendas de vestir; Curtido y acabado de cuero y piel, y fabricación de productos de cuero, piel y materiales sucedáneos<C1>",NA,2.500410914256,-3.338818115567,-1.514518266976,-3.139353973764,3.59920676791,-1.592320966017,1.923348031753,-3.833558627916,2.671918614459,0.297511223795,2.330100522063,2.771489349837,-1.615472632224,-0.833724145999,0.977379018233,-2.685163960663,-21.04314638777,11.066001082871,5.664403871864,-5.129137380072,-10.898635196785
Variación porcentual anual en valores constantes|B.1bV---Valor agregado bruto|Actividad económica total  |Actividades secundarias|31-33---Industrias manufactureras|321---Industria de la madera<C1>,NA,1.540685888962,-2.205336469037,1.974604159154,2.279740838624,-7.045714448964,-8.221824011186,4.775214298784,4.359238583345,11.70049733164,-2.929886726831,-2.517807886341,4.542356210307,-0.660757892433,2.078219410815,-1.06820508319,-0.591675922036,-2.372499227557,8.846460603386,-2.820457959105,-10.245568748545,-5.138872335315
Variación porcentual anual en valores constantes|B.1bV---Valor agregado bruto|Actividad económica total  |Actividades secundarias|31-33---Industrias manufactureras|322-323---Industria del papel; Impresión e industrias conexas<C1>,NA,3.055317538523,3.513630304599,5.144221112283,2.270845404235,2.018334470566,-2.303490373321,5.575881516645,0.70378723334,2.42880568316,-0.419103066217,4.951848829153,4.329215349135,3.975176885711,3.648897191178,2.699368217515,-1.813850466423,-3.279159847508,8.067519865801,3.709558660154,-4.465434446617,-2.129132500091
Variación porcentual anual en valores constantes|B.1bV---Valor agregado bruto|Actividad económica total  |Actividades secundarias|31-33---Industrias manufactureras|324-326---Fabricación de productos derivados del petróleo y del carbón; Industria química; Industria del plástico y del hule<C1>,NA,3.11133576845,0.001749412687,1.705439193337,1.121999444283,-0.857730591088,-2.370452175436,-1.556359519717,-1.419994348628,2.501561393751,0.557867153377,-1.976656674319,-2.753003109745,-3.741605858525,-6.266381678035,-4.394410726103,-2.611485594061,-3.760896830469,9.842225931578,5.60952861993,-2.83277919144,6.653445836779
Variación porcentual anual en valores constantes|B.1bV---Valor agregado bruto|Actividad económica total  |Actividades secundarias|31-33---Industrias manufactureras|327---Fabricación de productos a base de minerales no metálicos<C1>,NA,7.10022061847,5.866603465637,7.450130968906,2.827332322476,-2.23827740582,-8.36730873272,2.333632016435,5.150247932246,2.725610617542,-4.418896797898,4.508130693024,6.576390914877,2.471492433204,-0.589823806017,0.259638178307,-2.83069129561,-2.662049817756,9.349390571851,-0.638043958385,-2.492013316918,-1.895413095635
Variación porcentual anual en valores constantes|B.1bV---Valor agregado bruto|Actividad económica total  |Actividades secundarias|31-33---Industrias manufactureras|331-332---Industrias metálicas básicas; Fabricación de productos metálicos<C1>,NA,5.386572264089,5.833651757806,5.656704470398,-1.215405289538,-4.59114835658,-18.374707239148,11.073889956534,3.943142308493,3.587126843071,-5.07970473904,8.991884187478,0.772060276781,-0.491772305791,-0.379517932644,-4.734818461909,-2.873748135046,-5.730684198962,10.520631987466,0.829300559403,0.465552066999,-3.669668290342
"Variación porcentual anual en valores constantes|B.1bV---Valor agregado bruto|Actividad económica total  |Actividades secundarias|31-33---Industrias manufactureras|333-336---Fabricación de maquinaria y equipo; Fabricación de equipo de computación, comunicación, medición y de otros equipos, componentes y accesorios electrónicos; Fabricación de accesorios, aparatos eléctricos y equipo de generación de energía eléctrica; Fabricación de equipo de transporte<C1>",NA,-0.116633023908,1.906807586839,9.300359512168,-0.893828033093,-3.684416326251,-22.016809608822,21.065356579048,6.890808721683,8.088676343555,0.02061524606,7.90827742111,7.091326204474,1.151000116183,7.839515532235,3.690101704807,0.676408669122,-14.751467630816,10.894725135617,9.671621082283,6.496598932247,-1.215649665178
"Variación porcentual anual en valores constantes|B.1bV---Valor agregado bruto|Actividad económica total  |Actividades secundarias|31-33---Industrias manufactureras|337---Fabricación de muebles, colchones y persianas<C1>",NA,3.616239220156,0.315786197746,0.335745280076,-1.910593296681,-3.230888113983,-5.66830372974,3.333672146352,1.731420180626,7.54740619999,-5.219030970921,-1.67426988306,7.051814723574,-1.030404151947,-2.898506051003,4.140706086528,1.085655355339,-6.388081193672,8.185423796222,-0.675208842671,-8.536499701873,-4.209085963
Variación porcentual anual en valores constantes|B.1bV---Valor agregado bruto|Actividad económica total  |Actividades secundarias|31-33---Industrias manufactureras|339---Otras industrias manufactureras<C1>,NA,4.721194894467,2.204546676595,8.651096112003,2.202110418879,6.493176491928,-3.547471012441,-4.636798328905,8.73607800466,11.129489547871,0.64699262986,5.087816863121,5.236821437819,9.550960053767,4.825048146016,4.956043046513,-2.145829113109,-6.542609627754,11.9713256327,2.476829126662,-1.011982734593,9.805524399983
Variación porcentual anual en valores constantes|B.1bV---Valor agregado bruto|Actividad económica total  |Actividades terciarias<C1>,NA,3.521131868469,2.169462215299,4.498780504519,2.844376998658,1.740438603342,-4.712151368208,5.858099790973,4.228428072253,3.617034204302,1.712173877662,2.237613439095,3.026593126269,2.525604171856,2.492044480913,2.909325758155,0.225312369485,-8.124052399744,5.647722048354,3.056780161008,3.330626086692,2.345790767553
Variación porcentual anual en valores constantes|B.1bV---Valor agregado bruto|Actividad económica total  |Actividades terciarias|43---Comercio al por mayor<C1>,NA,3.811011789,2.896501248126,6.936655782813,2.270854143458,0.999296827277,-9.466177262184,10.32619457921,7.118199568526,5.020889459866,-0.670329826083,4.044642250341,4.044447244224,2.835499070056,1.944896136987,3.810248471392,-1.872317588208,-8.033936406831,8.357082983701,5.74547864892,3.809858421793,1.131202154844
Variación porcentual anual en valores constantes|B.1bV---Valor agregado bruto|Actividad económica total  |Actividades terciarias|46---Comercio al por menor<C1>,NA,3.208040339203,3.551654689381,4.803746501176,1.879480511786,-0.439378466323,-12.011594974922,11.092309516683,6.916889501469,2.608942927193,1.712842286365,2.154476010994,0.65846287392,-0.100085787696,2.44357217107,4.146451780258,-0.714823774203,-8.412951555045,8.854765349231,6.366708095547,4.305823067712,3.43152042369
"Variación porcentual anual en valores constantes|B.1bV---Valor agregado bruto|Actividad económica total  |Actividades terciarias|48-49---Transportes, correos y almacenamiento<C1>",NA,4.210198687172,2.52674775645,4.120497338577,3.50165332833,-0.176812235052,-7.9077437675,8.655596508933,4.110035848078,4.091779587469,2.419559770881,3.981747660239,4.18796441178,3.114572692111,3.795381708433,3.049066700361,0.158120721877,-18.108376462587,15.686399028509,11.776996188556,3.212640488302,4.486668433194
Variación porcentual anual en valores constantes|B.1bV---Valor agregado bruto|Actividad económica total  |Actividades terciarias|51---Información en medios masivos<C1>,NA,11.489671113377,9.900866621715,9.851706612477,16.984920580631,6.445981429565,1.850556002098,3.09549734896,4.610065344046,9.45021472712,2.968167402726,4.443578146895,20.857454729014,14.480829123846,9.249274719701,5.015332957573,2.400755492893,-8.116089629695,7.282132641057,12.757334913482,7.373568951478,3.037694184198
Variación porcentual anual en valores constantes|B.1bV---Valor agregado bruto|Actividad económica total  |Actividades terciarias|52---Servicios financieros y de seguros<C1>,NA,18.805429130655,-13.048818259935,12.327517686493,9.120281925254,17.999917851653,8.796487578034,21.981331147284,3.882617744184,5.881490155414,16.92311247067,2.475151732766,8.392407270372,12.51820079622,8.640912101944,3.59367260611,1.786180483496,-6.255395175092,1.888457318411,6.432725834633,7.726451672922,2.255082077413
Variación porcentual anual en valores constantes|B.1bV---Valor agregado bruto|Actividad económica total  |Actividades terciarias|53---Servicios inmobiliarios y de alquiler de bienes muebles e intangibles<C1>,NA,3.966928080165,2.293228842508,4.460402304877,3.428673691768,3.375085573079,0.353672546481,3.017822383121,2.919554982758,2.544086770611,0.984091067533,2.234237642657,2.458191158389,1.965684911653,1.379464127201,1.684903128987,1.596024751716,-0.376401210651,4.754518205419,2.904029574065,2.420158279849,1.034651606954
"Variación porcentual anual en valores constantes|B.1bV---Valor agregado bruto|Actividad económica total  |Actividades terciarias|54---Servicios profesionales, científicos y técnicos<C1>",NA,3.854957219667,3.198806018477,2.954045483573,3.492071013614,3.355938300863,-4.269935637003,-0.664976634997,4.488883296084,1.93804979703,0.535418708928,0.704344819044,3.629241854961,2.343875708324,-0.924933035121,0.866174485215,0.596907224017,-1.432282811625,5.147038749449,6.55104323351,6.809797921294,13.635400689119
Variación porcentual anual en valores constantes|B.1bV---Valor agregado bruto|Actividad económica total  |Actividades terciarias|55---Corporativos<C1>,NA,2.708593581416,3.607505824685,14.461063549682,0.841884167524,7.945335572056,-7.318809022085,5.016231550229,3.251482716299,9.858349406584,-1.741876734577,9.001353776298,4.716301006035,-1.471947214986,1.29430667601,6.366734486028,-1.384280335659,7.465906713782,11.140584256591,3.416226147335,-4.179939110314,9.711523834655
"Variación porcentual anual en valores constantes|B.1bV---Valor agregado bruto|Actividad económica total  |Actividades terciarias|56---Servicios de apoyo a los negocios y manejo de residuos, y servicios de remediación<C1>",NA,3.566856447027,3.480948927761,3.666772435612,3.239629296024,2.074269122045,-6.373281945224,0.875908215274,5.432509841301,4.161627496472,4.367208967033,-0.217191737974,0.958257797285,1.205313920736,7.029092986247,4.13838831312,3.394488416121,-3.589743879765,-21.290704396725,-60.798113234695,-4.252324275618,-4.229150788809
Variación porcentual anual en valores constantes|B.1bV---Valor agregado bruto|Actividad económica total  |Actividades terciarias|61---Servicios educativos<C1>,NA,1.19252133553,1.70822269073,-0.141803107819,1.744235968875,1.06087840579,0.226171810632,-0.027079743444,1.461861952258,1.312445287338,0.473785467911,0.518343357648,-0.135260553618,0.925194213504,0.851815427504,0.529186228816,0.370531318634,-2.687192912275,0.076582782609,1.191910315205,1.333474889862,0.201518011501
Variación porcentual anual en valores constantes|B.1bV---Valor agregado bruto|Actividad económica total  |Actividades terciarias|62---Servicios de salud y de asistencia social<C1>,NA,1.264424246558,1.800165976074,7.510464447005,1.553777690557,1.103620795582,1.895378741524,0.596570003297,2.531937766255,2.404287933158,1.067259790681,-0.279262247503,-1.723982189778,2.756908105658,1.322074149716,2.876081174063,1.79007862876,-1.607553061243,6.038307437184,-0.905946785788,1.067295645453,0.577615741002
"Variación porcentual anual en valores constantes|B.1bV---Valor agregado bruto|Actividad económica total  |Actividades terciarias|71---Servicios de esparcimiento culturales y deportivos, y otros servicios recreativos<C1>",NA,1.250599339087,-0.272341134422,4.96616984846,4.602956316225,0.883033393179,-3.319127119611,4.359690811032,-0.310822459339,2.962290750676,3.455204969219,-1.284259620928,3.106050065526,3.83710576667,1.470840036427,1.982591901395,-1.419617094495,-41.330068874727,29.502352689124,38.528016490306,4.684488892635,2.867950485432
Variación porcentual anual en valores constantes|B.1bV---Valor agregado bruto|Actividad económica total  |Actividades terciarias|72---Servicios de alojamiento temporal y de preparación de alimentos y bebidas<C1>,NA,3.46493369607,1.252662011632,1.101255313499,1.464218376394,-1.124036049817,-10.152801309578,0.568234750961,1.789147495919,5.0802520282,0.395994049099,0.946222580404,6.502495172934,1.617561041192,1.569844011632,1.728025443653,0.814138809264,-40.012639740517,31.238411703952,21.306148982278,3.044718203771,-1.822403715466
Variación porcentual anual en valores constantes|B.1bV---Valor agregado bruto|Actividad económica total  |Actividades terciarias|81---Otros servicios excepto actividades gubernamentales<C1>,NA,2.439556935841,3.282346241879,3.652815665082,3.870492347045,1.641918066465,-0.64607063738,1.153281958237,1.923602202701,3.238897229549,2.148160980071,0.883665465191,3.30361458465,2.091795249697,-0.971300510044,0.890818511785,1.800695237673,-14.43774346283,4.779315899466,2.555612783017,3.272049911505,1.443847273074
"Variación porcentual anual en valores constantes|B.1bV---Valor agregado bruto|Actividad económica total  |Actividades terciarias|93---Actividades legislativas, gubernamentales, de impartición de justicia y de organismos internacionales y extraterritoriales<C1>",NA,-0.288454304145,0.875878303844,1.937102370768,0.759088331674,2.077275092709,3.299693681731,2.878111155012,1.191548431847,3.883394636739,-1.506452775799,1.82874537081,1.77486550454,0.194034481064,-0.892324207929,2.529257010927,-2.630877554706,0.308796366042,-1.670303163267,0.020407382029,0.332210480862,1.812760838145
Estructura porcentual en valores constantes|B.1bP---Producto interno bruto<C1>,100,100,100,100,100,100,100,100,100,100,100,100,100,100,100,100,100,100,100,100,100,100
"Estructura porcentual en valores constantes|D.21-D.31---Impuestos sobre los productos, netos",6.116019538837,6.08579101258,6.166032785489,6.206614650761,6.05416816049,6.253011916724,5.866883490841,5.559234055701,5.410277439456,5.296213218234,5.205945354843,5.203618905353,5.338255273547,5.363155229284,5.367154368771,5.389595893783,5.43274045857,5.106834409089,5.363146272989,5.493525106737,5.549823225083,5.558052052225
Estructura porcentual en valores constantes|B.1bV---Valor agregado bruto|Actividad económica total  <C1>,93.883980461163,93.91420898742,93.833967214511,93.793385349239,93.94583183951,93.746988083276,94.133116509159,94.440765944299,94.589722560545,94.703786781766,94.794054645157,94.796381094647,94.661744726453,94.636844770716,94.632845631229,94.610404106217,94.56725954143,94.893165590911,94.636853727011,94.506474893263,94.450176774917,94.441947947775
Estructura porcentual en valores constantes|B.1bV---Valor agregado bruto|Actividad económica total  |Actividades primarias<C1>,3.310061661643,3.276150030809,3.109253799247,3.144853973173,3.215338120227,3.210661975764,3.331080725389,3.250130893083,3.065887997063,3.139940773701,3.207285624688,3.227670425623,3.200974622287,3.236921549959,3.281280778297,3.296959459283,3.319848133649,3.663037015522,3.534350593515,3.461286025948,3.319194580641,3.287624584233
"Estructura porcentual en valores constantes|B.1bV---Valor agregado bruto|Actividad económica total  |Actividades primarias|11---Agricultura, cría y explotación de animales, aprovechamiento forestal, pesca y caza<C1>",3.310061661643,3.276150030809,3.109253799247,3.144853973173,3.215338120227,3.210661975764,3.331080725389,3.250130893083,3.065887997063,3.139940773701,3.207285624688,3.227670425623,3.200974622287,3.236921549959,3.281280778297,3.296959459283,3.319848133649,3.663037015522,3.534350593515,3.461286025948,3.319194580641,3.287624584233
"Estructura porcentual en valores constantes|B.1bV---Valor agregado bruto|Actividad económica total  |Actividades primarias|11---Agricultura, cría y explotación de animales, aprovechamiento forestal, pesca y caza|111---Agricultura<C1>",1.986111061261,1.991547713741,1.848928694068,1.90946333311,1.972049389887,1.976031502926,1.992590399559,1.956330877857,1.802350602781,1.902987586296,2.006930577994,2.038433866507,2.017011819311,2.078393404256,2.119989484814,2.135755448974,2.138733187543,2.332619091621,2.256794653529,2.210339111672,2.076964534903,2.024510269575
"Estructura porcentual en valores constantes|B.1bV---Valor agregado bruto|Actividad económica total  |Actividades primarias|11---Agricultura, cría y explotación de animales, aprovechamiento forestal, pesca y caza|112---Cría y explotación de animales<C1>",1.14090196604,1.113920606039,1.095286672299,1.079181908476,1.078039059147,1.076978023315,1.173283209109,1.133949743127,1.110315998173,1.086853654118,1.05182846914,1.039948035253,1.028422663544,0.998561699861,1.000112091356,1.003169965913,1.030034726235,1.160640140745,1.113904278363,1.092653922007,1.08739485476,1.113647000653
"Estructura porcentual en valores constantes|B.1bV---Valor agregado bruto|Actividad económica total  |Actividades primarias|11---Agricultura, cría y explotación de animales, aprovechamiento forestal, pesca y caza|114---Pesca, caza y captura<C1>",0.038514976005,0.035643135931,0.036723714245,0.031793700963,0.035505685214,0.033563615556,0.036424690479,0.03618734185,0.035296042844,0.03275036983,0.035133959852,0.037514263136,0.044046768671,0.044836630248,0.041099674783,0.039718719946,0.032396537569,0.033073305723,0.03457997182,0.03115813402,0.031263949448,0.031422198566
"Estructura porcentual en valores constantes|B.1bV---Valor agregado bruto|Actividad económica total  |Actividades primarias|11---Agricultura, cría y explotación de animales, aprovechamiento forestal, pesca y caza|113,115---Aprovechamiento forestal, Servicios relacionados con las actividades agropecuarias y forestales<C1>",0.144533658337,0.135038575097,0.128314718635,0.124415030625,0.129743985979,0.124088833968,0.128782426242,0.12366293025,0.117925353265,0.117349163457,0.113392617702,0.111774260728,0.111493370762,0.115129815594,0.120079527343,0.11831532445,0.118683682302,0.136704477434,0.129071689802,0.127134858249,0.123571241529,0.118045115439
Estructura porcentual en valores constantes|B.1bV---Valor agregado bruto|Actividad económica total  |Actividades secundarias<C1>,35.725111668312,35.812718103654,35.869190333186,35.953292354987,35.62454255691,34.995226644384,34.322594608198,34.234073165708,34.135389341934,34.14003022672,33.673239786585,33.805553348717,33.515232836689,33.025592196762,32.621781598808,32.043865451916,31.610100499128,31.443160012435,31.541471829095,31.859165485044,31.81647469143,31.257375604083
Estructura porcentual en valores constantes|B.1bV---Valor agregado bruto|Actividad económica total  |Actividades secundarias|21---Minería<C1>,7.09236119515,6.967515283828,6.860257532511,6.493256749581,6.28690114899,5.942661385856,6.104943804719,5.92682973609,5.76426527369,5.66746174308,5.619781542745,5.392789502071,5.006464726817,4.737523752381,4.276151596823,3.922486294158,3.726417895541,4.048750946621,3.915741126124,3.930719298026,3.828871111135,3.50973932462
Estructura porcentual en valores constantes|B.1bV---Valor agregado bruto|Actividad económica total  |Actividades secundarias|21---Minería|21-1---Minería petrolera<C1>,6.159533655057,6.032507150148,5.871678918197,5.560586309664,5.287834720592,4.987141209439,5.103216364915,4.850290910184,4.634395911542,4.468432622535,4.372497071783,4.174140966312,3.820800435404,3.524324774836,3.087634073712,2.790401078496,2.632038488016,2.882433534906,2.762248850055,2.782899272011,2.753100377102,2.542424360693
Estructura porcentual en valores constantes|B.1bV---Valor agregado bruto|Actividad económica total  |Actividades secundarias|21---Minería|21-2---Minería no petrolera<C1>,0.932827540093,0.93500813368,0.988578614313,0.932670439916,0.999066428397,0.955520176417,1.001727439804,1.076538825906,1.129869362148,1.199029120545,1.247284470962,1.218648535758,1.185664291413,1.213198977545,1.188517523111,1.132085215662,1.094379407525,1.166317411715,1.153492276069,1.147820026015,1.075770734033,0.967314963927
"Estructura porcentual en valores constantes|B.1bV---Valor agregado bruto|Actividad económica total  |Actividades secundarias|22---Generación, transmisión, distribución y comercialización de energía eléctrica, suministro de agua y de gas natural por ductos al consumidor final<C1>",1.212095192846,1.437414716387,1.505116953024,1.650403522094,1.728733693804,1.762790726902,1.869144043545,1.829830183624,1.879368277568,1.840017025924,1.854013482294,1.918249659008,1.888760847743,1.841621853498,1.891207442193,1.889868273163,1.797378534406,1.873563847251,1.373035847111,1.328264430515,1.256679619344,1.21120261564
Estructura porcentual en valores constantes|B.1bV---Valor agregado bruto|Actividad económica total  |Actividades secundarias|23---Construcción<C1>,6.006202762056,6.211273286761,6.287490349509,6.533408933267,6.697448079938,6.901001581157,6.851342444846,6.516237918664,6.552944970085,6.451808686922,6.282034020115,6.291950182704,6.272932649345,6.272018919462,6.142320192461,6.042145184181,5.826420789831,5.230172000619,5.442443854409,5.408315819304,5.886409576669,5.980816760135
Estructura porcentual en valores constantes|B.1bV---Valor agregado bruto|Actividad económica total  |Actividades secundarias|31-33---Industrias manufactureras<C1>,21.41445251826,21.196514816678,21.216325498143,21.276223150046,20.911459634178,20.388772950469,19.497164315088,19.96117532733,19.938810820591,20.180742770794,19.917410741431,20.202564004934,20.347074612783,20.174427671422,20.312102367331,20.189365700414,20.259883279349,20.290673217944,20.810251001451,21.1918659372,20.844514384282,20.555616903687
Estructura porcentual en valores constantes|B.1bV---Valor agregado bruto|Actividad económica total  |Actividades secundarias|31-33---Industrias manufactureras|311---Industria alimentaria<C1>,3.791667879318,3.765720556679,3.804981970793,3.693724682911,3.69381429154,3.705182956542,3.946426300526,3.827677815818,3.800152388423,3.762303260206,3.763424741029,3.710445511126,3.698128383702,3.732857867229,3.743853272265,3.771047698909,3.86893736034,4.259131654492,4.116249481828,4.087165162733,3.950428356624,3.889359720284
Estructura porcentual en valores constantes|B.1bV---Valor agregado bruto|Actividad económica total  |Actividades secundarias|31-33---Industrias manufactureras|312---Industria de las bebidas y del tabaco<C1>,0.82354580046,0.846426877591,0.877686597833,0.881897686531,0.883682662071,0.901423265042,0.966114357351,0.918680576573,0.922479296086,0.909810289987,0.905612631976,0.909105681749,0.921248150304,0.962894076625,0.976169768582,0.993413758946,1.029823508029,1.042017864465,1.06062575674,1.071156608521,0.998197669751,0.995963277694
"Estructura porcentual en valores constantes|B.1bV---Valor agregado bruto|Actividad económica total  |Actividades secundarias|31-33---Industrias manufactureras|313-314---Fabricación de insumos textiles y acabado de textiles; Fabricación de productos textiles, excepto prendas de vestir<C1>",0.278117262548,0.286440164468,0.270503097762,0.26306470971,0.253936599259,0.235020599731,0.237341396171,0.236998718542,0.220480244712,0.218654528834,0.212770341192,0.21052280825,0.215940812139,0.215725472844,0.202024101395,0.206158276631,0.200938604417,0.180438911177,0.209687430702,0.198022192852,0.1799506682,0.168377522064
"Estructura porcentual en valores constantes|B.1bV---Valor agregado bruto|Actividad económica total  |Actividades secundarias|31-33---Industrias manufactureras|315-316---Fabricación de prendas de vestir; Curtido y acabado de cuero y piel, y fabricación de productos de cuero, piel y materiales sucedáneos<C1>",0.568960121741,0.563109139369,0.533043423991,0.5009019762,0.475300786721,0.487806212862,0.512288625303,0.497413622556,0.462419058932,0.458483630689,0.455962407885,0.455189911646,0.45549646412,0.440333167185,0.428639044288,0.424457815701,0.41468887097,0.357271903223,0.374175663198,0.381227856441,0.350776251812,0.308381500296
Estructura porcentual en valores constantes|B.1bV---Valor agregado bruto|Actividad económica total  |Actividades secundarias|31-33---Industrias manufactureras|321---Industria de la madera<C1>,0.202597965868,0.198637076641,0.190236297452,0.185098693991,0.18546475926,0.170786359594,0.16727498528,0.166962461537,0.168439617254,0.181691991016,0.174878479134,0.166311332618,0.169290995607,0.165243462566,0.165578406138,0.160641702894,0.160320789034,0.170784582689,0.175290553559,0.164253163768,0.14298232321,0.133827205628
Estructura porcentual en valores constantes|B.1bV---Valor agregado bruto|Actividad económica total  |Actividades secundarias|31-33---Industrias manufactureras|322-323---Industria del papel; Impresión e industrias conexas<C1>,0.469445821338,0.467133512708,0.473539790834,0.47507243015,0.475970570027,0.481039449214,0.501531411263,0.504419811486,0.491057608392,0.485725590134,0.479603192717,0.491057499555,0.49883626712,0.50963268552,0.518523309932,0.522221526045,0.514770663658,0.543275973575,0.553619299493,0.553618240134,0.512960152718,0.495348492031
Estructura porcentual en valores constantes|B.1bV---Valor agregado bruto|Actividad económica total  |Actividades secundarias|31-33---Industrias manufactureras|324-326---Fabricación de productos derivados del petróleo y del carbón; Industria química; Industria del plástico y del hule<C1>,4.449701981842,4.430191300297,4.338583800401,4.210271589164,4.170846304016,4.096428757389,4.268006585325,4.002598491486,3.814392425022,3.775654824323,3.76463940902,3.600087731696,3.408858815688,3.224164649716,2.966599499867,2.781383761529,2.719427256219,2.855720261573,2.957879832388,3.012062736591,2.83854968916,2.987068417007
Estructura porcentual en valores constantes|B.1bV---Valor agregado bruto|Actividad económica total  |Actividades secundarias|31-33---Industrias manufactureras|327---Fabricación de productos a base de minerales no metálicos<C1>,0.652791120616,0.675071456788,0.69988492347,0.717548943052,0.722817277105,0.700034967676,0.684555356244,0.667353960317,0.678361275814,0.672939794387,0.637768840737,0.650239826416,0.674767733067,0.679402207415,0.662985640574,0.651851948715,0.635897139637,0.675391697075,0.696414207318,0.667218589478,0.630987903582,0.610779039242
Estructura porcentual en valores constantes|B.1bV---Valor agregado bruto|Actividad económica total  |Actividades secundarias|31-33---Industrias manufactureras|331-332---Industrias metálicas básicas; Fabricación de productos metálicos<C1>,2.239941487737,2.279329412393,2.362374733966,2.381572414251,2.304737352108,2.178374141408,1.897560457486,2.00787597944,2.017563587512,2.018224388781,1.899518719082,2.019751443773,1.981790747626,1.937699258584,1.894878364884,1.770248559007,1.726154517879,1.775565401748,1.850442402656,1.799047827167,1.752962359155,1.666132070358
"Estructura porcentual en valores constantes|B.1bV---Valor agregado bruto|Actividad económica total  |Actividades secundarias|31-33---Industrias manufactureras|333-336---Fabricación de maquinaria y equipo; Fabricación de equipo de computación, comunicación, medición y de otros equipos, componentes y accesorios electrónicos; Fabricación de accesorios, aparatos eléctricos y equipo de generación de energía eléctrica; Fabricación de equipo de transporte<C1>",7.250031655745,6.992270456537,6.978134368458,7.277443792584,7.065582767401,6.741661038695,5.610561257673,6.470762721243,6.686369040219,6.979221355123,6.921680388058,7.286626191249,7.598021511963,7.551622735697,7.994007264377,8.128689824497,8.215936183346,7.642415011303,7.991660844586,8.451069835535,8.728912407373,8.50789381495
"Estructura porcentual en valores constantes|B.1bV---Valor agregado bruto|Actividad económica total  |Actividades secundarias|31-33---Industrias manufactureras|337---Fabricación de muebles, colchones y persianas<C1>",0.294353858902,0.294498238075,0.289314296491,0.276976879053,0.266154646103,0.255148589074,0.256855702369,0.252848484947,0.248662312537,0.258253573862,0.242707128485,0.232814433413,0.24267423336,0.23599078692,0.224940307932,0.229724077507,0.233133582555,0.238134672997,0.242933229254,0.232661737267,0.206388498222,0.195066901561
Estructura porcentual en valores constantes|B.1bV---Valor agregado bruto|Actividad económica total  |Actividades secundarias|31-33---Industrias manufactureras|339---Otras industrias manufactureras<C1>,0.393297562143,0.397686625131,0.398042196691,0.412649352448,0.413151618566,0.435866613242,0.448647880097,0.407582683387,0.428433965687,0.459779543452,0.458844462117,0.470411633442,0.482020498088,0.518861301123,0.533903387097,0.549526750033,0.539854803265,0.550525283628,0.581272299729,0.574361986712,0.551418104474,0.597418942571
Estructura porcentual en valores constantes|B.1bV---Valor agregado bruto|Actividad económica total  |Actividades terciarias<C1>,54.848807131207,54.825340852957,54.855523082078,54.695239021078,55.105951162374,55.541099463127,56.479441175572,56.956561885507,57.388445221547,57.423815781345,57.913529233884,57.763157320306,57.945537267477,58.374331023995,58.729783254125,59.269579195019,59.637310908653,59.786968562954,59.561031304401,59.186023382271,59.314507502847,59.896947759459
Estructura porcentual en valores constantes|B.1bV---Valor agregado bruto|Actividad económica total  |Actividades terciarias|43---Comercio al por mayor<C1>,8.168097476914,8.187465397823,8.250266898108,8.418070105852,8.433985461811,8.438661420187,8.153100910065,8.569011722489,8.873368275718,8.999132166416,8.863284111909,8.996520649115,9.114088048293,9.209283981685,9.215898397447,9.382025772954,9.242659494787,9.274941970363,9.476850822973,9.662872175987,9.728761120189,9.707703137232
Estructura porcentual en valores constantes|B.1bV---Valor agregado bruto|Actividad económica total  |Actividades terciarias|46---Comercio al por menor<C1>,9.220427073464,9.18860771914,9.318042069639,9.317929419558,9.299820476208,9.172432578968,8.612879480148,9.115104384677,9.421118515575,9.33521043032,9.41488348737,9.382801732202,9.196076278731,9.026871612055,9.07754278344,9.271104915865,9.241121856145,9.235180964766,9.479564677207,9.722422624333,9.835484458367,10.037427992172
"Estructura porcentual en valores constantes|B.1bV---Valor agregado bruto|Actividad económica total  |Actividades terciarias|48-49---Transportes, correos y almacenamiento<C1>",6.057264322298,6.094974474807,6.119655651719,6.07968615712,6.164486060351,6.096080221311,5.991177455581,6.201454541758,6.241380586431,6.273841325621,6.371350287407,6.463217695356,6.556711406922,6.643175111166,6.768618800137,6.840105995061,6.87793059616,6.145877788098,6.704428462203,7.22594378337,7.233361558838,7.457183554407
Estructura porcentual en valores constantes|B.1bV---Valor agregado bruto|Actividad económica total  |Actividades terciarias|51---Información en medios masivos<C1>,0.602955618267,0.649090304805,0.698592875509,0.732232333283,0.839164713063,0.884909480621,0.961835160363,0.944647169862,0.955295223654,1.009696046205,1.03088135836,1.050390093758,1.236072067554,1.390420441297,1.491114630837,1.535615397737,1.578681098546,1.582779906732,1.601192195538,1.740879254601,1.812920438949,1.843098959847
Estructura porcentual en valores constantes|B.1bV---Valor agregado bruto|Actividad económica total  |Actividades terciarias|52---Servicios financieros y de seguros<C1>,1.38101098139,1.584231196355,1.349000040658,1.445826118543,1.545574600293,1.806733266225,2.097719002829,2.437642210701,2.447977105027,2.503017165191,2.901878620479,2.901068623275,3.06179842268,3.385080175359,3.610012349535,3.667419843595,3.747643217841,3.833462072907,3.6830846085,3.779786447145,3.949138136853,3.984382319656
Estructura porcentual en valores constantes|B.1bV---Valor agregado bruto|Actividad económica total  |Actividades terciarias|53---Servicios inmobiliarios y de alquiler de bienes muebles e intangibles<C1>,8.221920527858,8.253794056049,8.268341934583,8.241154652165,8.350210936391,8.551369895195,9.158141719471,8.987709071824,8.942138886801,8.854997930448,8.866586843971,8.843272830981,8.822251613739,8.838998617662,8.796286829275,8.771514277012,8.946642425743,9.725433211172,9.606767000817,9.532131432067,9.468652345174,9.4391371589
"Estructura porcentual en valores constantes|B.1bV---Valor agregado bruto|Actividad económica total  |Actividades terciarias|54---Servicios profesionales, científicos y técnicos<C1>",1.897423821471,1.902728054512,1.922955823258,1.888994377361,1.91516488305,1.960938475395,2.00332179291,1.895755805206,1.91490391702,1.885036394721,1.879117243772,1.846129980824,1.862791843266,1.87325013425,1.821824222563,1.802066174416,1.819969684609,1.957426673268,1.940787946732,1.993958776698,2.065570276003,2.315940515793
Estructura porcentual en valores constantes|B.1bV---Valor agregado bruto|Actividad económica total  |Actividades terciarias|55---Corporativos<C1>,0.406763728907,0.403398374672,0.409301443103,0.447011807059,0.4415992964,0.472231135128,0.467072846644,0.46727261649,0.466402782827,0.49480107437,0.482074485076,0.51263260704,0.52268525791,0.506022393414,0.5031541948,0.524838441402,0.519613679322,0.609309476395,0.638566522195,0.636759179748,0.591758307656,0.640575594548
"Estructura porcentual en valores constantes|B.1bV---Valor agregado bruto|Actividad económica total  |Actividades terciarias|56---Servicios de apoyo a los negocios y manejo de residuos, y servicios de remediación<C1>",3.078144762926,3.078186836565,3.11941597636,3.085537373068,3.120654395144,3.155617219681,3.152989424571,3.029976447912,3.088220510535,3.106365050896,3.214634550861,3.129302302582,3.076161260907,3.059017773435,3.213883799624,3.282159902752,3.406951212255,3.584064367075,2.66009633336,1.005506117754,0.933739355849,0.882333523018
Estructura porcentual en valores constantes|B.1bV---Valor agregado bruto|Actividad económica total  |Actividades terciarias|61---Servicios educativos<C1>,4.366410366649,4.266365985683,4.249443764636,4.048869207783,4.035636017565,4.040335432902,4.321524320832,4.11574652848,4.036881058155,3.949527868829,3.934712409735,3.858500016604,3.751892714079,3.720656616335,3.683406378123,3.631286505699,3.659110536847,3.885368180099,3.666571722835,3.577555355248,3.516025405089,3.476162601134
Estructura porcentual en valores constantes|B.1bV---Valor agregado bruto|Actividad económica total  |Actividades terciarias|62---Servicios de salud y de asistencia social<C1>,2.354948266754,2.302626034108,2.295566136608,2.354824193867,2.342734101074,2.346454149715,2.551555134151,2.445217024666,2.423656573365,2.396766107513,2.401879375386,2.336667213176,2.235960600491,2.25758837514,2.245407437528,2.265313338911,2.314954835262,2.485369321054,2.485130836622,2.374527664804,2.327558393609,2.309807030809
"Estructura porcentual en valores constantes|B.1bV---Valor agregado bruto|Actividad económica total  |Actividades terciarias|71---Servicios de esparcimiento culturales y deportivos, y otros servicios recreativos<C1>",0.492460642459,0.481453415201,0.470205612403,0.470928636994,0.482577963229,0.482289694927,0.497607528037,0.49470808319,0.476750903397,0.474030354318,0.486265597641,0.468295669069,0.470136556906,0.479674003901,0.477786377613,0.477835620824,0.472909254112,0.30274713401,0.369703223318,0.493822911589,0.501379161051,0.508885579081
Estructura porcentual en valores constantes|B.1bV---Valor agregado bruto|Actividad económica total  |Actividades terciarias|72---Servicios de alojamiento temporal y de preparación de alimentos y bebidas<C1>,2.803297658507,2.800577141884,2.776974569523,2.678837638366,2.662733689693,2.608199622312,2.500827666996,2.395928608935,2.357598549153,2.392364738778,2.381545175752,2.345357685221,2.432140163202,2.428437619035,2.421241240327,2.415446320132,2.444711554674,1.600199115441,1.980297913539,2.316294246775,2.314899658918,2.242427151743
Estructura porcentual en valores constantes|B.1bV---Valor agregado bruto|Actividad económica total  |Actividades terciarias|81---Otros servicios excepto actividades gubernamentales<C1>,1.894553483045,1.873957352749,1.895412371938,1.874574722787,1.90749484746,1.920695812392,2.036488837609,1.962416979994,1.933572952396,1.927704009189,1.952477105479,1.921617709314,1.932868202852,1.93893239977,1.884820812027,1.864835065922,1.905899346731,1.779380555751,1.75808527816,1.738520251616,1.741306648809,1.742909139508
"Estructura porcentual en valores constantes|B.1bV---Valor agregado bruto|Actividad económica total  |Actividades terciarias|93---Actividades legislativas, gubernamentales, de impartición de justicia y de organismos internacionales y extraterritoriales<C1>",3.903128400298,3.757884508606,3.712347914032,3.610762277274,3.564113720642,3.604151058169,3.973199895365,3.893970689322,3.80917938149,3.821325118531,3.731958580685,3.707382511789,3.673902829945,3.616921769492,3.518785000848,3.538011622738,3.458512115618,3.785427825822,3.509903760402,3.385043160536,3.293952237494,3.308973501612
Contribución a la variación del estado en valores constantes|B.1bP---Producto interno bruto<C1>,NA,3.56544086222,2.113247235577,4.805013537019,2.077863883353,0.943331966922,-6.295250655299,4.971334683448,3.444045065322,3.553210641646,0.852101620043,2.503763460764,2.70232338096,1.772493375021,1.871728454483,1.972082115145,-0.392690442942,-8.35403460381,6.048483354349,3.709757110312,3.106796450736,1.350576305586
"Contribución a la variación del estado en valores constantes|D.21-D.31---Impuestos sobre los productos, netos",NA,0.186756753295,0.210545290293,0.338810539432,-0.026649116627,0.25783041654,-0.755463447286,-0.031281304395,0.037375776929,0.074121390453,-0.045907918684,0.1279598593,0.278893288586,0.119961526868,0.104457695004,0.128728781712,0.021810712217,-0.752532763176,0.580700873491,0.334175272002,0.228719829325,0.083294561212
Contribución a la variación del estado en valores constantes|B.1bV---Valor agregado bruto|Actividad económica total  <C1>,NA,3.378684108925,1.902701945284,4.466202997587,2.10451299998,0.685501550382,-5.539787208013,5.002615987843,3.406669288393,3.479089251193,0.898009538727,2.375803601463,2.423430092374,1.652531848153,1.767270759479,1.843353333434,-0.414501155159,-7.601501840634,5.467782480857,3.37558183831,2.87807662141,1.267281744374
Contribución a la variación del estado en valores constantes|B.1bV---Valor agregado bruto|Actividad económica total  |Actividades primarias<C1>,NA,0.082897561072,-0.101190011602,0.186710833056,0.137294496582,0.025611056305,-0.089281131569,0.08062505204,-0.078652331749,0.18562148635,0.094674183755,0.101198033686,0.059804882301,0.093321147699,0.105775894336,0.080697428826,0.009851948025,0.037177502046,0.085088185325,0.055340736889,-0.038970825883,0.012831882243
"Contribución a la variación del estado en valores constantes|B.1bV---Valor agregado bruto|Actividad económica total  |Actividades primarias|11---Agricultura, cría y explotación de animales, aprovechamiento forestal, pesca y caza<C1>",NA,0.082897561072,-0.101190011602,0.186710833056,0.137294496582,0.025611056305,-0.089281131569,0.08062505204,-0.078652331749,0.18562148635,0.094674183755,0.101198033686,0.059804882301,0.093321147699,0.105775894336,0.080697428826,0.009851948025,0.037177502046,0.085088185325,0.055340736889,-0.038970825883,0.012831882243
"Contribución a la variación del estado en valores constantes|B.1bV---Valor agregado bruto|Actividad económica total  |Actividades primarias|11---Agricultura, cría y explotación de animales, aprovechamiento forestal, pesca y caza|111---Agricultura<C1>",NA,0.076444108457,-0.103546585158,0.152284610682,0.103562558812,0.022622649882,-0.108879663553,0.060996233752,-0.091906508081,0.168254140941,0.121044079666,0.082540850834,0.033084134794,0.098220970343,0.081276526977,0.057884815393,-0.005420862259,-0.000981902011,0.060677410868,0.0355426705,-0.068847516315,-0.025111709324
"Contribución a la variación del estado en valores constantes|B.1bV---Valor agregado bruto|Actividad económica total  |Actividades primarias|11---Agricultura, cría y explotación de animales, aprovechamiento forestal, pesca y caza|112---Cría y explotación de animales<C1>",NA,0.01273482046,0.004512181584,0.035750072967,0.02125733493,0.009098442139,0.022444066884,0.01703897089,0.014606038391,0.015155855642,-0.026062537552,0.014157405031,0.016265934383,-0.012161523707,0.020269774086,0.022841210039,0.022819912393,0.033645135526,0.020638452479,0.019284450207,0.028524077506,0.041292798411
"Contribución a la variación del estado en valores constantes|B.1bV---Valor agregado bruto|Actividad económica total  |Actividades primarias|11---Agricultura, cría y explotación de animales, aprovechamiento forestal, pesca y caza|114---Pesca, caza y captura<C1>",NA,-0.001601005141,0.00185664119,-0.003402321646,0.00444974406,-0.001625453343,0.000568049357,0.001561645248,0.000324312616,-0.001381983388,0.002682967063,0.003319571697,0.007722791663,0.001584587878,-0.002967681157,-0.000597669065,-0.007449400483,-0.002086187251,0.003598229937,-0.002265946708,0.0010771227,0.000582629887
"Contribución a la variación del estado en valores constantes|B.1bV---Valor agregado bruto|Actividad económica total  |Actividades primarias|11---Agricultura, cría y explotación de animales, aprovechamiento forestal, pesca y caza|113,115---Aprovechamiento forestal, Servicios relacionados con las actividades agropecuarias y forestales<C1>",NA,-0.004680362704,-0.004012249217,0.002078471053,0.00802485878,-0.004484582373,-0.003413584257,0.001028202149,-0.001676174675,0.003593473155,-0.002990325422,0.001180206124,0.002732021461,0.005677113186,0.007197274431,0.000569072459,-0.000097701626,0.006600455782,0.000174092041,0.002779562891,0.000275490226,-0.003931836731
Contribución a la variación del estado en valores constantes|B.1bV---Valor agregado bruto|Actividad económica total  |Actividades secundarias<C1>,NA,1.364487720481,0.814476902672,1.811662586462,0.411479705322,-0.299194752692,-2.833325398175,1.613368910354,1.076954368385,1.217708071863,-0.179860218392,0.978724654586,0.615369461101,0.095735793823,0.20678057059,0.054015192687,-0.557894796453,-2.793712954663,2.006092489959,1.499591312817,0.945782312848,-0.13694437869
Contribución a la variación del estado en valores constantes|B.1bV---Valor agregado bruto|Actividad económica total  |Actividades secundarias|21---Minería<C1>,NA,0.123576725689,0.037716451342,-0.054998917119,-0.075722352234,-0.288180738594,-0.22203909601,0.116528473671,0.03595943131,0.104573323156,0.000206049233,-0.091969347605,-0.251033908382,-0.184968679785,-0.381334209364,-0.276310651989,-0.210701685557,-0.015901004023,0.103833129716,0.160798310547,0.017107044893,-0.271730078808
Contribución a la variación del estado en valores constantes|B.1bV---Valor agregado bruto|Actividad económica total  |Actividades secundarias|21---Minería|21-1---Minería petrolera<C1>,NA,0.088058970039,-0.03674513953,-0.043905683616,-0.162877581201,-0.253648213889,-0.205185106178,-0.011801260465,-0.056284314943,-0.007190465548,-0.058677432368,-0.093845489155,-0.250090147403,-0.23400723742,-0.378898575596,-0.242203994606,-0.168698354077,0.009595551952,0.046889477051,0.123889225572,0.055734329891,-0.176338635406
Contribución a la variación del estado en valores constantes|B.1bV---Valor agregado bruto|Actividad económica total  |Actividades secundarias|21---Minería|21-2---Minería no petrolera<C1>,NA,0.03551775565,0.074461590872,-0.011093233503,0.087155228967,-0.034532524706,-0.016853989832,0.128329734136,0.092243746253,0.111763788705,0.058883481601,0.00187614155,-0.000943760979,0.049038557635,-0.002435633768,-0.034106657382,-0.04200333148,-0.025496555975,0.056943652665,0.036909084975,-0.038627284999,-0.095391443402
"Contribución a la variación del estado en valores constantes|B.1bV---Valor agregado bruto|Actividad económica total  |Actividades secundarias|22---Generación, transmisión, distribución y comercialización de energía eléctrica, suministro de agua y de gas natural por ductos al consumidor final<C1>",NA,0.276569695198,0.099509079039,0.224588681722,0.114250904774,0.050686001535,-0.011313986007,0.051653122645,0.114264384367,0.026028429129,0.029794535288,0.112264610763,0.021551614734,-0.014496368899,0.084983856525,0.035930585185,-0.099547872485,-0.08033285928,-0.417480155478,0.004503967558,-0.03254233336,-0.029118788164
Contribución a la variación del estado en valores constantes|B.1bV---Valor agregado bruto|Actividad económica total  |Actividades secundarias|23---Construcción<C1>,NA,0.426529800535,0.209087278746,0.55984976743,0.30320300143,0.268652855171,-0.480968316467,-0.011160530475,0.262393429297,0.128110069679,-0.11624535315,0.167451712232,0.150497392297,0.110257389944,-0.014731172193,0.018981056268,-0.238604191957,-1.033179167982,0.541457164394,0.16650734555,0.660972521169,0.175182677508
Contribución a la variación del estado en valores constantes|B.1bV---Valor agregado bruto|Actividad económica total  |Actividades secundarias|31-33---Industrias manufactureras<C1>,NA,0.537811499059,0.468164093545,1.082223054429,0.069748151353,-0.330352870804,-2.119003999691,1.456347844514,0.664337123411,0.958996249898,-0.093615449764,0.790977679196,0.694354362452,0.184943452563,0.517862095622,0.275414203222,-0.009041046454,-1.664299923378,1.778282351328,1.167781689161,0.300245080146,-0.011278189227
Contribución a la variación del estado en valores constantes|B.1bV---Valor agregado bruto|Actividad económica total  |Actividades secundarias|31-33---Industrias manufactureras|311---Industria alimentaria<C1>,NA,0.108317216846,0.119670090426,0.066226683152,0.076842041711,0.046320840264,-0.00719408356,0.071538190121,0.103353533413,0.095833431595,0.033189684011,0.039921549036,0.087618260546,0.100894141922,0.081070172028,0.101562583867,0.082696714174,0.034384961914,0.106088492068,0.122539581139,-0.014005038136,-0.008539865519
Contribución a la variación del estado en valores constantes|B.1bV---Valor agregado bruto|Actividad económica total  |Actividades secundarias|31-33---Industrias manufactureras|312---Industria de las bebidas y del tabaco<C1>,NA,0.053059926893,0.049807408008,0.046586391919,0.020146698418,0.026244016787,0.003871771897,-0.001763094645,0.035569322189,0.019658469943,0.003519081897,0.026254905652,0.037037572718,0.058713160037,0.03154693928,0.036834925433,0.032365730588,-0.074856176539,0.082759664624,0.050268160228,-0.041946968995,0.011216851984
"Contribución a la variación del estado en valores constantes|B.1bV---Valor agregado bruto|Actividad económica total  |Actividades secundarias|31-33---Industrias manufactureras|313-314---Fabricación de insumos textiles y acabado de textiles; Fabricación de productos textiles, excepto prendas de vestir<C1>",NA,0.01853575659,-0.010220667471,0.005201906861,-0.003851653569,-0.016698975082,-0.012620439357,0.011439321865,-0.008925034842,0.005943540109,-0.004071168117,0.003023460208,0.011253422944,0.003608380419,-0.009920028857,0.008199785737,-0.006008738909,-0.035573622319,0.041931428867,-0.00431909547,-0.01248082368,-0.009299079218
"Contribución a la variación del estado en valores constantes|B.1bV---Valor agregado bruto|Actividad económica total  |Actividades secundarias|31-33---Industrias manufactureras|315-316---Fabricación de prendas de vestir; Curtido y acabado de cuero y piel, y fabricación de productos de cuero, piel y materiales sucedáneos<C1>",NA,0.014226340982,-0.018801189956,-0.008073040027,-0.015725086095,0.017107058084,-0.007767440601,0.009853093192,-0.019068642844,0.012355460912,0.001364040261,0.010624382447,0.012615539923,-0.007358420719,-0.003671163938,0.004189428083,-0.011397388295,-0.087263586172,0.039535712679,0.021194820754,-0.019553700488,-0.038229824042
Contribución a la variación del estado en valores constantes|B.1bV---Valor agregado bruto|Actividad económica total  |Actividades secundarias|31-33---Industrias manufactureras|321---Industria de la madera<C1>,NA,0.003121398271,-0.004380615892,0.003756413842,0.004219770519,-0.013067317341,-0.014041753921,0.007987739015,0.007278292043,0.019708272922,-0.005323369528,-0.004403104139,0.007554453146,-0.001118603615,0.003434121714,-0.001768716951,-0.000950478277,-0.003803609481,0.015108390824,-0.004943996369,-0.016828670815,-0.007347679052
Contribución a la variación del estado en valores constantes|B.1bV---Valor agregado bruto|Actividad económica total  |Actividades secundarias|31-33---Industrias manufactureras|322-323---Industria del papel; Impresión e industrias conexas<C1>,NA,0.014343060513,0.016413344665,0.024359933895,0.010788160447,0.009606678085,-0.011080697405,0.027964797261,0.003550042236,0.0119268351,-0.002035690842,0.023749225083,0.021258936644,0.019829623988,0.018595972747,0.013996853429,-0.009472317586,-0.016880152909,0.043828897094,0.020536832669,-0.024721459598,-0.010921601324
Contribución a la variación del estado en valores constantes|B.1bV---Valor agregado bruto|Actividad económica total  |Actividades secundarias|31-33---Industrias manufactureras|324-326---Fabricación de productos derivados del petróleo y del carbón; Industria química; Industria del plástico y del hule<C1>,NA,0.13844516935,0.000077502329,0.073991908568,0.047239223833,-0.035774624657,-0.097103884595,-0.066425526793,-0.056836672377,0.095419368311,0.02106313809,-0.074413996142,-0.099110527207,-0.127546061157,-0.202038462879,-0.130364566623,-0.072635436248,-0.102274853486,0.281066440118,0.165923115741,-0.085325086435,0.188861366118
Contribución a la variación del estado en valores constantes|B.1bV---Valor agregado bruto|Actividad económica total  |Actividades secundarias|31-33---Industrias manufactureras|327---Fabricación de productos a base de minerales no metálicos<C1>,NA,0.046349609742,0.039603765479,0.05214234343,0.020287493196,-0.016178655799,-0.058574086982,0.015975002964,0.034370383542,0.018489486959,-0.029736515026,0.02875145286,0.042762312869,0.016676833464,-0.004007275958,0.00172136384,-0.018451916373,-0.016927898647,0.063145007649,-0.004443428775,-0.016627176103,-0.011959827356
Contribución a la variación del estado en valores constantes|B.1bV---Valor agregado bruto|Actividad económica total  |Actividades secundarias|31-33---Industrias manufactureras|331-332---Industrias metálicas básicas; Fabricación de productos metálicos<C1>,NA,0.12065606691,0.132968140332,0.133632557184,-0.028945757097,-0.105813911065,-0.400269871057,0.210133756921,0.079173407247,0.072372565024,-0.102519839921,0.170802523339,0.015593698587,-0.009745898056,-0.007353916167,-0.089719050651,-0.05087248495,-0.098920464206,0.186800701615,0.015345729197,0.008375504346,-0.064327903836
"Contribución a la variación del estado en valores constantes|B.1bV---Valor agregado bruto|Actividad económica total  |Actividades secundarias|31-33---Industrias manufactureras|333-336---Fabricación de maquinaria y equipo; Fabricación de equipo de computación, comunicación, medición y de otros equipos, componentes y accesorios electrónicos; Fabricación de accesorios, aparatos eléctricos y equipo de generación de energía eléctrica; Fabricación de equipo de transporte<C1>",NA,-0.008455931154,0.133329143558,0.648991583509,-0.065047832711,-0.260325485027,-1.484298675362,1.181884735015,0.445887881955,0.540838750799,0.001438783655,0.54738568729,0.516718432522,0.08745323643,0.592010637301,0.294986998345,0.054983162659,-1.211971166655,0.832620109205,0.77292315507,0.549032112699,-0.106112994454
"Contribución a la variación del estado en valores constantes|B.1bV---Valor agregado bruto|Actividad económica total  |Actividades secundarias|31-33---Industrias manufactureras|337---Fabricación de muebles, colchones y persianas<C1>",NA,0.010644539692,0.000929984788,0.000971359095,-0.005291901685,-0.008599158826,-0.014462596991,0.008562727006,0.004377869695,0.018767554793,-0.013478334003,-0.004063572356,0.016417642494,-0.002500525376,-0.006840207239,0.009314117022,0.00249401175,-0.014892762543,0.019492332191,-0.001640306646,-0.019861168508,-0.008687069308
Contribución a la variación del estado en valores constantes|B.1bV---Valor agregado bruto|Actividad económica total  |Actividades secundarias|31-33---Industrias manufactureras|339---Otras industrias manufactureras<C1>,NA,0.018568344424,0.008767187278,0.034435013002,0.009086994384,0.026826663773,-0.015462241758,-0.020802897407,0.035606741154,0.047682513431,0.00297473976,0.023345165919,0.024634617266,0.046037585223,0.02503530759,0.026460481691,-0.011791904987,-0.035320592334,0.065905174393,0.014397121625,-0.00581244414,0.05406943678
Contribución a la variación del estado en valores constantes|B.1bV---Valor agregado bruto|Actividad económica total  |Actividades terciarias<C1>,NA,1.931298827372,1.189415054214,2.467829578068,1.555738798076,0.959085246769,-2.61718067827,3.308622025449,2.408367251757,2.07575969298,0.983195573365,1.295880913191,1.748255748972,1.463474906632,1.454714294553,1.708640711921,0.133541693268,-4.844966388017,3.376601805572,1.820649788604,1.971265134445,1.391394240821
Contribución a la variación del estado en valores constantes|B.1bV---Valor agregado bruto|Actividad económica total  |Actividades terciarias|43---Comercio al por mayor<C1>,NA,0.311287157782,0.237150037438,0.572292615885,0.191162093798,0.084280549133,-0.798818648591,0.841905064213,0.609959355457,0.445522012491,-0.060323867,0.358488133958,0.363859531469,0.258429881853,0.179111008404,0.351148627814,-0.175661318677,-0.742549386111,0.775114597153,0.544490440624,0.368141749384,0.110051955431
Contribución a la variación del estado en valores constantes|B.1bV---Valor agregado bruto|Actividad económica total  |Actividades terciarias|46---Comercio al por menor<C1>,NA,0.295795019963,0.326347616946,0.447615119898,0.175128667543,-0.040861408579,-1.101755450733,0.955367250237,0.630481698232,0.245791605175,0.159897431772,0.202841406198,0.06178226594,-0.009203965381,0.22057812263,0.376395934348,-0.06627206207,-0.7774511049,0.817753604007,0.603536211726,0.418630316099,0.337506657958
"Contribución a la variación del estado en valores constantes|B.1bV---Valor agregado bruto|Actividad económica total  |Actividades terciarias|48-49---Transportes, correos y almacenamiento<C1>",NA,0.255022862976,0.154004630798,0.252160248259,0.212889532673,-0.010899565583,-0.482062403763,0.518572146689,0.254882004769,0.255383536812,0.151799340804,0.253691090995,0.270677256937,0.20421354298,0.252133853028,0.206379701909,0.010815624977,-1.245481565188,0.964066913646,0.789580284458,0.232143595646,0.324536949719
Contribución a la variación del estado en valores constantes|B.1bV---Valor agregado bruto|Actividad económica total  |Actividades terciarias|51---Información en medios masivos<C1>,NA,0.069277617499,0.064265565333,0.068823320511,0.124369080274,0.054092401567,0.016375745507,0.02977358189,0.043548851801,0.090277449913,0.02996946891,0.045808018761,0.219084638284,0.17899348395,0.128603806374,0.074784363516,0.036866371011,-0.128127172925,0.115260132224,0.204269450993,0.1283649322,0.055070978738
Contribución a la variación del estado en valores constantes|B.1bV---Valor agregado bruto|Actividad económica total  |Actividades terciarias|52---Servicios financieros y de seguros<C1>,NA,0.259705041392,-0.20672344963,0.166298218603,0.13186341816,0.278202158389,0.158929067332,0.461106560551,0.094644329012,0.143977532439,0.423588410025,0.071825898958,0.243469494058,0.383282074527,0.292501802533,0.129732024882,0.065506737494,-0.234429893028,0.072393295064,0.236922735122,0.292043373178,0.089056306336
Contribución a la variación del estado en valores constantes|B.1bV---Valor agregado bruto|Actividad económica total  |Actividades terciarias|53---Servicios inmobiliarios y de alquiler de bienes muebles e intangibles<C1>,NA,0.326157674148,0.189278385895,0.368801314225,0.282562301457,0.281826764636,0.030243847667,0.276376450688,0.262401108042,0.227495772429,0.087141243664,0.198100620887,0.217384550843,0.173417668839,0.121930815134,0.148208912021,0.139995538961,-0.033675270403,0.462397492581,0.278983354815,0.230692668099,0.097967563646
"Contribución a la variación del estado en valores constantes|B.1bV---Valor agregado bruto|Actividad económica total  |Actividades terciarias|54---Servicios profesionales, científicos y técnicos<C1>",NA,0.073144876593,0.060864579523,0.056804989648,0.065965025101,0.064271751835,-0.083730810781,-0.013321621847,0.085098265674,0.037111791477,0.010092837527,0.01323546495,0.067000521961,0.043661525511,-0.017326309322,0.015780176581,0.010756663177,-0.026067112969,0.100749509365,0.127141857461,0.135784563327,0.281648783648
Contribución a la variación del estado en valores constantes|B.1bV---Valor agregado bruto|Actividad económica total  |Actividades terciarias|55---Corporativos<C1>,NA,0.011017576253,0.014552619863,0.059189341797,0.003763321631,0.035086545983,-0.034561694923,0.023429455496,0.015193288363,0.045979615973,-0.008618824797,0.043393229867,0.024177296803,-0.007693651097,0.00654948162,0.032034491638,-0.007265235338,0.03879387257,0.067880635601,0.021814876499,-0.026616145993,0.057468749092
"Contribución a la variación del estado en valores constantes|B.1bV---Valor agregado bruto|Actividad económica total  |Actividades terciarias|56---Servicios de apoyo a los negocios y manejo de residuos, y servicios de remediación<C1>",NA,0.109793004925,0.107150111682,0.114381885173,0.099959972678,0.064730770524,-0.201116382522,0.027617293397,0.164603768722,0.128520233918,0.135661453052,-0.006981920651,0.029986783315,0.037077399902,0.215021203761,0.133002991561,0.111412537697,-0.122300822629,-0.763072549782,-1.617288380908,-0.042757380738,-0.039489245333
Contribución a la variación del estado en valores constantes|B.1bV---Valor agregado bruto|Actividad económica total  |Actividades terciarias|61---Servicios educativos<C1>,NA,0.052070375219,0.072879031837,-0.006025843323,0.070621833055,0.042813191047,0.009138099804,-0.001170257699,0.060166532551,0.052981855203,0.018712289094,0.020395320418,-0.005219028484,0.034712294288,0.031693127062,0.019492079304,0.013455053773,-0.098327358998,0.002975523067,0.043702246579,0.047705802333,0.00708542448
Contribución a la variación del estado en valores constantes|B.1bV---Valor agregado bruto|Actividad económica total  |Actividades terciarias|62---Servicios de salud y de asistencia social<C1>,NA,0.029776536879,0.041451090422,0.172407678547,0.036588732976,0.025854900725,0.044474193133,0.015221812548,0.061911373314,0.058271682535,0.025579720942,-0.006707542326,-0.04028372659,0.061643379034,0.029846992315,0.064579740592,0.040550889954,-0.037214127321,0.150074240555,-0.022513962937,0.025343230367,0.013444343663
"Contribución a la variación del estado en valores constantes|B.1bV---Valor agregado bruto|Actividad económica total  |Actividades terciarias|71---Servicios de esparcimiento culturales y deportivos, y otros servicios recreativos<C1>",NA,0.00615870954,-0.001311195693,0.023351209349,0.021676639441,0.004261324563,-0.016007808059,0.021694149675,-0.001537663831,0.014122747915,0.016378720358,-0.006244912721,0.014545497936,0.018039636936,0.007055237294,0.009472554029,-0.006783436157,-0.195453720439,0.089317527232,0.142439318845,0.023133079443,0.014379306083
Contribución a la variación del estado en valores constantes|B.1bV---Valor agregado bruto|Actividad económica total  |Actividades terciarias|72---Servicios de alojamiento temporal y de preparación de alimentos y bebidas<C1>,NA,0.097132405171,0.035081765963,0.030581580001,0.039224032975,-0.029930086583,-0.26480532541,0.014210571866,0.042866696711,0.11977194811,0.009473621998,0.022534718215,0.15250677027,0.039341351747,0.038122682539,0.041839664685,0.019665085909,-0.978193627066,0.499876787765,0.421925223752,0.070524632584,-0.042186817393
Contribución a la variación del estado en valores constantes|B.1bV---Valor agregado bruto|Actividad económica total  |Actividades terciarias|81---Otros servicios excepto actividades gubernamentales<C1>,NA,0.046218710899,0.061509768742,0.06923592004,0.072555271185,0.031319502517,-0.012409051677,0.023486458346,0.037749096253,0.062626440786,0.041410185337,0.017253365897,0.063482842906,0.04043164525,-0.018832860288,0.016790332708,0.033579996223,-0.275168858341,0.085042217813,0.044929852105,0.056885250355,0.025141808565
"Contribución a la variación del estado en valores constantes|B.1bV---Valor agregado bruto|Actividad económica total  |Actividades terciarias|93---Actividades legislativas, gubernamentales, de impartición de justicia y de organismos internacionales y extraterritoriales<C1>",NA,-0.011258741867,0.032914495094,0.071911979454,0.027408875131,0.074036446595,0.118925944746,0.114353109399,0.046398546685,0.147925467805,-0.05756645832,0.068248019785,0.065801053323,0.007128638291,-0.032274668531,0.088999116333,-0.093080753666,0.010679759732,-0.063228120718,0.000716279469,0.011245468161,0.059711476188
Índice de volumen físico base 2018=100|B.1bP---Producto interno bruto<C1>,74.03549634588,76.675188185143,78.295524479839,82.057635029975,83.762680991797,84.552841137943,79.230027852133,83.168817706451,86.033189268556,89.090129704994,89.849268143509,92.09888128905,94.587690891726,96.264251446368,98.066056832184,100,99.607309557058,91.286080448737,96.807503829517,100.398827086147,103.51801428264,104.916104055554
"Índice de volumen físico base 2018=100|D.21-D.31---Impuestos sobre los productos, netos",84.014191628216,86.579621244579,89.574947809475,94.496902888652,94.091164957797,98.098249599439,86.246418385607,85.786565983439,86.363325213493,87.546512179522,86.787653350281,88.920855901354,93.686660311188,95.791991405745,97.657723459782,100,100.404681772934,86.496818294716,96.332417790281,102.334848132296,106.595502001,108.195341348345
Índice de volumen físico base 2018=100|B.1bV---Valor agregado bruto|Actividad económica total  <C1>,73.467047921766,76.110970198214,77.652978512132,81.349017118382,83.174306433015,83.781210591458,78.830330694451,83.019694515425,86.014382675877,89.178063740954,90.023676726516,92.279921342114,94.639019186568,96.291154309745,98.089318035727,100,99.561886286107,91.558906549454,96.834567679317,100.28853930988,103.342701479289,104.729298344122
Índice de volumen físico base 2018=100|B.1bV---Valor agregado bruto|Actividad económica total  |Actividades primarias<C1>,74.329715327628,76.19123717999,73.837928539764,78.271899530533,81.689006058915,82.339681557238,80.050004226535,81.987524295425,80.003447292892,84.847185490072,87.405462416005,90.163327466074,91.833946357068,94.511271323071,97.599703988115,100,100.298819204392,101.422021051616,103.777939292886,105.402890604682,104.216153170526,104.619048925159
"Índice de volumen físico base 2018=100|B.1bV---Valor agregado bruto|Actividad económica total  |Actividades primarias|11---Agricultura, cría y explotación de animales, aprovechamiento forestal, pesca y caza<C1>",74.329715327628,76.19123717999,73.837928539764,78.271899530533,81.689006058915,82.339681557238,80.050004226535,81.987524295425,80.003447292892,84.847185490072,87.405462416005,90.163327466074,91.833946357068,94.511271323071,97.599703988115,100,100.298819204392,101.422021051616,103.777939292886,105.402890604682,104.216153170526,104.619048925159
"Índice de volumen físico base 2018=100|B.1bV---Valor agregado bruto|Actividad económica total  |Actividades primarias|11---Agricultura, cría y explotación de animales, aprovechamiento forestal, pesca y caza|111---Agricultura<C1>",68.84810631718,71.498024647037,67.780626240433,73.36328949398,77.342255652223,78.229498527422,73.919040183542,76.18181483845,72.602867810472,79.380535337778,84.42972426185,87.902141969097,89.328808961509,93.678789567374,97.342141583316,100,99.746185254432,99.700391332851,102.293854462076,103.904899028149,100.668475172065,99.451334751952
"Índice de volumen físico base 2018=100|B.1bV---Valor agregado bruto|Actividad económica total  |Actividades primarias|11---Agricultura, cría y explotación de animales, aprovechamiento forestal, pesca y caza|112---Cría y explotación de animales<C1>",84.200331158103,85.140180620957,85.485059737991,88.275285530516,90.014100178724,90.773801856717,92.665514812873,94.011247025849,95.222175368594,96.521961687241,94.207383968743,95.475396891812,96.968737413058,95.8220419534,97.767130717698,100,102.274780263391,105.615491751278,107.493541829854,109.354522073144,112.209256587398,116.470297727944
"Índice de volumen físico base 2018=100|B.1bV---Valor agregado bruto|Actividad económica total  |Actividades primarias|11---Agricultura, cría y explotación de animales, aprovechamiento forestal, pesca y caza|114---Pesca, caza y captura<C1>",71.791723630026,68.807458013735,72.391619658878,65.684793303192,74.877825570071,71.449912232689,72.659170413544,75.774305963429,76.453398765176,73.459937783932,79.477903215191,86.987236041998,104.894672978249,108.668271637954,101.475653006291,100,81.244610870483,76.012833522031,84.282694885503,78.759842060495,81.482534430029,83.001029714254
"Índice de volumen físico base 2018=100|B.1bV---Valor agregado bruto|Actividad económica total  |Actividades primarias|11---Agricultura, cría y explotación de animales, aprovechamiento forestal, pesca y caza|113,115---Aprovechamiento forestal, Servicios relacionados con las actividades agropecuarias y forestales<C1>",90.441548324251,87.51282393883,84.912653882896,86.288088400559,91.853732039756,88.678820890521,86.23933768101,86.927874735017,85.749621058857,88.362621171495,86.110939227972,87.00719385125,89.133850912504,93.672443268601,99.528322367655,100,99.917422678632,105.474214627481,105.608535182987,107.882818302695,108.116591025267,104.676496238067
Índice de volumen físico base 2018=100|B.1bV---Valor agregado bruto|Actividad económica total  |Actividades secundarias<C1>,82.540802648931,85.693372547068,87.642268814858,92.068859377112,93.122572810413,92.340477570942,84.864297375283,88.853431079984,91.648631355581,94.91800312278,94.417945780778,97.162236854541,98.930901094873,99.213495830111,99.834693571418,100,98.258965363308,89.574799855678,95.289725874851,99.820130983937,102.783426252769,102.341026125654
Índice de volumen físico base 2018=100|B.1bV---Valor agregado bruto|Actividad económica total  |Actividades secundarias|21---Minería<C1>,133.865727492599,136.19819306088,136.935459118028,135.837642901799,134.253546316811,128.099594597254,123.313335321017,125.667085856294,126.429536802755,128.723178087609,128.727858015478,126.621189450113,120.726983481309,116.26660835286,106.908040989618,100,94.628364008044,94.224575158012,96.641032150251,100.609556676963,101.047423660639,93.876217423166
Índice de volumen físico base 2018=100|B.1bV---Valor agregado bruto|Actividad económica total  |Actividades secundarias|21---Minería|21-1---Minería petrolera<C1>,163.426016039632,165.762414776289,164.752724624542,163.520780387985,158.73102123265,151.11697084117,144.89959090241,144.564508536463,142.886936102415,142.665240845695,140.791825550424,137.770056176794,129.515679064232,121.583412835523,108.512034661643,100,93.954333110853,94.296859897073,95.830817365491,100.128911561142,102.134236671088,95.592443980719
Índice de volumen físico base 2018=100|B.1bV---Valor agregado bruto|Actividad económica total  |Actividades secundarias|21---Minería|21-2---Minería no petrolera<C1>,61.004550700309,63.327321665103,68.370543159125,67.603330123121,73.920656655259,71.36560442885,70.106818689864,79.088093481857,85.864794750054,94.358320726701,98.992191870625,99.141094040559,99.064315959571,103.161572833161,102.954464341501,100,96.289737654162,94.046405342663,98.638076346156,101.794266653744,98.368611010741,89.646005447173
"Índice de volumen físico base 2018=100|B.1bV---Valor agregado bruto|Actividad económica total  |Actividades secundarias|22---Generación, transmisión, distribución y comercialización de energía eléctrica, suministro de agua y de gas natural por ductos al consumidor final<C1>",47.483769369083,58.318373531162,62.355627063484,71.660131973882,76.620879333308,78.86738266775,78.361194128025,80.52667751326,85.555193991757,86.740096030393,88.144637844782,93.4819903252,94.532264376131,93.806722770938,98.135546874469,100,94.732549675626,90.498529720113,70.333035860105,70.563749218734,68.834945075929,67.239956064341
Índice de volumen físico base 2018=100|B.1bV---Valor agregado bruto|Actividad económica total  |Actividades secundarias|23---Construcción<C1>,73.595087355244,78.821434046085,81.474764271739,88.729427944111,92.84719083675,96.571544144938,89.840948236537,89.694601349226,93.30638998113,95.130529841388,93.416517139935,95.906595305029,98.200588753537,99.926630018791,99.691931046672,100,96.051002008657,79.018608036637,87.199063944547,89.866851626007,100.849849193709,103.851194305353
Índice de volumen físico base 2018=100|B.1bV---Valor agregado bruto|Actividad económica total  |Actividades secundarias|31-33---Industrias manufactureras<C1>,78.527955988836,80.500139853559,82.278133798824,86.475057214252,86.758541521418,85.38795650441,76.513591097631,82.228801867271,84.965496716058,89.052079083211,88.6389797969,92.159088682351,95.326561150228,96.193025920992,98.662227169175,100,99.955218769187,91.744141703982,99.784633326784,105.384117333517,106.877193160284,106.819365897617
Índice de volumen físico base 2018=100|B.1bV---Valor agregado bruto|Actividad económica total  |Actividades secundarias|31-33---Industrias manufactureras|311---Industria alimentaria<C1>,74.440324238077,76.566873556013,79.000077120695,80.375093642876,82.047169075779,83.076049661779,82.914746954157,84.417770317503,86.697187568644,88.883544363088,89.667642971615,90.618816823138,92.758684685088,95.289372353586,97.358866045516,100,102.192937368506,103.101171318053,105.669264695499,108.815008774486,108.442144383885,108.207718836565
Índice de volumen físico base 2018=100|B.1bV---Valor agregado bruto|Actividad económica total  |Actividades secundarias|31-33---Industrias manufactureras|312---Industria de las bebidas y del tabaco<C1>,61.375858298286,65.330220705898,69.174532653089,72.846221268323,74.510372193336,76.723215720312,77.052755462625,76.912139292798,79.89001074511,81.592504645687,81.9080986868,84.282722590258,87.7164570058,93.306818708424,96.363795187638,100,103.258031237888,95.752374826673,103.357267888326,108.255866352434,104.016518498622,105.185363034365
"Índice de volumen físico base 2018=100|B.1bV---Valor agregado bruto|Actividad económica total  |Actividades secundarias|31-33---Industrias manufactureras|313-314---Fabricación de insumos textiles y acabado de textiles; Fabricación de productos textiles, excepto prendas de vestir<C1>",99.877385044366,106.533940200521,102.732629797071,104.708228510026,103.175146317257,96.390306312078,91.214215293476,95.610535464451,92.0099786111,94.490314202981,92.730981996845,94.048686487739,99.076026067626,100.731590798136,96.099498563537,100,97.085375854243,79.897645784425,98.464718867686,96.436564295799,90.358418518666,85.689082748683
"Índice de volumen físico base 2018=100|B.1bV---Valor agregado bruto|Actividad económica total  |Actividades secundarias|31-33---Industrias manufactureras|315-316---Fabricación de prendas de vestir; Curtido y acabado de cuero y piel, y fabricación de productos de cuero, piel y materiales sucedáneos<C1>",99.240121057769,101.721531876018,98.325234942309,96.83608129806,93.796053931793,97.171967852938,95.624678235724,97.463873602442,93.727538866854,96.231862424712,96.518163016293,98.767133236621,101.504453815414,99.864677143537,99.032081216867,100,97.314836039337,76.836732634562,85.339486299945,90.173459466148,85.548338849766,76.22473748162
Índice de volumen físico base 2018=100|B.1bV---Valor agregado bruto|Actividad económica total  |Actividades secundarias|31-33---Industrias manufactureras|321---Industria de la madera<C1>,93.372024147085,94.810593747357,92.719701146936,94.550548222139,96.706055683102,89.892423144814,82.501626314457,86.441255770954,90.209436344449,100.764389036819,97.812106577056,95.349385643863,99.680494384146,99.021847650286,101.079738909102,100,99.408324077964,97.049862357087,105.635340196146,102.655939835956,92.138254945599,87.403387651957
Índice de volumen físico base 2018=100|B.1bV---Valor agregado bruto|Actividad económica total  |Actividades secundarias|31-33---Industrias manufactureras|322-323---Industria del papel; Impresión e industrias conexas<C1>,66.553469470153,68.586889295371,70.996779022634,74.649010318158,76.344173938275,77.88505471714,76.090979979475,80.333722867984,80.899101353596,82.863983324898,82.516697829993,86.602799965343,90.352021674224,93.94367435559,97.371582450441,100,98.186149533577,94.966468742258,102.627907473889,106.434949903322,101.6821669871,99.51721892298
Índice de volumen físico base 2018=100|B.1bV---Valor agregado bruto|Actividad económica total  |Actividades secundarias|31-33---Industrias manufactureras|324-326---Fabricación de productos derivados del petróleo y del carbón; Industria química; Industria del plástico y del hule<C1>,118.4431646483,122.128329195286,122.130465723772,124.21332655323,125.606999386883,124.529629728594,121.577714411631,119.685528079531,117.986000344676,120.93749257933,121.612163126548,119.208308187324,115.926499755852,111.588987049404,104.596395210236,100,97.388514405939,93.725832854405,102.950541080189,108.725581146455,105.645625507966,112.674699980066
Índice de volumen físico base 2018=100|B.1bV---Valor agregado bruto|Actividad económica total  |Actividades secundarias|31-33---Industrias manufactureras|327---Fabricación de productos a base de minerales no metálicos<C1>,74.142164827851,79.406422101938,84.064882012909,90.327825821727,92.881693637375,90.802743674547,83.204997773517,85.146696240834,89.531962203353,91.972254871261,87.9080958458,91.871107696278,97.912910876213,100.332821059648,99.74103419579,100,97.16930870439,94.58261329911,103.425511229507,102.765611003679,100.204678292255,98.305385697464
Índice de volumen físico base 2018=100|B.1bV---Valor agregado bruto|Actividad económica total  |Actividades secundarias|31-33---Industrias manufactureras|331-332---Industrias metálicas básicas; Fabricación de productos metálicos<C1>,93.679036758203,98.725125769486,104.484405804334,110.394779858337,109.053035864564,104.046249200668,84.928055516731,94.332894926878,98.052575217566,101.569845463518,96.410397210071,105.079508471889,105.890785615837,105.370044057794,104.97014584496,100,97.126251864954,91.560253096285,101.192970371338,102.032164240703,102.507177090329,98.745503717321
"Índice de volumen físico base 2018=100|B.1bV---Valor agregado bruto|Actividad económica total  |Actividades secundarias|31-33---Industrias manufactureras|333-336---Fabricación de maquinaria y equipo; Fabricación de equipo de computación, comunicación, medición y de otros equipos, componentes y accesorios electrónicos; Fabricación de accesorios, aparatos eléctricos y equipo de generación de energía eléctrica; Fabricación de equipo de transporte<C1>",66.032743744119,65.955727758321,67.213376579171,73.464462241301,72.807816283427,70.125273213494,54.685925322413,66.205710490131,70.767819362837,76.491999226489,76.507768240346,82.558214801492,88.412687121656,89.430317253147,96.441220864734,100,100.676408669122,85.825160832429,95.175576202323,104.380597295491,111.161786064862,109.810448184759
"Índice de volumen físico base 2018=100|B.1bV---Valor agregado bruto|Actividad económica total  |Actividades secundarias|31-33---Industrias manufactureras|337---Fabricación de muebles, colchones y persianas<C1>",94.864388102817,98.294911311351,98.605313074359,98.936375758911,97.046103995682,93.910652956601,88.587511912439,91.540729122211,93.125683779725,100.1542574111,94.927175698118,93.337838584565,99.919850028537,98.890271745224,96.023931234836,100,101.085655355339,94.628221616085,102.373942586189,101.682704673256,93.002560891967,89.088003156233
Índice de volumen físico base 2018=100|B.1bV---Valor agregado bruto|Actividad económica total  |Actividades secundarias|31-33---Industrias manufactureras|339---Otras industrias manufactureras<C1>,52.987375451962,55.489012716511,56.712293902228,61.618528955032,62.975437001111,67.064543272156,64.68544803995,61.686114266189,67.075061326527,74.540173266091,75.022442693407,78.839447183888,82.968128255472,90.89238104251,95.277982188871,100,97.854170886891,91.451954481287,102.39996574971,104.936237927091,103.874301316937,114.059721277882
Índice de volumen físico base 2018=100|B.1bV---Valor agregado bruto|Actividad económica total  |Actividades terciarias<C1>,68.513370857198,70.925816992613,72.464525793161,75.724545752235,77.87843731395,79.233863700642,75.500244108188,79.923123750473,83.30261555136,86.315699648931,87.793574510641,89.758055332552,92.47466646552,94.810210499683,97.172923117782,100,100.225312369485,92.082955474781,97.283544853906,100.257288952926,103.596484372602,106.026641138523
Índice de volumen físico base 2018=100|B.1bV---Valor agregado bruto|Actividad económica total  |Actividades terciarias|43---Comercio al por mayor<C1>,64.4561383159,66.912569345853,68.850692752109,73.626628312405,75.298581652126,76.05103798956,68.851911923737,75.961694320488,81.368799317854,85.454236786424,84.881411549593,88.314560983814,91.886396811772,94.491834738878,96.329602782483,100,98.127682411792,90.244166809332,97.785946717537,103.404217407838,107.343771693239,108.558046751724
Índice de volumen físico base 2018=100|B.1bV---Valor agregado bruto|Actividad económica total  |Actividades terciarias|46---Comercio al por menor<C1>,73.630802487922,75.992908333813,78.691914026248,82.472074092992,84.022120653235,83.652945548137,73.604892544302,81.769375044738,87.425272362624,89.706147822508,91.242672655881,93.208474150042,93.822217347667,93.728314642401,96.018633655416,100,99.285176225797,90.93236244858,98.984209769915,105.286245466649,109.81968491108,113.588169828035
"Índice de volumen físico base 2018=100|B.1bV---Valor agregado bruto|Actividad económica total  |Actividades terciarias|48-49---Transportes, correos y almacenamiento<C1>",65.562225340276,68.322525290833,70.048863165769,72.935224708218,75.489163431738,75.355689354653,69.396754526253,75.403457588341,78.502566725912,81.714718726842,83.691855188046,87.024253673807,90.668798447283,93.492744083987,97.041150591662,100,100.158120721877,82.021111163707,94.887269948463,106.062140113718,109.469535369771,114.381070457171
Índice de volumen físico base 2018=100|B.1bV---Valor agregado bruto|Actividad económica total  |Actividades terciarias|51---Información en medios masivos<C1>,29.069855993069,32.409886839805,35.618746508063,39.12780091308,45.773626823114,48.72418630777,49.625854661962,51.162021677421,53.520624308086,58.578438228495,60.31714433702,62.997383781611,76.137034584323,87.162308462443,95.224189824167,100,102.400755492893,94.089818395605,100.941563772902,113.819017130317,122.211540838315,125.92395370678
Índice de volumen físico base 2018=100|B.1bV---Valor agregado bruto|Actividad económica total  |Actividades terciarias|52---Servicios financieros y de seguros<C1>,27.878955185581,33.121712345373,28.799720296847,32.350010910101,35.300423107952,41.65447026867,45.318600571549,55.280232234496,57.426552340259,60.804089362745,71.094033792369,72.853719001674,78.967899811906,88.853260074919,96.530992177704,100,101.786180483496,95.419052660621,97.22100074375,103.474961175282,111.469904044065,113.983641871873
Índice de volumen físico base 2018=100|B.1bV---Valor agregado bruto|Actividad económica total  |Actividades terciarias|53---Servicios inmobiliarios y de alquiler de bienes muebles e intangibles<C1>,69.396679749093,72.149596124762,73.804151472848,77.096113546238,79.739487708774,82.430763654479,82.72229863538,85.218710679431,87.706717793314,89.938052797631,90.823125141525,92.852329591675,95.134817348055,97.004868098395,98.343015455451,100,101.596024751716,101.213616084578,106.025835887682,109.10485751801,111.74536776095,112.901543004185
"Índice de volumen físico base 2018=100|B.1bV---Valor agregado bruto|Actividad económica total  |Actividades terciarias|54---Servicios profesionales, científicos y técnicos<C1>",77.953138677949,80.958198825371,83.547894561848,86.015937367772,89.01967498368,92.007120351761,88.078475531281,87.492774248537,91.42022277706,93.191992219034,93.690959580598,94.350867000316,97.77508815601,100.06681469609,99.141263669773,100,100.596907224017,99.156075012822,104.259676616164,111.089773106406,118.654762166176,134.833814424255
Índice de volumen físico base 2018=100|B.1bV---Valor agregado bruto|Actividad económica total  |Actividades terciarias|55---Corporativos<C1>,57.379475643412,58.933652437739,61.059687382131,69.889567577698,70.477956781886,76.077666952535,70.50968779982,74.046617005203,76.454229959131,83.991355084615,82.52832921134,89.956996089321,94.199638800881,92.813069841024,94.014355600186,100,98.615719664341,105.978277299606,117.784876575852,121.808674327043,116.717145909092,128.052159353183
"Índice de volumen físico base 2018=100|B.1bV---Valor agregado bruto|Actividad económica total  |Actividades terciarias|56---Servicios de apoyo a los negocios y manejo de residuos, y servicios de remediación<C1>",69.433538310127,71.910132947741,74.413287949537,77.141853880503,79.640963978312,81.292931902613,76.111904150921,76.77857457218,80.949578191825,84.318398096134,88.000758738646,87.809628361312,88.651070971851,89.719594671157,96.026068407476,100,103.394488416121,99.682891096189,78.45970141879,30.757683306591,29.449766872727,28.204291824727
Índice de volumen físico base 2018=100|B.1bV---Valor agregado bruto|Actividad económica total  |Actividades terciarias|61---Servicios educativos<C1>,89.023369055921,90.084991725521,91.623843995118,91.49391853683,93.089788373283,94.07735783613,94.290134299743,94.264600773282,95.642619106435,96.897876153584,97.356964209514,97.861607566701,97.729239414526,98.633424682491,99.473599410612,100,100.370531318634,97.673381515027,97.74818250846,98.913253178704,100.232236572587,100.434222582611
Índice de volumen físico base 2018=100|B.1bV---Valor agregado bruto|Actividad económica total  |Actividades terciarias|62---Servicios de salud y de asistencia social<C1>,76.964965862866,77.938129552591,79.341145243185,85.300033748521,86.625406642943,87.581422644913,89.241422311249,89.773809867273,92.046826863508,94.259897614643,95.265895600621,94.999853919463,93.362073357576,95.935979925582,97.204324716455,100,101.79007862876,100.153749103722,106.20134038447,105.239212754793,106.362426289834,106.976792406596
"Índice de volumen físico base 2018=100|B.1bV---Valor agregado bruto|Actividad económica total  |Actividades terciarias|71---Servicios de esparcimiento culturales y deportivos, y otros servicios recreativos<C1>",76.301486340463,77.25571222435,77.045313141272,80.871514252146,84.593994725442,85.340987947491,82.508412072382,86.10552373183,85.837888425339,88.380656254738,91.43438908148,90.260134142865,93.063659098554,96.634610128499,98.055950663314,100,98.580382905505,57.83704275369,74.900331091842,103.757943006201,108.618472321553,111.733596325767
Índice de volumen físico base 2018=100|B.1bV---Valor agregado bruto|Actividad económica total  |Actividades terciarias|72---Servicios de alojamiento temporal y de preparación de alimentos y bebidas<C1>,85.923471709154,88.900663033237,90.014287867144,91.005574995189,92.338095347811,91.300181868388,82.030655808008,82.496782500749,83.972771619076,88.238800052389,88.588220449593,89.426462195066,95.241413582626,96.782001583819,98.30132804002,100,100.814138809264,60.475740640009,79.367401482149,96.277538285298,99.208918019613,97.40093101155
Índice de volumen físico base 2018=100|B.1bV---Valor agregado bruto|Actividad económica total  |Actividades terciarias|81---Otros servicios excepto actividades gubernamentales<C1>,75.215342114839,77.050263210218,79.579319629057,82.486205482633,85.678827753206,87.085603905222,86.522969389005,87.5208231847,89.204375667303,92.093613719427,94.071932794486,94.903213977029,98.038450395275,100.08921404352,99.117046997016,100,101.800695237673,87.10297201588,91.265898206343,93.598301167439,96.660884297959,98.056519840024
"Índice de volumen físico base 2018=100|B.1bV---Valor agregado bruto|Actividad económica total  |Actividades terciarias|93---Actividades legislativas, gubernamentales, de impartición de justicia y de organismos internacionales y extraterritoriales<C1>",81.675833555957,81.440236098619,82.153553457205,83.744951888895,84.380650047049,86.133468273543,88.975608884021,91.536425808552,92.627126654842,96.224203523521,94.774631338551,96.507818021857,98.220701993111,98.411284022521,97.533136311855,100,97.369122445294,97.669794757052,96.038413085668,96.058012011521,96.377126795132,98.124213606603
Millones de pesos|B.1bP---Producto interno bruto<C1>,8259533.132000001,9248389.777,9999598.964999998,11120115.788,12046753.144999998,12927761.291,12749117.919999998,13968149.507000003,15268436.669,16529124.038999999,16954005.666,18137650.624000005,19228614.685000002,20758790.518,22536210.261000004,24176670.380000003,25121823.322,24086758.147999994,26690033.389,29525508.629,31866425.551,33506846.902999997
"Millones de pesos|D.21-D.31---Impuestos sobre los productos, netos",393218.19499999995,390359.29999999993,395704.37100000004,400790.91400000005,437329.705,315665.455,504085.35099999997,543382.7409999999,506080.59599999996,482273.702,634182.282,902717.9119999998,1070730.811,1258366.98,1212103.874,1303024.8339999998,1429702.173,1469104.5779999997,1580612.1259999997,1419433.3690000006,1914108.0289999999,2175614.685
Millones de pesos|B.1bV---Valor agregado bruto|Actividad económica total  <C1>,7866314.937000001,8858030.477,9603894.593999999,10719324.874,11609423.439999998,12612095.836,12245032.568999998,13424766.766000003,14762356.072999999,16046850.337,16319823.384000001,17234932.712000005,18157883.874,19500423.538,21324106.387000002,22873645.546000004,23692121.149,22617653.569999997,25109421.263,28106075.26,29952317.522,31331232.218
Millones de pesos|B.1bV---Valor agregado bruto|Actividad económica total  |Actividades primarias<C1>,264912.581,294648.794,294555.42,327260.022,366446.043,391550.72899999993,395298.952,431896.3520000001,454342.086,503928.2599999999,512781.1559999999,549051.441,593238.5909999999,673890.3510000001,743134.179,797095.0210000001,832794.5750000001,893895.4569999999,1009594.63,1150923.7269999997,1225486.3620000002,1296530.1750000003
"Millones de pesos|B.1bV---Valor agregado bruto|Actividad económica total  |Actividades primarias|11---Agricultura, cría y explotación de animales, aprovechamiento forestal, pesca y caza<C1>",264912.581,294648.794,294555.42,327260.022,366446.043,391550.72899999993,395298.952,431896.3520000001,454342.086,503928.2599999999,512781.1559999999,549051.441,593238.5909999999,673890.3510000001,743134.179,797095.0210000001,832794.5750000001,893895.4569999999,1009594.63,1150923.7269999997,1225486.3620000002,1296530.1750000003
"Millones de pesos|B.1bV---Valor agregado bruto|Actividad económica total  |Actividades primarias|11---Agricultura, cría y explotación de animales, aprovechamiento forestal, pesca y caza|111---Agricultura<C1>",152075.83399999997,170842.54800000004,161837.41599999997,191119.269,227717.684,248948.22599999994,248843.993,275983.616,293923.98199999996,324183.90799999994,319631.67799999996,331775.062,357448.0029999999,428131.1080000001,484561.1059999999,516354.555,538486.7650000001,581637.122,669199.6680000001,777073.7639999999,812906.226,849376.162
"Millones de pesos|B.1bV---Valor agregado bruto|Actividad económica total  |Actividades primarias|11---Agricultura, cría y explotación de animales, aprovechamiento forestal, pesca y caza|112---Cría y explotación de animales<C1>",90060.24100000001,101539.913,109740.712,112776.921,112819.55500000001,117375.75599999998,122445.894,131006.93100000001,134868.82700000005,153674.52200000003,167039.35899999997,189900.70100000003,206251.19400000002,212862.03399999999,222345.516,242533.09600000002,255678.97800000003,270862.051,295433.311,323381.12099999987,359914.1360000001,394989.0990000001
"Millones de pesos|B.1bV---Valor agregado bruto|Actividad económica total  |Actividades primarias|11---Agricultura, cría y explotación de animales, aprovechamiento forestal, pesca y caza|114---Pesca, caza y captura<C1>",4323.677000000001,4101.912,4536.038,4138.594,4849.311000000001,4382.673999999999,4458.527,4597.384,4593.3279999999995,4523.224999999999,5152.867,5585.739999999999,6827.976999999999,7866.708000000001,8409.952,9602.664,9423.389,9372.458999999999,10489.2,11379.149,12219.950999999997,10585.998999999998
"Millones de pesos|B.1bV---Valor agregado bruto|Actividad económica total  |Actividades primarias|11---Agricultura, cría y explotación de animales, aprovechamiento forestal, pesca y caza|113,115---Aprovechamiento forestal, Servicios relacionados con las actividades agropecuarias y forestales<C1>",18452.829,18164.421,18441.254000000004,19225.237999999998,21059.493,20844.073000000008,19550.538000000004,20308.421000000002,20955.949,21546.605000000003,20957.252000000004,21789.938,22711.417,25030.500999999993,27817.604999999996,28604.705999999995,29205.442999999996,32023.825,34472.450999999994,39089.693,40446.049000000006,41578.91499999999
Millones de pesos|B.1bV---Valor agregado bruto|Actividad económica total  |Actividades secundarias<C1>,2601807.592,3052550.045,3305181.2039999994,3823725.945,4098847.763,4505074.32,4079630.2610000004,4545164.187000001,5164258.942,5635826.748,5453811.183,5789094.454,5930153.540000001,6355675.593,7202276.380999999,7747139.727,7998360.505999999,7466890.304999999,8532677.966999998,9791789.647000002,10347256.713,10383262.388
Millones de pesos|B.1bV---Valor agregado bruto|Actividad económica total  |Actividades secundarias|21---Minería<C1>,406555.21199999994,568954.8609999999,701964.4309999999,803347.034,911657.1239999998,1052693.1600000001,782592.2520000001,956298.4380000001,1276203.9640000002,1288603.2940000002,1150324.884,1144157.579,716107.18,719496.8589999999,887502.9600000002,948326.5819999999,1041793.219,894526.2029999999,1005808.068,1037060.5510000002,1054839.541,951350.2850000001
Millones de pesos|B.1bV---Valor agregado bruto|Actividad económica total  |Actividades secundarias|21---Minería|21-1---Minería petrolera<C1>,357642.888,509867.50399999996,630324.3459999999,712480.833,799768.6499999999,947954.699,673796.567,812371.496,1080963.0320000001,1076858.5350000001,958298.4260000001,957218.9419999999,522778.39200000005,479283.33999999997,622250.6920000002,674626.071,756779.8020000001,564771.649,606402.328,652629.2370000001,710999.466,581226.1070000001
Millones de pesos|B.1bV---Valor agregado bruto|Actividad económica total  |Actividades secundarias|21---Minería|21-2---Minería no petrolera<C1>,48912.32399999999,59087.35699999999,71640.08499999998,90866.201,111888.47399999997,104738.46100000002,108795.68500000003,143926.942,195240.93199999997,211744.759,192026.45799999998,186938.637,193328.78799999997,240213.51900000003,265252.268,273700.511,285013.41699999996,329754.5539999999,399405.73999999993,384431.3140000001,343840.07499999995,370124.178
"Millones de pesos|B.1bV---Valor agregado bruto|Actividad económica total  |Actividades secundarias|22---Generación, transmisión, distribución y comercialización de energía eléctrica, suministro de agua y de gas natural por ductos al consumidor final<C1>",148285.711,162943.16700000002,174684.757,188981.68799999997,205691.666,229791.47100000002,240784.84700000007,233257.30000000005,224699.7989999999,215170.556,235161.005,282425.6590000001,276551.55700000003,287138.2439999999,422566.3059999998,456907.22300000006,515929.6249999999,468536.682,423585.90300000005,602599.9410000001,682972.9010000001,471377.69600000005
Millones de pesos|B.1bV---Valor agregado bruto|Actividad económica total  |Actividades secundarias|23---Construcción<C1>,491856.3510000001,577731.195,620896.5649999998,718683.0979999999,781475.6329999997,872980.2250000003,833674.1070000001,863940.0759999999,957729.261,1024571.712,999173.926,1056213.0769999998,1125725.4850000003,1224522.935,1348496.413,1460789.5250000001,1444471.17,1242090.2589999998,1542192.4479999996,1808139.536,2087939.165,2215418.1970000006
Millones de pesos|B.1bV---Valor agregado bruto|Actividad económica total  |Actividades secundarias|31-33---Industrias manufactureras<C1>,1555110.318,1742920.8220000004,1807635.451,2112714.125,2200023.3400000003,2349609.464,2222579.055,2491668.3730000006,2705625.9179999996,3107481.1859999998,3069151.368,3306298.139000001,3811769.318,4124517.555,4543710.702,4881116.397,4996166.492,4861737.160999999,5561091.547999999,6343989.619000001,6521505.106000001,6745116.21
Millones de pesos|B.1bV---Valor agregado bruto|Actividad económica total  |Actividades secundarias|31-33---Industrias manufactureras|311---Industria alimentaria<C1>,297584.3890000001,328786.0360000001,351645.803,368916.37300000014,410989.68700000015,454872.73199999996,492040.794,522585.884,577659.388,638707.6999999998,665120.7299999999,688213.518,737697.289,800255.0079999999,858762.5769999997,911713.7720000001,952874.7109999999,1007126.245,1119353.3460000001,1283024.654,1361473.6370000003,1394842.4119999995
Millones de pesos|B.1bV---Valor agregado bruto|Actividad económica total  |Actividades secundarias|31-33---Industrias manufactureras|312---Industria de las bebidas y del tabaco<C1>,76697.626,83126.34999999999,92028.16499999998,100363.50999999998,105000.246,108980.30799999999,117573.39799999999,121379.00899999999,129774.356,137855.946,142964.322,153894.44799999997,168528.049,200763.70499999987,223136.72,240174.36999999997,260097.44499999998,251882.693,284452.045,324707.113,329484.57600000006,343215.2389999999
"Millones de pesos|B.1bV---Valor agregado bruto|Actividad económica total  |Actividades secundarias|31-33---Industrias manufactureras|313-314---Fabricación de insumos textiles y acabado de textiles; Fabricación de productos textiles, excepto prendas de vestir<C1>",26373.708,28623.688000000002,28482.510000000006,29764.23,30082.18800000001,29668.035,29993.464,32854.50800000001,34027.028999999995,36165.127,35576.348999999995,36503.56299999999,40953.02999999999,44326.772999999994,45200.070999999996,49842.206999999995,49155.76499999999,41707.351,54530.924999999974,58446.57300000001,55096.51899999999,53092.01700000001
"Millones de pesos|B.1bV---Valor agregado bruto|Actividad económica total  |Actividades secundarias|31-33---Industrias manufactureras|315-316---Fabricación de prendas de vestir; Curtido y acabado de cuero y piel, y fabricación de productos de cuero, piel y materiales sucedáneos<C1>",58872.577000000005,61783.416999999994,61037.25800000001,62976.86999999998,61341.931,65700.91200000001,66061.10500000001,67026.03900000002,68965.406,76533.13299999999,76918.07499999998,81134.11800000003,94532.014,97063.41400000002,98556.753,102619.767,104246.40599999999,85633.24200000001,100611.474,115854.851,109651.76200000002,101027.38600000001
Millones de pesos|B.1bV---Valor agregado bruto|Actividad económica total  |Actividades secundarias|31-33---Industrias manufactureras|321---Industria de la madera<C1>,17212.569000000003,18460.955,19446.825,20332.325999999997,22333.479999999996,21199.999000000007,20853.270999999993,22412.308000000005,25000.651,29329.962999999996,29197.159,28975.062000000005,33000.71,35303.130999999994,38694.72699999999,38837.81500000001,40727.225000000006,40749.52699999999,47055.969999999994,54180.86200000001,49391.402,47053.05399999999
Millones de pesos|B.1bV---Valor agregado bruto|Actividad económica total  |Actividades secundarias|31-33---Industrias manufactureras|322-323---Industria del papel; Impresión e industrias conexas<C1>,41371.505,45367.686,49463.74900000001,53198.924,56603.381,61011.070999999996,64485.109,69228.369,72689.44500000004,78473.65599999997,81222.98399999997,85711.04,95021.38700000002,105156.76399999997,115834.367,126255.77700000002,129851.50600000002,129304.203,146023.881,168428.74800000005,164118.293,159998.38900000002
Millones de pesos|B.1bV---Valor agregado bruto|Actividad económica total  |Actividades secundarias|31-33---Industrias manufactureras|324-326---Fabricación de productos derivados del petróleo y del carbón; Industria química; Industria del plástico y del hule<C1>,254662.90899999996,316611.94299999997,283866.37200000003,413162.7090000001,396449.58,440838.6870000001,395386.35800000007,452541.64199999993,465093.557,564820.7690000001,530811.339,542091.6650000002,592480.8230000001,546030.8450000001,611335.2400000001,672445.9839999999,652876.5980000002,652236.1399999999,743425.4969999997,847737.1980000001,805431.0349999998,857997.2890000001
Millones de pesos|B.1bV---Valor agregado bruto|Actividad económica total  |Actividades secundarias|31-33---Industrias manufactureras|327---Fabricación de productos a base de minerales no metálicos<C1>,68501.37599999999,73482.57399999998,77226.91900000001,85412.876,91920.74,94342.33300000001,89571.85100000002,89572.094,92699.845,101068.84900000002,99458.758,107171.802,123773.55699999999,138458.66999999998,150738.73599999998,157596.09700000007,159805.08299999996,161211.60999999996,184105.32400000008,209224.61,215833.76699999993,217527.85600000006
Millones de pesos|B.1bV---Valor agregado bruto|Actividad económica total  |Actividades secundarias|31-33---Industrias manufactureras|331-332---Industrias metálicas básicas; Fabricación de productos metálicos<C1>,113794.51599999999,157007.088,177293.97499999998,220581.18800000005,231773.26100000003,260807.267,218822.51600000006,257200.32999999996,305476.14599999995,332228.014,295230.578,315709.0279999999,336914.4319999999,370703.6169999999,402759.17900000006,427987.15900000004,419989.8509999999,434738.04299999995,579034.3029999998,607062.335,568937.228,567076.109
"Millones de pesos|B.1bV---Valor agregado bruto|Actividad económica total  |Actividades secundarias|31-33---Industrias manufactureras|333-336---Fabricación de maquinaria y equipo; Fabricación de equipo de computación, comunicación, medición y de otros equipos, componentes y accesorios electrónicos; Fabricación de accesorios, aparatos eléctricos y equipo de generación de energía eléctrica; Fabricación de equipo de transporte<C1>",535319.8469999998,562669.3110000001,596351.5589999999,681436.3209999999,711997.1900000001,722827.6719999999,638337.7,770579.83,844146.5399999999,1005443.5769999999,1009084.9399999998,1153340.5400000005,1446165.75,1626050.8,1825779.831,1965246.545,2030887.571,1863482.2119999998,2078087.9419999998,2423493.505000001,2595959.854,2706207.623
"Millones de pesos|B.1bV---Valor agregado bruto|Actividad económica total  |Actividades secundarias|31-33---Industrias manufactureras|337---Fabricación de muebles, colchones y persianas<C1>",28887.033999999992,28421.857999999997,29386.534,30991.806,31957.417999999998,31675.870000000003,29972.912,32182.685999999998,34339.12700000001,39123.549,38295.25400000002,38825.82899999999,47426.761000000006,50445.344000000005,51580.86700000001,55539.63300000001,58527.708000000006,57000.16800000001,64623.11099999998,70457.35600000003,71059.62,72020.464
Millones de pesos|B.1bV---Valor agregado bruto|Actividad económica total  |Actividades secundarias|31-33---Industrias manufactureras|339---Otras industrias manufactureras<C1>,35832.262,38579.91600000001,41405.78200000001,45576.99200000001,49574.23800000001,57684.578,59480.577,54105.67399999999,55754.428000000014,67730.90299999999,65270.87999999999,74727.52600000001,95275.51599999997,109959.48400000003,121331.634,132857.27100000004,137126.623,136665.727,159787.72999999995,181371.81399999998,195067.413,225058.372
Millones de pesos|B.1bV---Valor agregado bruto|Actividad económica total  |Actividades terciarias<C1>,4999594.764,5510831.638,6004157.969999999,6568338.907,7144129.633999998,7715470.787,7770103.355999999,8447706.227000002,9143755.045,9907095.329,10353231.045000002,10896786.817000004,11634491.743,12470857.593999999,13378695.827000001,14329410.798000002,14860966.068000002,14256867.807999998,15567148.666000001,17163361.886,18379574.447,19651439.654999997
Millones de pesos|B.1bV---Valor agregado bruto|Actividad económica total  |Actividades terciarias|43---Comercio al por mayor<C1>,655180.6340000001,740933.901,795571.0839999999,882893.3130000002,961866.8049999997,1057092.6549999998,1025227.6800000003,1149906.1409999998,1296070.652,1448572.432,1463191.9060000002,1543655.4660000002,1726368.0490000008,1925217.0700000003,2093583.6329999997,2268261.446,2283927.9610000006,2205644.8919999995,2520003.555,2894584.0930000003,2930428.6629999997,3069846.923000001
Millones de pesos|B.1bV---Valor agregado bruto|Actividad económica total  |Actividades terciarias|46---Comercio al por menor<C1>,715333.35,811230.809,881089.1989999999,950400.4029999999,1031665.5609999999,1118279.7499999998,1057352.79,1199092.8199999996,1348939.7119999998,1481427.3840000003,1526027.9230000002,1595616.5979999998,1706380.472,1886970.61,2068379.9569999997,2241444.476,2285467.831,2202613.9939999995,2532723.5949999997,2884500.16,2980719.838,3188548.3169999993
"Millones de pesos|B.1bV---Valor agregado bruto|Actividad económica total  |Actividades terciarias|48-49---Transportes, correos y almacenamiento<C1>",518435.91000000003,576555.8470000001,633664.589,706907.6909999999,757599.3799999999,795662.296,783645.2099999997,906561.369,982169.9929999999,1077563.8729999997,1139509.7340000002,1217693.712,1298929.3939999999,1379418.9629999995,1507077.6580000003,1653709.8809999998,1727448.5899999996,1475984.7570000004,1756850.0550000004,2100918.6269999994,2304109.7539999997,2557504.9990000003
Millones de pesos|B.1bV---Valor agregado bruto|Actividad económica total  |Actividades terciarias|51---Información en medios masivos<C1>,145529.81400000004,172272.30000000002,200751.568,233424.51599999997,278026.2510000001,295938.4919999999,311310.83400000003,325813.3650000001,320085.97599999997,326707.712,337229.55100000004,344049.4639999999,343544.8700000001,328839.4039999999,349938.50299999997,371260.67300000007,380308.588,345131.995,374964.5700000001,420009.56799999997,446590.75700000004,467988.6990000001
Millones de pesos|B.1bV---Valor agregado bruto|Actividad económica total  |Actividades terciarias|52---Servicios financieros y de seguros<C1>,187427.96500000003,216356.24,281082.25299999997,304140.884,358181.43999999994,391518.9069999999,412407.82699999993,439060.78,458663.84899999993,486525.8020000001,568533.565,599245.8389999999,620417.334,727318.9300000002,815953.1200000003,886660.007,936274.5239999999,935070.9910000002,936935.7700000001,1163784.499,1406267.1360000002,1452008.8229999996
Millones de pesos|B.1bV---Valor agregado bruto|Actividad económica total  |Actividades terciarias|53---Servicios inmobiliarios y de alquiler de bienes muebles e intangibles<C1>,927184.1299999999,1006289.766,1071845.891,1173166.8440000003,1258819.2079999994,1365586.1570000001,1408812.4590000003,1494411.8100000003,1582125.8180000002,1656595.1759999993,1727660.1219999997,1816401.7829999998,1896517.5250000001,1974529.4290000005,2044119.1399999997,2120660.0939999996,2226259.773,2278332.9129999997,2414037.337,2564222.179,2721993.0200000005,2859281.4169999994
"Millones de pesos|B.1bV---Valor agregado bruto|Actividad económica total  |Actividades terciarias|54---Servicios profesionales, científicos y técnicos<C1>",189225.39600000007,208956.87800000003,226691.06499999994,241793.42599999992,260744.53800000006,281026.98000000004,278175.944,282195.871,304656.46499999997,323535.825,333404.78699999995,347391.1050000001,374089.502,404421.07399999996,414271.39799999987,435679.59900000005,453113.29699999996,461712.1309999999,492055.99700000003,546112.9860000001,606109.1750000002,728231.4749999999
Millones de pesos|B.1bV---Valor agregado bruto|Actividad económica total  |Actividades terciarias|55---Corporativos<C1>,36957.48000000001,42848.048,47112.599,55771.85500000001,57089.504,67883.51900000001,64446.447,68252.19200000001,72934.36100000002,83556.53299999998,83335.786,94082.51299999998,101051.49100000002,104452.68200000003,113170.54599999999,126888.45999999999,129558.27100000002,144695.667,167061.864,181190.261,179279.00600000002,205304.74300000002
"Millones de pesos|B.1bV---Valor agregado bruto|Actividad económica total  |Actividades terciarias|56---Servicios de apoyo a los negocios y manejo de residuos, y servicios de remediación<C1>",303077.864,329960.495,360560.3170000001,390780.4300000001,419880.137,452408.592,449788.7079999999,463205.76799999987,505374.38099999994,554329.5869999999,587347.2049999998,607764.803,634522.268,668837.8970000001,741151.2170000003,793516.9810000001,839434.4670000001,824430.0179999999,655910.5350000001,269768.472,269113.103,270991.76
Millones de pesos|B.1bV---Valor agregado bruto|Actividad económica total  |Actividades terciarias|61---Servicios educativos<C1>,327640.5400000001,347140.083,381518.50999999995,415837.27200000006,449714.076,489869.94099999993,517381.56499999994,548075.2760000001,586616.423,644330.497,678644.521,723383.6089999999,774965.155,803259.1789999999,834349.9770000001,877924.1690000001,922040.056,923234.0449999998,960094.252,1023155.1070000003,1121722.8,1181962.9100000001
Millones de pesos|B.1bV---Valor agregado bruto|Actividad económica total  |Actividades terciarias|62---Servicios de salud y de asistencia social<C1>,181276.92100000003,193300.831,202478.63999999998,218776.88599999994,236802.562,263746.128,280690.29900000006,303273.04500000004,335399.15200000006,360531.88499999995,390244.12600000005,409696.92499999993,440663.17,464941.0310000001,504104.33300000004,547677.3389999998,586929.7559999998,641404.8210000001,702263.8840000001,735564.3709999999,786649.3310000004,837109.0140000001
"Millones de pesos|B.1bV---Valor agregado bruto|Actividad económica total  |Actividades terciarias|71---Servicios de esparcimiento culturales y deportivos, y otros servicios recreativos<C1>",47986.43,50950.01200000001,53478.352000000006,59898.158,66184.87299999999,69359.09600000002,70686.84899999999,77033.53199999999,79601.91200000003,84124.227,89600.13600000001,90429.684,96306.589,102480.995,107935.821,115524.743,117958.503,71548.40799999998,93885.616,135556.35300000003,150348.04599999997,164617.13300000003
Millones de pesos|B.1bV---Valor agregado bruto|Actividad económica total  |Actividades terciarias|72---Servicios de alojamiento temporal y de preparación de alimentos y bebidas<C1>,265994.303,283115.4380000001,297978.014,311223.35600000015,328899.697,334149.001,313740.107,332260.1450000001,354696.5829999999,386492.724,403857.608,426748.22200000024,481731.10699999996,515088.0139999999,550618.4740000002,583974.4950000001,620873.5839999999,391490.14900000003,517136.79500000004,684095.5440000001,764556.3420000001,809055.0589999998
Millones de pesos|B.1bV---Valor agregado bruto|Actividad económica total  |Actividades terciarias|81---Otros servicios excepto actividades gubernamentales<C1>,191556.378,205196.443,220529.776,239851.70400000003,259378.019,274684.04099999997,284189.969,299547.933,314050.332,335617.193,353924.565,367996.55700000003,393051.68899999995,416236.364,434051.444,450855.0270000001,478428.2250000001,438289.502,487948.21499999997,552096.8069999999,624527.4069999999,696461.5380000002
"Millones de pesos|B.1bV---Valor agregado bruto|Actividad económica total  |Actividades terciarias|93---Actividades legislativas, gubernamentales, de impartición de justicia y de organismos internacionales y extraterritoriales<C1>",306787.649,325724.5469999999,349806.113,383472.16899999994,419277.583,458265.232,512246.66799999995,559016.18,602369.4359999999,657184.479,670719.51,712630.537,745953.128,768845.9520000003,799990.6059999999,855373.4079999999,872942.6420000002,917283.525,955276.626,1007802.859,1087160.069,1162526.845
Variación porcentual anual en valores corrientes|B.1bP---Producto interno bruto<C1>,NA,11.972306778078,8.122594377112,11.205617614486,8.332982989259,7.313241463453,-1.381858521199,9.56169355911,9.308943617394,8.256820245124,2.570502986108,6.981506207549,6.014913858559,7.957805895365,8.562250972468,7.279219087865,3.909359424372,-4.120183319232,10.807910408716,10.623723090465,7.928455869853,5.147804699258
"Variación porcentual anual en valores corrientes|D.21-D.31---Impuestos sobre los productos, netos",NA,-0.727050537425,1.369269542188,1.285440185345,9.116671492209,-27.819800166559,59.689742103709,7.795780996619,-6.864801213846,-4.704170479597,31.498416639769,42.343603349045,18.611893789474,17.524121569338,-3.676439920571,7.501086495166,9.721790076029,2.755986928195,7.590170888434,-10.197236523035,34.850150123531,13.662063584605
Variación porcentual anual en valores corrientes|B.1bV---Valor agregado bruto|Actividad económica total  <C1>,NA,12.607117156413,8.420202650427,11.614353625839,8.303681215586,8.636711385212,-2.910406579311,9.634390030016,9.963594379812,8.701146738692,1.701100473098,5.607348232072,5.355119033087,7.393701123523,9.35201661362,7.266607710908,3.578247294923,-4.535126138528,11.01691510699,11.934380986374,6.568836968239,4.603699513359
Variación porcentual anual en valores corrientes|B.1bV---Valor agregado bruto|Actividad económica total  |Actividades primarias<C1>,NA,11.224915361796,-0.031689931166,11.103038606453,11.973971266188,6.850854710962,0.95727647081,9.25815760827,5.197018658773,10.913841250445,1.756777046003,7.073248417108,8.047907117687,13.595164108264,10.275236601511,7.261251537725,4.478707438821,7.336849186367,12.943255510918,13.998598328519,6.478503592445,5.797193277945
"Variación porcentual anual en valores corrientes|B.1bV---Valor agregado bruto|Actividad económica total  |Actividades primarias|11---Agricultura, cría y explotación de animales, aprovechamiento forestal, pesca y caza<C1>",NA,11.224915361796,-0.031689931166,11.103038606453,11.973971266188,6.850854710962,0.95727647081,9.25815760827,5.197018658773,10.913841250445,1.756777046003,7.073248417108,8.047907117687,13.595164108264,10.275236601511,7.261251537725,4.478707438821,7.336849186367,12.943255510918,13.998598328519,6.478503592445,5.797193277945
"Variación porcentual anual en valores corrientes|B.1bV---Valor agregado bruto|Actividad económica total  |Actividades primarias|11---Agricultura, cría y explotación de animales, aprovechamiento forestal, pesca y caza|111---Agricultura<C1>",NA,12.340365662568,-5.271012464647,18.093376503243,19.149516001968,9.323185458008,-0.041869348368,10.906280144765,6.500518494547,10.295153799325,-1.404212204142,3.799180380363,7.738056273802,19.774374008742,13.180541414898,6.561287855406,4.286242812364,8.013262312956,15.054497501623,16.119866933347,4.611204709261,4.486364457984
"Variación porcentual anual en valores corrientes|B.1bV---Valor agregado bruto|Actividad económica total  |Actividades primarias|11---Agricultura, cría y explotación de animales, aprovechamiento forestal, pesca y caza|112---Cría y explotación de animales<C1>",NA,12.746659205587,8.076429019592,2.766711591957,0.037803833995,4.038485172185,4.319578567826,6.99168973359,2.947856247392,13.943692859433,8.696846312624,13.686200747454,8.610022455894,3.205237202166,4.455224739608,9.079373563801,5.420242522282,5.938334515714,9.071503338797,9.459938659388,11.2972009272,9.745369656723
"Variación porcentual anual en valores corrientes|B.1bV---Valor agregado bruto|Actividad económica total  |Actividades primarias|11---Agricultura, cría y explotación de animales, aprovechamiento forestal, pesca y caza|114---Pesca, caza y captura<C1>",NA,-5.129083416731,10.583503497881,-8.761919543002,17.172909447025,-9.622748468803,1.730747027956,3.114414244884,-0.088224085697,-1.52619190269,13.920200741727,8.400624351453,22.23943470337,15.212866124183,6.905607784095,14.182149910011,-1.866929843635,-0.540463733377,11.915133477778,8.484431605842,7.388970827256,-13.371182912272
"Variación porcentual anual en valores corrientes|B.1bV---Valor agregado bruto|Actividad económica total  |Actividades primarias|11---Agricultura, cría y explotación de animales, aprovechamiento forestal, pesca y caza|113,115---Aprovechamiento forestal, Servicios relacionados con las actividades agropecuarias y forestales<C1>",NA,-1.562947339944,1.524039769834,4.251251026638,9.540870183246,-1.022911615204,-6.205768901308,3.876532707182,3.188470437953,2.818560018446,-2.735247617896,3.973259471232,4.228919788574,10.211093389726,11.134831060713,2.82950670987,2.100133453565,9.650194314806,7.646263367977,13.394005549533,3.469855851771,2.800931186134
Variación porcentual anual en valores corrientes|B.1bV---Valor agregado bruto|Actividad económica total  |Actividades secundarias<C1>,NA,17.324203925991,8.276069360887,15.68884454421,7.195123864977,9.910750056808,-9.443663495434,11.411179352461,13.620954701058,9.131374148667,-3.229616046387,6.147687548207,2.436634729678,7.175565525071,13.320390186882,7.56515464246,3.242755234225,-6.644739263769,14.273514387727,14.756348298501,5.6727838937,0.347973148813
Variación porcentual anual en valores corrientes|B.1bV---Valor agregado bruto|Actividad económica total  |Actividades secundarias|21---Minería<C1>,NA,39.945287677188,23.377877423566,14.442698023256,13.482353878959,15.470293851398,-25.658085210699,22.196256806284,33.452478147831,0.971579022615,-10.730875098943,-0.536135928709,-37.411839667585,0.473347997991,23.350498184732,6.853343001808,9.855954559755,-14.135916160153,12.440313612591,3.107201462615,1.714363735353,-9.810900329153
Variación porcentual anual en valores corrientes|B.1bV---Valor agregado bruto|Actividad económica total  |Actividades secundarias|21---Minería|21-1---Minería petrolera<C1>,NA,42.563300182276,23.625126342627,13.034001862908,12.251251255765,18.528614368668,-28.92101619299,20.566285995933,33.062648963252,-0.379707434805,-11.009812816314,-0.112645911828,-45.385703409952,-8.319978917568,29.82940153939,8.417086501207,12.177669160966,-25.37173329581,7.371240938477,7.623141743612,8.943857506034,-18.25224422883
Variación porcentual anual en valores corrientes|B.1bV---Valor agregado bruto|Actividad económica total  |Actividades secundarias|21---Minería|21-2---Minería no petrolera<C1>,NA,20.802595681203,21.244355201063,26.837092669558,23.135415334465,-6.390303437332,3.873671582782,32.291038932289,35.652803628663,8.453056862072,-9.312297075556,-2.649541658473,3.418314748919,24.251293087298,10.423538651877,3.18498426562,4.133315629798,15.697905548075,21.122130128338,-3.749176464014,-10.558775396741,7.644281429383
"Variación porcentual anual en valores corrientes|B.1bV---Valor agregado bruto|Actividad económica total  |Actividades secundarias|22---Generación, transmisión, distribución y comercialización de energía eléctrica, suministro de agua y de gas natural por ductos al consumidor final<C1>",NA,9.884604457944,7.205941934343,8.184418174506,8.842114903747,11.716471293494,4.784066158835,-3.126254452383,-3.668695899335,-4.240877402832,9.290513242899,20.098848446408,-2.079875469105,3.828106091625,47.16475942508,8.126752301922,12.91780891807,-9.185931705317,-9.593865480953,42.261566480885,13.337697953741,-30.981493510238
Variación porcentual anual en valores corrientes|B.1bV---Valor agregado bruto|Actividad económica total  |Actividades secundarias|23---Construcción<C1>,NA,17.459334178649,7.471531808145,15.749246897509,8.737165960177,11.709206037394,-4.502521004986,3.630431693376,10.855982678132,6.979263735788,-2.478868555762,5.708630851522,6.581286438664,8.776335911059,10.12422670548,8.327282958816,-1.117091457785,-14.010726915374,24.161061309797,17.244740651201,15.474448925495,6.105495511408
Variación porcentual anual en valores corrientes|B.1bV---Valor agregado bruto|Actividad económica total  |Actividades secundarias|31-33---Industrias manufactureras<C1>,NA,12.076989125861,3.712998788192,16.87722343746,4.132561711348,6.799297138366,-5.406447792551,12.107075219423,8.586919002483,14.852580518487,-1.233469028636,7.726786416355,15.288130644893,8.204804932007,10.163446788869,7.425774155284,2.35704469311,-2.690649545311,14.384866228683,14.078136715472,2.79816799303,3.428826633813
Variación porcentual anual en valores corrientes|B.1bV---Valor agregado bruto|Actividad económica total  |Actividades secundarias|31-33---Industrias manufactureras|311---Industria alimentaria<C1>,NA,10.484974398304,6.952779162434,4.911353939862,11.404566747164,10.677407825078,8.171090369954,6.20783690549,10.538651288943,10.568219485078,4.135386186827,3.471969367125,7.19017713337,8.480134051299,7.311115633781,6.165987715135,4.514677771041,5.69345931566,11.143300212577,14.621951914012,6.114378453713,2.450930674907
Variación porcentual anual en valores corrientes|B.1bV---Valor agregado bruto|Actividad económica total  |Actividades secundarias|31-33---Industrias manufactureras|312---Industria de las bebidas y del tabaco<C1>,NA,8.381907413927,10.708776458969,9.057384769108,4.619942048659,3.790526357433,7.884993314572,3.236795962978,6.916638279688,6.227416763293,3.705589891639,7.645352243898,9.508855706088,19.127769051667,11.143954032927,7.635520500615,8.295254402041,-3.158336292,12.930365168043,14.151794197859,1.471314550476,4.167315862458
"Variación porcentual anual en valores corrientes|B.1bV---Valor agregado bruto|Actividad económica total  |Actividades secundarias|31-33---Industrias manufactureras|313-314---Fabricación de insumos textiles y acabado de textiles; Fabricación de productos textiles, excepto prendas de vestir<C1>",NA,8.531147762764,-0.49322085959,4.500024752032,1.068255419341,-1.376738287787,1.096901092371,9.538891539837,3.568828362914,6.283528309216,-1.628026911118,2.606265190394,12.189130688421,8.238079087188,1.970136648567,10.270196256993,-1.37723034616,-15.152676395129,30.746555924878,7.18060073252,-5.731822805077,-3.638164509086
"Variación porcentual anual en valores corrientes|B.1bV---Valor agregado bruto|Actividad económica total  |Actividades secundarias|31-33---Industrias manufactureras|315-316---Fabricación de prendas de vestir; Curtido y acabado de cuero y piel, y fabricación de productos de cuero, piel y materiales sucedáneos<C1>",NA,4.944305393664,-1.207701089113,3.17775087472,-2.596094407359,7.106038119341,0.54823135484,1.460668876187,2.893453095147,10.973221849807,0.502974313099,5.481212315831,16.513270040108,2.677822985978,1.538518931551,4.122512031215,1.585112739537,-17.854969503697,17.491142049719,15.150734199561,-5.354190132272,-7.865241600039
Variación porcentual anual en valores corrientes|B.1bV---Valor agregado bruto|Actividad económica total  |Actividades secundarias|31-33---Industrias manufactureras|321---Industria de la madera<C1>,NA,7.252758144354,5.340297942333,4.553447670764,9.842228577291,-5.07525472967,-1.635509511109,7.476222794975,11.548757049029,17.316797070604,-0.45279293397,-0.760680174396,13.893492272769,6.976883224634,9.607068562842,0.369786818757,4.86487203258,0.054759439171,15.476113379181,15.141313631405,-8.83976338361,-4.73432197774
Variación porcentual anual en valores corrientes|B.1bV---Valor agregado bruto|Actividad económica total  |Actividades secundarias|31-33---Industrias manufactureras|322-323---Industria del papel; Impresión e industrias conexas<C1>,NA,9.659259434724,9.028591407549,7.551338253799,6.399484696345,7.786973007849,5.694110827853,7.355589644735,4.99950533285,7.957429032509,3.503504411723,5.525598517779,10.862482826016,10.666416603664,10.153985910027,8.996820434129,2.847971859537,-0.421483752372,12.9304984773,15.343289636303,-2.559215722485,-2.510325890362
Variación porcentual anual en valores corrientes|B.1bV---Valor agregado bruto|Actividad económica total  |Actividades secundarias|31-33---Industrias manufactureras|324-326---Fabricación de productos derivados del petróleo y del carbón; Industria química; Industria del plástico y del hule<C1>,NA,24.325895845319,-10.342493934286,45.54831066781,-4.045168800556,11.19665885382,-10.310422007041,14.455552864573,2.773648618175,21.442398093681,-6.02127822959,2.125110217361,9.295320561699,-7.839912482703,11.959836261631,9.996273730269,-2.910179622695,-0.09809786443,13.981034077627,14.031224570712,-4.990480906089,6.526474858273
Variación porcentual anual en valores corrientes|B.1bV---Valor agregado bruto|Actividad económica total  |Actividades secundarias|31-33---Industrias manufactureras|327---Fabricación de productos a base de minerales no metálicos<C1>,NA,7.271675827359,5.095555035946,10.599875154931,7.61930086513,2.63443592817,-5.05656564588,0.000271290587,3.491881076265,9.028066875408,-1.593063556111,7.755017411337,15.490786466388,11.864499458475,8.869120294164,4.549169763504,1.40167557576,0.880151603188,14.201033039742,13.643975879807,3.158881261626,0.784904523304
Variación porcentual anual en valores corrientes|B.1bV---Valor agregado bruto|Actividad económica total  |Actividades secundarias|31-33---Industrias manufactureras|331-332---Industrias metálicas básicas; Fabricación de productos metálicos<C1>,NA,37.974213098283,12.921000738514,24.415501429194,5.073901859664,12.526900590142,-16.097998910437,17.538329556543,18.769733304775,8.757432732571,-11.136157831651,6.936425806137,6.716755657681,10.029010867662,8.647221265176,6.263787721148,-1.868585968487,3.511559140033,33.191541969563,4.840478682314,-6.280262306177,-0.327122028302
"Variación porcentual anual en valores corrientes|B.1bV---Valor agregado bruto|Actividad económica total  |Actividades secundarias|31-33---Industrias manufactureras|333-336---Fabricación de maquinaria y equipo; Fabricación de equipo de computación, comunicación, medición y de otros equipos, componentes y accesorios electrónicos; Fabricación de accesorios, aparatos eléctricos y equipo de generación de energía eléctrica; Fabricación de equipo de transporte<C1>",NA,5.108994959419,5.986153383795,14.267550862561,4.484772539737,1.521141115739,-11.688812599859,20.716641050654,9.546929096237,19.107705754501,0.362164827873,14.295684563482,25.389310428644,12.438757452249,12.283074489432,7.638747653577,3.340091153805,-8.24296536108,11.51638199807,16.621315971237,7.116435370847,4.246898072408
"Variación porcentual anual en valores corrientes|B.1bV---Valor agregado bruto|Actividad económica total  |Actividades secundarias|31-33---Industrias manufactureras|337---Fabricación de muebles, colchones y persianas<C1>",NA,-1.61032801083,3.394134190664,5.462610867957,3.115700969476,-0.881009848793,-5.376199611881,7.372570272785,6.700624677505,13.932858572671,-2.117126439628,1.385485000308,22.152603618586,6.364725181212,2.25099664302,7.67487293302,5.380076962338,-2.609943310953,13.373544793763,9.028109154324,0.85479222354,1.352165969928
Variación porcentual anual en valores corrientes|B.1bV---Valor agregado bruto|Actividad económica total  |Actividades secundarias|31-33---Industrias manufactureras|339---Otras industrias manufactureras<C1>,NA,7.668100886291,7.324707498067,10.073979522957,8.770315513582,16.359989234731,3.113482081814,-9.036400235324,3.047284837446,21.480760236658,-3.63205404186,14.488307802806,27.497217022814,15.412110704286,10.342127469423,9.499284415802,3.213487653227,-0.336109786646,16.918655106558,13.507973359406,7.551117617427,15.374663834805
Variación porcentual anual en valores corrientes|B.1bV---Valor agregado bruto|Actividad económica total  |Actividades terciarias<C1>,NA,10.225566233512,8.951939823352,9.396503886456,8.76615435276,7.997351423761,0.708091191169,8.720641669158,8.239500750811,8.34821449441,4.503193935099,5.250107619906,6.769930791425,7.188675444316,7.279677649729,7.106185709681,3.709540311833,-4.06499992824,9.190524003209,10.253728889262,7.086097520277,6.919992688991
Variación porcentual anual en valores corrientes|B.1bV---Valor agregado bruto|Actividad económica total  |Actividades terciarias|43---Comercio al por mayor<C1>,NA,13.088492325614,7.374096788696,10.976043593862,8.944851075115,9.90010773893,-3.01439754115,12.161050996984,12.710994905453,11.766471200059,1.009233206227,5.499180228516,11.836357725177,11.518344603005,8.745328805962,8.343483883168,0.690683828693,-3.427562967692,14.252460318531,14.864286094231,1.238332307798,4.757606344775
Variación porcentual anual en valores corrientes|B.1bV---Valor agregado bruto|Actividad económica total  |Actividades terciarias|46---Comercio al por menor<C1>,NA,13.405981840494,8.611407410194,7.86653656391,8.550623268202,8.395568513118,-5.448275353283,13.405178606471,12.496688288068,9.821615511902,3.010646318659,4.560118065415,6.941759952788,10.583228123112,9.613787625447,8.367153163243,1.964061812433,-3.625246257076,14.987174416363,13.889259992463,3.335748748927,6.97242579965
"Variación porcentual anual en valores corrientes|B.1bV---Valor agregado bruto|Actividad económica total  |Actividades terciarias|48-49---Transportes, correos y almacenamiento<C1>",NA,11.210631030555,9.905153559218,11.55865473177,7.170906420369,5.024148251019,-1.510324928102,15.685179649092,8.340155072282,9.712563067481,5.748695047426,6.861194395027,6.671273835074,6.196608481708,9.254526610419,9.729573139223,4.458987023492,-14.556950317115,19.029010744723,19.584401697844,9.671537221322,10.997533627038
Variación porcentual anual en valores corrientes|B.1bV---Valor agregado bruto|Actividad económica total  |Actividades terciarias|51---Información en medios masivos<C1>,NA,18.375950099132,16.531542215435,16.275313974135,19.107562377895,6.442643791935,5.194438173997,4.658537196942,-1.757874174376,2.068736682172,3.220566461559,2.022335521836,-0.14666321352,-4.280508103643,6.416231979304,6.093119167284,2.437078758406,-9.249486892996,8.64381611447,12.013134467611,6.32871034976,4.791398313691
Variación porcentual anual en valores corrientes|B.1bV---Valor agregado bruto|Actividad económica total  |Actividades terciarias|52---Servicios financieros y de seguros<C1>,NA,15.434343002124,29.916406848261,8.203517210316,17.76826426269,9.307424471798,5.335354085467,6.462766042508,4.464773419297,6.074591023632,16.855789078993,5.402015974202,3.533023280617,17.230594656467,12.18642693653,8.665557526148,5.595664246532,-0.128544883915,0.199426462584,24.211769500486,20.835699152924,3.252702550534
Variación porcentual anual en valores corrientes|B.1bV---Valor agregado bruto|Actividad económica total  |Actividades terciarias|53---Servicios inmobiliarios y de alquiler de bienes muebles e intangibles<C1>,NA,8.531815142263,6.514636957959,9.452940376109,7.300953350161,8.481515718975,3.165402767041,6.075993327086,5.869466997855,4.70691756324,4.289819687366,5.136523085181,4.410683954939,4.113429112657,3.524369400523,3.744446813408,4.979566470778,2.339041500527,5.956303542194,6.221313966363,6.152775773179,5.043671897439
"Variación porcentual anual en valores corrientes|B.1bV---Valor agregado bruto|Actividad económica total  |Actividades terciarias|54---Servicios profesionales, científicos y técnicos<C1>",NA,10.427502025151,8.487008022775,6.662089218205,7.837728392169,7.778664188164,-1.014506151687,1.445102312657,7.959221345234,6.196933979392,3.050345970187,4.194996156429,7.685400292561,8.108105637244,2.435660412692,5.167675370145,4.0014951446,1.897722723419,6.572031350851,10.985942520684,10.986039617816,20.148564819201
Variación porcentual anual en valores corrientes|B.1bV---Valor agregado bruto|Actividad económica total  |Actividades terciarias|55---Corporativos<C1>,NA,15.938770717051,9.952731102243,18.379915741859,2.362569794388,18.907179505361,-5.063190669299,5.905282877736,6.860100551789,14.564015992407,-0.264188797781,12.895692853968,7.407304267053,3.365799916797,8.346232794673,12.121452519987,2.104061314953,11.683851508021,15.457406198625,8.456985132166,-1.054833184439,14.516890505294
"Variación porcentual anual en valores corrientes|B.1bV---Valor agregado bruto|Actividad económica total  |Actividades terciarias|56---Servicios de apoyo a los negocios y manejo de residuos, y servicios de remediación<C1>",NA,8.869876092303,9.27378351763,8.381430671973,7.446561999023,7.747081162832,-0.57909687091,2.982969505762,9.103645920057,9.686918815143,5.956315299475,3.476239918431,4.402601938764,5.408104763315,10.811785684447,7.065462863566,5.786578875998,-1.787447333873,-20.440726237603,-58.871148181817,-0.242937580934,0.698091984024
Variación porcentual anual en valores corrientes|B.1bV---Valor agregado bruto|Actividad económica total  |Actividades terciarias|61---Servicios educativos<C1>,NA,5.951504963336,9.903329717185,8.995307200167,8.146649249854,8.929199049576,5.616107806868,5.932509597631,7.032090059103,9.838468842186,5.325531564898,6.592418654478,7.130593693062,3.651005960391,3.870581104184,5.222531695473,5.025022497131,0.129494265702,3.992509504998,6.568194202667,9.633699946923,5.370320546217
Variación porcentual anual en valores corrientes|B.1bV---Valor agregado bruto|Actividad económica total  |Actividades terciarias|62---Servicios de salud y de asistencia social<C1>,NA,6.632896197525,4.747940788728,8.049365602219,8.239296357843,11.378071999069,6.424424551173,8.045431595055,10.593129699344,7.493380007115,8.241224212388,4.984776888096,7.558329855661,5.509391901302,8.423283683044,8.643648377448,7.167069769889,9.281360238277,9.488401241686,4.741876630523,6.94500196231,6.41450783869
"Variación porcentual anual en valores corrientes|B.1bV---Valor agregado bruto|Actividad económica total  |Actividades terciarias|71---Servicios de esparcimiento culturales y deportivos, y otros servicios recreativos<C1>",NA,6.175875138034,4.962393335648,12.004494828113,10.495673339404,4.795994698063,1.914317049346,8.978590911585,3.334106503127,5.681163789131,6.509312709643,0.925833416146,6.498867119783,6.411197888028,5.322768382567,7.030957776288,2.106700207072,-39.344425217061,31.219713512004,44.384580700839,10.911840480099,9.490703324472
Variación porcentual anual en valores corrientes|B.1bV---Valor agregado bruto|Actividad económica total  |Actividades terciarias|72---Servicios de alojamiento temporal y de preparación de alimentos y bebidas<C1>,NA,6.436654773016,5.249652263753,4.44507358855,5.679631897549,1.596019712964,-6.107722584513,5.90298708606,6.752672066642,8.964321204075,4.492939432412,5.667991278748,12.88415092682,6.924383025155,6.89793958203,6.057918972039,6.318613109978,-36.945272099062,32.094459163518,32.285219426322,11.761631647172,5.82020114876
Variación porcentual anual en valores corrientes|B.1bV---Valor agregado bruto|Actividad económica total  |Actividades terciarias|81---Otros servicios excepto actividades gubernamentales<C1>,NA,7.120653012138,7.472514033784,8.761595985115,8.140994904085,5.901048230305,3.460677207672,5.404118961004,4.841428500193,6.867326285775,5.454837350958,3.975986238763,6.808523483006,5.898632584174,4.280039309588,3.87133443104,6.115757028035,-8.389706313836,11.330116914368,13.14659835368,13.119184730224,11.518170410734
"Variación porcentual anual en valores corrientes|B.1bV---Valor agregado bruto|Actividad económica total  |Actividades terciarias|93---Actividades legislativas, gubernamentales, de impartición de justicia y de organismos internacionales y extraterritoriales<C1>",NA,6.172640281226,7.393230329675,9.624204594732,9.33716104962,9.298767828472,11.779518111031,9.130271590171,7.75527749483,9.099904431406,2.059548183578,6.248666748937,4.675998188385,3.06893598816,4.050831498687,6.922931542524,2.053984123855,5.079472678573,4.141914682268,5.498536399864,7.874279110375,6.932445198187
Estructura porcentual en valores corrientes|B.1bP---Producto interno bruto<C1>,100,100,100,100,100,100,100,100,100,100,100,100,100,100,100,100,100,100,100,100,100,100
"Estructura porcentual en valores corrientes|D.21-D.31---Impuestos sobre los productos, netos",4.76077992201,4.220835295792,3.957202407667,3.604197309101,3.630270328744,2.441764261379,3.953884136637,3.890155533685,3.314554115599,2.91772087173,3.74060440048,4.977038816734,5.568424083277,6.061851141611,5.378472511404,5.38959589356,5.691076458403,6.09922086224,5.922106214567,4.807481513141,6.00666060251,6.493045111939
Estructura porcentual en valores corrientes|B.1bV---Valor agregado bruto|Actividad económica total  <C1>,95.23922007799,95.779164704208,96.042797592333,96.395802690899,96.369729671256,97.558235738621,96.046115863363,96.109844466315,96.685445884401,97.08227912827,96.25939559952,95.022961183266,94.431575916723,93.938148858389,94.621527488596,94.61040410644,94.308923541597,93.900779137761,94.077893785433,95.192518486859,93.99333939749,93.506954888061
Estructura porcentual en valores corrientes|B.1bV---Valor agregado bruto|Actividad económica total  |Actividades primarias<C1>,3.207355388813,3.185946971361,2.94567233177,2.942955165567,3.041865626275,3.02875896442,3.100598445167,3.092008370784,2.97569486549,3.048729374957,3.024542790076,3.027136492934,3.085186326308,3.246289086138,3.297511739523,3.296959459146,3.315024408562,3.711148887316,3.78266529414,3.898065708069,3.845697598053,3.869448470497
"Estructura porcentual en valores corrientes|B.1bV---Valor agregado bruto|Actividad económica total  |Actividades primarias|11---Agricultura, cría y explotación de animales, aprovechamiento forestal, pesca y caza<C1>",3.207355388813,3.185946971361,2.94567233177,2.942955165567,3.041865626275,3.02875896442,3.100598445167,3.092008370784,2.97569486549,3.048729374957,3.024542790076,3.027136492934,3.085186326308,3.246289086138,3.297511739523,3.296959459146,3.315024408562,3.711148887316,3.78266529414,3.898065708069,3.845697598053,3.869448470497
"Estructura porcentual en valores corrientes|B.1bV---Valor agregado bruto|Actividad económica total  |Actividades primarias|11---Agricultura, cría y explotación de animales, aprovechamiento forestal, pesca y caza|111---Agricultura<C1>",1.841215860141,1.847268033889,1.618439065071,1.718680566314,1.890282645117,1.925687057459,1.95185262668,1.975806572386,1.92504307004,1.961289099381,1.885287077856,1.829206377815,1.858937884271,2.062408730551,2.150144591252,2.135755448886,2.14350191902,2.41475884146,2.507301726628,2.631872574201,2.550980261966,2.534933127127
"Estructura porcentual en valores corrientes|B.1bV---Valor agregado bruto|Actividad económica total  |Actividades primarias|11---Agricultura, cría y explotación de animales, aprovechamiento forestal, pesca y caza|112---Cría y explotación de animales<C1>",1.09037931758,1.09791991307,1.097451131631,1.014170384104,0.936514209614,0.907935669277,0.960426397876,0.937897542794,0.883317853188,0.929719697411,0.985250107206,1.046997237607,1.072626381977,1.025406724999,0.986614490302,1.003169965872,1.017756453116,1.124526801555,1.106904988443,1.095260119185,1.129446211104,1.178831001746
"Estructura porcentual en valores corrientes|B.1bV---Valor agregado bruto|Actividad económica total  |Actividades primarias|11---Agricultura, cría y explotación de animales, aprovechamiento forestal, pesca y caza|114---Pesca, caza y captura<C1>",0.052347716643,0.044352715434,0.045362199183,0.037217184415,0.04025409122,0.033901260252,0.034971258623,0.032913336142,0.030083813422,0.027365182749,0.030393212681,0.030796381052,0.035509458751,0.037895791632,0.037317507702,0.039718719944,0.037510768543,0.038911251329,0.039300063238,0.038540060877,0.038347416721,0.031593539764
"Estructura porcentual en valores corrientes|B.1bV---Valor agregado bruto|Actividad económica total  |Actividades primarias|11---Agricultura, cría y explotación de animales, aprovechamiento forestal, pesca y caza|113,115---Aprovechamiento forestal, Servicios relacionados con las actividades agropecuarias y forestales<C1>",0.223412494448,0.196406308968,0.184419935885,0.172887030733,0.174814680325,0.161234977432,0.153348161988,0.145390919462,0.13725012884,0.130355395417,0.123612392333,0.120136496461,0.118112601308,0.120577838956,0.123435150266,0.118315324445,0.116255267883,0.132951992972,0.129158515831,0.132392953805,0.126923708262,0.12409080186
Estructura porcentual en valores corrientes|B.1bV---Valor agregado bruto|Actividad económica total  |Actividades secundarias<C1>,31.500661725295,33.006286700756,33.053137586503,34.385666641406,34.024501985427,34.848062387541,31.99931388665,32.539486957254,33.823102220316,34.096342520647,32.16827509936,31.917554119935,30.840253638376,30.616791414167,31.958684701588,32.043865450591,31.838296143877,30.999980400517,31.969529009719,33.163830537309,32.470716542839,30.988479513035
Estructura porcentual en valores corrientes|B.1bV---Valor agregado bruto|Actividad económica total  |Actividades secundarias|21---Minería<C1>,4.922254145635,6.151934279575,7.019925833596,7.224268607589,7.567658380867,8.142888287494,6.138403118637,6.846278653595,8.35844554139,7.795956343237,6.784974044847,6.308190640115,3.724174579038,3.465986413689,3.938119806842,3.922486293996,4.146964993929,3.71376752946,3.768478118182,3.512422305848,3.31019096984,2.839271292086
Estructura porcentual en valores corrientes|B.1bV---Valor agregado bruto|Actividad económica total  |Actividades secundarias|21---Minería|21-1---Minería petrolera<C1>,4.330061787807,5.513040824339,6.303496252262,6.407135020742,6.638873067072,7.33270577683,5.285044590756,5.815884885775,7.079723061594,6.514915929357,5.652342253971,5.277524426087,2.718752237559,2.308821121271,2.761115044604,2.79040107838,3.012439791093,2.344739153064,2.272017869599,2.21039117463,2.231186754417,1.734648768004
Estructura porcentual en valores corrientes|B.1bV---Valor agregado bruto|Actividad económica total  |Actividades secundarias|21---Minería|21-2---Minería no petrolera<C1>,0.592192357828,0.638893455236,0.716429581334,0.817133586847,0.928785313796,0.810182510663,0.853358527882,1.030393767821,1.278722479797,1.28104041388,1.132631790876,1.030666214028,1.00542234148,1.157165292418,1.177004762238,1.132085215615,1.134525202836,1.369028376396,1.496460248583,1.302031131218,1.079004215423,1.104622524081
"Estructura porcentual en valores corrientes|B.1bV---Valor agregado bruto|Actividad económica total  |Actividades secundarias|22---Generación, transmisión, distribución y comercialización de energía eléctrica, suministro de agua y de gas natural por ductos al consumidor final<C1>",1.795328000144,1.761854451736,1.746917627511,1.699457915752,1.707444848618,1.777503976346,1.88863926517,1.669922704386,1.471662121481,1.30176623693,1.387052768725,1.557123713841,1.438229230397,1.383212782802,1.875054861071,1.889868273085,2.053710904607,1.945204411159,1.587056474701,2.040946859111,2.143236617194,1.406810068893
Estructura porcentual en valores corrientes|B.1bV---Valor agregado bruto|Actividad económica total  |Actividades secundarias|23---Construcción<C1>,5.955013959498,6.246830085349,6.20921466124,6.462910204366,6.48702288155,6.752756377144,6.539072838068,6.185071799003,6.272608530672,6.198584447564,5.893438669799,5.823318018941,5.854428430968,5.898816378238,5.983687573832,6.042145183931,5.749865969064,5.156734880502,5.778158556503,6.123991151922,6.552159926624,6.611837286312
Estructura porcentual en valores corrientes|B.1bV---Valor agregado bruto|Actividad económica total  |Actividades secundarias|31-33---Industrias manufactureras<C1>,18.828065620017,18.845667884095,18.077079464156,18.999029913698,18.262375874392,18.174913746557,17.433198664775,17.83821380027,17.720386026772,18.800035492915,18.102809615989,18.228921747037,19.823421397973,19.868775839438,20.161822459844,20.189365699579,19.887754276278,20.184273579397,20.835835860333,21.486470220428,20.465129029181,20.130560865744
Estructura porcentual en valores corrientes|B.1bV---Valor agregado bruto|Actividad económica total  |Actividades secundarias|31-33---Industrias manufactureras|311---Industria alimentaria<C1>,3.602920216484,3.555062491177,3.51659905793,3.317558737995,3.411622053288,3.518573106054,3.859410486965,3.741267830346,3.783356479271,3.864135198532,3.923088992083,3.794391744923,3.836455725412,3.855017503578,3.810590010718,3.771047698753,3.793015732921,4.181244478031,4.193900133753,4.345478583017,4.272439137615,4.162857866149
Estructura porcentual en valores corrientes|B.1bV---Valor agregado bruto|Actividad económica total  |Actividades secundarias|31-33---Industrias manufactureras|312---Industria de las bebidas y del tabaco<C1>,0.92859517329,0.898819708126,0.920318557995,0.902540152579,0.871606189121,0.842994433041,0.922208098927,0.868969858457,0.849951824233,0.834018461443,0.843248048965,0.848480606393,0.876444048418,0.96712621492,0.990125302417,0.993413758905,1.035344615183,1.045730984022,1.065761293192,1.099751123952,1.033955237536,1.024313746959
"Estructura porcentual en valores corrientes|B.1bV---Valor agregado bruto|Actividad económica total  |Actividades secundarias|31-33---Industrias manufactureras|313-314---Fabricación de insumos textiles y acabado de textiles; Fabricación de productos textiles, excepto prendas de vestir<C1>",0.319312333742,0.309499152719,0.284836522941,0.267661151803,0.249711998228,0.229490894302,0.235259130774,0.235210168559,0.222858631422,0.218796391839,0.209840374604,0.201258496796,0.212979617465,0.213532541607,0.200566423886,0.206158276622,0.195669575293,0.17315468833,0.204311939986,0.19795280662,0.172898334367,0.158451247752
"Estructura porcentual en valores corrientes|B.1bV---Valor agregado bruto|Actividad económica total  |Actividades secundarias|31-33---Industrias manufactureras|315-316---Fabricación de prendas de vestir; Curtido y acabado de cuero y piel, y fabricación de productos de cuero, piel y materiales sucedáneos<C1>",0.712783350574,0.6680451245,0.610397059058,0.566332862001,0.509198870946,0.508215695828,0.518162161606,0.479849095017,0.451686099206,0.463019896393,0.453686736429,0.447324296194,0.491621552299,0.467577404935,0.437326204622,0.424457815684,0.414963534548,0.355519997643,0.376962713136,0.392389009977,0.344098091028,0.301512661852
Estructura porcentual en valores corrientes|B.1bV---Valor agregado bruto|Actividad económica total  |Actividades secundarias|31-33---Industrias manufactureras|321---Industria de la madera<C1>,0.208396391478,0.199612640093,0.19447604917,0.182842754407,0.185390036064,0.163988168739,0.163566382638,0.160452950398,0.163740738767,0.177444146047,0.172213927347,0.159750910416,0.171622920011,0.170063525471,0.171700239534,0.160641702888,0.162118905455,0.169178129948,0.176305399526,0.183505262114,0.154995112084,0.140428176176
Estructura porcentual en valores corrientes|B.1bV---Valor agregado bruto|Actividad económica total  |Actividades secundarias|31-33---Industrias manufactureras|322-323---Industria del papel; Impresión e industrias conexas<C1>,0.500893989271,0.490546863767,0.49465732749,0.478402608518,0.469864205888,0.47193840934,0.505800553455,0.495615893611,0.476076539962,0.474759919611,0.479078429016,0.472558666923,0.494166577034,0.506564984645,0.513992218117,0.522221526023,0.516887267041,0.536826924593,0.547110147341,0.570451639348,0.515019460646,0.477509535478
Estructura porcentual en valores corrientes|B.1bV---Valor agregado bruto|Actividad económica total  |Actividades secundarias|31-33---Industrias manufactureras|324-326---Fabricación de productos derivados del petróleo y del carbón; Industria química; Industria del plástico y del hule<C1>,3.083260336027,3.423427760229,2.838777564916,3.715453299918,3.290924743191,3.410015679257,3.101284029852,3.239810984076,3.046111184024,3.417124632057,3.130890418802,2.988764511114,3.081245491191,2.630359627776,2.712679873501,2.781383761414,2.598842407383,2.707861871624,2.785404896895,2.871202690027,2.527522372131,2.560662575872
Estructura porcentual en valores corrientes|B.1bV---Valor agregado bruto|Actividad económica total  |Actividades secundarias|31-33---Industrias manufactureras|327---Fabricación de productos a base de minerales no metálicos<C1>,0.829361356208,0.794544518255,0.77230016194,0.768093405036,0.763033316061,0.729765431743,0.702572927492,0.641259559508,0.607133834391,0.611459196274,0.586638697423,0.590880286657,0.643694613614,0.666988136327,0.668873489616,0.651851948688,0.636120559211,0.669295589757,0.689790534604,0.708623220108,0.677307740884,0.649204195876
Estructura porcentual en valores corrientes|B.1bV---Valor agregado bruto|Actividad económica total  |Actividades secundarias|31-33---Industrias manufactureras|331-332---Industrias metálicas básicas; Fabricación de productos metálicos<C1>,1.377735450435,1.697669451502,1.773010853941,1.983623122324,1.92394795685,2.017420194644,1.7163737709,1.841334314693,2.000703494551,2.009955356473,1.741361798599,1.740628014867,1.752151351095,1.78576693415,1.787164631211,1.770248558933,1.671812772571,1.804883996131,2.169477626951,2.056060549635,1.785381379187,1.692418599224
"Estructura porcentual en valores corrientes|B.1bV---Valor agregado bruto|Actividad económica total  |Actividades secundarias|31-33---Industrias manufactureras|333-336---Fabricación de maquinaria y equipo; Fabricación de equipo de computación, comunicación, medición y de otros equipos, componentes y accesorios electrónicos; Fabricación de accesorios, aparatos eléctricos y equipo de generación de energía eléctrica; Fabricación de equipo de transporte<C1>",6.481236147913,6.083970556683,5.963754757439,6.127960661483,5.910282890585,5.591282633778,5.006916588312,5.516692312134,5.52870315606,6.082860620004,5.951896913799,6.358819915044,7.520904514916,7.833070999922,8.101538856156,8.128689824161,8.084156730859,7.736542213568,7.78600727737,8.208134652148,8.146379172165,8.076580977119
"Estructura porcentual en valores corrientes|B.1bV---Valor agregado bruto|Actividad económica total  |Actividades secundarias|31-33---Industrias manufactureras|337---Fabricación de muebles, colchones y persianas<C1>",0.349741729204,0.307316826878,0.293877125501,0.278700389374,0.265278267226,0.245022082996,0.235097927465,0.230400497817,0.224902704477,0.236694630083,0.225877322176,0.214062062419,0.246646790614,0.24300714416,0.228879950988,0.229724077497,0.232975557744,0.236645245698,0.242124504148,0.238632149865,0.222992126576,0.214942528637
Estructura porcentual en valores corrientes|B.1bV---Valor agregado bruto|Actividad económica total  |Actividades secundarias|31-33---Industrias manufactureras|339---Otras industrias manufactureras<C1>,0.433829145393,0.417152790164,0.414074425834,0.409860768259,0.411515346943,0.446207016834,0.466546606387,0.387350335654,0.365161340409,0.409767044159,0.384987956745,0.41200223529,0.495488195904,0.529700821947,0.538385259078,0.549526750011,0.545846618067,0.567389460052,0.598679393432,0.614288533617,0.612140864961,0.671678754648
Estructura porcentual en valores corrientes|B.1bV---Valor agregado bruto|Actividad económica total  |Actividades terciarias<C1>,60.531202963882,59.586931032092,60.04398767406,59.067180883926,59.303362059554,59.681414386661,60.946203531546,60.478349138277,59.886648798596,59.937207232667,61.066577710084,60.078270570397,60.50613595204,60.075068358084,59.365331047485,59.269579196703,59.155602989158,59.189649849927,58.325699481574,58.130622241482,57.676925256599,58.64902690453
Estructura porcentual en valores corrientes|B.1bV---Valor agregado bruto|Actividad económica total  |Actividades terciarias|43---Comercio al por mayor<C1>,7.932417287142,8.011490852631,7.956029904645,7.939605394692,7.984448534992,8.176919663081,8.041557748805,8.23234416573,8.488561599967,8.763758010298,8.630361077054,8.51077958221,8.978119730834,9.274225626636,9.289865548615,9.382025772566,9.091410013221,9.157084894727,9.441739986877,9.80367223939,9.195975426582,9.161849612072
Estructura porcentual en valores corrientes|B.1bV---Valor agregado bruto|Actividad económica total  |Actividades terciarias|46---Comercio al por menor<C1>,8.660699564586,8.771589742222,8.811245351778,8.546677220984,8.563847441567,8.650219669345,8.293536828468,8.584478705637,8.834825340952,8.962528083791,9.000987454312,8.797261735148,8.874172684583,9.089983389754,9.178029194107,9.271104915482,9.097539624039,9.144501640553,9.489398376114,9.769518947988,9.35379411547,9.516109725963
"Estructura porcentual en valores corrientes|B.1bV---Valor agregado bruto|Actividad económica total  |Actividades terciarias|48-49---Transportes, correos y almacenamiento<C1>",6.276818576966,6.234121408181,6.33690002187,6.357017359143,6.288826299346,6.154679670284,6.14666218414,6.490203792175,6.432682102904,6.519183173032,6.721182925432,6.713624257316,6.755189675797,6.644987152811,6.687360654458,6.840105998914,6.876286676561,6.127785017522,6.582419847118,7.115605198877,7.230524648309,7.632783252939
Estructura porcentual en valores corrientes|B.1bV---Valor agregado bruto|Actividad económica total  |Actividades terciarias|51---Información en medios masivos<C1>,1.761961743772,1.862727503424,2.007596191634,2.099119473665,2.307893651124,2.289170455259,2.441822531986,2.332544943314,2.096389977174,1.976557930288,1.989084807706,1.896879982597,1.786633491949,1.584097126058,1.552783271665,1.535615397673,1.513857426371,1.432870263733,1.404886103119,1.422531185754,1.401446033805,1.396695727159
Estructura porcentual en valores corrientes|B.1bV---Valor agregado bruto|Actividad económica total  |Actividades terciarias|52---Servicios financieros y de seguros<C1>,2.269231953,2.33939361572,2.810935258342,2.735051413118,2.973261223906,3.028512811979,3.234794984154,3.143299545727,3.004000075078,2.943445767919,3.353387843559,3.303877946613,3.226531625723,3.503667178342,3.620631466206,3.667419843443,3.726936982238,3.88209565295,3.510433113157,3.941623880636,4.413005574627,4.33346899875
Estructura porcentual en valores corrientes|B.1bV---Valor agregado bruto|Actividad económica total  |Actividades terciarias|53---Servicios inmobiliarios y de alquiler de bienes muebles e intangibles<C1>,11.225623956974,10.880702373753,10.718888774956,10.549951694442,10.449448020129,10.563206778506,11.05027397064,10.698710013457,10.362068182214,10.022280503742,10.19027689406,10.014537277482,9.862996144384,9.511774914285,9.070376590945,8.771514276649,8.861855863186,9.458860752455,9.044714563733,8.684768859431,8.541883731652,8.533424303628
"Estructura porcentual en valores corrientes|B.1bV---Valor agregado bruto|Actividad económica total  |Actividades terciarias|54---Servicios profesionales, científicos y técnicos<C1>",2.290993848876,2.25938658554,2.267001564697,2.174378672036,2.164438291891,2.173825565573,2.181923061231,2.020281003282,1.995335027446,1.957368244298,1.966525159707,1.915303763434,1.945483375315,1.948191893209,1.838247838488,1.802066174341,1.803664054126,1.916871204348,1.84359453519,1.849631086333,1.902030631048,2.173381091656
Estructura porcentual en valores corrientes|B.1bV---Valor agregado bruto|Actividad económica total  |Actividades terciarias|55---Corporativos<C1>,0.447452409348,0.463302791439,0.471144884559,0.5015402363,0.473899508962,0.52509879686,0.505497301103,0.48862730146,0.477680607263,0.505510956315,0.491540392529,0.518713889414,0.525526631301,0.50317325525,0.502172036422,0.52483844138,0.515720014982,0.60072703064,0.625933514451,0.613673631424,0.562595279829,0.612724747256
"Estructura porcentual en valores corrientes|B.1bV---Valor agregado bruto|Actividad económica total  |Actividades terciarias|56---Servicios de apoyo a los negocios y manejo de residuos, y servicios de remediación<C1>",3.669430937032,3.567761555861,3.605747773106,3.514175908327,3.48542160652,3.499512265244,3.52799864918,3.316157002528,3.30992878941,3.353653742885,3.464356545414,3.350846344983,3.299885500826,3.221950221137,3.28871273571,3.282159902616,3.341455181181,3.422752090316,2.457511107012,0.913679338736,0.844503574991,0.808765327231
Estructura porcentual en valores corrientes|B.1bV---Valor agregado bruto|Actividad económica total  |Actividades terciarias|61---Servicios educativos<C1>,3.966816704574,3.753519167881,3.815338108412,3.739504875019,3.733072891816,3.789286713865,4.058175383164,3.92375006958,3.84202021279,3.898152712023,4.002856518805,3.988298286233,4.0302703429,3.869489305282,3.70226390035,3.631286505549,3.670275219206,3.832952692626,3.597201389773,3.465325931744,3.520077261897,3.527526518451
Estructura porcentual en valores corrientes|B.1bV---Valor agregado bruto|Actividad económica total  |Actividades terciarias|62---Servicios de salud y de asistencia social<C1>,2.194759898688,2.090102554725,2.024867604278,1.967397553864,1.965696143598,2.040153140696,2.201644857011,2.171175536516,2.196682995588,2.18119172044,2.301781264487,2.258820249067,2.291705238359,2.239730829197,2.236863816772,2.265313338817,2.336334224141,2.662893931425,2.631183984541,2.491284333973,2.468583524503,2.498322257607
"Estructura porcentual en valores corrientes|B.1bV---Valor agregado bruto|Actividad económica total  |Actividades terciarias|71---Servicios de esparcimiento culturales y deportivos, y otros servicios recreativos<C1>",0.580982353761,0.550906841391,0.534804967551,0.538646891291,0.549400093149,0.536512814854,0.554445016852,0.551494182972,0.521349459186,0.508945463786,0.528489477739,0.498574406767,0.500850376263,0.493675172988,0.478943973942,0.477835620804,0.46954594612,0.297044573456,0.351762827088,0.459116063684,0.471807061509,0.491294013658
Estructura porcentual en valores corrientes|B.1bV---Valor agregado bruto|Actividad económica total  |Actividades terciarias|72---Servicios de alojamiento temporal y de preparación de alimentos y bebidas<C1>,3.220452037046,3.061240332929,2.979899644405,2.798742044897,2.730193713121,2.584739874742,2.460876971793,2.378698372562,2.323070728781,2.338252910971,2.38207781663,2.352830754361,2.505282439175,2.481300697906,2.443261167797,2.415446320032,2.471451120573,1.625333498989,1.937565185711,2.316964468236,2.399253536536,2.414596220713
Estructura porcentual en valores corrientes|B.1bV---Valor agregado bruto|Actividad económica total  |Actividades terciarias|81---Otros servicios excepto actividades gubernamentales<C1>,2.319215565077,2.218726156096,2.205386203706,2.156917325077,2.153094828773,2.124761084436,2.229095148255,2.144506921621,2.05685977424,2.030459643282,2.087557194285,2.028909722812,2.044097796117,2.005108937532,1.926017901737,1.864835065845,1.904432727146,1.81962844193,1.82820383882,1.869897700789,1.959828867535,2.078564837856
"Estructura porcentual en valores corrientes|B.1bV---Valor agregado bruto|Actividad económica total  |Actividades terciarias|93---Actividades legislativas, gubernamentales, de impartición de justicia y de organismos internacionales y extraterritoriales<C1>",3.71434612704,3.5219595503,3.498201420121,3.448454821071,3.480419810661,3.544815081936,4.017898894765,4.002077581714,3.945193925603,3.975918369597,3.956112338367,3.929012371961,3.879390898513,3.703712657697,3.549800950271,3.538011622591,3.474837916066,3.808248164256,3.579151108869,3.413329374486,3.411615988307,3.46952026959
Contribución a la variación del estado en valores corrientes|B.1bP---Producto interno bruto<C1>,NA,11.972306778078,8.122594377112,11.205617614486,8.332982989259,7.313241463453,-1.381858521199,9.56169355911,9.308943617394,8.256820245124,2.570502986108,6.981506207549,6.014913858559,7.957805895365,8.562250972468,7.279219087865,3.909359424372,-4.120183319232,10.807910408716,10.623723090465,7.928455869853,5.147804699258
"Contribución a la variación del estado en valores corrientes|D.21-D.31---Impuestos sobre los productos, netos",NA,-0.034613276009,0.057794612131,0.050867469964,0.328582828602,-1.009933950963,1.457482790398,0.308236148152,-0.267051444297,-0.155922276236,0.919035876563,1.583906690196,0.926321178431,0.97581740585,-0.222860315296,0.403443875199,0.523965198718,0.156845323267,0.462941286307,-0.603891177845,1.675414524491,0.820633790826
Contribución a la variación del estado en valores corrientes|B.1bV---Valor agregado bruto|Actividad económica total  <C1>,NA,12.006920054086,8.064799764981,11.154750144522,8.004400160658,8.323175414416,-2.839341311597,9.253457410958,9.575995061691,8.412742521361,1.651467109545,5.397599517353,5.088592680128,6.981988489516,8.785111287764,6.875775212665,3.385394225654,-4.277028642499,10.344969122409,11.22761426831,6.253041345363,4.327170908432
Contribución a la variación del estado en valores corrientes|B.1bV---Valor agregado bruto|Actividad económica total  |Actividades primarias<C1>,NA,0.360022927746,-0.001009624402,0.327059136216,0.352388605902,0.208393794559,0.028993596924,0.287058290853,0.16069225196,0.324762613717,0.053559377854,0.213933425024,0.243621133277,0.419436144107,0.33356388437,0.239440621893,0.147661168552,0.243218341347,0.480343482876,0.529520120639,0.252536326933,0.222942522644
"Contribución a la variación del estado en valores corrientes|B.1bV---Valor agregado bruto|Actividad económica total  |Actividades primarias|11---Agricultura, cría y explotación de animales, aprovechamiento forestal, pesca y caza<C1>",NA,0.360022927746,-0.001009624402,0.327059136216,0.352388605902,0.208393794559,0.028993596924,0.287058290853,0.16069225196,0.324762613717,0.053559377854,0.213933425024,0.243621133277,0.419436144107,0.33356388437,0.239440621893,0.147661168552,0.243218341347,0.480343482876,0.529520120639,0.252536326933,0.222942522644
"Contribución a la variación del estado en valores corrientes|B.1bV---Valor agregado bruto|Actividad económica total  |Actividades primarias|11---Agricultura, cría y explotación de animales, aprovechamiento forestal, pesca y caza|111---Agricultura<C1>",NA,0.227212769779,-0.097369728322,0.292830273519,0.329119010069,0.176234556685,-0.000806272623,0.212874515479,0.128437671654,0.198186144764,-0.027540660892,0.071625456775,0.141545018879,0.367593329826,0.271836636875,0.141077175939,0.091543664418,0.171764431454,0.363529809458,0.40417370195,0.121361032083,0.114446271803
"Contribución a la variación del estado en valores corrientes|B.1bV---Valor agregado bruto|Actividad económica total  |Actividades primarias|11---Agricultura, cría y explotación de animales, aprovechamiento forestal, pesca y caza|112---Cría y explotación de animales<C1>",NA,0.13898693566,0.088672722471,0.030363307675,0.000383395288,0.037820987491,0.03921899458,0.067150033859,0.027647871309,0.123167128421,0.080856293222,0.134843307537,0.090146697271,0.034380219835,0.045684174094,0.089578415209,0.054374245061,0.060437782741,0.102011486349,0.104712532924,0.12373373634,0.110068708346
"Contribución a la variación del estado en valores corrientes|B.1bV---Valor agregado bruto|Actividad económica total  |Actividades primarias|11---Agricultura, cría y explotación de animales, aprovechamiento forestal, pesca y caza|114---Pesca, caza y captura<C1>",NA,-0.002684958053,0.004694071189,-0.003974599395,0.006391273378,-0.003873549946,0.000586745054,0.00108914986,-0.00002903749,-0.000459136724,0.003809288372,0.002553219626,0.006848941055,0.005402006421,0.002616934737,0.005292424885,-0.000741520636,-0.0002027321,0.004636327534,0.003334386986,0.002847713855,-0.005127503232
"Contribución a la variación del estado en valores corrientes|B.1bV---Valor agregado bruto|Actividad económica total  |Actividades primarias|11---Agricultura, cría y explotación de animales, aprovechamiento forestal, pesca y caza|113,115---Aprovechamiento forestal, Servicios relacionados con las actividades agropecuarias y forestales<C1>",NA,-0.003491819639,0.002993310259,0.007840154418,0.016494927166,-0.00178819967,-0.010005870088,0.005944591655,0.004635746487,0.003868477257,-0.003565542848,0.004911441086,0.005080476072,0.012060588025,0.013426138664,0.003492605859,0.002484779709,0.011218859252,0.010165859536,0.017299498778,0.004593844655,0.003555045727
Contribución a la variación del estado en valores corrientes|B.1bV---Valor agregado bruto|Actividad económica total  |Actividades secundarias<C1>,NA,5.457238875327,2.731623180808,5.18565537293,2.474091306647,3.372083349849,-3.290933746558,3.651499099163,4.432188778404,3.088514012423,-1.101180949278,1.977605042756,0.77771420855,2.21296260792,4.078276079071,2.417723919371,1.039104124147,-2.115571764787,4.424786662661,4.717535050065,1.881312437254,0.112989374796
Contribución a la variación del estado en valores corrientes|B.1bV---Valor agregado bruto|Actividad económica total  |Actividades secundarias|21---Minería<C1>,NA,1.966208578676,1.438191655057,1.013866689603,0.974001458842,1.17073898919,-2.089309215417,1.362495720018,2.290249870534,0.081208903497,-0.836574337961,-0.036376683608,-2.360010168206,0.017628305812,0.809325094611,0.269892858185,0.386598466749,-0.586211494733,0.462004327507,0.117094207207,0.060215694244,-0.324759536756
Contribución a la variación del estado en valores corrientes|B.1bV---Valor agregado bruto|Actividad económica total  |Actividades secundarias|21---Minería|21-1---Minería petrolera<C1>,NA,1.843017196822,1.302462860071,0.821597818948,0.784954209687,1.230091189023,-2.120693025101,1.086937385547,1.92288560389,-0.026882234828,-0.717280048962,-0.006367132472,-2.395241583412,-0.226199612986,0.68870752309,0.232405441702,0.339805811589,-0.764308189493,0.172836372351,0.17319914264,0.197694236985,-0.407241655617
Contribución a la variación del estado en valores corrientes|B.1bV---Valor agregado bruto|Actividad económica total  |Actividades secundarias|21---Minería|21-2---Minería no petrolera<C1>,NA,0.123191381854,0.135728794987,0.192268870655,0.189047249154,-0.059352199833,0.031383809684,0.27555833447,0.367364266643,0.108091138325,-0.119294288998,-0.030009551136,0.035231415206,0.243827918797,0.120617571521,0.037487416483,0.04679265516,0.17809669476,0.289167955156,-0.056104935433,-0.137478542741,0.082482118862
"Contribución a la variación del estado en valores corrientes|B.1bV---Valor agregado bruto|Actividad económica total  |Actividades secundarias|22---Generación, transmisión, distribución y comercialización de energía eléctrica, suministro de agua y de gas natural por ductos al consumidor final<C1>",NA,0.177461071537,0.12695820876,0.1429750438,0.150268021652,0.200052285541,0.085036966204,-0.059043669117,-0.061264385778,-0.062411386356,0.120940764634,0.278781633858,-0.032386234148,0.05505694078,0.652388981345,0.152381064084,0.24412957232,-0.188652481122,-0.186620294536,0.670714927145,0.272215327465,-0.664006713465
Contribución a la variación del estado en valores corrientes|B.1bV---Valor agregado bruto|Actividad económica total  |Actividades secundarias|23---Construcción<C1>,NA,1.039705787574,0.466733896828,0.977904547395,0.564675190413,0.759578874894,-0.304044274296,0.237396572766,0.67145032313,0.437781892469,-0.153654760773,0.33643465812,0.383249239061,0.513804304774,0.597209543073,0.498278595644,-0.067496287717,-0.805598018926,1.245921876062,0.996428457484,0.947653883006,0.40004183022
Contribución a la variación del estado en valores corrientes|B.1bV---Valor agregado bruto|Actividad económica total  |Actividades secundarias|31-33---Industrias manufactureras<C1>,NA,2.273863437539,0.699739420163,3.050909092133,0.785146635741,1.241713200225,-0.982617223049,2.110650475496,1.531752970519,2.631934602813,-0.231892615178,1.398765434387,2.786861371842,1.626473056553,2.019352460041,1.497171401457,0.475872372794,-0.535109770007,2.903480753628,2.933297458229,0.60122753254,0.701713794797
Contribución a la variación del estado en valores corrientes|B.1bV---Valor agregado bruto|Actividad económica total  |Actividades secundarias|31-33---Industrias manufactureras|311---Industria alimentaria<C1>,NA,0.37776526229,0.247175644098,0.172712626381,0.378353200651,0.36427280008,0.287505788229,0.239585908544,0.394279170426,0.399833416632,0.15979691324,0.13620844804999999,0.272823487594,0.325336588334,0.281844787389,0.234960511935,0.170250652191,0.21595380759,0.465928624809,0.613230060879,0.265699006191,0.104714521391
Contribución a la variación del estado en valores corrientes|B.1bV---Valor agregado bruto|Actividad económica total  |Actividades secundarias|31-33---Industrias manufactureras|312---Industria de las bebidas y del tabaco<C1>,NA,0.077833987675,0.096252593312,0.083356792899,0.041696832015,0.033038462332,0.066470054688,0.029849994516,0.060103501869,0.052930042382,0.030905303802,0.064469283633,0.080680796556,0.167644193449,0.107776100831,0.075601220448,0.082406198566,-0.032699664729,0.135216834909,0.150824344853,0.016180798306,0.043088180625
"Contribución a la variación del estado en valores corrientes|B.1bV---Valor agregado bruto|Actividad económica total  |Actividades secundarias|31-33---Industrias manufactureras|313-314---Fabricación de insumos textiles y acabado de textiles; Fabricación de productos textiles, excepto prendas de vestir<C1>",NA,0.027241007016,-0.001526514381,0.012817714035,0.00285930476,-0.003437880689,0.002517288126,0.022441113322,0.008394247208,0.014003385195,-0.00356206414,0.005468996639,0.024531661196,0.017545429326,0.004206882859,0.020598565359,-0.002839274347,-0.029649177548,0.053239103084,0.014670824659,-0.011346304113,-0.006290325838
"Contribución a la variación del estado en valores corrientes|B.1bV---Valor agregado bruto|Actividad económica total  |Actividades secundarias|31-33---Industrias manufactureras|315-316---Fabricación de prendas de vestir; Curtido y acabado de cuero y piel, y fabricación de productos de cuero, piel y materiales sucedáneos<C1>",NA,0.035242185648,-0.008067988244,0.019396897883,-0.014702535757,0.036183865873,0.002786197795,0.007568633423,0.013884208492,0.049564517731,0.002328871143,0.024867533272,0.073867868986,0.013164754931,0.007193766895,0.018028825401,0.00672813491,-0.074091612545,0.062184507803,0.057112618699,-0.021009253652,-0.027064146201
Contribución a la variación del estado en valores corrientes|B.1bV---Valor agregado bruto|Actividad económica total  |Actividades secundarias|31-33---Industrias manufactureras|321---Industria de la madera<C1>,NA,0.015114486255,0.010659909712,0.008855365131,0.017995801826,-0.009409016574,-0.002682042097,0.012228587184,0.018530321419,0.028354651454,-0.000803454555,-0.001309997203,0.022194980394,0.011973930716,0.016338119492,0.000634924854,0.007815013276,0.000088775403,0.026182199204,0.026694953491,-0.016221430967,-0.007337967656
Contribución a la variación del estado en valores corrientes|B.1bV---Valor agregado bruto|Actividad económica total  |Actividades secundarias|31-33---Industrias manufactureras|322-323---Industria del papel; Impresión e industrias conexas<C1>,NA,0.048382649917,0.044289471992,0.037353247996,0.030615301719,0.036588198886,0.026872696067,0.037204613133,0.024778343032,0.037883452808,0.016633234729,0.026471950573,0.051331604037,0.052709865823,0.051436537166,0.046242956909,0.014872722106,-0.002178595849,0.06941439731,0.083944694536,-0.014599088043,-0.012928666861
Contribución a la variación del estado en valores corrientes|B.1bV---Valor agregado bruto|Actividad económica total  |Actividades secundarias|31-33---Industrias manufactureras|324-326---Fabricación de productos derivados del petróleo y del carbón; Industria química; Industria del plástico y del hule<C1>,NA,0.750030697982,-0.354067808446,1.293015224436,-0.150296357688,0.368473616631,-0.351587007038,0.448307752416,0.089860972591,0.653159286455,-0.205754581548,0.066534872184,0.277815242142,-0.241566949887,0.314586704574,0.271166905581,-0.080943263454,-0.002549408902,0.378587091047,0.390826416287,-0.143286822021,0.164958112154
Contribución a la variación del estado en valores corrientes|B.1bV---Valor agregado bruto|Actividad económica total  |Actividades secundarias|31-33---Industrias manufactureras|327---Fabricación de productos a base de minerales no metálicos<C1>,NA,0.060308469261,0.040486453213,0.081862852987,0.058523347455,0.020101623822,-0.036901068117,0.000001906014,0.022392021208,0.054812448592,-0.009740933616,0.045493933127,0.091532003478,0.076371143947,0.059155980159,0.030428190546,0.009136849555,0.0055988253,0.095046887835,0.094114854163,0.022384566116,0.005316219095
Contribución a la variación del estado en valores corrientes|B.1bV---Valor agregado bruto|Actividad económica total  |Actividades secundarias|31-33---Industrias manufactureras|331-332---Industrias metálicas básicas; Fabricación de productos metálicos<C1>,NA,0.523184195879,0.219355882366,0.432889490384,0.100647090492,0.241011047961,-0.324764280953,0.301023288363,0.345613540117,0.175210262714,-0.223831800843,0.120788269176,0.116913730668,0.175723449419,0.154419218076,0.111944198727,-0.03307861618,0.058706694219,0.599068829078,0.10501310205,-0.129125995691,-0.005840375781
"Contribución a la variación del estado en valores corrientes|B.1bV---Valor agregado bruto|Actividad económica total  |Actividades secundarias|31-33---Industrias manufactureras|333-336---Fabricación de maquinaria y equipo; Fabricación de equipo de computación, comunicación, medición y de otros equipos, componentes y accesorios electrónicos; Fabricación de accesorios, aparatos eléctricos y equipo de generación de energía eléctrica; Fabricación de equipo de transporte<C1>",NA,0.331126028105,0.364195809348,0.850881743336,0.274825096992,0.089903743105,-0.653554548991,1.037264937306,0.526674703497,1.0564083311,0.022029981694,0.85086440834,1.614460527829,0.935507070826,0.96214194573,0.618856109278,0.271505649737,-0.66637423906,0.890969754756,1.294136871115,0.584126597672,0.345968420034
"Contribución a la variación del estado en valores corrientes|B.1bV---Valor agregado bruto|Actividad económica total  |Actividades secundarias|31-33---Industrias manufactureras|337---Fabricación de muebles, colchones y persianas<C1>",NA,-0.005631989031,0.010430745495,0.016053363796,0.008683470734,-0.002337127661,-0.013172876275,0.017332759912,0.015438272614,0.031335375741,-0.005011124595,0.003129496418,0.047420320185,0.015698390391,0.005470082657,0.017566245408,0.01235933217,-0.006080529986,0.031647857936,0.021859264524,0.00203980906,0.003015223651
Contribución a la variación del estado en valores corrientes|B.1bV---Valor agregado bruto|Actividad económica total  |Actividades secundarias|31-33---Industrias manufactureras|339---Otras industrias manufactureras<C1>,NA,0.033266456543,0.0305552217,0.041713772868,0.035946082543,0.067323866459,0.013892575517,-0.042159018637,0.011803668046,0.07843943201,-0.01488296049,0.055778240177,0.113289148777,0.076365189279,0.054782334212,0.051142747013,0.017658974263,-0.001834643903,0.095994665857,0.080869452973,0.046385649684,0.094114600183
Contribución a la variación del estado en valores corrientes|B.1bV---Valor agregado bruto|Actividad económica total  |Actividades terciarias<C1>,NA,6.189658251013,5.334186208575,5.642035635376,5.177920248109,4.742698270008,0.422598838037,5.314900020942,4.983114031327,4.999465895221,2.699088680969,3.206061049573,4.067257338301,4.349589737489,4.373271324323,4.218610671401,2.198628932956,-2.404675219059,5.439838976873,5.980559097606,4.119192581175,3.991239010991
Contribución a la variación del estado en valores corrientes|B.1bV---Valor agregado bruto|Actividad económica total  |Actividades terciarias|43---Comercio al por mayor<C1>,NA,1.038233827863,0.590775089691,0.873257310675,0.710185878507,0.790469007324,-0.246484865266,0.977937938784,1.046412847505,0.998804155959,0.088446755953,0.474599109999,1.007366316552,1.034130769468,0.811061525256,0.775098434817,0.064800134815,-0.311613802854,1.305109890955,1.403447243923,0.121402040691,0.437508310359
Contribución a la variación del estado en valores corrientes|B.1bV---Valor agregado bruto|Actividad económica total  |Actividades terciarias|46---Comercio al por menor<C1>,NA,1.161051810888,0.755357329053,0.693139837333,0.730794171116,0.718983679316,-0.47128778625,1.11176342465,1.072775544999,0.867722576136,0.269830021813,0.41045565497,0.610684792072,0.939173939248,0.873891698279,0.767939760038,0.182090231236,-0.329808214706,1.370502410377,1.318007212179,0.325886606084,0.652186354153
"Contribución a la variación del estado en valores corrientes|B.1bV---Valor agregado bruto|Actividad económica total  |Actividades terciarias|48-49---Transportes, correos y almacenamiento<C1>",NA,0.703670971121,0.617499298548,0.732460394225,0.455855765951,0.315959956528,-0.092955661305,0.964115006005,0.541293060775,0.624778306175,0.374767960201,0.461153426159,0.447884258463,0.418592656406,0.614962104316,0.650651645959,0.304999438885,-1.000977635169,1.166056869398,1.289127544298,0.688188405332,0.795179379609
Contribución a la variación del estado en valores corrientes|B.1bV---Valor agregado bruto|Actividad económica total  |Actividades terciarias|51---Información en medios masivos<C1>,NA,0.323777210801,0.307937583587,0.326742583521,0.401090562817,0.148689367039,0.118909543996,0.113753210936,-0.041003205164,0.043368788459,0.063656361796,0.040225968626,-0.002782025139,-0.076476991405,0.101639346385,0.094612935152,0.037424156668,-0.140024044231,0.123854670756,0.168770856685,0.090027878381,0.067148861631
Contribución a la variación del estado en valores corrientes|B.1bV---Valor agregado bruto|Actividad económica total  |Actividades terciarias|52---Servicios financieros y de seguros<C1>,NA,0.35024104314,0.699862511861,0.230595557689,0.485971162803,0.276734042764,0.161581882043,0.209057231781,0.140341202607,0.182480718911,0.496141010295,0.181150546986,0.116726777017,0.555950585891,0.426971840788,0.313747902514,0.20521650095,-0.004790786817,0.007741926035,0.849937973826,0.821264893509,0.143541944881
Contribución a la variación del estado en valores corrientes|B.1bV---Valor agregado bruto|Actividad económica total  |Actividades terciarias|53---Servicios inmobiliarios y de alquiler de bienes muebles e intangibles<C1>,NA,0.957749484575,0.708838258126,1.013250164878,0.770247051676,0.886271576373,0.334368039655,0.671413909081,0.627957253436,0.487734007184,0.429937762173,0.523425925107,0.441709588859,0.405707354783,0.335230084526,0.339635427224,0.4367833839,0.207282486357,0.56339845805,0.562700090371,0.53435435434,0.430824589285
"Contribución a la variación del estado en valores corrientes|B.1bV---Valor agregado bruto|Actividad económica total  |Actividades terciarias|54---Servicios profesionales, científicos y técnicos<C1>",NA,0.238893429988,0.19175432078,0.151029666818,0.170421894531,0.168364386286,-0.02205359409,0.031531020618,0.160798636847,0.123649594319,0.059706503362,0.082495654865,0.147198761038,0.157741847226,0.047451338706,0.094994680792,0.072109590469,0.034228542609,0.125977376505,0.20253623595,0.203201203928,0.383231874578
Contribución a la variación del estado en valores corrientes|B.1bV---Valor agregado bruto|Actividad económica total  |Actividades terciarias|55---Corporativos<C1>,NA,0.071318413594,0.046111281021,0.086596032804,0.01184923813,0.089601030834,-0.026586753287,0.029851045569,0.033520324204,0.069569480034,-0.001335503318,0.063387539274,0.038422716064,0.017688174919,0.041996011244,0.060870544964,0.011042922611,0.060255960748,0.092856817271,0.052935104254,-0.006473233108,0.081671340761
"Contribución a la variación del estado en valores corrientes|B.1bV---Valor agregado bruto|Actividad económica total  |Actividades terciarias|56---Servicios de apoyo a los negocios y manejo de residuos, y servicios de remediación<C1>",NA,0.325473977407,0.330866483116,0.302213249809,0.261685287768,0.270018440724,-0.020265566025,0.105239123869,0.301891191663,0.320630114669,0.199754190979,0.120429345148,0.147524426149,0.178461264954,0.348350352769,0.232362777031,0.189924771601,-0.059726751549,-0.699635384573,-1.446765005394,-0.002219670483,0.005895411762
Contribución a la variación del estado en valores corrientes|B.1bV---Valor agregado bruto|Actividad económica total  |Actividades terciarias|61---Servicios educativos<C1>,NA,0.236085293059,0.371723379193,0.343201383577,0.304644345849,0.333333509176,0.212810426962,0.240751644095,0.275921638587,0.377995961546,0.207597353127,0.263885059858,0.284389346059,0.147145410439,0.149771721879,0.193351905646,0.182472963839,0.004752795944,0.153031000575,0.236271173141,0.333839102447,0.189039432438
Contribución a la variación del estado en valores corrientes|B.1bV---Valor agregado bruto|Actividad económica total  |Actividades terciarias|62---Servicios de salud y de asistencia social<C1>,NA,0.145576145865,0.099236831722,0.162988996429,0.162099715,0.223658322501,0.131068099252,0.177131830937,0.229995440584,0.164605804411,0.179756900184,0.114738660487,0.170729085271,0.126259022804,0.18865888148,0.193346643004,0.1623565875,0.216843595713,0.252666060854,0.124767498469,0.173019745881,0.158347483684
"Contribución a la variación del estado en valores corrientes|B.1bV---Valor agregado bruto|Actividad económica total  |Actividades terciarias|71---Servicios de esparcimiento culturales y deportivos, y otros servicios recreativos<C1>",NA,0.035880744742,0.027338164383,0.06420063467,0.056534618163,0.026349199339,0.010270556287,0.049781349893,0.018387403419,0.02961871669,0.033128851759,0.004892932186,0.032401688189,0.032110508745,0.02627718602,0.03367434858,0.010066564013,-0.184740153631,0.092736464836,0.156128455865,0.050098012488,0.044777808472
Contribución a la variación del estado en valores corrientes|B.1bV---Valor agregado bruto|Actividad económica total  |Actividades terciarias|72---Servicios de alojamiento temporal y de preparación de alimentos y bebidas<C1>,NA,0.207289379755,0.160704472437,0.132458732059,0.158958245912,0.043574429864,-0.157868741081,0.145265249849,0.160625700554,0.208247521926,0.105056287067,0.1350159629,0.303142265444,0.17347535195,0.17115862299,0.14801078182,0.152622707842,-0.913084341291,0.521641996104,0.625547171735,0.27251282615,0.139641381895
Contribución a la variación del estado en valores corrientes|B.1bV---Valor agregado bruto|Actividad económica total  |Actividades terciarias|81---Otros servicios excepto actividades gubernamentales<C1>,NA,0.165143292993,0.165794623385,0.19322702908,0.17559452952,0.12705516429,0.073531122567,0.120462953566,0.103824769292,0.141251271938,0.110758271018,0.083000986771,0.138138794927,0.120573818654,0.085819450726,0.074562594178,0.114048781601,-0.159776312752,0.206166029878,0.240346615776,0.245315333633,0.225736428721
"Contribución a la variación del estado en valores corrientes|B.1bV---Valor agregado bruto|Actividad económica total  |Actividades terciarias|93---Actividades legislativas, gubernamentales, de impartición de justicia y de organismos internacionales y extraterritoriales<C1>",NA,0.229273225222,0.260386581672,0.336674061808,0.321987780367,0.32363615765,0.417562134579,0.366845081311,0.31037222202,0.359008876864,0.081885954562,0.247204276238,0.183720547334,0.119056023406,0.150031158959,0.245750289683,0.072670197028,0.176503442571,0.157734389853,0.196800926527,0.268775081903,0.236508408762
Índice de precios implícitos base 2018=100|B.1bP---Producto interno bruto<C1>,46.14440154213,49.890147162508,52.826173793314,56.052349831726,59.487121201589,63.240985581532,66.557015593692,69.467530051658,73.406084621511,76.740346905027,78.047912288748,81.457333185635,84.084681597613,89.195001848276,95.052968306793,100.000000004136,104.319010211945,109.138329572948,114.036428084195,121.638837020837,127.327123966424,132.097596794838
"Índice de precios implícitos base 2018=100|D.21-D.31---Impuestos sobre los productos, netos",35.919332660715,34.601597987912,33.90248955774,32.549745682617,35.670355582438,24.695231754533,44.854943608241,48.610922608086,44.971527359739,42.276793369592,56.079413873212,77.9104535798,87.710149112383,100.815061407826,95.253414013961,100,109.279555632839,130.34665377373,125.921577572044,106.448309399819,137.80814057343,154.319471481764
Índice de precios implícitos base 2018=100|B.1bV---Valor agregado bruto|Actividad económica total  <C1>,46.810507950886,50.880869611915,54.069689983481,57.607593911036,61.021949317685,65.812023467093,67.909605761427,70.695249471628,75.03246473438,78.667686180301,79.254388820503,81.652030594532,83.880230780276,88.536482607251,95.041599917248,100.000000004372,104.034034672468,107.996968136503,113.362887146713,122.52184048663,126.711267105439,130.789805724325
Índice de precios implícitos base 2018=100|B.1bV---Valor agregado bruto|Actividad económica total  |Actividades primarias<C1>,44.712609636475,48.516509243603,50.046927199679,52.45380354275,56.277698463769,59.658009296735,61.951839681291,66.087856607402,71.246604348624,74.511134672763,73.600944230324,76.396420138128,81.043101095099,89.453129020612,95.523150880994,100,104.167435137907,110.571798385285,122.048344488874,136.988441812023,147.524227009951,155.475429380105
"Índice de precios implícitos base 2018=100|B.1bV---Valor agregado bruto|Actividad económica total  |Actividades primarias|11---Agricultura, cría y explotación de animales, aprovechamiento forestal, pesca y caza<C1>",44.712609636475,48.516509243603,50.046927199679,52.45380354275,56.277698463769,59.658009296735,61.951839681291,66.087856607402,71.246604348624,74.511134672763,73.600944230324,76.396420138128,81.043101095099,89.453129020612,95.523150880994,100,104.167435137907,110.571798385285,122.048344488874,136.988441812023,147.524227009951,155.475429380105
"Índice de precios implícitos base 2018=100|B.1bV---Valor agregado bruto|Actividad económica total  |Actividades primarias|11---Agricultura, cría y explotación de animales, aprovechamiento forestal, pesca y caza|111---Agricultura<C1>",42.777972306428,46.275805205895,46.240800740251,50.451916348217,57.020616923677,61.629760079737,65.196282055393,70.159094249877,78.403099974749,79.091428105653,73.3172946314,73.09644714562,77.49493513732,88.509013816465,96.405018586792,100,104.55161021582,112.981475297509,126.694616449437,144.836562599086,156.386387245816,165.402260073253
"Índice de precios implícitos base 2018=100|B.1bV---Valor agregado bruto|Actividad económica total  |Actividades primarias|11---Agricultura, cría y explotación de animales, aprovechamiento forestal, pesca y caza|112---Cría y explotación de animales<C1>",44.100985502097,49.173509977931,52.930566650211,52.675672852123,51.677658449951,53.314687325715,54.482254790419,57.457066447924,58.398604708501,65.645463704723,73.107656054031,82.009485029148,87.698813920484,91.592892801948,93.770125057203,100,103.075501360932,105.742488453813,113.319872777688,121.928969868394,132.251074303944,139.82953509195
"Índice de precios implícitos base 2018=100|B.1bV---Valor agregado bruto|Actividad económica total  |Actividades primarias|11---Agricultura, cría y explotación de animales, aprovechamiento forestal, pesca y caza|114---Pesca, caza y captura<C1>",62.717267597323,62.081055503501,65.252425223591,65.61396054532,67.442720477935,63.877179954512,63.901232239334,63.182539822153,62.566077550516,64.12182910079,67.516636539118,66.870327778025,67.787073215746,75.387360423511,86.305789417187,100,120.787174810652,128.402918269627,129.602154055708,150.457282868813,156.175607010498,132.81790796092
"Índice de precios implícitos base 2018=100|B.1bV---Valor agregado bruto|Actividad económica total  |Actividades primarias|11---Agricultura, cría y explotación de animales, aprovechamiento forestal, pesca y caza|113,115---Aprovechamiento forestal, Servicios relacionados con las actividades agropecuarias y forestales<C1>",71.327578447438,72.562522605354,75.924256294461,77.890302155531,80.151862129389,82.172251579615,79.253018494146,81.673206728546,85.435356290887,85.245756940968,85.082162755507,87.551450184007,89.076690441456,93.415771692692,97.709223926673,100,102.184514688648,106.142525092898,114.113139950196,126.669625879018,130.78148715049,138.862981743216
Índice de precios implícitos base 2018=100|B.1bV---Valor agregado bruto|Actividad económica total  |Actividades secundarias<C1>,40.687883553465,45.980550708901,48.678845949403,53.608370458841,56.815316861893,62.975040378783,62.051801667481,66.028888152661,72.734530105283,76.642145184135,74.559701690343,76.908039741251,77.373560858384,82.689350443886,93.120844269827,100,105.072096833596,107.600065526765,115.584044890368,126.620070434928,129.945350345252,130.961208127251
Índice de precios implícitos base 2018=100|B.1bV---Valor agregado bruto|Actividad económica total  |Actividades secundarias|21---Minería<C1>,32.025226231278,44.050266707627,54.055670701038,62.362732121607,71.605740355442,86.655497822413,66.921794066589,80.244260302367,106.442145110161,105.561258524059,94.230185836551,95.284339685999,62.548335158546,65.255327621253,87.538986565923,100,116.091993887179,100.10850011058,109.747751464957,108.694346254625,110.078684744356,106.862897680772
Índice de precios implícitos base 2018=100|B.1bV---Valor agregado bruto|Actividad económica total  |Actividades secundarias|21---Minería|21-1---Minería petrolera<C1>,32.438837260801,45.594047581432,56.711137166496,64.585810488644,74.686042142143,92.984642068771,68.928450233585,83.297098166052,112.138617432718,111.886415374052,100.892809125218,102.989589724116,59.831812758303,58.432555832971,85.001063779105,100,119.395950614232,88.779467540454,93.797777266642,96.614855789868,103.189333318441,90.127728902833
Índice de precios implícitos base 2018=100|B.1bV---Valor agregado bruto|Actividad económica total  |Actividades secundarias|21---Minería|21-2---Minería no petrolera<C1>,29.29412005468,34.090065481527,38.283484010514,49.108726629414,55.30239327596,53.62183001452,56.699052646851,66.489854623563,83.076870392301,81.989239523953,70.873604801261,68.892152852761,71.302322307187,85.075377004376,94.132222862955,100,108.145808854322,128.10703899045,147.942890523771,137.981172114735,127.709835517129,150.848468428685
"Índice de precios implícitos base 2018=100|B.1bV---Valor agregado bruto|Actividad económica total  |Actividades secundarias|22---Generación, transmisión, distribución y comercialización de energía eléctrica, suministro de agua y de gas natural por ductos al consumidor final<C1>",68.348044466665,61.150882117731,61.312826227967,57.718375138472,58.754554862199,63.768830652249,67.251207020074,63.396815009991,57.481524783151,54.291884913996,58.390391368318,66.122334271759,64.027717985983,66.99294238078,94.241132044267,100,119.196421192834,113.311516137178,131.81174542791,186.90435176926,217.153322331564,153.431165725556
Índice de precios implícitos base 2018=100|B.1bV---Valor agregado bruto|Actividad económica total  |Actividades secundarias|23---Construcción<C1>,45.751128661864,50.175746238943,52.168517895264,55.447517124113,57.618112419293,61.88246208328,63.523488477651,65.937073880963,70.265756038259,73.72839833121,73.220008504691,75.39029114038,78.474898117287,83.887651570535,92.598113984889,100,102.948336273788,107.605912547792,121.070713876808,137.735144642792,141.72776602764,146.034872986247
Índice de precios implícitos base 2018=100|B.1bV---Valor agregado bruto|Actividad económica total  |Actividades secundarias|31-33---Industrias manufactureras<C1>,40.571189923759,44.356968692488,45.009817629951,50.053069272482,51.951235641788,56.374135951381,59.511304137774,62.079343170816,65.238803252185,71.489997268143,70.937257630061,73.499549463158,81.920674502103,87.843656662046,94.349715092273,100,102.402901973002,108.566033193547,114.176628503675,123.329831221133,125.009677503079,129.366037757787
Índice de precios implícitos base 2018=100|B.1bV---Valor agregado bruto|Actividad económica total  |Actividades secundarias|31-33---Industrias manufactureras|311---Industria alimentaria<C1>,43.847352269578,47.09924387304,48.822431859486,50.344023697743,54.942549505749,60.055882173018,65.089482078797,67.899297679079,73.081644493191,78.817430471311,81.359114802255,83.300248359981,87.229842954146,92.113952790834,96.747352307373,100,102.271918649488,107.142505770433,116.187658961481,129.326547886234,137.705924169457,141.386644451758
Índice de precios implícitos base 2018=100|B.1bV---Valor agregado bruto|Actividad económica total  |Actividades secundarias|31-33---Industrias manufactureras|312---Industria de las bebidas y del tabaco<C1>,52.030462085304,52.978288731363,55.39210489248,57.364359995684,58.674165781187,59.141804802205,63.532249939034,65.708573029298,67.634727194997,70.347485361159,72.673179944151,76.025228798005,79.99529629997,89.587034152003,96.41186607024,100,104.878287048248,109.527232373702,114.588591021523,124.885984612976,131.888252893117,135.857804567353
"Índice de precios implícitos base 2018=100|B.1bV---Valor agregado bruto|Actividad económica total  |Actividades secundarias|31-33---Industrias manufactureras|313-314---Fabricación de insumos textiles y acabado de textiles; Fabricación de productos textiles, excepto prendas de vestir<C1>",52.979367086215,53.906400677062,55.625328464203,57.031733879309,58.497467271123,61.753013796624,65.973091454363,68.943281859738,74.19793813336,76.790136023699,76.973148889223,77.872704464749,82.931629014308,88.288300830994,94.367126503173,100,101.583548280129,104.732473272187,111.113020808999,121.596215229557,122.337126467944,124.310114441037
"Índice de precios implícitos base 2018=100|B.1bV---Valor agregado bruto|Actividad económica total  |Actividades secundarias|31-33---Industrias manufactureras|315-316---Fabricación de prendas de vestir; Curtido y acabado de cuero y piel, y fabricación de productos de cuero, piel y materiales sucedáneos<C1>",57.80890414738,59.187228979898,60.492146931124,63.37425127143,63.72969664248,65.886945767984,67.320110903697,67.014512503849,71.702295526666,77.499620694733,77.658381478461,80.049762318637,90.753375597476,94.713663665265,96.979391918589,100,104.388104500811,108.603162808177,114.885829183889,125.200039889429,124.903040233533,129.155276810327
Índice de precios implícitos base 2018=100|B.1bV---Valor agregado bruto|Actividad económica total  |Actividades secundarias|31-33---Industrias manufactureras|321---Industria de la madera<C1>,47.465070673794,50.135171933425,54.003498331839,55.369196903808,59.4631540184,60.723663408374,65.081400315818,66.759138857071,71.358310603449,74.946205651268,76.858728203857,78.244115609531,85.242918751866,91.796772066884,98.567306011576,100,105.48902519505,108.11174060437,114.696642834729,135.896114014875,138.02462715336,138.613255115558
Índice de precios implícitos base 2018=100|B.1bV---Valor agregado bruto|Actividad económica total  |Actividades secundarias|31-33---Industrias manufactureras|322-323---Industria del papel; Impresión e industrias conexas<C1>,49.235614250556,52.390707490775,55.181960324991,56.445267439691,58.723943714283,62.044495912371,67.123563086123,68.255074839514,71.166629294682,75.007867955905,77.962515210627,78.388719887587,83.297550769541,88.658098323407,94.222352366306,100,104.747942910589,107.842784642716,112.695650293499,125.337405736629,127.838286001959,127.340373692685
Índice de precios implícitos base 2018=100|B.1bV---Valor agregado bruto|Actividad económica total  |Actividades secundarias|31-33---Industrias manufactureras|324-326---Fabricación de productos derivados del petróleo y del carbón; Industria química; Industria del plástico y del hule<C1>,31.974097048555,38.552582310966,34.564679145061,49.464715931025,46.937150111486,52.644087124843,48.362673629671,56.228889152078,58.620894345887,69.453205306927,64.909127872086,67.625237144027,76.003601222343,72.767664604772,86.917116400087,100,99.693296452404,103.487559814601,107.386926856218,115.950359142017,113.375557818556,113.240584162506
Índice de precios implícitos base 2018=100|B.1bV---Valor agregado bruto|Actividad económica total  |Actividades secundarias|31-33---Industrias manufactureras|327---Fabricación de productos a base de minerales no metálicos<C1>,58.625772066653,58.719625225291,58.291958016371,60.000701916434,62.796859996457,65.926828341099,68.308803465358,66.751260005841,65.698499034131,69.729255472384,71.790784806507,74.021200221459,80.212573867229,87.565226316797,95.897115591735,100,104.355662222776,108.153243477744,112.951814977344,129.187204522117,136.674009434046,140.408083110889
Índice de precios implícitos base 2018=100|B.1bV---Valor agregado bruto|Actividad económica total  |Actividades secundarias|31-33---Industrias manufactureras|331-332---Industrias metálicas básicas; Fabricación de productos metálicos<C1>,28.382338642221,37.158726732626,39.647130559374,46.686271860346,49.658641228682,58.56828678607,60.201884679738,63.705601417049,72.792654929241,76.425927749551,71.549520178316,70.200180619433,74.341394844095,82.201344861195,89.649713774631,100,101.034902662523,110.940449851488,133.697476360725,139.016211979154,129.681892487753,134.181697661224
"Índice de precios implícitos base 2018=100|B.1bV---Valor agregado bruto|Actividad económica total  |Actividades secundarias|31-33---Industrias manufactureras|333-336---Fabricación de maquinaria y equipo; Fabricación de equipo de computación, comunicación, medición y de otros equipos, componentes y accesorios electrónicos; Fabricación de accesorios, aparatos eléctricos y equipo de generación de energía eléctrica; Fabricación de equipo de transporte<C1>",41.251235511729,43.409388737466,45.147073507384,47.198797344546,49.760327806231,52.449718607257,59.396094283597,59.225010325412,60.696687436753,66.88437153686,67.112767743702,71.08536912587,83.231254408409,92.519291120448,96.331575724498,100,102.645786157745,110.482523209045,111.101869337998,118.142196506248,118.829813191335,125.400828995011
"Índice de precios implícitos base 2018=100|B.1bV---Valor agregado bruto|Actividad económica total  |Actividades secundarias|31-33---Industrias manufactureras|337---Fabricación de muebles, colchones y persianas<C1>",54.827284577111,52.061709498423,53.659305101436,56.401139968225,59.291245393008,60.731035488728,60.919093016043,63.300175634476,66.392155642791,70.334081931449,72.635911187706,74.896235964345,85.461140924144,91.846901972049,96.717742264075,100,104.248299713647,108.45571748031,113.65680063383,124.760252916194,137.570389768658,145.55719732453
Índice de precios implícitos base 2018=100|B.1bV---Valor agregado bruto|Actividad económica total  |Actividades secundarias|31-33---Industrias manufactureras|339---Otras industrias manufactureras<C1>,50.899848391097,52.332195189258,54.953891231388,55.673561653487,59.251524670043,64.741300803157,69.21229573131,66.019171518709,62.565217516205,68.392919099718,65.485167112342,71.343055671632,86.434015468734,91.05837280657,95.850894009465,100,105.476840402165,112.481551218389,117.451424446767,130.094512786397,141.34852513064,148.517469039978
Índice de precios implícitos base 2018=100|B.1bV---Valor agregado bruto|Actividad económica total  |Actividades terciarias<C1>,50.925011526902,54.223114930127,57.822694049742,60.532769318436,64.018245073087,67.955289023724,71.820778222924,73.7629062773,76.601559642146,80.099206452379,82.297158607667,84.722095018673,87.800362480799,91.793700060255,96.081589577169,100.000000006979,103.476395201185,108.047952052072,111.671243575319,119.469781557743,123.811818074974,129.345414052766
Índice de precios implícitos base 2018=100|B.1bV---Valor agregado bruto|Actividad económica total  |Actividades terciarias|43---Comercio al por mayor<C1>,44.812962814432,48.81784999484,50.94218449393,52.86645674283,56.316418836568,61.279441461795,65.646444265647,66.738223058747,70.222721717436,74.733187319089,75.996849007366,77.059280485931,82.830266167306,89.823983444779,95.815867046822,100,102.611904565467,107.751504253247,113.613933902299,123.411266134338,120.354183710276,124.669893469312
Índice de precios implícitos base 2018=100|B.1bV---Valor agregado bruto|Actividad económica total  |Actividades terciarias|46---Comercio al por menor<C1>,43.343198222802,47.625920755875,49.953023908873,51.412853641486,54.779404829557,59.640494784392,64.089258568111,65.42355493637,68.837891755847,73.676701712294,74.616778878747,76.373934005427,81.141343547922,89.818612703779,96.105183849734,100,102.698172767043,108.066711159718,114.154724644886,122.228066913295,121.091310543804,125.236786417408
"Índice de precios implícitos base 2018=100|B.1bV---Valor agregado bruto|Actividad económica total  |Actividades terciarias|48-49---Transportes, correos y almacenamiento<C1>",47.816971723749,51.029128303763,54.701473566104,58.609236018498,60.687001093426,63.848898662238,68.284322050555,72.702044970003,75.656018768603,79.74131832005,82.333300129104,84.613261348795,86.630009736475,89.219331337586,93.911845106631,100.00000006047,104.294076539959,108.817038648198,111.961168912116,119.781438527487,127.277186512631,135.208194516444
Índice de precios implícitos base 2018=100|B.1bV---Valor agregado bruto|Actividad económica total  |Actividades terciarias|51---Información en medios masivos<C1>,134.843540292627,143.172296029449,151.81034482889,160.687494567299,163.60310104524,163.5979712333,168.969098901515,171.530854181348,161.089238440284,150.225151240555,150.593388218474,147.102286735012,121.537014099357,101.619295782752,98.984112996045,100,100.035471677273,98.801524086502,100.055567040203,99.395198491583,98.427977888528,100.103224531492
Índice de precios implícitos base 2018=100|B.1bV---Valor agregado bruto|Actividad económica total  |Actividades terciarias|52---Servicios financieros y de seguros<C1>,75.822967262804,73.671502005416,110.074833212392,106.033537954271,114.436890174644,106.0068681173,102.634480553595,89.577237666627,90.079226338081,90.243507902203,90.191546413149,92.767570040466,88.608669468228,92.319704189828,95.332573599673,100,103.742633572594,110.52292333859,108.690756744766,126.84699295018,142.283021862807,143.67116270338
Índice de precios implícitos base 2018=100|B.1bV---Valor agregado bruto|Actividad económica total  |Actividades terciarias|53---Servicios inmobiliarios y de alquiler de bienes muebles e intangibles<C1>,63.002275159001,65.768522811661,68.482639660645,71.755671146072,74.442141114558,78.119367512051,80.308132316278,82.692146956972,85.062294767108,86.856404561323,89.69966134899,92.246107895033,94.003994298633,95.984038210475,98.014791395895,100,103.33038790379,106.146866650655,107.364625560445,110.825704763376,114.864655408034,119.422445501495
"Índice de precios implícitos base 2018=100|B.1bV---Valor agregado bruto|Actividad económica total  |Actividades terciarias|54---Servicios profesionales, científicos y técnicos<C1>",55.715828428432,59.241849607623,62.277571433487,64.520591195143,67.229826602742,70.106672378639,72.490743985584,74.030595566649,76.489337439392,79.684996273249,81.678343215197,84.509508230886,87.81730001564,92.763361570606,95.909864062517,100,103.384386274423,106.877117853799,108.325557144265,112.834315778463,117.246114916027,123.966231934418
Índice de precios implícitos base 2018=100|B.1bV---Valor agregado bruto|Actividad económica total  |Actividades terciarias|55---Corporativos<C1>,50.760237898802,57.298804102765,60.807949673569,62.889857350205,63.838230171057,70.320999550624,72.032429189141,72.642244699075,75.181076035293,78.401378172513,79.580443749013,82.423649096224,84.541774988488,88.692793078319,94.867424650128,100,103.5373079084,107.601058564362,111.780401454304,117.228850734943,121.052189738422,126.354277774803
"Índice de precios implícitos base 2018=100|B.1bV---Valor agregado bruto|Actividad económica total  |Actividades terciarias|56---Servicios de apoyo a los negocios y manejo de residuos, y servicios de remediación<C1>",55.008359785058,57.824998453084,61.062025699828,63.839063854203,66.440454882904,70.132905641522,74.473152138773,76.028721737387,78.676024583653,82.849422850056,84.110897060139,87.224237476805,90.200024677406,93.945794766232,97.266088921527,100,102.313557034345,104.226210084566,105.351744260688,110.530299330382,115.158701097234,121.083414957281
Índice de precios implícitos base 2018=100|B.1bV---Valor agregado bruto|Actividad económica total  |Actividades terciarias|61---Servicios educativos<C1>,41.92147954256,43.893005028469,47.429669659949,51.769524945162,55.027202305482,59.311468172749,62.501104287934,66.226922379112,69.862762066734,75.742114334842,79.39960077163,84.197522598786,90.323477871145,92.762955931301,95.539600320357,100,104.63730849817,107.666000959165,111.878896309164,117.822975294335,127.473855350491,134.049476156655
Índice de precios implícitos base 2018=100|B.1bV---Valor agregado bruto|Actividad económica total  |Actividades terciarias|62---Servicios de salud y de asistencia social<C1>,43.005565550384,45.285479489662,46.596787723187,46.830356268002,49.913306288624,54.985645200244,57.429647166385,61.68213304132,66.531661140769,69.838024147752,74.795272435239,78.743550898983,86.18099318955,88.489468518555,94.691298304575,100,105.282431464406,116.933846830588,120.73844113464,127.619877234697,135.041785120807,142.878760799959
"Índice de precios implícitos base 2018=100|B.1bV---Valor agregado bruto|Actividad económica total  |Actividades terciarias|71---Servicios de esparcimiento culturales y deportivos, y otros servicios recreativos<C1>",54.439036766452,57.08719166187,60.083715328336,64.11252494458,67.724248555888,70.351076428606,74.159259161613,77.441505467026,80.272994231778,82.392722514255,84.825043359401,86.724145133628,89.577897735325,91.798508172277,95.283265720703,100,103.577098401968,107.082594395856,108.502641588893,113.089819717747,119.817178047477,127.531140971158
Índice de precios implícitos base 2018=100|B.1bV---Valor agregado bruto|Actividad económica total  |Actividades terciarias|72---Servicios de alojamiento temporal y de preparación de alimentos y bebidas<C1>,53.011078396774,54.533663231613,56.686401895651,58.561245348562,60.994219942051,62.672157357997,65.493767982233,68.967956751111,72.331027926655,75.004591328025,78.065367976327,81.716882629506,86.613378372402,91.136629823651,95.917425525266,100,105.460022141466,110.852569137776,111.575642961702,121.674033308716,131.966865732831,142.239785911517
Índice de precios implícitos base 2018=100|B.1bV---Valor agregado bruto|Actividad económica total  |Actividades terciarias|81---Otros servicios excepto actividades gubernamentales<C1>,56.487618457529,59.068886641718,61.465313091309,64.494780065946,67.14640053066,69.960055224842,72.851821135637,75.913325527854,78.086540492477,80.830966091998,83.447575564434,86.00543932,88.923451732166,92.239262911083,97.13056933794,100,104.238735089468,111.606934196177,118.584597788712,130.830907181259,143.305817697446,157.5374261567
"Índice de precios implícitos base 2018=100|B.1bV---Valor agregado bruto|Actividad económica total  |Actividades terciarias|93---Actividades legislativas, gubernamentales, de impartición de justicia y de organismos internacionales y extraterritoriales<C1>",43.91253926965,46.757977756487,49.778900163102,53.532739395833,58.090221395042,62.199834542945,67.305790404545,71.396131829946,76.027199075571,79.844908633732,82.735727665167,86.326908231228,88.787690799924,91.33530620851,95.890802404862,100,104.81144490256,109.796266728695,116.286267627541,122.655279649587,131.875394829504,138.50678750391
Variación porcentual anual de los índices de precios implícitos|B.1bP---Producto interno bruto<C1>,NA,8.117443276316,5.884982903022,6.107154478071,6.127791930534,6.310381649201,5.243482500577,4.372964190182,5.669633808665,4.54221513204,1.703882555208,4.368369117003,3.225428956765,6.077587681331,6.567594974079,5.204499959829,4.31901020763,4.619790152544,4.487972768516,6.666649477156,4.676373997733,3.746627332658
"Variación porcentual anual de los índices de precios implícitos|D.21-D.31---Impuestos sobre los productos, netos",NA,-3.668594528885,-2.020451282095,-3.990101885642,9.587202094447001,-30.768192939766,81.634025766968,8.373612132142,-7.486784971536,-5.992089102492,32.648219989049,38.928794362839,12.578152330413,14.9411583814,-5.516683039419,4.983113765711,9.279555632839,19.278169662103,-3.394852168102,-15.464599910276,29.460149579101,11.981390097587
Variación porcentual anual de los índices de precios implícitos|B.1bV---Valor agregado bruto|Actividad económica total  <C1>,NA,8.695401607903,6.267228520047,6.543229540683,5.926918961278,7.849756035276,3.187232642046,4.101987751169,6.135087286866,4.844864764592,0.745798775443,3.025247951201,2.728897456095,5.551071788503,7.347386205587,5.217083983688,4.03403466792,3.809266339147,4.96858301006,8.079322581176,3.419330465629,3.218765554205
Variación porcentual anual de los índices de precios implícitos|B.1bV---Valor agregado bruto|Actividad económica total  |Actividades primarias<C1>,NA,8.507442616422,3.154427183522,4.809239003761,7.290024102642,6.006483785299,3.84496635338,6.676180961516,7.805893557523,4.58201531706,-1.221549566298,3.798152234373,6.082328136017,10.377228674461,6.785700988708,4.686663994766,4.167435137907,6.148143360638,10.379270547449,12.241130664833,7.691003020813,5.389760401604
"Variación porcentual anual de los índices de precios implícitos|B.1bV---Valor agregado bruto|Actividad económica total  |Actividades primarias|11---Agricultura, cría y explotación de animales, aprovechamiento forestal, pesca y caza<C1>",NA,8.507442616422,3.154427183522,4.809239003761,7.290024102642,6.006483785299,3.84496635338,6.676180961516,7.805893557523,4.58201531706,-1.221549566298,3.798152234373,6.082328136017,10.377228674461,6.785700988708,4.686663994766,4.167435137907,6.148143360638,10.379270547449,12.241130664833,7.691003020813,5.389760401604
"Variación porcentual anual de los índices de precios implícitos|B.1bV---Valor agregado bruto|Actividad económica total  |Actividades primarias|11---Agricultura, cría y explotación de animales, aprovechamiento forestal, pesca y caza|111---Agricultura<C1>",NA,8.176715049538,-0.07564312601,9.106926222193,13.019724622794,8.083292333069,5.787012591063,7.612109215472,11.750444918103,0.877934840747,-7.30058062239,-0.301221542462,6.017375896447,14.212643264529,8.921130662127,3.729039697214,4.55161021582,8.062874463901,12.137512911579,14.319429394926,7.97438467157,5.765126355445
"Variación porcentual anual de los índices de precios implícitos|B.1bV---Valor agregado bruto|Actividad económica total  |Actividades primarias|11---Agricultura, cría y explotación de animales, aprovechamiento forestal, pesca y caza|112---Cría y explotación de animales<C1>",NA,11.502066037941,7.640407760126,-0.481562571911,-1.894640064634,3.167769060878,2.189954632147,5.460147838867,1.638681399494,12.409301613275,11.367415093408,12.176329341674,6.937403508038,4.44028682645,2.377075544456,6.643773738167,3.075501360932,2.58741122543,7.165884248303,7.597164451107,8.465670173947,5.730358583393
"Variación porcentual anual de los índices de precios implícitos|B.1bV---Valor agregado bruto|Actividad económica total  |Actividades primarias|11---Agricultura, cría y explotación de animales, aprovechamiento forestal, pesca y caza|114---Pesca, caza y captura<C1>",NA,-1.014412965034,5.108433956815,0.554056528152,2.787150657293,-5.286768532105,0.037653955355,-1.124692579463,-0.975684537805,2.486573573384,5.294308484232,-0.957258528005,1.370930079428,11.212000824369,14.483102913192,15.867082237806,20.787174810652,6.305092797239,0.933963030001,16.091652924334,3.800629675515,-14.956048192602
"Variación porcentual anual de los índices de precios implícitos|B.1bV---Valor agregado bruto|Actividad económica total  |Actividades primarias|11---Agricultura, cría y explotación de animales, aprovechamiento forestal, pesca y caza|113,115---Aprovechamiento forestal, Servicios relacionados con las actividades agropecuarias y forestales<C1>",NA,1.731369807859,4.632878748428,2.589483199473,2.903519323037,2.520701823452,-3.552577700321,3.053748968033,4.606344862698,-0.221921413043,-0.191908889464,2.902238669691,1.742107360008,4.87117474811,4.596067833283,2.344482927268,2.184514688648,3.873395510376,7.509351082728,11.003540814233,3.246130430194,6.179387288529
Variación porcentual anual de los índices de precios implícitos|B.1bV---Valor agregado bruto|Actividad económica total  |Actividades secundarias<C1>,NA,13.007968695352,5.868340415461,10.126625669314,5.982174752941,10.841660061253,-1.46603909382,6.409300581621,10.155618457664,5.372434623824,-2.717099695982,3.149607626732,0.605295777528,6.870292030674,12.615280891606,7.387342526921,5.072096833596,2.405937227247,7.420050651937,9.54805272218,2.626187064106,0.78175769991
Variación porcentual anual de los índices de precios implícitos|B.1bV---Valor agregado bruto|Actividad económica total  |Actividades secundarias|21---Minería<C1>,NA,37.548651146154,22.713605935282,15.367604014225,14.82136513168,21.017529310172,-22.772592912991,19.907515065304,32.647674374564,-0.827573124527,-10.734120496418,1.11870080706,-34.356122564664,4.327840950275,34.148413251415,14.23481573515,16.091993887179,-13.767955258079,9.62880409129,-0.959842180155,1.273606712246,-2.921353094881
Variación porcentual anual de los índices de precios implícitos|B.1bV---Valor agregado bruto|Actividad económica total  |Actividades secundarias|21---Minería|21-1---Minería petrolera<C1>,NA,40.553889816907,24.382765239714,13.885585293466,15.638468538341,24.500695714739,-25.871145277297,20.845743497459,34.624878779295,-0.22490205822,-9.825684567765,2.078226007461,-41.904989699854,-2.338650394873,45.468673357503,17.645586483333,19.395950614232,-25.642815285001,5.652556683674,3.003353176715,6.804830866665,-12.657901738061
Variación porcentual anual de los índices de precios implícitos|B.1bV---Valor agregado bruto|Actividad económica total  |Actividades secundarias|21---Minería|21-2---Minería no petrolera<C1>,NA,16.37169991075,12.300998750675,28.276534643313,12.612150775737,-3.038861723495,5.738749743337,17.268016870923,24.946686772962,-1.309186134735,-13.557431179057,-2.795754433623,3.498467321201,19.316418107466,10.645672317283,6.23354783153,8.145808854322,18.457701086703,15.483810795752,-6.733489100942,-7.444013150624,18.118129130667
"Variación porcentual anual de los índices de precios implícitos|B.1bV---Valor agregado bruto|Actividad económica total  |Actividades secundarias|22---Generación, transmisión, distribución y comercialización de energía eléctrica, suministro de agua y de gas natural por ductos al consumidor final<C1>",NA,-10.530165720314,0.264827104087,-5.862478229483,1.795233703723,8.534275856247,5.460938098137,-5.731335065752,-9.330579502942,-5.54898270564,7.549022217251,13.241806951882,-3.167789384397,4.631157392563,40.673224216085,6.110779689094,19.196421192834,-4.937149116361,16.32687472678,41.7964318449,16.184198107729,-29.344315768152
Variación porcentual anual de los índices de precios implícitos|B.1bV---Valor agregado bruto|Actividad económica total  |Actividades secundarias|23---Construcción<C1>,NA,9.671056663499,3.971583495403,6.285398476208,3.914684385815,7.401057558003,2.651844059085,3.799516464152,6.564868445801,4.927922914635,-0.689544107869,2.964056792687,4.091517528647,6.897432915629,10.383485830486,7.993560232036,2.948336273788,4.52418799816,12.513068297279,13.764212857405,2.898767337271,3.03900010515
Variación porcentual anual de los índices de precios implícitos|B.1bV---Valor agregado bruto|Actividad económica total  |Actividades secundarias|31-33---Industrias manufactureras<C1>,NA,9.331199740119,1.471806926188,11.20478133014,3.792307638464,8.513561332958,5.564906908903,4.315212160528,5.089390318895,9.582018222795,-0.773170596173,3.612053691812,11.457383209085,7.23014330136,7.406406651828,5.988661335332,2.402901973002,6.018512270453,5.167910390652,8.016704326808,1.362076202743,3.484818409039
Variación porcentual anual de los índices de precios implícitos|B.1bV---Valor agregado bruto|Actividad económica total  |Actividades secundarias|31-33---Industrias manufactureras|311---Industria alimentaria<C1>,NA,7.416392176816,3.658631954031,3.116583464413,9.134203963542,9.306689830136,8.38152687738,4.316850450401,7.632401204805,7.848463205634,3.224774413154,2.385883330275,4.717386408241,5.59912716942,5.030073486326,3.362001765478,2.271918649488,4.762389505606,8.442170664207,11.308334329302,6.479239120025,2.672884485181
Variación porcentual anual de los índices de precios implícitos|B.1bV---Valor agregado bruto|Actividad económica total  |Actividades secundarias|31-33---Industrias manufactureras|312---Industria de las bebidas y del tabaco<C1>,NA,1.82167639508,4.556236562032,3.560534677338,2.283309332836,0.79701008918,7.42359005024,3.425540717277,2.931358994572,4.010895406351,3.306009548248,4.612497838171,5.222039531789,11.990377304267,7.618102310048,3.721672524361,4.878287048248,4.432705239851,4.62109608554,8.986403881621,5.6069288334,3.009784106741
"Variación porcentual anual de los índices de precios implícitos|B.1bV---Valor agregado bruto|Actividad económica total  |Actividades secundarias|31-33---Industrias manufactureras|313-314---Fabricación de insumos textiles y acabado de textiles; Fabricación de productos textiles, excepto prendas de vestir<C1>",NA,1.749801180785,3.188726692102,2.528354355716,2.570031265253,5.565277741705,6.833800325337,4.502124032538,7.621708935052,3.493625234814,0.238328612242,1.16866152484,6.496402795217,6.459142163675,6.885199528095,5.969105667997,1.583548280129,3.09983756757,6.092234182449,9.434712821442,0.60932097022,1.612746702539
"Variación porcentual anual de los índices de precios implícitos|B.1bV---Valor agregado bruto|Actividad económica total  |Actividades secundarias|31-33---Industrias manufactureras|315-316---Fabricación de prendas de vestir; Curtido y acabado de cuero y piel, y fabricación de productos de cuero, piel y materiales sucedáneos<C1>",NA,2.384277738606,2.204728914863,4.76442726291,0.560867172265,3.38499826479,2.175188300213,-0.453948152708,6.99517589201,8.085271364724,0.204853626772,3.079359619205,13.371199325032,4.363791475211,2.392187320862,3.114690679796,4.388104500811,4.037872253283,5.784975513843,8.977791933791,-0.237220096861,3.40443000334
Variación porcentual anual de los índices de precios implícitos|B.1bV---Valor agregado bruto|Actividad económica total  |Actividades secundarias|31-33---Industrias manufactureras|321---Industria de la madera<C1>,NA,5.625402473287,7.715793621992,2.528907597017,7.393925401707,2.119815894031,7.176340594173,2.57790787093,6.889201725961,5.027998865833,2.551860412371,1.80251148835,8.944830020524,7.688443111733,7.375568652631,1.453518460021,5.48902519505,2.486244805534,6.090829907601,18.483079065089,1.566279620219,0.426465895498
Variación porcentual anual de los índices de precios implícitos|B.1bV---Valor agregado bruto|Actividad económica total  |Actividades secundarias|31-33---Industrias manufactureras|322-323---Industria del papel; Impresión e industrias conexas<C1>,NA,6.4081524893,5.327763200578,2.289348017468,4.036966034445,5.654511580905,8.186168811695,1.685714675097,4.265696670927,5.39752788532,3.939116435704,0.546678972335,6.262164873968,6.43542037472,6.276080976384,6.131928877378,4.747942910589,2.954560868817,4.499944680454,11.217607254767,1.995318357383,-0.389486064657
Variación porcentual anual de los índices de precios implícitos|B.1bV---Valor agregado bruto|Actividad económica total  |Actividades secundarias|31-33---Industrias manufactureras|324-326---Fabricación de productos derivados del petróleo y del carbón; Industria química; Industria del plástico y del hule<C1>,NA,20.574420764474,-10.344062386635,43.107695932693,-5.109835914278,12.158678146845,-8.132752848423,16.265055118005,4.254050239797,18.47858358681,-6.542646109362,4.184479688733,12.389404358719,-4.257609594188,19.444696861121,15.052137187446,-0.306703547596,3.80593630386,3.767957277766,7.974371309894,-2.220606596231,-0.119050048041
Variación porcentual anual de los índices de precios implícitos|B.1bV---Valor agregado bruto|Actividad económica total  |Actividades secundarias|31-33---Industrias manufactureras|327---Fabricación de productos a base de minerales no metálicos<C1>,NA,0.160088567416,-0.728320739922,2.931354441007,4.660208948751,4.984275240543,3.613058877844,-2.280150405953,-1.577140224196,6.135233677346,2.956476905077,3.106826901201,8.364324851862,9.166458692297,9.515066225941,4.278423165231,4.355662222776,3.639075421572,4.436826252546,14.37373055761,5.79531458988,2.732102242632
Variación porcentual anual de los índices de precios implícitos|B.1bV---Valor agregado bruto|Actividad económica total  |Actividades secundarias|31-33---Industrias manufactureras|331-332---Industrias metálicas básicas; Fabricación de productos metálicos<C1>,NA,30.922004705241,6.696687549746,17.754478575519,6.36668821453,17.941782813505,2.789219188936,5.819945265751,14.264135821752,4.991262956189,-6.380567059932,-1.885882051368,5.899150384117,10.572777163495,9.06112780273,11.545252951268,1.034902662523,9.804084457874,20.512830567842,3.9781869959,-6.714554625327,3.46987932328
"Variación porcentual anual de los índices de precios implícitos|B.1bV---Valor agregado bruto|Actividad económica total  |Actividades secundarias|31-33---Industrias manufactureras|333-336---Fabricación de maquinaria y equipo; Fabricación de equipo de computación, comunicación, medición y de otros equipos, componentes y accesorios electrónicos; Fabricación de accesorios, aparatos eléctricos y equipo de generación de energía eléctrica; Fabricación de equipo de transporte<C1>",NA,5.231729908122,4.003015984462,4.544533405529,5.427109599819,5.404688673874,13.243875965006,-0.288039071,2.484891270183,10.194434591764,0.341479185038,5.919293028324,17.086336375397,11.159313623298,4.120529413792,3.80812236062,2.645786157745,7.6347382047,0.5605828967,6.336821522626,0.582024632537,5.529770372605
"Variación porcentual anual de los índices de precios implícitos|B.1bV---Valor agregado bruto|Actividad económica total  |Actividades secundarias|31-33---Industrias manufactureras|337---Fabricación de muebles, colchones y persianas<C1>",NA,-5.044158396717,3.068657595774,5.109709977805,5.124196827247,2.428335053812,0.309656382114,3.908598274446,4.884631009825,5.937337401525,3.27270818506,3.111855746943,14.106055963652,7.47212239253,5.303216752491,3.393645942399,4.248299713647,4.035958167395,4.795582265605,9.769281046487,10.267802888368,5.805615270337
Variación porcentual anual de los índices de precios implícitos|B.1bV---Valor agregado bruto|Actividad económica total  |Actividades secundarias|31-33---Industrias manufactureras|339---Otras industrias manufactureras<C1>,NA,2.814049242653,5.009719222839,1.309589559489,6.426682450865,9.26520653044,6.905939288657,-4.613521598817,-5.231743935964,9.314602929341,-4.251539524342,8.945367046618,21.152668125908,5.350159092758,5.263130731619,4.328708702629,5.476840402165,6.640994164706,4.418389659944,10.764525333927,8.650643369349,5.071820807972
Variación porcentual anual de los índices de precios implícitos|B.1bV---Valor agregado bruto|Actividad económica total  |Actividades terciarias<C1>,NA,6.47639206028,6.638458753713,4.686871328345,5.757998178335,6.149877970167,5.688283067784,2.704131175449,3.848348049322,4.566025582994,2.744037366456,2.946561524155,3.63337032854,4.548201700567,4.671224184339,4.078211494058,3.476395193963,4.417970728492,3.35341064262,6.983479123848,3.63442241261,4.469360085191
Variación porcentual anual de los índices de precios implícitos|B.1bV---Valor agregado bruto|Actividad económica total  |Actividades terciarias|43---Comercio al por mayor<C1>,NA,8.936894436085,4.351552760547,3.777365003123,6.525805409128,8.812745426214,7.126375012042,1.663119465667,5.221143894739,6.423085706934,1.69089762341,1.397994117443,7.489020978373,8.443432094431,6.670694587628,4.366847665359,2.611904565467,5.008775258139,5.440694020636,8.62335445621,-2.477150198536,3.585841078383
Variación porcentual anual de los índices de precios implícitos|B.1bV---Valor agregado bruto|Actividad económica total  |Actividades terciarias|46---Comercio al por menor<C1>,NA,9.880956433021,4.886211365711,2.922405128619,6.548073000473,8.873937148386,7.459300597357,2.081934473998,5.218818853237,7.029282613142,1.275949037627,2.354906165992,6.24219454527,10.694017102061,6.99918530994,4.052659798618,2.698172767043,5.227491636928,5.633569690272,7.072280445267,-0.930028919051,3.423429687058
"Variación porcentual anual de los índices de precios implícitos|B.1bV---Valor agregado bruto|Actividad económica total  |Actividades terciarias|48-49---Transportes, correos y almacenamiento<C1>",NA,6.717607711696,7.19656671476,7.143797411,3.545115439267,5.210172708888,6.946750032104,6.469600615171,4.063123396073,5.399834167777,3.250487781818,2.769184784426,2.383489721979,2.988942987525,5.259525821024,6.482840313622,4.294076476892,4.336739207338,2.889373119299,6.984805260036,6.257854369835,6.231287963791
Variación porcentual anual de los índices de precios implícitos|B.1bV---Valor agregado bruto|Actividad económica total  |Actividades terciarias|51---Información en medios masivos<C1>,NA,6.176607139465,6.033324210757,5.847526233087,1.814457612767,-0.003135522436,3.283126085076,1.516108742064,-6.087310525502,-6.744142131975,0.245123386382,-2.318230252179,-17.379248958725,-16.388191255318,-2.593191348561,1.026313186234,0.035471677273,-1.233510044069,1.269254665144,-0.660001805152,-0.973105962595,1.702002498579
Variación porcentual anual de los índices de precios implícitos|B.1bV---Valor agregado bruto|Actividad económica total  |Actividades terciarias|52---Servicios financieros y de seguros<C1>,NA,-2.837484913946,49.413043328884,-3.671407114761,7.925183279273,-7.366524941808,-3.181291574404,-12.722082107825,0.560397579263,0.182374528291,-0.05757919906,2.856169707432,-4.483140574259,4.188116968544,3.263517183341,4.895940835424,3.742633572594,6.535683096238,-1.657725418836,16.704489644919,12.169014458774,0.975619453677
Variación porcentual anual de los índices de precios implícitos|B.1bV---Valor agregado bruto|Actividad económica total  |Actividades terciarias|53---Servicios inmobiliarios y de alquiler de bienes muebles e intangibles<C1>,NA,4.390710725412,4.126771794398,4.779359413781,3.74391309506,4.939710683273,2.801820949062,2.968584341253,2.86623083008,2.109171636066,3.273514258421,2.838858595169,1.905648318084,2.106340189707,2.115719679315,2.025417363882,3.33038790379,2.725702287586,1.147239620174,3.223668116816,3.644416837485,3.967965669919
"Variación porcentual anual de los índices de precios implícitos|B.1bV---Valor agregado bruto|Actividad económica total  |Actividades terciarias|54---Servicios profesionales, científicos y técnicos<C1>",NA,6.328580725889,5.124286034232,3.601649373967,4.199024462446,4.27912121936,3.400634384797,2.124204410664,3.321250969175,4.177914126121,2.501533582448,3.466237076124,3.914106062145,5.632217745348,3.391966869933,4.264562334086,3.384386274423,3.378393687133,1.35523797755,4.162229812669,3.909979962325,5.731633003963
Variación porcentual anual de los índices de precios implícitos|B.1bV---Valor agregado bruto|Actividad económica total  |Actividades terciarias|55---Corporativos<C1>,NA,12.881275728058,6.12429111873,3.423742599137,1.50799009699,10.15499546619,2.433739067211,0.846584679704,3.494979191151,4.283394581514,1.503883737739,3.572743771294,2.56980358852,4.910020034943,6.961818832739,5.410261076235,3.5373079084,3.924914350253,3.884109455524,4.874243793861,3.26143178877,4.380001756134
"Variación porcentual anual de los índices de precios implícitos|B.1bV---Valor agregado bruto|Actividad económica total  |Actividades terciarias|56---Servicios de apoyo a los negocios y manejo de residuos, y servicios de remediación<C1>",NA,5.120382936397,5.597972042092,4.547897195593,4.07492038831,5.557533832551,6.188602136971,2.088765620818,3.481977318269,5.304536278349,1.522610739686,3.701470945483,3.411651722828,4.15273732155,3.534265864222,2.810754610149,2.313557034345,1.869403337799,1.079895522641,4.915490584456,4.187450676323,5.144825187846
Variación porcentual anual de los índices de precios implícitos|B.1bV---Valor agregado bruto|Actividad económica total  |Actividades terciarias|61---Servicios educativos<C1>,NA,4.70290053553,8.057467537677,9.150085413472,6.292654537145,7.785723583552,5.377772989694,5.961203619721,5.489972290738,8.415573753714,4.82886762392,6.042753087583,7.275695392547,2.700823880626,2.993268553357,4.668639668459,4.63730849817,2.894467092536,3.912930091642,5.312958190743,8.191000127137,5.158407414669
Variación porcentual anual de los índices de precios implícitos|B.1bV---Valor agregado bruto|Actividad económica total  |Actividades terciarias|62---Servicios de salud y de asistencia social<C1>,NA,5.301439267452,2.895648336514,0.501254606224,6.583229909631,10.162297969782,4.444800015059,7.404687447608,7.862127751322,4.969608379366,7.098208100789,5.278780777438,9.445144657127,2.678636255593,7.008551288473,5.606324752618,5.282431464406,11.066818275489,3.253629643746,5.699457468051,5.815636284041,5.803370913781
"Variación porcentual anual de los índices de precios implícitos|B.1bV---Valor agregado bruto|Actividad económica total  |Actividades terciarias|71---Servicios de esparcimiento culturales y deportivos, y otros servicios recreativos<C1>",NA,4.864441130321,5.249029737204,6.705327049481,5.633413462393,3.878710991603,5.413112245513,4.425942684055,3.65629354398,2.640649327664,2.952106412948,2.238845627441,3.290609088507,2.478971368041,3.796093877567,4.95022315159,3.577098401968,3.384431547101,1.326123261253,4.227711013926,5.948686050186,6.438111003269
Variación porcentual anual de los índices de precios implícitos|B.1bV---Valor agregado bruto|Actividad económica total  |Actividades terciarias|72---Servicios de alojamiento temporal y de preparación de alimentos y bebidas<C1>,NA,2.872201209421,3.947540906788,3.307395407389,4.154581377168,2.75097774435,4.502175676064,5.304609699385,4.876280716392,3.696288409009,4.080785714725,4.677509051499,5.992024640852,5.222347328147,5.245745548048,4.256342841123,5.460022141466,5.1133565941,0.652284227195,9.050712215461,8.459350071843,7.784469322386
Variación porcentual anual de los índices de precios implícitos|B.1bV---Valor agregado bruto|Actividad económica total  |Actividades terciarias|81---Otros servicios excepto actividades gubernamentales<C1>,NA,4.569617651928,4.057002909377,4.928742443948,4.111372210282,4.190328404718,4.133452870358,4.2023718069,2.862758217364,3.514594938145,3.237137447371,3.065234356139,3.392823099605,3.728837684916,5.302846393701,2.954199364442,4.238735089468,7.068580696403,6.251998267661,10.32706575804,9.535140269955,9.930935594883
"Variación porcentual anual de los índices de precios implícitos|B.1bV---Valor agregado bruto|Actividad económica total  |Actividades terciarias|93---Actividades legislativas, gubernamentales, de impartición de justicia y de organismos internacionales y extraterritoriales<C1>",NA,6.479785806428,6.460763599204,7.541024852762,8.513448126594,7.074535178573,8.208954089861,6.077250413101,6.486439989012,5.021504941102,3.620542725768,4.340543882801,2.850539442586,2.869334009741,4.987661820449,4.285288570001,4.81144490256,4.755989988278,5.910948607099,5.477011303214,7.517096048583,5.028529152826
