Descriptores,2003,2004,2005,2006,2007,2008,2009,2010,2011,2012,2013,2014,2015,2016,2017,2018,2019,2020,2021,2022,2023<R>,2024<P>
Millones de pesos a precios de 2018|B.1bP---Producto interno bruto<C1>,1212171.197,1246901.39,1274855.822,1340006.101,1380125.9170000001,1408019.743,1315481.838,1393675.357,1433185.382,1488616.7970000003,1514072.5969999996,1567647.1730000002,1626750.8130000003,1676418.7359999998,1708140.018,1754179.5100000002,1767123.3190000001,1624208.871,1712483.099,1797547.0629999998,1849621.221,1864059.172
"Millones de pesos a precios de 2018|D.21-D.31---Impuestos sobre los productos, netos",89083.785,91195.52,95731.913,100322.682,99854.626,107035.092,94653.468,95180.945,91220.143,95566.137,95162.42,99776.791,105313.479,105792.348,107218.488,110340.807,115042.259,96619.503,107175.878,115167.524,119133.13,118586.092
Millones de pesos a precios de 2018|B.1bV---Valor agregado bruto|Actividad económica total  <C1>,1123087.412,1155705.8699999999,1179123.909,1239683.419,1280271.2910000002,1300984.651,1220828.37,1298494.412,1341965.239,1393050.6600000001,1418910.1769999997,1467870.3820000002,1521437.3340000003,1570626.3879999998,1600921.53,1643838.7030000002,1652081.06,1527589.368,1605307.221,1682379.5389999999,1730488.091,1745473.08
Millones de pesos a precios de 2018|B.1bV---Valor agregado bruto|Actividad económica total  |Actividades primarias<C1>,63782.62,71754.36099999999,68550.428,73155.353,79127.64299999998,80914.86,70072.893,77001.69600000001,76909.09400000001,84848.15299999999,84764.69300000001,95606.11,92316.199,93843.62700000001,95408.61499999999,98909.24299999999,101276.038,103964.48200000002,102899.84,107268.90400000001,106384.59300000001,109078.64300000001
"Millones de pesos a precios de 2018|B.1bV---Valor agregado bruto|Actividad económica total  |Actividades primarias|11---Agricultura, cría y explotación de animales, aprovechamiento forestal, pesca y caza<C1>",63782.62,71754.36099999999,68550.428,73155.353,79127.64299999998,80914.86,70072.893,77001.69600000001,76909.09400000001,84848.15299999999,84764.69300000001,95606.11,92316.199,93843.62700000001,95408.61499999999,98909.24299999999,101276.038,103964.48200000002,102899.84,107268.90400000001,106384.59300000001,109078.64300000001
"Millones de pesos a precios de 2018|B.1bV---Valor agregado bruto|Actividad económica total  |Actividades primarias|11---Agricultura, cría y explotación de animales, aprovechamiento forestal, pesca y caza|111---Agricultura<C1>",29360.455,36003.578,34030.475,35670.423,40532.572,42381.606,31588.64,36073.251,36643.53,41912.273,43048.603,53498.394,49429.445,49911.429,50517.928,52405.082,53583.539,54716.275,52518.098,56215.55,53640.166,54884.557
"Millones de pesos a precios de 2018|B.1bV---Valor agregado bruto|Actividad económica total  |Actividades primarias|11---Agricultura, cría y explotación de animales, aprovechamiento forestal, pesca y caza|112---Cría y explotación de animales<C1>",32261.345,33320.35,33405.606,35463.778,36710.331,36731.179,37565.783,38774.377,39334.355,39227.886,40706.703,41122.409,41719.558,42974.195,43836.665,45364.49,46550.23,48160.436,49319.488,49939.142,51715.217,53194.159
"Millones de pesos a precios de 2018|B.1bV---Valor agregado bruto|Actividad económica total  |Actividades primarias|11---Agricultura, cría y explotación de animales, aprovechamiento forestal, pesca y caza|114---Pesca, caza y captura<C1>",80.028,108.389,83.12,82.209,297.393,120.552,74.04,79.964,51.318,57.245,130.273,140.224,137.329,154.676,167.061,153.203,141.385,86.952,59.079,46.515,69.724,51.365
"Millones de pesos a precios de 2018|B.1bV---Valor agregado bruto|Actividad económica total  |Actividades primarias|11---Agricultura, cría y explotación de animales, aprovechamiento forestal, pesca y caza|113,115---Aprovechamiento forestal, Servicios relacionados con las actividades agropecuarias y forestales<C1>",2080.792,2322.044,1031.227,1938.943,1587.347,1681.523,844.43,2074.104,879.891,3650.749,879.114,845.083,1029.867,803.327,886.961,986.468,1000.884,1000.819,1003.175,1067.697,959.486,948.562
Millones de pesos a precios de 2018|B.1bV---Valor agregado bruto|Actividad económica total  |Actividades secundarias<C1>,364721.01900000003,367068.32699999993,379801.885,401308.418,411447.402,413319.29799999995,383580.527,407178.276,418197.48,433503.125,442072.00399999996,461437.41,491405.38800000004,495432.44299999997,506846.374,502848.68200000003,500980.63600000006,458761.70300000004,480873.20700000005,517022.21200000006,532083.488,524799.823
Millones de pesos a precios de 2018|B.1bV---Valor agregado bruto|Actividad económica total  |Actividades secundarias|21---Minería<C1>,3508.826,3169.513,3432.646,3179.608,4077.717,4628.086,5258.442,7996.259,9907.924,10699.826,14605.369,13328.427,9191.804,11081.118,12168.435,8001.747,7053.176,10339.979,10127.277,10504.72,6438.533,6929.354
Millones de pesos a precios de 2018|B.1bV---Valor agregado bruto|Actividad económica total  |Actividades secundarias|21---Minería|21-1---Minería petrolera<C1>,0,0,0,0,0,0,0,0,0,0,0,0,0,0,0,0,0,0,0,0,0,0
Millones de pesos a precios de 2018|B.1bV---Valor agregado bruto|Actividad económica total  |Actividades secundarias|21---Minería|21-2---Minería no petrolera<C1>,3508.826,3169.513,3432.646,3179.608,4077.717,4628.086,5258.442,7996.259,9907.924,10699.826,14605.369,13328.427,9191.804,11081.118,12168.435,8001.747,7053.176,10339.979,10127.277,10504.72,6438.533,6929.354
"Millones de pesos a precios de 2018|B.1bV---Valor agregado bruto|Actividad económica total  |Actividades secundarias|22---Generación, transmisión, distribución y comercialización de energía eléctrica, suministro de agua y de gas natural por ductos al consumidor final<C1>",12683.568,14098.341,14129.121,17163.252,19030.037,18742.904,18360.976,18860.116,18106.257,18516.488,18924.782,20010.183,20594.653,20739.93,21986.686,22183.946,21991.226,23197.494,18754.152,18553.763,17779.838,17876.727
Millones de pesos a precios de 2018|B.1bV---Valor agregado bruto|Actividad económica total  |Actividades secundarias|23---Construcción<C1>,73674.566,81114.892,86433.424,88401.429,98812.875,112625.827,96165.885,100563.849,113765.184,109339.646,107323.709,99398.43,114527.595,114729.767,121417.352,115187.063,104818.791,91398.223,94844.592,97823.519,97027.39,85925.367
Millones de pesos a precios de 2018|B.1bV---Valor agregado bruto|Actividad económica total  |Actividades secundarias|31-33---Industrias manufactureras<C1>,274854.059,268685.58099999995,275806.694,292564.129,289526.773,277322.48099999997,263795.224,279758.052,276418.115,294947.16500000004,301218.144,328700.37,347091.336,348881.62799999997,351273.901,357475.92600000004,367117.443,333826.00700000004,357147.18600000005,390140.21,410837.727,414068.375
Millones de pesos a precios de 2018|B.1bV---Valor agregado bruto|Actividad económica total  |Actividades secundarias|31-33---Industrias manufactureras|311---Industria alimentaria<C1>,70931.269,71852.861,73591.276,75048.517,74783.499,75931.556,74640.688,77000.435,77890.203,80753.79,82935.92,85954.078,90849.386,91823.675,91877.295,96608.423,99003.124,100130.841,102607.92,105846.181,101598.418,101273.571
Millones de pesos a precios de 2018|B.1bV---Valor agregado bruto|Actividad económica total  |Actividades secundarias|31-33---Industrias manufactureras|312---Industria de las bebidas y del tabaco<C1>,20709.818,22640.442,25123.721,26098.118,26596.654,30312.726,29738.597,30470.787,28589.499,31778.016,34363.471,37452.143,38524.286,38753.301,40768.107,42532.632,47523.011,40752.498,44916.471,47554.774,45751.371,43758.116
"Millones de pesos a precios de 2018|B.1bV---Valor agregado bruto|Actividad económica total  |Actividades secundarias|31-33---Industrias manufactureras|313-314---Fabricación de insumos textiles y acabado de textiles; Fabricación de productos textiles, excepto prendas de vestir<C1>",2295.554,2410.089,2203.314,2319.917,2049.184,1693.617,1501.674,1520.649,1469.605,1632.101,1605.591,1736.8759999999997,1720.672,1789.363,1579.708,1772.4989999999998,1897.753,1673.425,1866.672,1813.145,1689.62,1649.663
"Millones de pesos a precios de 2018|B.1bV---Valor agregado bruto|Actividad económica total  |Actividades secundarias|31-33---Industrias manufactureras|315-316---Fabricación de prendas de vestir; Curtido y acabado de cuero y piel, y fabricación de productos de cuero, piel y materiales sucedáneos<C1>",10185.087,10023.863000000001,9936.708999999999,9785.184000000001,9282.798,8094.984,7716.5,7820.924,7311.448,7046.668,6314.996,6230.002,6059.111,5541.716,4990.891,4829.738,4507.222,3717.039,4066.977,4132.423,4205.703,3383.323
Millones de pesos a precios de 2018|B.1bV---Valor agregado bruto|Actividad económica total  |Actividades secundarias|31-33---Industrias manufactureras|321---Industria de la madera<C1>,3402.537,3521.375,2884.111,2946.823,3131.364,3009.867,2721.416,2418.078,2324.01,2674.653,1918.054,2017.743,2160.212,2070.256,2036.982,2132.587,2047,1883.123,1972.536,2060.988,1984.689,1878.262
Millones de pesos a precios de 2018|B.1bV---Valor agregado bruto|Actividad económica total  |Actividades secundarias|31-33---Industrias manufactureras|322-323---Industria del papel; Impresión e industrias conexas<C1>,4231.049,4171.754,4358.053,4807.845,5038.902,5303.571,5633.219,6577.183,7852.738,7603.88,5562.46,5806.571,6436.261,7245.879,7624.329,7429.715,7195.261,7101.813,7821.777,8055.71,7351.337,6829.185
Millones de pesos a precios de 2018|B.1bV---Valor agregado bruto|Actividad económica total  |Actividades secundarias|31-33---Industrias manufactureras|324-326---Fabricación de productos derivados del petróleo y del carbón; Industria química; Industria del plástico y del hule<C1>,38620.747,39418.945,40963.520000000004,42281.924,39424.932,38453.225,33990.712999999996,34659.368,34805.705,37595.436,35585.723,36741.229,39114.461,40920.143,42489.037000000004,44840.957,46095.709,43311.586,48388.944,54640.697,58219.582,60042.792
Millones de pesos a precios de 2018|B.1bV---Valor agregado bruto|Actividad económica total  |Actividades secundarias|31-33---Industrias manufactureras|327---Fabricación de productos a base de minerales no metálicos<C1>,3832.92,4063.441,4330.893,4644.839,4405.763,4351.1,4220.992,4426.077,4767.49,5152.059,4542.165,4540.831,4743.813,5330.889,5464.685,5252.221,5189.59,4825.274,5339.989,4478.502,4143.237,3914.404
Millones de pesos a precios de 2018|B.1bV---Valor agregado bruto|Actividad económica total  |Actividades secundarias|31-33---Industrias manufactureras|331-332---Industrias metálicas básicas; Fabricación de productos metálicos<C1>,22419.619,25113.226000000002,22764.744,22735.585,21743.968,20950.292,18766.488,21944.177,22577.632,22678.768,20118.497,22441.010000000002,23356.934999999998,23035.963,23121.592,21969.214,20715.365,18788.513,20307.696,19722.508,18805.43,17733.278
"Millones de pesos a precios de 2018|B.1bV---Valor agregado bruto|Actividad económica total  |Actividades secundarias|31-33---Industrias manufactureras|333-336---Fabricación de maquinaria y equipo; Fabricación de equipo de computación, comunicación, medición y de otros equipos, componentes y accesorios electrónicos; Fabricación de accesorios, aparatos eléctricos y equipo de generación de energía eléctrica; Fabricación de equipo de transporte<C1>",89707.79499999998,76505.13799999999,80337.049,92392.023,93513.649,80141.018,76156.633,83749.991,79037.002,88189.125,98624.15,115922.044,123612.843,121814.032,121388.644,120195.19099999999,123334.005,103074.445,109723.399,131846.652,157851.695,164398.168
"Millones de pesos a precios de 2018|B.1bV---Valor agregado bruto|Actividad económica total  |Actividades secundarias|31-33---Industrias manufactureras|337---Fabricación de muebles, colchones y persianas<C1>",5282.616,5736.801,5736.572,5677.838,5509.642,5459.956,5049.955,5516.581,5859.033,5717.25,5312.91,5197.806,5673.33,5710.047,5271.88,5107.505,4971.739,4775.389,5463.304,5494.123,4787.196,4529.869
Millones de pesos a precios de 2018|B.1bV---Valor agregado bruto|Actividad económica total  |Actividades secundarias|31-33---Industrias manufactureras|339---Otras industrias manufactureras<C1>,3235.048,3227.646,3576.732,3825.516,4046.418,3620.569,3658.349,3653.802,3933.75,4125.419,4334.207,4660.037,4840.026,4846.364,4660.751,4805.244,4637.664,3792.061,4671.501,4494.507,4449.449,4677.744
Millones de pesos a precios de 2018|B.1bV---Valor agregado bruto|Actividad económica total  |Actividades terciarias<C1>,694583.773,716883.1819999999,730771.5959999999,765219.648,789696.2460000002,806750.4930000002,767174.9500000002,814314.44,846858.665,874699.3820000001,892073.4799999999,910826.8620000002,937715.7470000002,981350.3179999999,998666.541,1042080.778,1049824.386,964863.183,1021534.1739999998,1058088.4229999997,1092020.01,1111594.614
Millones de pesos a precios de 2018|B.1bV---Valor agregado bruto|Actividad económica total  |Actividades terciarias|43---Comercio al por mayor<C1>,133524.936,138021.732,141468.53,153029.95,159466.798,161837.247,147637.481,163788.608,176766.787,184713.596,187169.039,200905.3,210853.643,224237.263,224776.642,243326.725,244473.87,228941.03,245583.05,261782.227,271698.027,271714.001
Millones de pesos a precios de 2018|B.1bV---Valor agregado bruto|Actividad económica total  |Actividades terciarias|46---Comercio al por menor<C1>,116581.324,122485.951,126287.391,130883.854,131543.08,131838.494,118851.425,131480.317,138897.35,140253.88,142034.382,141440.135,139047.5,146472.782,145438.423,153879.946,152111.898,138850.196,147713.655,157832.245,166389.945,171106.039
"Millones de pesos a precios de 2018|B.1bV---Valor agregado bruto|Actividad económica total  |Actividades terciarias|48-49---Transportes, correos y almacenamiento<C1>",66456.232,69182.959,70191.902,73145.432,75200.452,73509.394,69076.068,74700.461,76463.387,78906.365,81391.857,85475.858,90787.324,95612.641,99081.094,104286.508,104149.584,85618.865,100914.549,115653.52,119227.043,124794.388
Millones de pesos a precios de 2018|B.1bV---Valor agregado bruto|Actividad económica total  |Actividades terciarias|51---Información en medios masivos<C1>,3486.665,3953.843,4423.596,5004.542,5948.158,6431.639,6674.358,6864.413,7169.912,8349.876,8620.361,9097.966,10815.349,13198.247,14170.54,15497.267,15974.881,14264.424,15127.665,16434.257,18236.604,18924.091
Millones de pesos a precios de 2018|B.1bV---Valor agregado bruto|Actividad económica total  |Actividades terciarias|52---Servicios financieros y de seguros<C1>,14635.389,18003.591,15748.979,17532.115,18788.764,22991.802,24407.242,29440.072,28995.616,30657.96,35558.672,35728.261,38841.392,43082.209,48536.643,50365.047,52805.301,51218.818,53859.282,58489.004,62806.34,61778.799
Millones de pesos a precios de 2018|B.1bV---Valor agregado bruto|Actividad económica total  |Actividades terciarias|53---Servicios inmobiliarios y de alquiler de bienes muebles e intangibles<C1>,108904.256,112442.711,115139.251,119618.101,123665.825,127783.976,129646.222,133863.343,137960.924,142049.649,143402.409,146875.971,150860.501,154339.673,156558.679,159994.438,163124.035,164689.434,169590.368,172642.697,180081.864,186426.826
"Millones de pesos a precios de 2018|B.1bV---Valor agregado bruto|Actividad económica total  |Actividades terciarias|54---Servicios profesionales, científicos y técnicos<C1>",22479.676,21335.434,22461.864,23321.17,24732.118,28080.925,23544.389,24196.84,25752.485,25684.53,26175.868,28160.724,29188.733,28853.427,30648.184,31565.556,30058.058,30549.198,33588.243,35023.154,36280.887,42077.851
Millones de pesos a precios de 2018|B.1bV---Valor agregado bruto|Actividad económica total  |Actividades terciarias|55---Corporativos<C1>,272.029,265.433,253.845,272.517,281,276.651,285.982,304.175,317.247,333.211,318.428,338.783,358.346,391.997,408.085,405.189,420.352,423.668,469.21,527.632,527.68,545.161
"Millones de pesos a precios de 2018|B.1bV---Valor agregado bruto|Actividad económica total  |Actividades terciarias|56---Servicios de apoyo a los negocios y manejo de residuos, y servicios de remediación<C1>",40682.394,43081.389,44129.555,48847.1,52154.83,55931.98,49375.62,48758.676,50818.821,50708.442,51785.586,50112.823,50154.925,51517.389,55100.288,56331.742,58037.979,56084.279,45521.514,17644.686,17400.813,17104.958
Millones de pesos a precios de 2018|B.1bV---Valor agregado bruto|Actividad económica total  |Actividades terciarias|61---Servicios educativos<C1>,48688.906,49540.2,49602.535,49186.938,50325.488,49889.685,50494.079,51447.874,51580.901,52781.478,53697.201,52802.383,52166.641,53169.944,52101.242,51569.956,50783.389,49170.554,48464.012,50045.347,50411.352,50329.265
Millones de pesos a precios de 2018|B.1bV---Valor agregado bruto|Actividad económica total  |Actividades terciarias|62---Servicios de salud y de asistencia social<C1>,27653.459,27666.634,26554.463,28112.332,28752.494,28495.621,28995.881,28796.342,30067.65,31455.556,31625.416,31421.532,30054.207,32355.862,32797.108,35241.084,37486.71,34591.479,37128.156,37730.612,37434.938,36882.505
"Millones de pesos a precios de 2018|B.1bV---Valor agregado bruto|Actividad económica total  |Actividades terciarias|71---Servicios de esparcimiento culturales y deportivos, y otros servicios recreativos<C1>",7864.724,8016.458,8052.09,8440.958,8926.045,9017.486,8638.801,8932.284,8990.198,9209.439,9464.12,9438.562,9779.31,10228.345,10495.791,10655.052,10568.833,6143.098,7831.652,11232.254,11758.485,12044.814
Millones de pesos a precios de 2018|B.1bV---Valor agregado bruto|Actividad económica total  |Actividades terciarias|72---Servicios de alojamiento temporal y de preparación de alimentos y bebidas<C1>,35605.003,33998.244,36601.092,37659.646,37862.011,37866.604,35058.248,34607.616,35390.199,36487.829,38280.484,36514.422,41682.667,42592.25,43182.17,43615.969,43791.262,24017.931,35118.108,42106.521,37544.071,36133.084
Millones de pesos a precios de 2018|B.1bV---Valor agregado bruto|Actividad económica total  |Actividades terciarias|81---Otros servicios excepto actividades gubernamentales<C1>,33269.574,34562.803,35481.664,35913.662,37376.383,38203.555,37934.593,38082.034,38064.974,39800.253,39761.987,40172.64,40816.172,42718.716,42862.713,43489.872,44184.955,38674.028,39453.781,40040.875,41399.869,40913.485
"Millones de pesos a precios de 2018|B.1bV---Valor agregado bruto|Actividad económica total  |Actividades terciarias|93---Actividades legislativas, gubernamentales, de impartición de justicia y de organismos internacionales y extraterritoriales<C1>",34479.206,34325.8,34374.839,34251.331,34672.8,34595.434,36554.561,39051.385,39622.214,43307.318,42787.67,42341.502,42309.037,42579.573,42508.939,41856.427,41853.279,41626.181,41170.929,40903.392,40822.092,40819.347
Variación porcentual anual en valores constantes|B.1bP---Producto interno bruto<C1>,NA,2.865122771928,2.241912008776,5.110403692379,2.994002487754,2.021107324804,-6.572202233673,5.944097192469,2.834951827307,3.867707255194,1.710030415571,3.538441690719,3.7702131588,3.053197982327,1.892205170391,2.695299654293,0.737883946666,-8.087406603908,5.434906161155,4.967287796865,2.896956584441,0.780589605919
"Variación porcentual anual en valores constantes|D.21-D.31---Impuestos sobre los productos, netos",NA,2.370504351606,4.97435948608,4.795442664976,-0.466550525434,7.190919727645,-11.567817403287,0.557271710319,-4.161339226039,4.764292027036,-0.42244775469,4.848942471198,5.549074032658,0.454708176529,1.348055910433,2.912108777359,4.260846125586,-16.013903204039,10.925718589134,7.456571524425,3.44333702963,-0.459182093176
Variación porcentual anual en valores constantes|B.1bV---Valor agregado bruto|Actividad económica total  <C1>,NA,2.904356121481,2.02629748692,5.135975069097,3.27405137295,1.617888344885,-6.161201128575,6.361749440669,3.347786990708,3.806761867995,1.85632279877,3.450549992073,3.649297148909,3.233064740871,1.928857316512,2.680779300907,0.501409109358,-7.535446959243,5.087614160457,4.80109458126,2.859554035506,0.865940024548
Variación porcentual anual en valores constantes|B.1bV---Valor agregado bruto|Actividad económica total  |Actividades primarias<C1>,NA,12.498296557902,-4.465140453275,6.717572937692,8.163845508339,2.258650620997,-13.399228522425,9.887993350011,-0.120259688826,10.322653131241,-0.098363956137,12.79001505969,-3.441109569252,1.654561189201,1.667655066231,3.669090050201,2.392895677101,2.65457066952,-1.024043961475,4.245938574832,-0.824387093579,2.532368573333
"Variación porcentual anual en valores constantes|B.1bV---Valor agregado bruto|Actividad económica total  |Actividades primarias|11---Agricultura, cría y explotación de animales, aprovechamiento forestal, pesca y caza<C1>",NA,12.498296557902,-4.465140453275,6.717572937692,8.163845508339,2.258650620997,-13.399228522425,9.887993350011,-0.120259688826,10.322653131241,-0.098363956137,12.79001505969,-3.441109569252,1.654561189201,1.667655066231,3.669090050201,2.392895677101,2.65457066952,-1.024043961475,4.245938574832,-0.824387093579,2.532368573333
"Variación porcentual anual en valores constantes|B.1bV---Valor agregado bruto|Actividad económica total  |Actividades primarias|11---Agricultura, cría y explotación de animales, aprovechamiento forestal, pesca y caza|111---Agricultura<C1>",NA,22.62609009295,-5.480296986038,4.819057036377,13.630757897096,4.561847197854,-25.466156237685,14.196910661554,1.580891614122,14.378371843542,2.71121062797,24.274402121713,-7.60574046391,0.975094905476,1.215150541973,3.735612434461,2.248745646462,2.113962648119,-4.017409810884,7.040338741894,-4.581266215487,2.319886556652
"Variación porcentual anual en valores constantes|B.1bV---Valor agregado bruto|Actividad económica total  |Actividades primarias|11---Agricultura, cría y explotación de animales, aprovechamiento forestal, pesca y caza|112---Cría y explotación de animales<C1>",NA,3.282581677856,0.255867660454,6.161157501528,3.51500339304,0.056790553046,2.272194965482,3.217273549176,1.444195995722,-0.270676867588,3.769810588315,1.021222475326,1.452125530875,3.00731134304,2.006948588566,3.485267412564,2.613806525765,3.459072060439,2.406647647459,1.256408014617,3.556478803741,2.859781096926
"Variación porcentual anual en valores constantes|B.1bV---Valor agregado bruto|Actividad económica total  |Actividades primarias|11---Agricultura, cría y explotación de animales, aprovechamiento forestal, pesca y caza|114---Pesca, caza y captura<C1>",NA,35.438846403759,-23.313251344694,-1.096005774783,261.752362879977,-59.463739899729,-38.582520406132,8.001080497029,-35.823620629283,11.549553762812,127.570966896672,7.638574378421,-2.064553856686,12.631709252962,8.007059918798,-8.295173619217,-7.713948160284,-38.499840860063,-32.055616892078,-21.266439851724,49.89573255939,-26.330962079055
"Variación porcentual anual en valores constantes|B.1bV---Valor agregado bruto|Actividad económica total  |Actividades primarias|11---Agricultura, cría y explotación de animales, aprovechamiento forestal, pesca y caza|113,115---Aprovechamiento forestal, Servicios relacionados con las actividades agropecuarias y forestales<C1>",NA,11.594239116644,-55.589687361652,88.022908632144,-18.133385045357,5.932918259209,-49.781834682012,145.621780372559,-57.577296027586,314.90923307546,-75.919626356126,-3.871056541017,21.865781230956,-21.997015148558,10.410953447351,11.218869826295,1.461375330979,-0.006494259075,0.235407201502,6.431779101353,-10.134991481666,-1.138526252598
Variación porcentual anual en valores constantes|B.1bV---Valor agregado bruto|Actividad económica total  |Actividades secundarias<C1>,NA,0.643589998305,3.468988486168,5.662566156037,2.526481764457,0.454953899551,-7.195108271959,6.151967406833,2.706235732478,3.65990847195,1.976659107129,4.380599953124,6.494483834763,0.819497526551,2.303831967661,-0.788738403799,-0.37149267103,-8.427258453957,4.819823419306,7.517367254774,2.913081034128,-1.368895138501
Variación porcentual anual en valores constantes|B.1bV---Valor agregado bruto|Actividad económica total  |Actividades secundarias|21---Minería<C1>,NA,-9.670271481116,8.302000969865,-7.371514569227,28.245903268579,13.496988633591,13.620230911872,52.0651744376,23.906992007137,7.992612781446,36.500995436748,-8.742962947393,-31.036093006324,20.554332968806,9.812340234983,-34.241773901081,-11.854548762914,46.600325867382,-2.057083481504,3.72699393924,-38.708190223062,7.623180622045
Variación porcentual anual en valores constantes|B.1bV---Valor agregado bruto|Actividad económica total  |Actividades secundarias|21---Minería|21-1---Minería petrolera<C1>,NA,NA,NA,NA,NA,NA,NA,NA,NA,NA,NA,NA,NA,NA,NA,NA,NA,NA,NA,NA,NA,NA
Variación porcentual anual en valores constantes|B.1bV---Valor agregado bruto|Actividad económica total  |Actividades secundarias|21---Minería|21-2---Minería no petrolera<C1>,NA,-9.670271481116,8.302000969865,-7.371514569227,28.245903268579,13.496988633591,13.620230911872,52.0651744376,23.906992007137,7.992612781446,36.500995436748,-8.742962947393,-31.036093006324,20.554332968806,9.812340234983,-34.241773901081,-11.854548762914,46.600325867382,-2.057083481504,3.72699393924,-38.708190223062,7.623180622045
"Variación porcentual anual en valores constantes|B.1bV---Valor agregado bruto|Actividad económica total  |Actividades secundarias|22---Generación, transmisión, distribución y comercialización de energía eléctrica, suministro de agua y de gas natural por ductos al consumidor final<C1>",NA,11.154377064876,0.218323560198,21.474308274379,10.876639228976,-1.508840996999,-2.037720515455,2.718482939033,-3.997106910689,2.265686386756,2.205029377061,5.735342156121,2.920862842684,0.705411254076,6.01137998055,0.897179320249,-0.86873633753,5.485223970687,-19.154405212908,-1.068504723647,-4.17125625675,0.544937473559
Variación porcentual anual en valores constantes|B.1bV---Valor agregado bruto|Actividad económica total  |Actividades secundarias|23---Construcción<C1>,NA,10.098907131669,6.556788610407,2.276902740773,11.777463461592,13.978899004811,-14.614713550561,4.573309963299,13.127316755746,-3.890063589226,-1.843738363667,-7.384462458337,15.220728335448,0.176526888563,5.828988565801,-5.131300343299,-9.00124695427,-12.803589768556,3.770717730475,3.14085066653,-0.813842119092,-11.442153602194
Variación porcentual anual en valores constantes|B.1bV---Valor agregado bruto|Actividad económica total  |Actividades secundarias|31-33---Industrias manufactureras<C1>,NA,-2.244273933026,2.650351750733,6.07578980661,-1.038184691466,-4.215255077637,-4.877807580266,6.051219486824,-1.193866262695,6.703269067586,2.126136387851,9.123695417232,5.595054851931,0.515798527452,0.685697614321,1.765580927688,2.697109455141,-9.068334026286,6.986028203608,9.23793474884,5.305148372171,0.786356215042
Variación porcentual anual en valores constantes|B.1bV---Valor agregado bruto|Actividad económica total  |Actividades secundarias|31-33---Industrias manufactureras|311---Industria alimentaria<C1>,NA,1.299274654173,2.419409576468,1.980181726975,-0.353128896604,1.535174223394,-1.700041547944,3.161475414053,1.155536329113,3.676440540282,2.702201345596,3.63914453472,5.695259740905,1.072422217581,0.058394526248,5.149398444959,2.478770407007,1.139072136754,2.473842200127,3.155956187398,-4.013147153604,-0.319736277783
Variación porcentual anual en valores constantes|B.1bV---Valor agregado bruto|Actividad económica total  |Actividades secundarias|31-33---Industrias manufactureras|312---Industria de las bebidas y del tabaco<C1>,NA,9.322264444816,10.968332685378,3.878394446428,1.910237358878,13.971953013338,-1.894019693247,2.462086560439,-6.174070922422,11.152755772321,8.135986211348,8.988242194742,2.862701341282,0.594469161609,5.199056462313,4.328199491823,11.733059454209,-14.246809824403,10.217712298274,5.873798500332,-3.792264894372,-4.356710971568
"Variación porcentual anual en valores constantes|B.1bV---Valor agregado bruto|Actividad económica total  |Actividades secundarias|31-33---Industrias manufactureras|313-314---Fabricación de insumos textiles y acabado de textiles; Fabricación de productos textiles, excepto prendas de vestir<C1>",NA,4.98942738877,-8.579558680198,5.292164439567,-11.669943364353,-17.351638505864,-11.333317981574,1.263589833746,-3.356724661641,11.057120790961,-1.624286732255,8.176739904496,-0.932939369304,3.992103085306,-11.716739420677,12.204217488295,7.066520206782,-11.820716394599,11.547992888836,-2.867509664258,-6.812748015189,-2.364851268333
"Variación porcentual anual en valores constantes|B.1bV---Valor agregado bruto|Actividad económica total  |Actividades secundarias|31-33---Industrias manufactureras|315-316---Fabricación de prendas de vestir; Curtido y acabado de cuero y piel, y fabricación de productos de cuero, piel y materiales sucedáneos<C1>",NA,-1.582941805014,-0.869465195205,-1.524901252517,-5.134149751297,-12.795861764955,-4.675537345102,1.353256009849,-6.514268646518,-3.621444069629,-10.383233607714,-1.345907424169,-2.743032827277,-8.539123973797,-9.939610763164,-3.228942487424,-6.677712124343,-17.531486134919,9.414429065716,1.609205068039,1.773293779461,-19.553924754078
Variación porcentual anual en valores constantes|B.1bV---Valor agregado bruto|Actividad económica total  |Actividades secundarias|31-33---Industrias manufactureras|321---Industria de la madera<C1>,NA,3.492629176406,-18.097021759966,2.174396200424,6.262371374188,-3.880002452605,-9.583513158555,-11.14632970483,-3.890197090416,15.087843856094,-28.287744241963,5.19740320137,7.060810023873,-4.164220919058,-1.607240843644,4.693463172478,-4.013294651051,-8.005715681485,4.748123197476,4.484176714646,-3.702059400637,-5.362401867497
Variación porcentual anual en valores constantes|B.1bV---Valor agregado bruto|Actividad económica total  |Actividades secundarias|31-33---Industrias manufactureras|322-323---Industria del papel; Impresión e industrias conexas<C1>,NA,-1.401425509371,4.465723530199,10.320939190047,4.805832966745,5.252513345169,6.215585687455,16.757097496121,19.393637063162,-3.16906026917,-26.847083331142,4.388543917619,10.844438137414,12.5790113235,5.222968807511,-2.552539377564,-3.155625754151,-1.298743714787,10.137749332459,2.990790967321,-8.74377305042,-7.102816807337
Variación porcentual anual en valores constantes|B.1bV---Valor agregado bruto|Actividad económica total  |Actividades secundarias|31-33---Industrias manufactureras|324-326---Fabricación de productos derivados del petróleo y del carbón; Industria química; Industria del plástico y del hule<C1>,NA,2.066759609802,3.918357023507,3.218483177227,-6.757005665116,-2.464701778053,-11.605039629316,1.967169679553,0.422214854004,8.015154412186,-5.345630251502,3.247105587822,6.459315773024,4.616405170456,3.834038409885,5.535357273454,2.798227522218,-6.039874557521,11.722863254188,12.91979630719,6.549852392988,3.131609567379
Variación porcentual anual en valores constantes|B.1bV---Valor agregado bruto|Actividad económica total  |Actividades secundarias|31-33---Industrias manufactureras|327---Fabricación de productos a base de minerales no metálicos<C1>,NA,6.014239796291,6.581909273446,7.248989988901,-5.147132118035,-1.240715853304,-2.990232355037,4.858691985202,7.71367059362,8.06648781644,-11.837869092726,-0.029369254529,4.470150948141,12.375614300142,2.509825284301,-3.887945965778,-1.192466958264,-7.020130684698,10.667062637272,-16.132748588059,-7.486096913656,-5.523048765977
Variación porcentual anual en valores constantes|B.1bV---Valor agregado bruto|Actividad económica total  |Actividades secundarias|31-33---Industrias manufactureras|331-332---Industrias metálicas básicas; Fabricación de productos metálicos<C1>,NA,12.014508364304,-9.351574345725,-0.128088416017,-4.361519617815,-3.650097351137,-10.423740155985,16.932784653154,2.886665560527,0.447947774151,-11.289286084676,11.544167538957,4.081478507429,-1.374204278087,0.371718777287,-4.983990721746,-5.70730022476,-9.301559494607,8.085701087681,-2.881607051829,-4.64990557996,-5.701289467989
"Variación porcentual anual en valores constantes|B.1bV---Valor agregado bruto|Actividad económica total  |Actividades secundarias|31-33---Industrias manufactureras|333-336---Fabricación de maquinaria y equipo; Fabricación de equipo de computación, comunicación, medición y de otros equipos, componentes y accesorios electrónicos; Fabricación de accesorios, aparatos eléctricos y equipo de generación de energía eléctrica; Fabricación de equipo de transporte<C1>",NA,-14.717402205684,5.008697585775,15.005497650281,1.21398575719,-14.300191622295,-4.971717479306,9.97071128394,-5.62745015698,11.579542199741,11.83255305005,17.539207182014,6.634457722295,-1.455197499179,-0.349211000585,-0.983166926224,2.611430602078,-16.426580811999,6.450632841147,20.16274851274,19.723703716041,4.147230094678
"Variación porcentual anual en valores constantes|B.1bV---Valor agregado bruto|Actividad económica total  |Actividades secundarias|31-33---Industrias manufactureras|337---Fabricación de muebles, colchones y persianas<C1>",NA,8.597728852523,-0.003991771721,-1.023851875301,-2.962324744031,-0.901800879259,-7.509236338168,9.240201150307,6.207685521159,-2.419904444983,-7.072281254099,-2.166496326872,9.148552293025,0.647186044175,-7.673614595467,-3.117957920135,-2.658166756567,-3.949322359842,14.405423306876,0.564109191068,-12.866967121049,-5.37531782697
Variación porcentual anual en valores constantes|B.1bV---Valor agregado bruto|Actividad económica total  |Actividades secundarias|31-33---Industrias manufactureras|339---Otras industrias manufactureras<C1>,NA,-0.228806496843,10.815498353909,6.955623177806,5.774436703441,-10.524098103557,1.043482391856,-0.124291039483,7.661827323977,4.8724245313,5.061013196478,7.517638174642,3.862394225625,0.130949709774,-3.829943438008,3.100208528626,-3.487439971831,-18.233382151014,23.191610050577,-3.788803641485,-1.00251262263,5.130860023342
Variación porcentual anual en valores constantes|B.1bV---Valor agregado bruto|Actividad económica total  |Actividades terciarias<C1>,NA,3.210470769233,1.937332936344,4.713928700644,3.198636896474,2.159595804891,-4.905549279906,6.144555423766,3.996518224582,3.287528149694,1.986293617845,2.102223910972,2.952140096193,4.653283379275,1.764530227625,4.347220540355,0.743090954509,-8.09289669139,5.873474291329,3.578367707158,3.206876312265,1.792513307517
Variación porcentual anual en valores constantes|B.1bV---Valor agregado bruto|Actividad económica total  |Actividades terciarias|43---Comercio al por mayor<C1>,NA,3.367757465167,2.497286441819,8.17243241306,4.206266812477,1.486484352686,-8.77410254019,10.939719975309,7.923737284586,4.49564600617,1.329324453193,7.338960050973,4.951757370264,6.347350612292,0.240539414718,8.252673780935,0.471442255264,-6.353578809874,7.269129522131,6.596211342762,3.787804891735,0.00587932131
Variación porcentual anual en valores constantes|B.1bV---Valor agregado bruto|Actividad económica total  |Actividades terciarias|46---Comercio al por menor<C1>,NA,5.064813811859,3.103572261932,3.639684820158,0.503672515634,0.224575857582,-9.850741316872,10.625780885673,5.641173651871,0.976642102963,1.269485022446,-0.418382501217,-1.691623809607,5.340104640501,-0.706178298709,5.804190409848,-1.148978827949,-8.718385724173,6.383468842925,6.850138533232,5.42202260381,2.834362376885
"Variación porcentual anual en valores constantes|B.1bV---Valor agregado bruto|Actividad económica total  |Actividades terciarias|48-49---Transportes, correos y almacenamiento<C1>",NA,4.103041833609,1.458369249572,4.207793087015,2.809498753114,-2.2487338241,-6.030965239626,8.142317828513,2.359993467778,3.19496440826,3.149925864662,5.017702200848,6.213995535441,5.314967759155,3.627609240498,5.253690477015,-0.131295987013,-17.792408081054,17.864852564911,14.60539748337,3.089852345177,4.669532062453
Variación porcentual anual en valores constantes|B.1bV---Valor agregado bruto|Actividad económica total  |Actividades terciarias|51---Información en medios masivos<C1>,NA,13.398993020551,11.880921928362,13.132890074048,18.855191943638,8.128247433911,3.773828101981,2.84753979334,4.45047522636,16.457161538384,3.239389423268,5.540429223324,18.876559881626,22.032557617882,7.366834398538,9.362571927393,3.081924057965,-10.707165831157,6.051705978454,8.637102950125,10.967012381515,3.769819205374
Variación porcentual anual en valores constantes|B.1bV---Valor agregado bruto|Actividad económica total  |Actividades terciarias|52---Servicios financieros y de seguros<C1>,NA,23.014092758313,-12.523123859012,11.322232380906,7.167697679373,22.369954724004,6.156281269298,20.620232306461,-1.509697394762,5.733087374312,15.985120993047,0.476927259826,8.713357193623,10.918293041609,12.660525369068,3.767059044442,4.845133967611,-3.004401016481,5.155261490025,8.595959374282,7.381448998516,-1.636046615676
Variación porcentual anual en valores constantes|B.1bV---Valor agregado bruto|Actividad económica total  |Actividades terciarias|53---Servicios inmobiliarios y de alquiler de bienes muebles e intangibles<C1>,NA,3.249142990335,2.398145665485,3.889941927797,3.3838724793,3.330063904074,1.457339220686,3.252791276864,3.061017981599,2.963683397771,0.952314919131,2.422248011189,2.712853554514,2.306217980809,1.437741804727,2.19455032576,1.956066122749,0.959637247816,2.975864256112,1.799824504184,4.308996053276,3.523376457276
"Variación porcentual anual en valores constantes|B.1bV---Valor agregado bruto|Actividad económica total  |Actividades terciarias|54---Servicios profesionales, científicos y técnicos<C1>",NA,-5.090117846894,5.279620747345,3.825621951945,6.050073817051,13.540316280231,-16.155222806941,2.771152821167,6.429124629497,-0.263877447167,1.91297251692,7.582770512137,3.650506286699,-1.148751472015,6.220255916221,2.993234444168,-4.775768879218,1.633971163406,9.948035297031,4.272063293099,3.591147159391,15.978010680941
Variación porcentual anual en valores constantes|B.1bV---Valor agregado bruto|Actividad económica total  |Actividades terciarias|55---Corporativos<C1>,NA,-2.424741479769,-4.365696804843,7.355669798499,3.112833327829,-1.54768683274,3.372841594645,6.361589190928,4.297526095175,5.032041280138,-4.436528205852,6.392339869609,5.774492816936,9.390644795812,4.104113041681,-0.709656076553,3.742204255298,0.788862667479,10.749454761747,12.451141280024,0.009097249598,3.312803214069
"Variación porcentual anual en valores constantes|B.1bV---Valor agregado bruto|Actividad económica total  |Actividades terciarias|56---Servicios de apoyo a los negocios y manejo de residuos, y servicios de remediación<C1>",NA,5.896887484055,2.432990264079,10.690216568012,6.771599542245,7.242186390024,-11.72202378675,-1.24949114563,4.225186508346,-0.217201024794,2.124190682096,-3.230171036396,0.084014424811,2.716510891004,6.954737166513,2.234932056979,3.028908639111,-3.366244024452,-18.833735920899,-61.238797989012,-1.382132841582,-1.700236649862
Variación porcentual anual en valores constantes|B.1bV---Valor agregado bruto|Actividad económica total  |Actividades terciarias|61---Servicios educativos<C1>,NA,1.748435259564,0.125827106067,-0.837854355629,2.314740551648,-0.865968751262,1.211460846065,1.888924442012,0.258566563897,2.327561125774,1.734932470061,-1.666414605111,-1.204002478449,1.923265483012,-2.009973905558,-1.019718493467,-1.525242720781,-3.175910532477,-1.436920966967,3.262905679373,0.731346712413,-0.162834355246
Variación porcentual anual en valores constantes|B.1bV---Valor agregado bruto|Actividad económica total  |Actividades terciarias|62---Servicios de salud y de asistencia social<C1>,NA,0.047643226115,-4.019899927111,5.866693670288,2.277157227654,-0.893393804377,1.755567987095,-0.688163260154,4.414824632934,4.615944378759,0.53999999237,-0.644684009848,-4.351554214479,7.658345468906,1.363728155349,7.451803372419,6.372181968069,-7.723353156359,7.33324238608,1.622639163658,-0.7836448558,-1.475715012537
"Variación porcentual anual en valores constantes|B.1bV---Valor agregado bruto|Actividad económica total  |Actividades terciarias|71---Servicios de esparcimiento culturales y deportivos, y otros servicios recreativos<C1>",NA,1.929298472521,0.444485582036,4.829404539691,5.74682399794,1.02442907245,-4.199452042399,3.3972654307,0.64836720373,2.438667090536,2.765434463489,-0.270051520902,3.610168582884,4.591683871357,2.614753413187,1.517379681055,-0.809184225474,-41.875342339121,27.487010625583,43.421260290932,4.684999110597,2.435084111601
Variación porcentual anual en valores constantes|B.1bV---Valor agregado bruto|Actividad económica total  |Actividades terciarias|72---Servicios de alojamiento temporal y de preparación de alimentos y bebidas<C1>,NA,-4.512733786316,7.655830695256,2.892137753704,0.537352369165,0.012130892889,-7.416445372286,-1.285380832493,2.26130282999,3.101508414802,4.913021818865,-4.613478763748,14.153982774258,2.182161232629,1.385040705762,1.00457897322,0.401900964301,-45.153599364184,46.216208215437,19.89974232097,-10.83549505313,-3.758215245225
Variación porcentual anual en valores constantes|B.1bV---Valor agregado bruto|Actividad económica total  |Actividades terciarias|81---Otros servicios excepto actividades gubernamentales<C1>,NA,3.88712220962,2.658525698856,1.217524634696,4.072881790779,2.213087339136,-0.704023486819,0.388671627504,-0.044798027332,4.558728977458,-0.096145117469,1.032777863943,1.601916129983,4.661250447494,0.337081760603,1.463180830387,1.598264073989,-12.47240604862,2.016218739874,1.488055099206,3.394016739145,-1.174844297213
"Variación porcentual anual en valores constantes|B.1bV---Valor agregado bruto|Actividad económica total  |Actividades terciarias|93---Actividades legislativas, gubernamentales, de impartición de justicia y de organismos internacionales y extraterritoriales<C1>",NA,-0.444923238662,0.142863385558,-0.35929768282,1.230518603788,-0.223131676703,5.662964077861,6.830403461828,1.461738168826,9.300600920484,-1.199908061728,-1.04274899755,-0.07667418128,0.639428403913,-0.165887055749,-1.5349994974,-0.007520947739,-0.542605036991,-1.093667468558,-0.649820168012,-0.198761022069,-0.006724300166
Estructura porcentual en valores constantes|B.1bP---Producto interno bruto<C1>,100,100,100,100,100,100,100,100,100,100,100,100,100,100,100,100,100,100,100,100,100,100
"Estructura porcentual en valores constantes|D.21-D.31---Impuestos sobre los productos, netos",7.349109203426,7.313771620705,7.509234483458,7.486733226448,7.235182295327,7.601817554912,7.195345862312,6.829491855613,6.364853015226,6.419794348189,6.285195319469,6.364747930432,6.47385439481,6.310615941482,6.276914472476,6.290166221358,6.510143223343,5.948711691281,6.258507197098,6.406926770963,6.440947403036,6.361712856613
Estructura porcentual en valores constantes|B.1bV---Valor agregado bruto|Actividad económica total  <C1>,92.650890796575,92.686228379295,92.490765516542,92.513266773552,92.764817704673,92.398182445088,92.804654137688,93.170508144387,93.635146984774,93.580205651811,93.714804680531,93.635252069568,93.526145605191,93.689384058518,93.723085527524,93.709833778642,93.489856776657,94.051288308719,93.741492802902,93.593073229037,93.559052596964,93.638287143387
Estructura porcentual en valores constantes|B.1bV---Valor agregado bruto|Actividad económica total  |Actividades primarias<C1>,5.261849164364,5.754613923399,5.377112204928,5.459329845245,5.733364037682,5.746713453577,5.32678528702,5.525081261805,5.366304664137,5.699798173109,5.598456320255,6.098700756564,5.674882610309,5.597863170148,5.585526595865,5.638490384602,5.731124529402,6.400930561104,6.008809083143,5.967515744538,5.751696173905,5.851672770826
"Estructura porcentual en valores constantes|B.1bV---Valor agregado bruto|Actividad económica total  |Actividades primarias|11---Agricultura, cría y explotación de animales, aprovechamiento forestal, pesca y caza<C1>",5.261849164364,5.754613923399,5.377112204928,5.459329845245,5.733364037682,5.746713453577,5.32678528702,5.525081261805,5.366304664137,5.699798173109,5.598456320255,6.098700756564,5.674882610309,5.597863170148,5.585526595865,5.638490384602,5.731124529402,6.400930561104,6.008809083143,5.967515744538,5.751696173905,5.851672770826
"Estructura porcentual en valores constantes|B.1bV---Valor agregado bruto|Actividad económica total  |Actividades primarias|11---Agricultura, cría y explotación de animales, aprovechamiento forestal, pesca y caza|111---Agricultura<C1>",2.422137654538,2.88744389001,2.669358715922,2.661959745809,2.936874925739,3.010015037836,2.401298070981,2.588353939016,2.556789265382,2.815517941519,2.843232423947,3.412655278651,3.03853820788,2.977265042927,2.957481674081,2.987441233993,3.032246726862,3.368795478029,3.066780514836,3.127347881851,2.900062206845,2.944357015293
"Estructura porcentual en valores constantes|B.1bV---Valor agregado bruto|Actividad económica total  |Actividades primarias|11---Agricultura, cría y explotación de animales, aprovechamiento forestal, pesca y caza|112---Cría y explotación de animales<C1>",2.661451210839,2.672252213946,2.620343839948,2.646538547364,2.659926210197,2.60871192912,2.855667171894,2.78216708111,2.744540622171,2.635190337705,2.688556881662,2.623192878363,2.564594261555,2.563452321139,2.566339090359,2.586080258115,2.634237775004,2.965162723828,2.879998525463,2.778182726223,2.79598960116,2.853673306032
"Estructura porcentual en valores constantes|B.1bV---Valor agregado bruto|Actividad económica total  |Actividades primarias|11---Agricultura, cría y explotación de animales, aprovechamiento forestal, pesca y caza|114---Pesca, caza y captura<C1>",0.006602037748,0.008692668151,0.006519952968,0.006134972068,0.021548251238,0.008561811764,0.005628355927,0.005737634636,0.003580695187,0.003845516194,0.008604144891,0.008944869893,0.008441919863,0.009226573092,0.009780287227,0.008733598764,0.008000856447,0.005353498651,0.003449902661,0.002587693027,0.003769636681,0.002755545573
"Estructura porcentual en valores constantes|B.1bV---Valor agregado bruto|Actividad económica total  |Actividades primarias|11---Agricultura, cría y explotación de animales, aprovechamiento forestal, pesca y caza|113,115---Aprovechamiento forestal, Servicios relacionados con las actividades agropecuarias y forestales<C1>",0.171658261238,0.186225151293,0.08088969609,0.144696580005,0.115014650507,0.119424674857,0.064191688217,0.148822607043,0.061394081397,0.245244377691,0.058062869756,0.053907729657,0.063308221011,0.04791923299,0.051925544197,0.05623529373,0.056639171089,0.061618860595,0.058580140183,0.059397443437,0.051874729221,0.050886903927
Estructura porcentual en valores constantes|B.1bV---Valor agregado bruto|Actividad económica total  |Actividades secundarias<C1>,30.088243302815,29.438440757533,29.791752011939,29.948253049036,29.81230893007,29.354652166976,29.158937502564,29.216149511066,29.179580342664,29.121203379784,29.197543425324,29.435029638522,30.207784995279,29.553024692513,29.672413775157,28.665748239187,28.35006649584,28.245240571648,28.08046440171,28.76265231894,28.767159565369,28.153603216197
Estructura porcentual en valores constantes|B.1bV---Valor agregado bruto|Actividad económica total  |Actividades secundarias|21---Minería<C1>,0.28946620813,0.254191151395,0.269257585114,0.237283098758,0.295459780138,0.32869468081,0.399735051302,0.57375334649,0.691321871158,0.718776385001,0.964641261518,0.850218545956,0.565040688872,0.660999412739,0.712379247121,0.456153258796,0.399133208428,0.636616335782,0.591379675859,0.58439193144,0.348100082703,0.371734658646
Estructura porcentual en valores constantes|B.1bV---Valor agregado bruto|Actividad económica total  |Actividades secundarias|21---Minería|21-1---Minería petrolera<C1>,0,0,0,0,0,0,0,0,0,0,0,0,0,0,0,0,0,0,0,0,0,0
Estructura porcentual en valores constantes|B.1bV---Valor agregado bruto|Actividad económica total  |Actividades secundarias|21---Minería|21-2---Minería no petrolera<C1>,0.28946620813,0.254191151395,0.269257585114,0.237283098758,0.295459780138,0.32869468081,0.399735051302,0.57375334649,0.691321871158,0.718776385001,0.964641261518,0.850218545956,0.565040688872,0.660999412739,0.712379247121,0.456153258796,0.399133208428,0.636616335782,0.591379675859,0.58439193144,0.348100082703,0.371734658646
"Estructura porcentual en valores constantes|B.1bV---Valor agregado bruto|Actividad económica total  |Actividades secundarias|22---Generación, transmisión, distribución y comercialización de energía eléctrica, suministro de agua y de gas natural por ductos al consumidor final<C1>",1.046351211066,1.130670084504,1.108291679434,1.280833869875,1.378862375207,1.331153493634,1.395760509162,1.353264654159,1.263357638684,1.243872031897,1.249925666543,1.276446852624,1.265999244348,1.237156896104,1.287171178493,1.264633743214,1.244464705069,1.428233425773,1.095143771693,1.032171194952,0.961269139764,0.959021433897
Estructura porcentual en valores constantes|B.1bV---Valor agregado bruto|Actividad económica total  |Actividades secundarias|23---Construcción<C1>,6.077901057403,6.505317313023,6.779858750176,6.597091530705,7.159699979752,7.998881234437,7.310316434791,7.215729868143,7.937925227875,7.345049862419,7.088412353057,6.340612333691,7.040266652075,6.84374163425,7.108161551192,6.566435324512,5.931605897166,5.627245647521,5.538424995574,5.442056067046,5.245797836789,4.609583659719
Estructura porcentual en valores constantes|B.1bV---Valor agregado bruto|Actividad económica total  |Actividades secundarias|31-33---Industrias manufactureras<C1>,22.674524826216,21.54826220861,21.634343997215,21.833044549698,20.978286794972,19.695922758094,20.053125507309,20.073401642274,19.286975604947,19.813505100467,19.894564144205,20.967751906251,21.336478409985,20.811126749421,20.564701798351,20.378525912664,20.774862685177,20.553145162572,20.855515958584,21.704033125502,22.211992506113,22.213263463935
Estructura porcentual en valores constantes|B.1bV---Valor agregado bruto|Actividad económica total  |Actividades secundarias|31-33---Industrias manufactureras|311---Industria alimentaria<C1>,5.851588387478,5.762513505579,5.772517545125,5.600610097521,5.418599714623,5.39279057538,5.67401889132,5.524990781623,5.434761195464,5.424753379294,5.477671292931,5.482998947749,5.584714344323,5.477371078487,5.378791787079,5.507328209529,5.602502266566,6.164899280371,5.991762491549,5.888367719472,5.492931030769,5.432959024114
Estructura porcentual en valores constantes|B.1bV---Valor agregado bruto|Actividad económica total  |Actividades secundarias|31-33---Industrias manufactureras|312---Industria de las bebidas y del tabaco<C1>,1.70848953112,1.815736367092,1.970710771088,1.947611878821,1.927117929777,2.152862284119,2.260661921811,2.186361898914,1.994822118553,2.134734477271,2.269605240072,2.389067109299,2.368173766513,2.31167190916,2.386695854578,2.424645354568,2.689286621315,2.50906756684,2.622885506212,2.645537075432,2.473553529801,2.347463892632
"Estructura porcentual en valores constantes|B.1bV---Valor agregado bruto|Actividad económica total  |Actividades secundarias|31-33---Industrias manufactureras|313-314---Fabricación de insumos textiles y acabado de textiles; Fabricación de productos textiles, excepto prendas de vestir<C1>",0.189375395627,0.193286254978,0.172828484757,0.173127346082,0.148478046442,0.120283611677,0.114153913541,0.109110704467,0.102541165885,0.109638760176,0.106044518815,0.110795083863,0.105773544802,0.106737234652,0.092481177383,0.101044333826,0.107392222127,0.103030160091,0.109003820306,0.100867734555,0.091349514204,0.088498424555
"Estructura porcentual en valores constantes|B.1bV---Valor agregado bruto|Actividad económica total  |Actividades secundarias|31-33---Industrias manufactureras|315-316---Fabricación de prendas de vestir; Curtido y acabado de cuero y piel, y fabricación de productos de cuero, piel y materiales sucedáneos<C1>",0.840235028287,0.803901822581,0.779437864935,0.730234287194,0.672605150418,0.574919779374,0.58659114684,0.561172583035,0.510153682268,0.47337017923,0.417086737618,0.397410980436,0.372467064505,0.330568722539,0.292182780534,0.275327466344,0.255059845091,0.228852277953,0.237490051865,0.229892339681,0.227381852687,0.181502982889
Estructura porcentual en valores constantes|B.1bV---Valor agregado bruto|Actividad económica total  |Actividades secundarias|31-33---Industrias manufactureras|321---Industria de la madera<C1>,0.28069772722,0.282410062916,0.226230366621,0.219911162927,0.22688973241,0.213765965638,0.206875984251,0.173503677729,0.162156970702,0.179673708196,0.126681772314,0.128711551601,0.132793048741,0.123492773944,0.119251465251,0.12157176548,0.115837982442,0.115940937993,0.115185720732,0.114655579396,0.107302456171,0.100761930105
Estructura porcentual en valores constantes|B.1bV---Valor agregado bruto|Actividad económica total  |Actividades secundarias|31-33---Industrias manufactureras|322-323---Industria del papel; Impresión e industrias conexas<C1>,0.349047148659,0.334569680767,0.341846734728,0.358792769407,0.365104512417,0.376668795048,0.428224764286,0.471930781223,0.547921999389,0.510801706344,0.367383968974,0.370400374524,0.39565131602,0.432223694737,0.446352694724,0.423543597314,0.407173677277,0.437247519503,0.456750609952,0.448150157835,0.397450943822,0.366360955842
Estructura porcentual en valores constantes|B.1bV---Valor agregado bruto|Actividad económica total  |Actividades secundarias|31-33---Industrias manufactureras|324-326---Fabricación de productos derivados del petróleo y del carbón; Industria química; Industria del plástico y del hule<C1>,3.186080241436,3.161352238127,3.213188447909,3.155353096411,2.856618480559,2.731014617598,2.583898311487,2.486903985632,2.428555680036,2.525528132946,2.350331356007,2.343718001908,2.404453139806,2.440926131477,2.487444621182,2.556235364988,2.608516819646,2.666626612705,2.825659653415,3.039736656953,3.147648899082,3.221077576394
Estructura porcentual en valores constantes|B.1bV---Valor agregado bruto|Actividad económica total  |Actividades secundarias|31-33---Industrias manufactureras|327---Fabricación de productos a base de minerales no metálicos<C1>,0.316202860577,0.325883107725,0.339716297738,0.346628197926,0.319229060605,0.309022655515,0.320870412504,0.317583071105,0.332649918139,0.346097062077,0.299996513311,0.289658992036,0.291612763436,0.317992687956,0.319920202233,0.299411831575,0.293674467662,0.297084573675,0.311827252667,0.249145187472,0.224004620674,0.209993548424
Estructura porcentual en valores constantes|B.1bV---Valor agregado bruto|Actividad económica total  |Actividades secundarias|31-33---Industrias manufactureras|331-332---Industrias metálicas básicas; Fabricación de productos metálicos<C1>,1.849542296953,2.014050686077,1.785672042842,1.696677722813,1.575506099274,1.487926011276,1.426586628405,1.574554424729,1.575346238077,1.523479249039,1.32876699835,1.431508976414,1.435802878557,1.374117486599,1.353612218925,1.252392578682,1.172264820303,1.156779361046,1.185862564825,1.097190076742,1.016717898048,0.951325916386
"Estructura porcentual en valores constantes|B.1bV---Valor agregado bruto|Actividad económica total  |Actividades secundarias|31-33---Industrias manufactureras|333-336---Fabricación de maquinaria y equipo; Fabricación de equipo de computación, comunicación, medición y de otros equipos, componentes y accesorios electrónicos; Fabricación de accesorios, aparatos eléctricos y equipo de generación de energía eléctrica; Fabricación de equipo de transporte<C1>",7.400587905571,6.135620556169,6.301657615994,6.894895697195,6.775733130443,5.691753854903,5.789257654502,6.009289794739,5.514778687577,5.924232829948,6.513832308663,7.394651423902,7.598757106015,7.266324897481,7.106480892716,6.851932217587,6.979366050684,6.346132374991,6.407269015623,7.334809458616,8.534271406913,8.819364238508
"Estructura porcentual en valores constantes|B.1bV---Valor agregado bruto|Actividad económica total  |Actividades secundarias|31-33---Industrias manufactureras|337---Fabricación de muebles, colchones y persianas<C1>",0.435797848775,0.46008457814,0.449978099563,0.423717324553,0.399212994418,0.387775528514,0.383886333823,0.395829701106,0.408811942515,0.38406459013,0.350901932346,0.331567337952,0.348752246175,0.340609829596,0.308632778604,0.291162048746,0.281346465555,0.294013232243,0.319028199647,0.305645571851,0.258820343628,0.24301100888
Estructura porcentual en valores constantes|B.1bV---Valor agregado bruto|Actividad económica total  |Actividades secundarias|31-33---Industrias manufactureras|339---Otras industrias manufactureras<C1>,0.266880454511,0.258853348459,0.280559725914,0.285484968848,0.293191943587,0.257139079051,0.278099544541,0.262170237972,0.274476006343,0.277131025816,0.286261504804,0.297263126567,0.297527191093,0.289090302794,0.272855325142,0.273931144025,0.26244144651,0.233471265162,0.272791071791,0.250035567497,0.240560010314,0.250943965206
Estructura porcentual en valores constantes|B.1bV---Valor agregado bruto|Actividad económica total  |Actividades terciarias<C1>,57.300798329396,57.493173698363,57.321901299675,57.105683879271,57.219144736922,57.296816824535,58.318931348104,58.429277371516,59.089261977974,58.759204098918,58.918804934953,58.101521674482,57.643477999602,58.538496195857,58.465145156502,59.405595154854,59.408665751414,59.405117175967,59.652219318049,58.86290516556,59.04019685769,59.633011156365
Estructura porcentual en valores constantes|B.1bV---Valor agregado bruto|Actividad económica total  |Actividades terciarias|43---Comercio al por mayor<C1>,11.015352974106,11.069177812048,11.096825818159,11.420093526873,11.554510790337,11.493961487726,11.223072545377,11.752278403815,12.33383965676,12.40840465943,12.36195935194,12.815721768281,12.961643622059,13.375969749362,13.159146184233,13.871255684659,13.834567591941,14.09554116393,14.340757590157,14.563303091664,14.689387422421,14.57646865944
Estructura porcentual en valores constantes|B.1bV---Valor agregado bruto|Actividad económica total  |Actividades terciarias|46---Comercio al por menor<C1>,9.617562625521,9.823226758934,9.906013591551,9.767407320185,9.531237576202,9.363398109681,9.034820669261,9.434070591807,9.691513166717,9.421758526617,9.380949254443,9.02244697889,8.547559889862,8.737243199124,8.514432158219,8.772189227088,8.607882447394,8.548789412443,8.625700019244,8.780423514285,8.99589294883,9.179217139143
"Estructura porcentual en valores constantes|B.1bV---Valor agregado bruto|Actividad económica total  |Actividades terciarias|48-49---Transportes, correos y almacenamiento<C1>",5.482413058854,5.548390558775,5.505869823764,5.458589475482,5.448810943531,5.220764436398,5.251008870257,5.359961387335,5.335205616826,5.300649916017,5.375690515849,5.452493358976,5.58089925479,5.703386567257,5.800525305649,5.945030563035,5.893736044349,5.271419614109,5.892878537542,6.433963392701,6.446024820992,6.694765374111
Estructura porcentual en valores constantes|B.1bV---Valor agregado bruto|Actividad económica total  |Actividades terciarias|51---Información en medios masivos<C1>,0.287638001021,0.317093479221,0.346987943551,0.373471583172,0.430986616999,0.456786137551,0.50736983265,0.49254031547,0.500278058237,0.560915073431,0.56934925162,0.580358014016,0.664843620398,0.787288206495,0.829588900832,0.883448182564,0.904004877772,0.878238276781,0.883376017482,0.914260179234,0.985964250028,1.015208706046
Estructura porcentual en valores constantes|B.1bV---Valor agregado bruto|Actividad económica total  |Actividades terciarias|52---Servicios financieros y de seguros<C1>,1.207369803558,1.443866463249,1.235353733985,1.308360834097,1.36138041961,1.632917586156,1.855384186612,2.11240529239,2.023158787702,2.059493085244,2.348544717767,2.279100910929,2.387666979454,2.569895460772,2.841490890005,2.871145553399,2.988206902837,3.1534625204,3.145098601642,3.253823235225,3.395632537458,3.314208042748
Estructura porcentual en valores constantes|B.1bV---Valor agregado bruto|Actividad económica total  |Actividades terciarias|53---Servicios inmobiliarios y de alquiler de bienes muebles e intangibles<C1>,8.984230632565,9.017770924131,9.031550785042,8.926683312168,8.960474075352,9.075439221309,9.855417099267,9.605059193136,9.626174375814,9.542391922909,9.471303376347,9.369198218176,9.273731403385,9.206510860661,9.165447641892,9.120756290216,9.231049878981,10.139670884731,9.903184918965,9.604349201955,9.73614824243,10.001121681131
"Estructura porcentual en valores constantes|B.1bV---Valor agregado bruto|Actividad económica total  |Actividades terciarias|54---Servicios profesionales, científicos y técnicos<C1>",1.854496795142,1.711076286474,1.761914062153,1.740377896981,1.792018952427,1.994355912948,1.789792022959,1.736189126002,1.796870476314,1.725395686234,1.728838369565,1.796368754719,1.794296506062,1.7211348442,1.794243075921,1.799448449834,1.700959841162,1.880866343329,1.961376612687,1.948385926628,1.961530641413,2.257323781994
Estructura porcentual en valores constantes|B.1bV---Valor agregado bruto|Actividad económica total  |Actividades terciarias|55---Corporativos<C1>,0.022441467069,0.021287409103,0.019911663391,0.020336996958,0.020360461067,0.019648233015,0.021739714813,0.021825384116,0.022135796526,0.022383933909,0.02103122404,0.021610921503,0.022028327703,0.023383000415,0.023890605905,0.023098491214,0.023787360819,0.026084576163,0.027399394498,0.029352889327,0.028529084442,0.029245906363
"Estructura porcentual en valores constantes|B.1bV---Valor agregado bruto|Actividad económica total  |Actividades terciarias|56---Servicios de apoyo a los negocios y manejo de residuos, y servicios de remediación<C1>",3.356159105305,3.455075866104,3.461533001494,3.645289373201,3.778990696253,3.972386060499,3.753424682401,3.498567708405,3.545865150333,3.406413396798,3.420284212435,3.196690164924,3.083135081242,3.073062111136,3.225747738439,3.211287196029,3.284319683634,3.453021344814,2.658216833006,0.981597998917,0.940777106277,0.917618831898
Estructura porcentual en valores constantes|B.1bV---Valor agregado bruto|Actividad económica total  |Actividades terciarias|61---Servicios educativos<C1>,4.016669107507,3.973064782613,3.890834880621,3.670650302509,3.64644177608,3.54325180794,3.838447444989,3.691524984035,3.599039011131,3.545672607374,3.546540707916,3.368256831603,3.206799749729,3.171638616189,3.05017395828,2.939833449542,2.873788628896,3.02735410931,2.830043229524,2.784091055534,2.725495978725,2.699982154858
Estructura porcentual en valores constantes|B.1bV---Valor agregado bruto|Actividad económica total  |Actividades terciarias|62---Servicios de salud y de asistencia social<C1>,2.281316291662,2.218830953424,2.082938520714,2.097925672056,2.083323966736,2.023808340875,2.204202305376,2.066215912864,2.097959578547,2.113072757434,2.088764836155,2.00437525364,1.847499122781,1.930058481522,1.9200479852,2.008978203149,2.12134091588,2.129743262559,2.168088900946,2.099005515718,2.023924551415,1.978612350617
"Estructura porcentual en valores constantes|B.1bV---Valor agregado bruto|Actividad económica total  |Actividades terciarias|71---Servicios de esparcimiento culturales y deportivos, y otros servicios recreativos<C1>",0.648812974559,0.642910342734,0.631607893304,0.629919370792,0.646755842351,0.640437468639,0.656702415074,0.640915687799,0.6272878661,0.618657469038,0.625077028588,0.602084586542,0.601155992783,0.610130677995,0.614457297961,0.607409443518,0.598081236684,0.378220936339,0.457327257978,0.624865642252,0.635723945341,0.646160496454
Estructura porcentual en valores constantes|B.1bV---Valor agregado bruto|Actividad económica total  |Actividades terciarias|72---Servicios de alojamiento temporal y de preparación de alimentos y bebidas<C1>,2.937291620863,2.726618501885,2.870998537119,2.810408547535,2.743373668564,2.6893517785,2.665049944992,2.483190638779,2.469338540881,2.451123020614,2.528312319756,2.329250014219,2.562326489521,2.540668932252,2.528022852047,2.486402831145,2.47811013126,1.478746448738,2.050712676844,2.342443314376,2.029824840553,1.938408637599
Estructura porcentual en valores constantes|B.1bV---Valor agregado bruto|Actividad económica total  |Actividades terciarias|81---Otros servicios excepto actividades gubernamentales<C1>,2.744626673389,2.771895458389,2.783190333189,2.680111827342,2.708186444411,2.713282621918,2.883703286826,2.732489586526,2.655970014631,2.673639924003,2.626161194568,2.562607243001,2.509061109656,2.548212751543,2.50932081377,2.479214456222,2.500388882028,2.381099419571,2.303893160933,2.227528604073,2.238289036153,2.194859777767
"Estructura porcentual en valores constantes|B.1bV---Valor agregado bruto|Actividad económica total  |Actividades terciarias|93---Actividades legislativas, gubernamentales, de impartición de justicia y de organismos internacionales y extraterritoriales<C1>",2.844417198275,2.75288810128,2.696370711636,2.556057839919,2.512292507003,2.45702762138,2.778796327251,2.802043159037,2.764625881455,2.909232119863,2.825998573964,2.700958655063,2.600830850176,2.539912736933,2.48860974815,2.38609713324,2.368441327778,2.56285886275,2.4041655666,2.27551160367,2.207051451212,2.189809616194
Contribución a la variación del estado en valores constantes|B.1bP---Producto interno bruto<C1>,NA,2.865122771928,2.241912008776,5.110403692379,2.994002487754,2.021107324804,-6.572202233673,5.944097192469,2.834951827307,3.867707255194,1.710030415571,3.538441690719,3.7702131588,3.053197982327,1.892205170391,2.695299654293,0.737883946666,-8.087406603908,5.434906161155,4.967287796865,2.896956584441,0.780589605919
"Contribución a la variación del estado en valores constantes|D.21-D.31---Impuestos sobre los productos, netos",NA,0.174210953471,0.363813292405,0.360101034233,-0.034929393206,0.520276151006,-0.879364374083,0.04009762695,-0.284198323527,0.303240184737,-0.02712027708,0.304765505243,0.353184574652,0.02943714527,0.085070631184,0.1827905773,0.268014303736,-1.042528034231,0.649939499068,0.466670065513,0.220612081966,-0.029575677106
Contribución a la variación del estado en valores constantes|B.1bV---Valor agregado bruto|Actividad económica total  <C1>,NA,2.690911818457,1.878098716371,4.750302658146,3.02893188096,1.500831173798,-5.69283785959,5.903999565519,3.119150150834,3.564467070457,1.737150692651,3.233676185476,3.417028584148,3.023760837057,1.807134539207,2.512509076993,0.469869642931,-7.044878569677,4.784966662086,4.500617731352,2.676344502475,0.810165283025
Contribución a la variación del estado en valores constantes|B.1bV---Valor agregado bruto|Actividad económica total  |Actividades primarias<C1>,NA,0.657641512992,-0.256951594224,0.361211434308,0.445691254356,0.129496662441,-0.770015268174,0.52671217495,-0.006644445533,0.553945016444,-0.005606546975,0.716043406471,-0.209862975334,0.093894405203,0.093353048758,0.20493800058,0.134923192667,0.152136750791,-0.065548342889,0.255130342749,-0.049195429605,0.145654146342
"Contribución a la variación del estado en valores constantes|B.1bV---Valor agregado bruto|Actividad económica total  |Actividades primarias|11---Agricultura, cría y explotación de animales, aprovechamiento forestal, pesca y caza<C1>",NA,0.657641512992,-0.256951594224,0.361211434308,0.445691254356,0.129496662441,-0.770015268174,0.52671217495,-0.006644445533,0.553945016444,-0.005606546975,0.716043406471,-0.209862975334,0.093894405203,0.093353048758,0.20493800058,0.134923192667,0.152136750791,-0.065548342889,0.255130342749,-0.049195429605,0.145654146342
"Contribución a la variación del estado en valores constantes|B.1bV---Valor agregado bruto|Actividad económica total  |Actividades primarias|11---Agricultura, cría y explotación de animales, aprovechamiento forestal, pesca y caza|111---Agricultura<C1>",NA,0.548035047891,-0.158240500478,0.128637919026,0.362845288269,0.133975746504,-0.766535132313,0.340910141855,0.040919070366,0.367624667832,0.076334621663,0.690177671844,-0.259557703422,0.029628631266,0.036178252305,0.110480053164,0.06717995469,0.064100563205,-0.135338320043,0.215911736715,-0.143272131952,0.067278153271
"Contribución a la variación del estado en valores constantes|B.1bV---Valor agregado bruto|Actividad económica total  |Actividades primarias|11---Agricultura, cría y explotación de animales, aprovechamiento forestal, pesca y caza|112---Cría y explotación de animales<C1>",NA,0.087364309812,0.006837429221,0.161443511061,0.093025919738,0.001510586805,0.059275021117,0.091874624574,0.04017994558,-0.007428836586,0.099341684373,0.027456147137,0.038092053511,0.077125334131,0.051447170178,0.089443780012,0.067595134548,0.091120182881,0.071361018936,0.036184532295,0.098805479787,0.079959182086
"Contribución a la variación del estado en valores constantes|B.1bV---Valor agregado bruto|Actividad económica total  |Actividades primarias|11---Agricultura, cría y explotación de animales, aprovechamiento forestal, pesca y caza|114---Pesca, caza y captura<C1>",NA,0.002339686017,-0.002026543575,-0.000071459061,0.016058434349,-0.012813396069,-0.003303362771,0.000450329288,-0.002055428465,0.000413554316,0.004905762191,0.000657234007,-0.000184671656,0.001066358772,0.000738777236,-0.000811291806,-0.000673705281,-0.003080317,-0.001716097018,-0.000733671474,0.001291148392,-0.000992581605
"Contribución a la variación del estado en valores constantes|B.1bV---Valor agregado bruto|Actividad económica total  |Actividades primarias|11---Agricultura, cría y explotación de animales, aprovechamiento forestal, pesca y caza|113,115---Aprovechamiento forestal, Servicios relacionados con las actividades agropecuarias y forestales<C1>",NA,0.019902469271,-0.103521979392,0.071201463282,-0.026238388,0.006823725201,-0.059451794207,0.093477079233,-0.085688033013,0.193335630882,-0.186188615202,-0.002247646518,0.011787346233,-0.013925918966,0.004988849039,0.00582545921,0.00082180871,-0.000003678295,0.000145055235,0.003767745214,-0.006019925833,-0.000590607411
Contribución a la variación del estado en valores constantes|B.1bV---Valor agregado bruto|Actividad económica total  |Actividades secundarias<C1>,NA,0.193644924563,1.021216120386,1.686977666718,0.756637152057,0.135632262024,-2.112099006271,1.793848331337,0.790657877723,1.067945933041,0.575626918712,1.279027573603,1.911653241632,0.247552050862,0.680852030277,-0.234037722779,-0.106491153804,-2.389133375473,1.361370719912,2.110911635923,0.837879369615,-0.393792248775
Contribución a la variación del estado en valores constantes|B.1bV---Valor agregado bruto|Actividad económica total  |Actividades secundarias|21---Minería<C1>,NA,-0.027992168172,0.021102951854,-0.019848362115,0.067022754548,0.039878172942,0.044768974521,0.208122751749,0.137167166686,0.055254680235,0.26236053549,-0.08433822807,-0.26387461868,0.1161403446,0.064859511329,-0.243931291117,-0.054074910498,0.185997375772,-0.013095729484,0.022040684677,-0.22620754047,0.02653629805
Contribución a la variación del estado en valores constantes|B.1bV---Valor agregado bruto|Actividad económica total  |Actividades secundarias|21---Minería|21-1---Minería petrolera<C1>,NA,0,0,0,0,0,0,0,0,0,0,0,0,0,0,0,0,0,0,0,0,0
Contribución a la variación del estado en valores constantes|B.1bV---Valor agregado bruto|Actividad económica total  |Actividades secundarias|21---Minería|21-2---Minería no petrolera<C1>,NA,-0.027992168172,0.021102951854,-0.019848362115,0.067022754548,0.039878172942,0.044768974521,0.208122751749,0.137167166686,0.055254680235,0.26236053549,-0.08433822807,-0.26387461868,0.1161403446,0.064859511329,-0.243931291117,-0.054074910498,0.185997375772,-0.013095729484,0.022040684677,-0.22620754047,0.02653629805
"Contribución a la variación del estado en valores constantes|B.1bV---Valor agregado bruto|Actividad económica total  |Actividades secundarias|22---Generación, transmisión, distribución y comercialización de energía eléctrica, suministro de agua y de gas natural por ductos al consumidor final<C1>",NA,0.116713959505,0.002468519183,0.237997971821,0.139311679149,-0.020804840809,-0.027125187832,0.037943511311,-0.054091435011,0.028623722036,0.027427743716,0.071687513673,0.037283261825,0.008930501146,0.07437020198,0.01154823363,-0.010986332864,0.068261676309,-0.273569617759,-0.011701662931,-0.04305450555,0.005238315764
Contribución a la variación del estado en valores constantes|B.1bV---Valor agregado bruto|Actividad económica total  |Actividades secundarias|23---Construcción<C1>,NA,0.613801583342,0.426539904651,0.154370789703,0.776970044557,1.000847229217,-1.169013579663,0.334323429861,0.94723171603,-0.30879033903,-0.135423502144,-0.523441149104,0.965087378115,0.012427963667,0.398920917333,-0.364741118079,-0.591061059652,-0.759458485761,0.212187549368,0.173953658389,-0.044289744418,-0.600232246146
Contribución a la variación del estado en valores constantes|B.1bV---Valor agregado bruto|Actividad económica total  |Actividades secundarias|31-33---Industrias manufactureras<C1>,NA,-0.508878450112,0.571104744698,1.31445726731,-0.226667326196,-0.884288299326,-0.960729213298,1.213458638416,-0.239649569982,1.292857869799,0.42126214165,1.815119437103,1.173157220372,0.110053241449,0.142701399634,0.363086452788,0.549631149209,-1.883933941794,1.435848517786,1.926618955788,1.151431160053,0.174665383556
Contribución a la variación del estado en valores constantes|B.1bV---Valor agregado bruto|Actividad económica total  |Actividades secundarias|31-33---Industrias manufactureras|311---Industria alimentaria<C1>,NA,0.076028204785,0.139418803599,0.114306337615,-0.01977737264,0.083184946088,-0.091679680375,0.179382712238,0.063843275662,0.199805763858,0.146587758811,0.199340375487,0.312271031665,0.059891717417,0.003198484892,0.276975420641,0.136514021875,0.063816542279,0.152509879993,0.189097399086,-0.236308861528,-0.017562893219
Contribución a la variación del estado en valores constantes|B.1bV---Valor agregado bruto|Actividad económica total  |Actividades secundarias|31-33---Industrias manufactureras|312---Industria de las bebidas y del tabaco<C1>,NA,0.159269912103,0.199156005432,0.076431937101,0.037204009715,0.26925601166,-0.04077563563,0.055659453354,-0.13498753425999999,0.222477638974,0.17368170272,0.203997615842,0.068391856182,0.014078062735,0.120185127781,0.103300957849,0.284485081005,-0.383137550572,0.256369305349,0.154063009529,-0.100325773779,-0.10776557802
"Contribución a la variación del estado en valores constantes|B.1bV---Valor agregado bruto|Actividad económica total  |Actividades secundarias|31-33---Industrias manufactureras|313-314---Fabricación de insumos textiles y acabado de textiles; Fabricación de productos textiles, excepto prendas de vestir<C1>",NA,0.009448747857,-0.016583107667,0.009146367612,-0.020203863236,-0.025763373879,-0.013632124191,0.001442437246,-0.003662545925,0.011338100572,-0.001780847835,0.008670984486,-0.001033650957,0.004222588945,-0.012506123649,0.011286604024,0.007140318268,-0.012694530008,0.011897915561,-0.003125695082,-0.006871864584,-0.002160280145
"Contribución a la variación del estado en valores constantes|B.1bV---Valor agregado bruto|Actividad económica total  |Actividades secundarias|31-33---Industrias manufactureras|315-316---Fabricación de prendas de vestir; Curtido y acabado de cuero y piel, y fabricación de productos de cuero, piel y materiales sucedáneos<C1>",NA,-0.013300431523,-0.006989646551,-0.011885657765,-0.03749132184,-0.086065625271,-0.026880588989,0.007938079948,-0.03655628963,-0.018474930272,-0.049151131539,-0.005613601367,-0.010901113653,-0.0318054244,-0.032857244325,-0.009434413942,-0.018385575602,-0.044715781378,0.021545135373,0.003821701951,0.004076666559,-0.044462076379
Contribución a la variación del estado en valores constantes|B.1bV---Valor agregado bruto|Actividad económica total  |Actividades secundarias|31-33---Industrias manufactureras|321---Industria de la madera<C1>,NA,0.009803730718,-0.051107810538,0.004919144496,0.013771653716,-0.008803327182,-0.020486289445,-0.023059079285,-0.006749635023,0.024465990541,-0.050825639045,0.00658416249,0.009088078137,-0.005529795915,-0.001984826302,0.005597023604,-0.004879033161,-0.009273659526,0.005505018572,0.005165131268,-0.004244617655,-0.005753988914
Contribución a la variación del estado en valores constantes|B.1bV---Valor agregado bruto|Actividad económica total  |Actividades secundarias|31-33---Industrias manufactureras|322-323---Industria del papel; Impresión e industrias conexas<C1>,NA,-0.004891635781,0.014940956959,0.035281793614,0.017242981194,0.019177163239,0.023412171714,0.071758041254,0.0915245429,-0.017363978389,-0.137135359759,0.016122806825,0.040167839476,0.049769023844,0.022574908755,-0.011393328296,-0.013365450837,-0.005288142542,0.04432705749,0.013660455986,-0.039185232726,-0.028230212439
Contribución a la variación del estado en valores constantes|B.1bV---Valor agregado bruto|Actividad económica total  |Actividades secundarias|31-33---Industrias manufactureras|324-326---Fabricación de productos derivados del petróleo y del carbón; Industria química; Industria del plástico y del hule<C1>,NA,0.065848619566,0.12387306746,0.103415929649,-0.213207387479,-0.070407126483,-0.316935328655,0.050829664134,0.010500078032,0.194652487741,-0.135005395885,0.076317740793,0.151388146572,0.110999299067,0.093586045438,0.137688946762,0.071529281516,-0.157551143718,0.312604991307,0.365069471556,0.199098264166,0.098572074071
Contribución a la variación del estado en valores constantes|B.1bV---Valor agregado bruto|Actividad económica total  |Actividades secundarias|31-33---Industrias manufactureras|327---Fabricación de productos a base de minerales no metálicos<C1>,NA,0.019017198278,0.021449330488,0.024626000414,-0.017841411306,-0.003960725563,-0.00924049543,0.015590105015,0.024497311966,0.026833165118,-0.040970517142,-0.00008810674,0.012948194179,0.036088870853,0.007981060885,-0.012438324596,-0.003570387161,-0.020616331417,0.03169019756,-0.050306306702,-0.01865125019,-0.012371884438
Contribución a la variación del estado en valores constantes|B.1bV---Valor agregado bruto|Actividad económica total  |Actividades secundarias|31-33---Industrias manufactureras|331-332---Industrias metálicas básicas; Fabricación de productos metálicos<C1>,NA,0.222213413969,-0.188345447269,-0.002287239035,-0.074000931732,-0.057507506397,-0.155097541129,0.241560841678,0.04545212031,0.007056728409,-0.171989930865,0.153395088492,0.058426731204,-0.019730864582,0.00510785272,-0.0674639074,-0.071477804458,-0.109038909695,0.093533721378,-0.034171899293,-0.051018302601,-0.057966030441
"Contribución a la variación del estado en valores constantes|B.1bV---Valor agregado bruto|Actividad económica total  |Actividades secundarias|31-33---Industrias manufactureras|333-336---Fabricación de maquinaria y equipo; Fabricación de equipo de computación, comunicación, medición y de otros equipos, componentes y accesorios electrónicos; Fabricación de accesorios, aparatos eléctricos y equipo de generación de energía eléctrica; Fabricación de equipo de transporte<C1>",NA,-1.089174287648,0.307314678669,0.945595085497,0.083703051737,-0.968942821469,-0.282977921283,0.577230166214,-0.338169787987,0.63858612535,0.700987992412,1.142474544105,0.49059502243,-0.110576923375,-0.02537480588,-0.069868569756,0.178933454764,-1.146471204481,0.409365699124,1.291881538155,1.446696085754,0.353935872149
"Contribución a la variación del estado en valores constantes|B.1bV---Valor agregado bruto|Actividad económica total  |Actividades secundarias|31-33---Industrias manufactureras|337---Fabricación de muebles, colchones y persianas<C1>",NA,0.037468717383,-0.000018365526,-0.004607109211,-0.01255188315,-0.003600106294,-0.029118980898,0.035471869434,0.024571863044,-0.009892858369,-0.027162128011,-0.007602277475,0.030333611299,0.002257075866,-0.026137085597,-0.009623040165,-0.007739572788,-0.011111278873,0.042353850683,0.001799667396,-0.039327315237,-0.013912416071
Contribución a la variación del estado en valores constantes|B.1bV---Valor agregado bruto|Actividad económica total  |Actividades secundarias|31-33---Industrias manufactureras|339---Otras industrias manufactureras<C1>,NA,-0.000610639819,0.027996279642,0.019514677323,0.016485148824,-0.030855807775,0.002683201012,-0.000345652815,0.020087030928,0.013373636266,0.014025637788,0.021520104164,0.011481473835,0.000389610993,-0.011071995082,0.008459084061,-0.009553184212,-0.047851951865,0.054145745397,-0.010335518062,-0.002506638125,0.012342797401
Contribución a la variación del estado en valores constantes|B.1bV---Valor agregado bruto|Actividad económica total  |Actividades terciarias<C1>,NA,1.839625380902,1.113834190208,2.70211355712,1.826603474546,1.235702249333,-2.810723585145,3.583439059232,2.335136718644,1.942576120972,1.167130320914,1.238605205402,1.715238317851,2.682314380992,1.032929460173,2.541608799192,0.441437604068,-4.807881944995,3.489144285064,2.13457575268,1.887660562465,1.058303385458
Contribución a la variación del estado en valores constantes|B.1bV---Valor agregado bruto|Actividad económica total  |Actividades terciarias|43---Comercio al por mayor<C1>,NA,0.3709703721,0.276429076721,0.906880589984,0.480359603975,0.171755994928,-1.008491966863,1.22777270909,0.931219665671,0.554485769936,0.164947957389,0.907239258356,0.634603447213,0.822720965808,0.032174479348,1.085981406941,0.065394960633,-0.878990154959,1.024623144051,0.9459466788,0.551629506904,0.000863636285
Contribución a la variación del estado en valores constantes|B.1bV---Valor agregado bruto|Actividad económica total  |Actividades terciarias|46---Comercio al por menor<C1>,NA,0.487111640222,0.304870940917,0.360547672974,0.049195746162,0.021404858525,-0.922364126254,0.960020247729,0.532192304524,0.094651398,0.119607813346,-0.039248250129,-0.152625861304,0.456448642328,-0.061700515378,0.49419385478,-0.100790596967,-0.750468394447,0.545709308591,0.590872400779,0.476076547655,0.254976205207
"Contribución a la variación del estado en valores constantes|B.1bV---Valor agregado bruto|Actividad económica total  |Actividades terciarias|48-49---Transportes, correos y almacenamiento<C1>",NA,0.224945701296,0.080916021755,0.231675609824,0.153359003251,-0.122529254698,-0.314862488402,0.42755383142,0.126494738617,0.170457920565,0.1669665427,0.269736141325,0.338817693897,0.296622996063,0.206896578135,0.3047416456,-0.007805586556,-1.048637568231,0.941731342138,0.86067833362,0.198799968777,0.30099919577
Contribución a la variación del estado en valores constantes|B.1bV---Valor agregado bruto|Actividad económica total  |Actividades terciarias|51---Información en medios masivos<C1>,NA,0.038540595681,0.037673628706,0.045569545197,0.070418783862,0.035031658637,0.017238323625,0.014447557884,0.02192038472,0.082331568185,0.018170223562,0.03154439232,0.109551628044,0.146482053733,0.057998218412,0.077670857542,0.027227202078,-0.096793301385,0.053148398301,0.076298096067,0.100267027056,0.037169069656
Contribución a la variación del estado en valores constantes|B.1bV---Valor agregado bruto|Actividad económica total  |Actividades terciarias|52---Servicios financieros y de seguros<C1>,NA,0.277865206527,-0.180817185551,0.139869620488,0.093779349143,0.304540183488,0.1005269995,0.382584529457,-0.031890927666,0.11598946102,0.32921246152,0.011200849968,0.198586203172,0.260692477675,0.32536226677,0.107040639569,0.139110848467,-0.089777718563,0.162569238917,0.270351398078,0.24017930261,-0.05555413121
Contribución a la variación del estado en valores constantes|B.1bV---Valor agregado bruto|Actividad económica total  |Actividades terciarias|53---Servicios inmobiliarios y de alquiler de bienes muebles e intangibles<C1>,NA,0.291910499833,0.21625928254,0.351322080718,0.302067579915,0.298389512817,0.132259935222,0.320576147704,0.294012589045,0.285289331817,0.090873621924,0.229418457667,0.254172626891,0.213872461117,0.1323658554,0.201140361083,0.178408023931,0.088584593003,0.301742841546,0.178239948866,0.413851028055,0.343041155019
"Contribución a la variación del estado en valores constantes|B.1bV---Valor agregado bruto|Actividad económica total  |Actividades terciarias|54---Servicios profesionales, científicos y técnicos<C1>",NA,-0.09439607234,0.090338338624,0.067404171136,0.105294147463,0.24264503396,-0.3221926413,0.049597872137,0.111621762714,-0.004741535942,0.033006345286,0.13109384609,0.065576554323,-0.020612007526,0.107058991973,0.053705901761,-0.085937499065,0.027793193306,0.187109247724,0.08379125031,0.069969405858,0.313413575395
Contribución a la variación del estado en valores constantes|B.1bV---Valor agregado bruto|Actividad económica total  |Actividades terciarias|55---Corporativos<C1>,NA,-0.000544147561,-0.000929343739,0.00146463621,0.000633056819,-0.000315116175,0.000662703776,0.001382991348,0.000937951578,0.001113882419,-0.000993069541,0.001344387319,0.00124792111,0.002068602009,0.00095966477,-0.000169541137,0.000864392721,0.000187649609,0.002803949714,0.003411537319,0.000002670306,0.000945112426
"Contribución a la variación del estado en valores constantes|B.1bV---Valor agregado bruto|Actividad económica total  |Actividades terciarias|56---Servicios de apoyo a los negocios y manejo de residuos, y servicios de remediación<C1>",NA,0.197908926226,0.084061659439,0.370045374433,0.246844398509,0.273681549884,-0.465644038913,-0.046898709065,0.147821010801,-0.007701655444,0.072358715968,-0.110481029993,0.002685680855,0.083753700266,0.213723392793,0.072093270284,0.097266955307,-0.110558215094,-0.650332921375,-1.627860036474,-0.013566988315,-0.015995437154
Contribución a la variación del estado en valores constantes|B.1bV---Valor agregado bruto|Actividad económica total  |Actividades terciarias|61---Servicios educativos<C1>,NA,0.070228858936,0.004999192438,-0.032599529518,0.084966031061,-0.031577046314,0.042925108331,0.072505371982,0.009545049307,0.083769832925,0.061515025347,-0.059100072333,-0.040553895733,0.061675272696,-0.063749108564,-0.031103187935,-0.044839595692,-0.091268955746,-0.043500685941,0.092341641265,0.020361358405,-0.004438043804
Contribución a la variación del estado en valores constantes|B.1bV---Valor agregado bruto|Actividad económica total  |Actividades terciarias|62---Servicios de salud y de asistencia social<C1>,NA,0.001086892679,-0.089194783879,0.122199622351,0.047773066072,-0.018612287244,0.035529331353,-0.015168510445,0.091219809091,0.096840647235,0.011410592729,-0.013465932902,-0.087221475824,0.141487865358,0.026320750927,0.143078200513,0.128015746803,-0.163838650584,0.156179235645,0.03518025961,-0.016448748747,-0.029867358448
"Contribución a la variación del estado en valores constantes|B.1bV---Valor agregado bruto|Actividad económica total  |Actividades terciarias|71---Servicios de esparcimiento culturales y deportivos, y otros servicios recreativos<C1>",NA,0.012517538808,0.002857643779,0.030502900272,0.036200357568,0.006625554877,-0.026894864357,0.02230992413,0.004155487123,0.015297462753,0.01710856686,-0.001688030023,0.021736268586,0.027603182762,0.015953412728,0.009323650188,-0.004915061401,-0.250448565327,0.10396162896,0.198577259068,0.029274949782,0.015480412787
Contribución a la variación del estado en valores constantes|B.1bV---Valor agregado bruto|Actividad económica total  |Actividades terciarias|72---Servicios de alojamiento temporal y de preparación de alimentos y bebidas<C1>,NA,-0.132552151377,0.20874529621,0.0830332326,0.015101796913,0.000332795721,-0.199454305521,-0.034256041169,0.056152460189,0.076586742635,0.12042420881,-0.116643151953,0.329681645782,0.055914095308,0.03518929891,0.02539598601,0.009992876955,-1.118955920472,0.683420537727,0.408086538435,-0.253815329452,-0.076285186609
Contribución a la variación del estado en valores constantes|B.1bV---Valor agregado bruto|Actividad económica total  |Actividades terciarias|81---Otros servicios excepto actividades gubernamentales<C1>,NA,0.106686992992,0.073691553107,0.033886027937,0.109157786588,0.059934531321,-0.019102146922,0.011208136497,-0.001224101432,0.12107847469,-0.002570574246,0.027122411489,0.041050818774,0.116953622202,0.008589560407,0.03671590112,0.039624393971,-0.311858654161,0.048008172712,0.034283199662,0.075602693691,-0.026296411096
"Contribución a la variación del estado en valores constantes|B.1bV---Valor agregado bruto|Actividad económica total  |Actividades terciarias|93---Actividades legislativas, gubernamentales, de impartición de justicia y de organismos internacionales y extraterritoriales<C1>",NA,-0.01265547312,0.003932869142,-0.009687997487,0.031452767244,-0.005605720395,0.139140591582,0.189803000534,0.040958534363,0.257126820179,-0.034908110741,-0.029468071801,-0.002070937935,0.016630451194,-0.004213386458,-0.038200147126,-0.000179457118,-0.012851281943,-0.028029153647,-0.015622752724,-0.004522830121,-0.000148408764
Índice de volumen físico base 2018=100|B.1bP---Producto interno bruto<C1>,69.101890091055,71.081744079886,72.67533423646,76.389337200729,78.676435856898,80.266571064896,74.991289688477,79.448844833446,81.701181311826,84.861143829003,86.31229519948,89.366405437035,92.735709414369,95.567114223105,97.375440099628,100,100.737883946666,92.590801667727,97.623024852229,102.472241452644,105.44081779863,106.263877862762
"Índice de volumen físico base 2018=100|D.21-D.31---Impuestos sobre los productos, netos",80.735121866564,82.648951443685,86.760207399969,90.92074340185,90.49655219578,97.004086620465,85.782831006483,86.260874455993,82.671266850532,86.609967425741,86.244085563014,90.426011656775,95.443817988389,95.877808832774,97.170295301538,100,104.260846125586,87.564615147323,97.131678581977,104.374371668317,107.968333057415,107.472561805715
Índice de volumen físico base 2018=100|B.1bV---Valor agregado bruto|Actividad económica total  <C1>,68.321022613129,70.305308415652,71.72990311325,75.413933054234,77.883023964791,79.143084332162,74.266919727099,78.99159507744,81.636065421195,84.74375603018,86.316873693903,89.295280572306,92.553930700341,95.546259200104,97.389210211338,100,100.501409109358,92.928178732631,97.656005912887,102.344563121045,105.271161205894,106.182746325081
Índice de volumen físico base 2018=100|B.1bV---Valor agregado bruto|Actividad económica total  |Actividades primarias<C1>,64.486005620324,72.545657841098,69.306392325741,73.962099780705,80.000251341525,81.80717751525,70.845646852236,77.850859701757,77.757236500132,85.783846308479,85.699465923524,96.660440521216,93.334248852759,94.878521110509,96.460767574573,100,102.392895677101,105.110987453417,104.034604733554,108.451850147109,107.557787091748,110.281546690232
"Índice de volumen físico base 2018=100|B.1bV---Valor agregado bruto|Actividad económica total  |Actividades primarias|11---Agricultura, cría y explotación de animales, aprovechamiento forestal, pesca y caza<C1>",64.486005620324,72.545657841098,69.306392325741,73.962099780705,80.000251341525,81.80717751525,70.845646852236,77.850859701757,77.757236500132,85.783846308479,85.699465923524,96.660440521216,93.334248852759,94.878521110509,96.460767574573,100,102.392895677101,105.110987453417,104.034604733554,108.451850147109,107.557787091748,110.281546690232
"Índice de volumen físico base 2018=100|B.1bV---Valor agregado bruto|Actividad económica total  |Actividades primarias|11---Agricultura, cría y explotación de animales, aprovechamiento forestal, pesca y caza|111---Agricultura<C1>",56.02596900812,68.702455231346,64.937356647968,68.066724902749,77.344735382725,80.873084026469,60.277818094054,68.835406077601,69.923619239829,79.977497220594,82.145855625224,102.086270946012,94.321854128575,95.241581722933,96.398910319423,100,102.248745646462,104.410245937598,100.215658473733,107.271180302704,102.356801960543,104.731363649045
"Índice de volumen físico base 2018=100|B.1bV---Valor agregado bruto|Actividad económica total  |Actividades primarias|11---Agricultura, cría y explotación de animales, aprovechamiento forestal, pesca y caza|112---Cría y explotación de animales<C1>",71.115855154549,73.450291185903,73.638226727557,78.175193857575,80.923054574184,80.969011224418,82.808785021059,85.472970157936,86.707367370382,86.472670584415,89.732526476105,90.648895204156,91.965230954872,94.730911777031,96.632112473876,100,102.613806525765,106.16329203745,108.718268407735,110.084213445362,113.999335162811,117.259466600418
"Índice de volumen físico base 2018=100|B.1bV---Valor agregado bruto|Actividad económica total  |Actividades primarias|11---Agricultura, cría y explotación de animales, aprovechamiento forestal, pesca y caza|114---Pesca, caza y captura<C1>",52.236575001795,70.748614583265,54.25481224258,53.660176367304,194.116955934283,78.68775415625,48.328035351788,52.194800362917,33.496733092694,37.36545629002,85.032930164553,91.528233781323,89.638584100834,100.961469422923,109.045514774515,100,92.286051839716,56.75606874539,38.562560785363,30.36167699066,45.510858142465,33.52741134312
"Índice de volumen físico base 2018=100|B.1bV---Valor agregado bruto|Actividad económica total  |Actividades primarias|11---Agricultura, cría y explotación de animales, aprovechamiento forestal, pesca y caza|113,115---Aprovechamiento forestal, Servicios relacionados con las actividades agropecuarias y forestales<C1>",210.93355283699,235.389693330144,104.537298726365,196.554069670785,160.912163395062,170.458950518415,85.601357570646,210.255578488101,89.196101647494,370.082861278825,89.117335787882,85.667553331684,104.399433129103,81.434674008686,89.912800009732,100,101.461375330979,101.454786166404,101.693618039308,108.23432691177,97.264787099024,96.157401963368
Índice de volumen físico base 2018=100|B.1bV---Valor agregado bruto|Actividad económica total  |Actividades secundarias<C1>,72.530968471346,72.997770530102,75.53005478495,79.806994104839,81.823303257659,82.195561566571,76.281501917112,80.974315052495,83.165670900575,86.209458335619,87.913525445017,91.764665299451,97.724306653348,98.525154929212,100.795008944659,100,99.62850732897,91.232555522538,95.629803599644,102.818647141249,105.813837650667,104.365357171206
Índice de volumen físico base 2018=100|B.1bV---Valor agregado bruto|Actividad económica total  |Actividades secundarias|21---Minería<C1>,43.850749092667,39.610262608903,42.89870699486,39.736422558724,50.960334037055,57.838444529676,65.716174230452,99.931414977254,123.822010368486,133.718624195441,182.527253111102,166.568963002704,114.872464725516,138.483733614672,152.072228727052,100,88.145451237086,129.221518750843,126.56332423407,131.280331657574,80.464091154094,86.598014158658
Índice de volumen físico base 2018=100|B.1bV---Valor agregado bruto|Actividad económica total  |Actividades secundarias|21---Minería|21-1---Minería petrolera<C1>,NA,NA,NA,NA,NA,NA,NA,NA,NA,NA,NA,NA,NA,NA,NA,NA,NA,NA,NA,NA,NA,NA
Índice de volumen físico base 2018=100|B.1bV---Valor agregado bruto|Actividad económica total  |Actividades secundarias|21---Minería|21-2---Minería no petrolera<C1>,43.850749092667,39.610262608903,42.89870699486,39.736422558724,50.960334037055,57.838444529676,65.716174230452,99.931414977254,123.822010368486,133.718624195441,182.527253111102,166.568963002704,114.872464725516,138.483733614672,152.072228727052,100,88.145451237086,129.221518750843,126.56332423407,131.280331657574,80.464091154094,86.598014158658
"Índice de volumen físico base 2018=100|B.1bV---Valor agregado bruto|Actividad económica total  |Actividades secundarias|22---Generación, transmisión, distribución y comercialización de energía eléctrica, suministro de agua y de gas natural por ductos al consumidor final<C1>",57.174535134552,63.55199836855,63.690747353965,77.367894783011,85.782921577613,84.488593688427,82.766952281618,85.016957758552,81.618739064727,83.467963724758,85.308456845324,90.20118873351,92.835841738886,93.490716214329,99.11079841251,100,99.13126366247,104.568835499329,84.539297021369,83.635990639357,80.147319146918,80.584071923002
Índice de volumen físico base 2018=100|B.1bV---Valor agregado bruto|Actividad económica total  |Actividades secundarias|23---Construcción<C1>,63.960799139396,70.420140845157,75.037440619525,76.745970161597,85.784698755623,97.776455156253,83.486706315274,87.304812173221,98.765591410209,94.923547100077,93.173405246039,86.293050114491,99.427480844789,99.602997083101,105.40884439427,100,90.998753045731,79.347646011254,82.339621768115,84.925786327237,84.234624508136,74.596369385684
Índice de volumen físico base 2018=100|B.1bV---Valor agregado bruto|Actividad económica total  |Actividades secundarias|31-33---Industrias manufactureras<C1>,76.887431854642,75.161867263755,77.153921128664,81.841631203999,80.991963917593,77.577946046079,73.793843113228,78.259270527773,77.324959499511,82.508259591165,84.262497721315,91.95035136436,97.095023959739,97.595838663552,98.265051000945,100,102.697109455141,93.384192534409,99.908038562574,109.137477973831,114.927383109989,115.831121729859
Índice de volumen físico base 2018=100|B.1bV---Valor agregado bruto|Actividad económica total  |Actividades secundarias|31-33---Industrias manufactureras|311---Industria alimentaria<C1>,73.421412747831,74.375358554399,76.174803101796,77.683202633377,77.408880797071,78.597241981685,77.261056212459,79.703645509253,80.62465008874,83.588767410063,85.847504207785,88.971618965357,94.038783761122,95.047276571319,95.102778978185,100,102.478770407007,103.646077526801,106.210117931435,109.562062719935,105.16517591846,104.828924699454
Índice de volumen físico base 2018=100|B.1bV---Valor agregado bruto|Actividad económica total  |Actividades secundarias|31-33---Industrias manufactureras|312---Industria de las bebidas y del tabaco<C1>,48.691597547972,53.230757033799,59.069283556212,61.3602233692,62.53234927949,71.269339738956,69.919484409053,71.640962637817,67.217798795052,74.714435730194,80.793191919089,88.05507968564,90.575833632868,91.114279031686,95.851361843772,100,111.733059454209,95.814662962781,105.604729563879,111.807738585282,107.567692965721,102.88127948442
"Índice de volumen físico base 2018=100|B.1bV---Valor agregado bruto|Actividad económica total  |Actividades secundarias|31-33---Industrias manufactureras|313-314---Fabricación de insumos textiles y acabado de textiles; Fabricación de productos textiles, excepto prendas de vestir<C1>",129.509466577978,135.97124737447,124.30551441778,130.883966648218,115.609881867352,95.549673088673,84.720724807179,85.791247272918,82.911471318179,92.079092851392,90.583464363027,97.990238640473,97.076049126121,100.951425078378,89.123209660485,100,107.066520206782,94.410490499572,105.313007228777,102.293146568771,95.324172256233,93.069897359604
"Índice de volumen físico base 2018=100|B.1bV---Valor agregado bruto|Actividad económica total  |Actividades secundarias|31-33---Industrias manufactureras|315-316---Fabricación de prendas de vestir; Curtido y acabado de cuero y piel, y fabricación de productos de cuero, piel y materiales sucedáneos<C1>",210.882805651155,207.544653560918,205.740125033697,202.602791290128,192.200860584984,167.607104153476,159.770571405737,161.932676265255,151.38394670684,145.901661746455,130.752351369784,128.992545765422,125.454237890337,114.741544986498,103.336682031199,100,93.322287875657,76.961503915947,84.206990110023,85.562053262517,87.0793198306,70.051895154561
Índice de volumen físico base 2018=100|B.1bV---Valor agregado bruto|Actividad económica total  |Actividades secundarias|31-33---Industrias manufactureras|321---Industria de la madera<C1>,159.549739354127,165.122220101689,135.240015999347,138.180669768689,146.834056476946,141.13689148438,127.611018917399,113.387074009173,108.97609335516,125.418236161057,89.940246283036,94.61480352267,101.295375053866,97.077211855835,95.516947257017,100,95.986705348949,88.302282626688,92.494983791986,96.642622317401,93.064855032878,88.074343508612
Índice de volumen físico base 2018=100|B.1bV---Valor agregado bruto|Actividad económica total  |Actividades secundarias|31-33---Industrias manufactureras|322-323---Industria del papel; Impresión e industrias conexas<C1>,56.947662191618,56.149583126674,58.657068272471,64.711028619537,67.820932566054,71.383236099904,75.820122306172,88.525374122695,105.693663888857,102.344167979525,74.867743917499,78.153347739449,86.628639187371,97.525665520144,102.619400609579,100,96.844374245849,95.586614022207,105.276945347163,108.425558719278,98.945073936214,91.917186594641
Índice de volumen físico base 2018=100|B.1bV---Valor agregado bruto|Actividad económica total  |Actividades secundarias|31-33---Industrias manufactureras|324-326---Fabricación de productos derivados del petróleo y del carbón; Industria química; Industria del plástico y del hule<C1>,86.128284461012,87.908349056868,91.352912026387,94.293090131863,87.92170068984,85.754692969644,75.802826866519,77.293997092881,77.620343829861,83.841734243094,79.359865134011,81.936763749266,87.229318054028,91.256176802828,94.754973672841,100,102.798227522218,96.589343532521,107.912380192956,121.854439904126,129.835725852149,133.901673864811
Índice de volumen físico base 2018=100|B.1bV---Valor agregado bruto|Actividad económica total  |Actividades secundarias|31-33---Industrias manufactureras|327---Fabricación de productos a base de minerales no metálicos<C1>,72.977127200093,77.366146626351,82.458316205659,88.435711292423,83.883808392678,82.843048683595,80.365849037959,84.270578104006,90.770932906289,98.092959150043,86.48084305668,86.455444277764,90.320133139866,101.497804452631,104.045222011793,100,98.807533041736,91.87111509588,101.671064488718,85.26872726795,78.885427707631,74.528547066089
Índice de volumen físico base 2018=100|B.1bV---Valor agregado bruto|Actividad económica total  |Actividades secundarias|31-33---Industrias manufactureras|331-332---Industrias metálicas básicas; Fabricación de productos metálicos<C1>,102.050164380027,114.310989915251,103.621112707992,103.488386066065,98.974719805634,95.362046179713,85.42175427851,99.886035977436,102.769411777772,103.229765070339,91.575861567009,102.147532451548,106.316662034427,104.85565391643,105.245422071085,100,94.29269977524,85.522008206575,92.43706215434,89.773389252797,85.599011416612,80.718763994015
"Índice de volumen físico base 2018=100|B.1bV---Valor agregado bruto|Actividad económica total  |Actividades secundarias|31-33---Industrias manufactureras|333-336---Fabricación de maquinaria y equipo; Fabricación de equipo de computación, comunicación, medición y de otros equipos, componentes y accesorios electrónicos; Fabricación de accesorios, aparatos eléctricos y equipo de generación de energía eléctrica; Fabricación de equipo de transporte<C1>",74.63509500975,63.650747890571,66.838821363494,76.868319132668,77.80148957873,66.675727483972,63.360798686197,69.678320990396,65.757208206442,73.371591880078,82.053324412954,96.444826981472,102.843418252898,101.346843402412,100.992929076505,100,102.611430602078,85.755881031879,91.287678056937,109.693783006676,131.32945976183,136.775994640251
"Índice de volumen físico base 2018=100|B.1bV---Valor agregado bruto|Actividad económica total  |Actividades secundarias|31-33---Industrias manufactureras|337---Fabricación de muebles, colchones y persianas<C1>",103.428503741063,112.321006048942,112.316522450786,111.1665676294,107.873452889424,106.900649142781,98.873226751614,108.009311787262,114.714190196583,111.93821640899,104.021630913724,101.768006100826,111.078305356529,111.797188646903,103.218303261573,100,97.341833243433,93.49749045767,106.966199739403,107.569605903469,93.728660079628,88.690446705388
Índice de volumen físico base 2018=100|B.1bV---Valor agregado bruto|Actividad económica total  |Actividades secundarias|31-33---Industrias manufactureras|339---Otras industrias manufactureras<C1>,67.323282647041,67.169242602457,74.433930930459,79.61127468241,84.208377347748,75.346205104257,76.132429487452,76.037803699458,81.863688919855,85.852435381013,90.197438465144,96.978155531748,100.723834211124,100.855731779697,96.993014298546,100,96.512560028169,78.915056134506,97.216728224415,93.533377285316,92.595693371658,97.346648786201
Índice de volumen físico base 2018=100|B.1bV---Valor agregado bruto|Actividad económica total  |Actividades terciarias<C1>,66.653544299423,68.793436855814,70.126194766065,73.431893587812,75.780713229891,77.417270333721,73.619527986342,78.143120686178,81.266124745658,83.937771472837,85.605022070564,87.404631313524,89.98493848046,94.172192666623,95.833889472242,100,100.743090954509,92.590056679848,98.028309855265,101.536123238999,104.792261123542,106.67067634943
Índice de volumen físico base 2018=100|B.1bV---Valor agregado bruto|Actividad económica total  |Actividades terciarias|43---Comercio al por mayor<C1>,54.87475163281,56.722800177416,58.139330975667,62.890728505058,65.536080346292,66.510263926003,60.674585169385,67.312214883096,72.645857950868,75.911758562484,76.920872131904,82.566064208525,86.654535378307,92.15480256022,92.376471182933,100,100.471442255264,94.087909990158,100.927282032009,107.584658857345,111.6597558283,111.666320664119
Índice de volumen físico base 2018=100|B.1bV---Valor agregado bruto|Actividad económica total  |Actividades terciarias|46---Comercio al por menor<C1>,75.761219723849,79.598384444455,82.06877782502,85.055822673606,85.484225475359,85.676202407817,77.236461338504,85.44343848418,90.263451223202,91.145002091436,92.302074241695,91.915898514807,90.361027290717,95.186400702272,94.51421499719,100,98.851021172051,90.232807853988,95.992791029443,102.568430196876,108.129713666523,111.19450158892
"Índice de volumen físico base 2018=100|B.1bV---Valor agregado bruto|Actividad económica total  |Actividades terciarias|48-49---Transportes, correos y almacenamiento<C1>",63.724668966766,66.339318792801,67.306791018451,70.138921518017,72.109473643513,70.487923519311,66.236821353727,71.630033867852,73.3204979881,75.663061802779,78.0463921565,81.962527693419,87.055675505023,91.68265659063,95.008545113046,100,99.868704012987,82.099656649737,96.76663926651,110.899791562682,114.326431373078,119.664940741903
Índice de volumen físico base 2018=100|B.1bV---Valor agregado bruto|Actividad económica total  |Actividades terciarias|51---Información en medios masivos<C1>,22.498579910897,25.513163062881,28.544362047837,32.293061737918,38.38198051308,41.501762859219,43.067968048818,44.294345577191,46.265654453782,53.879667944032,55.625040208703,58.706906191911,69.788750493877,85.164997157241,91.438961463334,100,103.081924057965,92.044771507131,97.615050447282,106.04616284923,117.676258659027,122.11244085812
Índice de volumen físico base 2018=100|B.1bV---Valor agregado bruto|Actividad económica total  |Actividades terciarias|52---Servicios financieros y de seguros<C1>,29.058622738901,35.74620113032,31.269660087878,34.810083667747,37.305165226988,45.65031379798,48.4606755157,58.453379384318,57.570910238603,60.871500824768,70.601883881891,70.938603512075,77.11973742425,85.539896349149,96.369696627107,100,104.845133967611,101.695165696956,106.937817411349,116.130148751772,124.702236453785,122.662049734611
Índice de volumen físico base 2018=100|B.1bV---Valor agregado bruto|Actividad económica total  |Actividades terciarias|53---Servicios inmobiliarios y de alquiler de bienes muebles e intangibles<C1>,68.067526197379,70.279137453516,71.964533542097,74.763912105495,77.29382755168,79.867761403056,81.031705614666,83.667497866395,86.228575020839,88.784116982867,89.629621374713,91.800673095899,94.291090919048,96.465649012124,97.852575975172,100,101.956066122749,102.93447450967,105.997664743821,107.905436687743,112.555077695888,116.520816804894
"Índice de volumen físico base 2018=100|B.1bV---Valor agregado bruto|Actividad económica total  |Actividades terciarias|54---Servicios profesionales, científicos y técnicos<C1>",71.21584045597,67.590870251105,71.159411860193,73.881701941192,78.351599445928,88.960653821526,74.588861986147,76.655833339353,81.584132400519,81.368850274648,82.925414017735,89.21345785894,92.470200746662,91.40794795441,97.09375624494,100,95.224231120782,96.780167597872,106.407892831034,110.953705361629,114.938216199962,133.303056660874
Índice de volumen físico base 2018=100|B.1bV---Valor agregado bruto|Actividad económica total  |Actividades terciarias|55---Corporativos<C1>,67.136324036437,65.508441739534,62.648541791608,67.256761659374,69.350352551525,68.277026276627,70.579902218471,75.069905648969,78.296054433857,82.235944213688,78.587523353299,83.611104941151,88.439222190138,96.744235406193,100.714728188574,100,103.742204255298,104.560587775088,115.800280856588,130.218737428706,130.230583752274,134.54486671652
"Índice de volumen físico base 2018=100|B.1bV---Valor agregado bruto|Actividad económica total  |Actividades terciarias|56---Servicios de apoyo a los negocios y manejo de residuos, y servicios de remediación<C1>",72.219307544226,76.477998851873,78.338701118101,86.713277924194,92.585153855175,99.290343266857,87.65150561117,86.556307809547,90.213473249238,90.017528660839,91.929672616906,88.960186958181,89.034926347564,91.453569818594,97.81392522887,100,103.028908639111,99.56070415859,80.809704056374,31.322812633772,30.889889753454,30.364688526764
Índice de volumen físico base 2018=100|B.1bV---Valor agregado bruto|Actividad económica total  |Actividades terciarias|61---Servicios educativos<C1>,94.413316932053,96.064072655016,96.184947297609,95.379057527216,97.586835249578,96.741763750972,97.913752340607,99.76326914066,100.021223597709,102.349278715693,104.124969585004,102.389815884272,101.157039963346,103.102558396598,101.030223876863,100,98.474757279219,95.347287090957,93.977221931312,97.043610043026,97.753335294682,97.594159281424
Índice de volumen físico base 2018=100|B.1bV---Valor agregado bruto|Actividad económica total  |Actividades terciarias|62---Servicios de salud y de asistencia social<C1>,78.469376821666,78.506762164297,75.350868889277,79.771473544911,81.587995420345,80.859093324144,82.278629681198,81.712418380774,85.319878355615,89.258196484535,89.740190738741,89.161650078641,85.281732536945,91.812902236492,93.064980634534,100,106.372181968069,98.156682694551,105.354750154677,107.064277591461,106.225273887716,104.657691573846
"Índice de volumen físico base 2018=100|B.1bV---Valor agregado bruto|Actividad económica total  |Actividades terciarias|71---Servicios de esparcimiento culturales y deportivos, y otros servicios recreativos<C1>",73.81215971541,75.236216585334,75.570630720526,79.220242191216,83.772890080687,84.631083921505,81.077042139259,83.831444464091,84.374980056409,86.432604927691,88.822841972052,88.582974536398,91.780969252895,95.995261215056,98.505300584174,100,99.190815774527,57.654322099977,73.501771741705,105.417167368118,110.355960721731,113.043221187471
Índice de volumen físico base 2018=100|B.1bV---Valor agregado bruto|Actividad económica total  |Actividades terciarias|72---Servicios de alojamiento temporal y de preparación de alimentos y bebidas<C1>,81.632951912636,77.949074110907,83.916723253357,86.343710488239,86.807680462172,86.818211008908,80.379385816236,79.346204597678,81.140462567735,83.657040842082,87.76712951167,83.718011630098,95.567444575174,97.652880301708,99.005412444236,100,100.401900964301,55.066828848856,80.516629127281,96.539230849142,86.078727266153,82.843703415141
Índice de volumen físico base 2018=100|B.1bV---Valor agregado bruto|Actividad económica total  |Actividades terciarias|81---Otros servicios excepto actividades gubernamentales<C1>,76.499590525353,79.473223098932,81.586039158726,82.579369283957,85.942729378463,87.844717041246,87.226269601345,87.565293363016,87.526065838961,91.516141965191,91.428153662995,92.372403395439,93.852131825083,98.226814739763,98.557919416272,100,101.598264073989,88.926516040332,90.719469121454,92.069424807689,95.194276497296,94.075891968594
"Índice de volumen físico base 2018=100|B.1bV---Valor agregado bruto|Actividad económica total  |Actividades terciarias|93---Actividades legislativas, gubernamentales, de impartición de justicia y de organismos internacionales y extraterritoriales<C1>",82.374938501081,82.008433256857,82.125593281051,81.83051792739,82.837457674063,82.652621065816,87.333209306184,93.298419857959,94.662198471934,103.466351774364,102.224850678248,101.158902072554,101.081339312598,101.727682107219,101.55892905049,100,99.992479052261,99.449914824311,98.362263458369,97.723085632703,97.528850228903,97.522292096265
Millones de pesos|B.1bP---Producto interno bruto<C1>,572336.4440000001,622182.667,663317.9720000001,725304.3480000001,788334.513,845821.414,852862.11,939738.3589999998,1005824.2340000002,1101848.484,1162392.1730000002,1263652.8229999999,1379335.029,1524668.0049999997,1637501.433,1754179.5100000002,1846853.4969999997,1802881.6820000003,1977635.0140000002,2226494.7590000005,2396338.4460000005,2528861.33
"Millones de pesos|D.21-D.31---Impuestos sobre los productos, netos",30144.618,30025.999,31076.611,31525.485,33889.741,27399.467,40768.326,44844.705,40440.02,40732.696,53678.742,79730.399,93273.073,105427.175,103343.427,110340.807,124081.859,126266.9,134483.431,126524.77,164488.574,182069.99
Millones de pesos|B.1bV---Valor agregado bruto|Actividad económica total  <C1>,542191.8260000001,592156.6680000001,632241.361,693778.8630000001,754444.772,818421.947,812093.784,894893.6539999999,965384.2140000002,1061115.788,1108713.431,1183922.4239999999,1286061.956,1419240.8299999996,1534158.006,1643838.7030000002,1722771.6379999998,1676614.7820000004,1843151.583,2099969.9890000005,2231849.8720000004,2346791.34
Millones de pesos|B.1bV---Valor agregado bruto|Actividad económica total  |Actividades primarias<C1>,28192.444000000003,31731.22,28798.983,34025.548,36263.03,39197.564999999995,37045.506,44614.222,45699.55,54789.208,56988.015,67366.676,68951.25899999999,74423.478,86841.278,98909.24299999999,110598.819,117379.461,130979.291,158916.135,173718.369,190977.54599999997
"Millones de pesos|B.1bV---Valor agregado bruto|Actividad económica total  |Actividades primarias|11---Agricultura, cría y explotación de animales, aprovechamiento forestal, pesca y caza<C1>",28192.444000000003,31731.22,28798.983,34025.548,36263.03,39197.564999999995,37045.506,44614.222,45699.55,54789.208,56988.015,67366.676,68951.25899999999,74423.478,86841.278,98909.24299999999,110598.819,117379.461,130979.291,158916.135,173718.369,190977.54599999997
"Millones de pesos|B.1bV---Valor agregado bruto|Actividad económica total  |Actividades primarias|11---Agricultura, cría y explotación de animales, aprovechamiento forestal, pesca y caza|111---Agricultura<C1>",12314.088,13326.806,11302.073,14509.102,16720.548,17064.184,15192.839,19931.108,20939.59,23479.657,22640.35,29409.945,30208.304,34340.389,43886.405,52405.082,60607.119,65394.1,73493.834,93554.101,98968.951,110098.514
"Millones de pesos|B.1bV---Valor agregado bruto|Actividad económica total  |Actividades primarias|11---Agricultura, cría y explotación de animales, aprovechamiento forestal, pesca y caza|112---Cría y explotación de animales<C1>",14236.941,16560.668,16667.701,17929.899,18061.228,20632.933,21157.988,22912.851,24008.921,28112.227,33518.568,37138.375,37739.268,39230.596,41962.839,45364.49,48786.262,50779.621,56259.562,63937.432,73372.728,79512.635
"Millones de pesos|B.1bV---Valor agregado bruto|Actividad económica total  |Actividades primarias|11---Agricultura, cría y explotación de animales, aprovechamiento forestal, pesca y caza|114---Pesca, caza y captura<C1>",45.91,64.654,53.171,52.59,181.107,91.28,47.361,59.913,31.896,39.013,93.53,91.818,99.147,114.98,135.856,153.203,181.19,145.701,80.51,83.535,128.619,73.115
"Millones de pesos|B.1bV---Valor agregado bruto|Actividad económica total  |Actividades primarias|11---Agricultura, cría y explotación de animales, aprovechamiento forestal, pesca y caza|113,115---Aprovechamiento forestal, Servicios relacionados con las actividades agropecuarias y forestales<C1>",1595.505,1779.092,776.038,1533.957,1300.147,1409.168,647.318,1710.35,719.143,3158.311,735.567,726.538,904.54,737.513,856.178,986.468,1024.248,1060.039,1145.385,1341.067,1248.071,1293.282
Millones de pesos|B.1bV---Valor agregado bruto|Actividad económica total  |Actividades secundarias<C1>,179190.97100000002,191832.31599999996,203503.546,221914.62700000004,236719.67100000003,254105.07800000004,253067.74500000002,273665.011,298723.422,328274.667,341524.63800000004,367303.4219999999,410635.32599999994,449526.478,486738.372,502848.68200000003,523338.15599999996,507874.82600000006,550822.552,650749.4500000002,683271.272,684113.418
Millones de pesos|B.1bV---Valor agregado bruto|Actividad económica total  |Actividades secundarias|21---Minería<C1>,1043.74,1053.174,1235.251,1263.961,2361.458,2661.34,3384.236,5437.431,7577.214,6863.761,10730.958,11034.08,5896.326,9163.195,11986.14,8001.747,7035.426,11162.432,12016.46,10476.048,6629.684,6517.79
Millones de pesos|B.1bV---Valor agregado bruto|Actividad económica total  |Actividades secundarias|21---Minería|21-1---Minería petrolera<C1>,0,0,0,0,0,0,0,0,0,0,0,0,0,0,0,0,0,0,0,0,0,0
Millones de pesos|B.1bV---Valor agregado bruto|Actividad económica total  |Actividades secundarias|21---Minería|21-2---Minería no petrolera<C1>,1043.74,1053.174,1235.251,1263.961,2361.458,2661.34,3384.236,5437.431,7577.214,6863.761,10730.958,11034.08,5896.326,9163.195,11986.14,8001.747,7035.426,11162.432,12016.46,10476.048,6629.684,6517.79
"Millones de pesos|B.1bV---Valor agregado bruto|Actividad económica total  |Actividades secundarias|22---Generación, transmisión, distribución y comercialización de energía eléctrica, suministro de agua y de gas natural por ductos al consumidor final<C1>",6980.328,7580.349,7942.607,9375.189,10582.523,11308.224,11707.894,11902.143,11464.124,11711.312,12773.035,14304.636,14112.443,15013.328,19833.709,22183.946,24394.395,25443.16,23811.203,30459.528,33432.126,27370.249
Millones de pesos|B.1bV---Valor agregado bruto|Actividad económica total  |Actividades secundarias|23---Construcción<C1>,32435.342,39567.475,42934.28,46045.955,53280.212,66632.337,58375.484,61610.316,76081.793,77423.507,74838.751,71020.906,84391.156,92151.288,109612.161,115187.063,108937.9,99029.292,115688.65,137022.212,140803.816,133445.562
Millones de pesos|B.1bV---Valor agregado bruto|Actividad económica total  |Actividades secundarias|31-33---Industrias manufactureras<C1>,138731.56100000002,143631.31799999997,151391.408,165229.52200000003,170495.47800000003,173503.17700000003,179600.13100000002,194715.12099999998,203600.29100000003,232276.087,243181.89400000003,270943.79999999993,306235.40099999995,333198.667,345306.36199999996,357475.92600000004,382970.435,372239.94200000004,399306.239,472791.6620000001,502405.646,516779.817
Millones de pesos|B.1bV---Valor agregado bruto|Actividad económica total  |Actividades secundarias|31-33---Industrias manufactureras|311---Industria alimentaria<C1>,30538.049,33107.991,34681.759,36217.083,40646.409,45626.146,50640.433,55940.227,61415.746,68258.996,73827.763,76545.218,82254.703,88200.76,92036.496,96608.423,101703.408,107549.156,116849.634,136735.961,138309.34,138754.776
Millones de pesos|B.1bV---Valor agregado bruto|Actividad económica total  |Actividades secundarias|31-33---Industrias manufactureras|312---Industria de las bebidas y del tabaco<C1>,9199.376,10400.423,12529.544,13497.758,13937.944,16331.395,18352.384,19074.78,18214.389,20623.16,23342.576,29215.421,31881.7,34499.19,38372.229,42532.632,50520.399,47685.002,54144.767,62027.561,64099.405,63098.54
"Millones de pesos|B.1bV---Valor agregado bruto|Actividad económica total  |Actividades secundarias|31-33---Industrias manufactureras|313-314---Fabricación de insumos textiles y acabado de textiles; Fabricación de productos textiles, excepto prendas de vestir<C1>",1329.116,1398.805,1341.58,1464.348,1330.424,1130.393,1062.992,1152.008,1203.527,1312.15,1362.616,1490.005,1477.761,1596.762,1588.663,1772.4989999999998,1953.023,1772.182,2096.098,2122.222,2006.946,2010.97
"Millones de pesos|B.1bV---Valor agregado bruto|Actividad económica total  |Actividades secundarias|31-33---Industrias manufactureras|315-316---Fabricación de prendas de vestir; Curtido y acabado de cuero y piel, y fabricación de productos de cuero, piel y materiales sucedáneos<C1>",6171.607,6249.687,6373.503,6491.838,6321.446,5788.403,5786.722,5969.209000000001,6041.365,6210.267,5678.826999999999,5703.5109999999995,5876.370999999999,5547.342000000001,5093.22,4829.738,4701.513,3992.871,4433.513,4799.045,5055.647,4311.642
Millones de pesos|B.1bV---Valor agregado bruto|Actividad económica total  |Actividades secundarias|31-33---Industrias manufactureras|321---Industria de la madera<C1>,1655.957,1799.439,1572.337,1654.798,1856.188,1791.547,1821.854,1749.403,1824.194,2067.831,1543.461,1611.711,1880.504,1938.836,2061.153,2132.587,2172.432,2070.761,2309.88,2705.26,2683.368,2507.306
Millones de pesos|B.1bV---Valor agregado bruto|Actividad económica total  |Actividades secundarias|31-33---Industrias manufactureras|322-323---Industria del papel; Impresión e industrias conexas<C1>,2123.0950000000003,2215.543,2457.8720000000003,2773.2110000000002,3027.314,3404.43,3911.187,4648.219,5759.304,6077.772,4872.588,4986.424,5691.568,6677.878,7294.362999999999,7429.715,7535.169,7740.688,8942.523,10061.915,9727.587,9152.375
Millones de pesos|B.1bV---Valor agregado bruto|Actividad económica total  |Actividades secundarias|31-33---Industrias manufactureras|324-326---Fabricación de productos derivados del petróleo y del carbón; Industria química; Industria del plástico y del hule<C1>,19842.019,22959.671,25450.697,27107.862,25671.166999999998,26379.822,23926.855,24556.541,26138.447999999997,30547.684,30913.773999999998,32027.909000000003,36044.414,40095.100999999995,42526.528999999995,44840.957,47999.228,46872.06,53049.131,67251.575,75508.219,76817.869
Millones de pesos|B.1bV---Valor agregado bruto|Actividad económica total  |Actividades secundarias|31-33---Industrias manufactureras|327---Fabricación de productos a base de minerales no metálicos<C1>,2110.512,2262.279,2396.747,2605.74,2620.792,2672.588,2908.13,2830.124,3008.913,3418.087,3267.527,3494.24,4011.185,4584.47,5079.308,5252.221,5671.001,5787.879,6583.832,6112.188,5939.579,5805.565
Millones de pesos|B.1bV---Valor agregado bruto|Actividad económica total  |Actividades secundarias|31-33---Industrias manufactureras|331-332---Industrias metálicas básicas; Fabricación de productos metálicos<C1>,8704.438,12200.314999999999,10567.469000000001,11609.805,11830.438999999998,13734.652,12220.68,14340.867000000002,16076.795999999998,17479.835,15665.679,17327.313000000002,19649.714,20421.667999999998,21534.683,21969.214,21499.166,20684.779,25523.223,26783.871,24480.858,23535.817
"Millones de pesos|B.1bV---Valor agregado bruto|Actividad económica total  |Actividades secundarias|31-33---Industrias manufactureras|333-336---Fabricación de maquinaria y equipo; Fabricación de equipo de computación, comunicación, medición y de otros equipos, componentes y accesorios electrónicos; Fabricación de accesorios, aparatos eléctricos y equipo de generación de energía eléctrica; Fabricación de equipo de transporte<C1>",52748.866,46348.979999999996,48924.41300000001,56405.388000000006,57480.781,50900.993,53028.235,58016.021,56701.545,68623.541,74723.655,90261.38399999999,108023.382,119507.85200000001,119634.934,120195.19099999999,129190.608,118639.429,113610.671,141548.431,161866.309,178229.723
"Millones de pesos|B.1bV---Valor agregado bruto|Actividad económica total  |Actividades secundarias|31-33---Industrias manufactureras|337---Fabricación de muebles, colchones y persianas<C1>",2763.701,2993.592,3110.37,3173.761,3246.431,3322.602,3217.858,3629.936,4266.138,4433.675,4517.619,4370.24,5046.13,5396.089,5277.506,5107.505,5213.199,5179.313,6187.434,6780.172,6609.479,6262.455
Millones de pesos|B.1bV---Valor agregado bruto|Actividad económica total  |Actividades secundarias|31-33---Industrias manufactureras|339---Otras industrias manufactureras<C1>,1544.825,1694.593,1985.117,2227.93,2526.143,2420.206,2722.801,2807.786,2949.926,3223.089,3465.809,3910.424,4397.969,4732.719,4807.278,4805.244,4811.289,4265.822,5575.533,5863.461,6118.909,6292.779
Millones de pesos|B.1bV---Valor agregado bruto|Actividad económica total  |Actividades terciarias<C1>,334808.4110000001,368593.13200000004,399938.832,437838.688,481462.071,525119.304,521980.533,576614.4209999999,620961.2420000001,678051.913,710200.778,749252.326,806475.371,895290.8739999997,960578.3559999999,1042080.778,1088834.663,1051360.4950000003,1161349.74,1290304.4040000003,1374860.2310000001,1471700.3760000002
Millones de pesos|B.1bV---Valor agregado bruto|Actividad económica total  |Actividades terciarias|43---Comercio al por mayor<C1>,57851.85,65264.37,70145.584,78503.912,87261.606,96122.699,93155.269,105935.698,120317.804,134032.214,139078.943,151754.668,171916.376,200278.935,214831.469,243326.725,251749.543,247103.429,281140.599,325959.22,332449.619,345227.628
Millones de pesos|B.1bV---Valor agregado bruto|Actividad económica total  |Actividades terciarias|46---Comercio al por menor<C1>,45728.139,53018.496,56650.275,60904.231,66590.843,74033.183,67169.445,78533.593,87385.363,100057.42,103048.148,105707.045,110405.381,129292.675,138099.977,153879.946,155132.577,151188.533,171941.156,192980.031,198064.448,212881.405
"Millones de pesos|B.1bV---Valor agregado bruto|Actividad económica total  |Actividades terciarias|48-49---Transportes, correos y almacenamiento<C1>",33253.637,34488.139,39140.737,42918.335,47792.438,49472.623,48323.728,59535.433,61362.211,65805.832,67145.849,73051.096,79402.875,88312.728,93213.176,104286.508,109735.773,96145.471,119379.135,145287.008,159267.604,175356.646
Millones de pesos|B.1bV---Valor agregado bruto|Actividad económica total  |Actividades terciarias|51---Información en medios masivos<C1>,5688.85,6770.412,8094.151,9603.989,11561.274,12344.759,13067.72,13781.322,13312.886,14082.523,14825.107,14953.483,14501.263,13746.894,14138.123,15497.267,15949.119,13933.208,14891.227,15803.755,17159.215,17966.137
Millones de pesos|B.1bV---Valor agregado bruto|Actividad económica total  |Actividades terciarias|52---Servicios financieros y de seguros<C1>,11104.344,13252.495,17368.887,18660.791,21664.666,24301.06,25028.789,26286.565,26103.927,27674.763,31987.542,33059.469,34374.943,39670.628,46204.089,50365.047,54402.796,56078.538,57741.506,73302.891,88543.625,88173.784
Millones de pesos|B.1bV---Valor agregado bruto|Actividad económica total  |Actividades terciarias|53---Servicios inmobiliarios y de alquiler de bienes muebles e intangibles<C1>,61609.309,66893.945,71668.142,78667.206,85330.805,93430.447,98493.895,105043.533,111982.727,118168.213,124466.642,131843.639,139265.005,146441.175,152398.442,159994.438,168916.446,175884.515,185600.984,195544.096,212447.992,231460.694
"Millones de pesos|B.1bV---Valor agregado bruto|Actividad económica total  |Actividades terciarias|54---Servicios profesionales, científicos y técnicos<C1>",13218.526,13482.412,14333.425,15215.048,16278.793,18612.487,16463.856,17183.532,18419.017,19760.893,21429.669,23232.454,24193.286,25816.825,29695.309,31565.556,31950.999,34807.523,38563.877,42768.897,46757.191,60893.473
Millones de pesos|B.1bV---Valor agregado bruto|Actividad económica total  |Actividades terciarias|55---Corporativos<C1>,124.353,148.849,154.576,168.347,170.905,206.399,198.672,202.364,218.233,235.071,225.321,237.311,255.178,319.69,373.909,405.189,434.312,452.729,538.701,616.047,633.837,683.686
"Millones de pesos|B.1bV---Valor agregado bruto|Actividad económica total  |Actividades terciarias|56---Servicios de apoyo a los negocios y manejo de residuos, y servicios de remediación<C1>",21647.799,24161.427,26273.778,30304.224,33761.328,38152.933,35458.339,35938.533,38795.712,40891.895,42672.29,42844.599,44565.532,48144.117,53491.318,56331.742,59545.333,58572.859,48440.552,19801.712,20474.46,21234.511
Millones de pesos|B.1bV---Valor agregado bruto|Actividad económica total  |Actividades terciarias|61---Servicios educativos<C1>,19187.715,20953.051,22760.748,24260.999,26648.877,28469.786,30199.963,32668.269,34587.797,38687.711,41664.931,43619.732,45931.449,48664.617,49504.066,51569.956,53477.245,53520.657,55117.29,59409.885,64584.769,68045.09
Millones de pesos|B.1bV---Valor agregado bruto|Actividad económica total  |Actividades terciarias|62---Servicios de salud y de asistencia social<C1>,11012.331,11764.215,11568.921,12084.874,13306.02,14797.216,15667.345,16642.144,18929.785,20924.513,22813.48,24198.448,25573.339,28348.666,30997.974,35241.084,39486.59,40223.214,44300.587,47421.253,50423.528,52894.164
"Millones de pesos|B.1bV---Valor agregado bruto|Actividad económica total  |Actividades terciarias|71---Servicios de esparcimiento culturales y deportivos, y otros servicios recreativos<C1>",4082.042,4354.967,4613.047,5115.695,5799.858,6208.679,6232.138,6597.697,6912.783,7290.606,7962.063,8263.826,8674.834,9351.212,10041.195,10655.052,10986.841,6500.577,8562.412,12739.915,14162.544,15189.552
Millones de pesos|B.1bV---Valor agregado bruto|Actividad económica total  |Actividades terciarias|72---Servicios de alojamiento temporal y de preparación de alimentos y bebidas<C1>,17776.914,18537.278,18819.406,20162.072,20132.576,21001.92,21227.12,22372.115,23750.544,24723.2,25581.045,26152.383,34974.631,39329.412,45654.239,43615.969,46044.562,26038.127,38562.192,52699.931,51864.59,53589.632
Millones de pesos|B.1bV---Valor agregado bruto|Actividad económica total  |Actividades terciarias|81---Otros servicios excepto actividades gubernamentales<C1>,18267.445,19890.244,21391.931,22802.754,24731.293,26166.669,26698.989,27985.672,28935.502,31366.779,32536.56,34249.784,35882.182,39179.002,41454.633,43489.872,46406.513,43963.461,48286.015,55083.071,63370.072,70312.147
"Millones de pesos|B.1bV---Valor agregado bruto|Actividad económica total  |Actividades terciarias|93---Actividades legislativas, gubernamentales, de impartición de justicia y de organismos internacionales y extraterritoriales<C1>",14255.157,15612.832,16955.224,18466.211,20430.789,21798.444,24595.265,27907.951,29946.951,34350.28,34763.188,36084.389,36559.097,38394.298,40480.437,41856.427,44616.014,46947.654,48283.507,50886.692,54656.737,57791.827
Variación porcentual anual en valores corrientes|B.1bP---Producto interno bruto<C1>,NA,8.70925196579,6.611451456586,9.344896206129,8.690167813526,7.292196402925,0.832409286814,10.186435530592,7.03236963428,9.546822074283,5.494738149497,8.711401569288,9.154587707513,10.536452199388,7.400524417773,7.125372512575,5.283038963327,-2.380904336561,9.693000585936,12.583704436778,7.628299429561,5.530224005762
"Variación porcentual anual en valores corrientes|D.21-D.31---Impuestos sobre los productos, netos",NA,-0.393499761715,3.499007643343,1.444411039544,7.499507144775,-19.151146655267,48.792405341316,9.998887371534,-9.822084903892,0.72372862328,31.782934279626,48.532540125475,16.985584130841,13.030665345399,-1.976480921546,6.770996669193,12.453282129793,1.760967330446,6.507272293847,-5.91794910408,30.005036958376,10.688533295936
Variación porcentual anual en valores corrientes|B.1bV---Valor agregado bruto|Actividad económica total  <C1>,NA,9.215344017377,6.769271573921,9.733229395601,8.744271732014,8.480034241658,-0.77321521291,10.195850729477,7.876976184256,9.916422146924,4.485621978136,6.783447453339,8.627214919615,10.3555566183,8.097087793056,7.149243856959,4.801744529798,-2.679220796413,9.932919761171,13.933656264017,6.280084176955,5.150053748776
Variación porcentual anual en valores corrientes|B.1bV---Valor agregado bruto|Actividad económica total  |Actividades primarias<C1>,NA,12.552214345092,-9.240858057144,18.148436005535,6.575888211999,8.092360180603,-5.490287470663,20.430861438362,2.432695116817,19.890038304535,4.013211871944,18.212006506982,2.352176319342,7.936358348439,16.685326100992,13.896576925089,11.818486973963,6.130844851065,11.586209277277,21.329206920199,9.314494088344,9.935147963541
"Variación porcentual anual en valores corrientes|B.1bV---Valor agregado bruto|Actividad económica total  |Actividades primarias|11---Agricultura, cría y explotación de animales, aprovechamiento forestal, pesca y caza<C1>",NA,12.552214345092,-9.240858057144,18.148436005535,6.575888211999,8.092360180603,-5.490287470663,20.430861438362,2.432695116817,19.890038304535,4.013211871944,18.212006506982,2.352176319342,7.936358348439,16.685326100992,13.896576925089,11.818486973963,6.130844851065,11.586209277277,21.329206920199,9.314494088344,9.935147963541
"Variación porcentual anual en valores corrientes|B.1bV---Valor agregado bruto|Actividad económica total  |Actividades primarias|11---Agricultura, cría y explotación de animales, aprovechamiento forestal, pesca y caza|111---Agricultura<C1>",NA,8.22406011716,-15.192935201428,28.375582072422,15.241784088361,2.055171875946,-10.966507393497,31.187515381424,5.059839121839,12.130452410959,-3.574613547378,29.900575741983,2.714588551594,13.678639489327,27.798217428463,19.410742347203,15.651224436592,7.898380716628,12.386031767392,27.295170095494,5.787934405997,11.245509715466
"Variación porcentual anual en valores corrientes|B.1bV---Valor agregado bruto|Actividad económica total  |Actividades primarias|11---Agricultura, cría y explotación de animales, aprovechamiento forestal, pesca y caza|112---Cría y explotación de animales<C1>",NA,16.321813794129,0.646308470166,7.572718037119,0.732458113679,14.23881587675,2.54474242707,8.294092046938,4.78364739508,17.09075555707,19.231279684815,10.799408256343,1.617984093273,3.951661171595,6.964571733756,8.106341422705,7.54284243028,4.085902297659,10.791614612484,13.647226759426,14.757076887292,8.368105108481
"Variación porcentual anual en valores corrientes|B.1bV---Valor agregado bruto|Actividad económica total  |Actividades primarias|11---Agricultura, cría y explotación de animales, aprovechamiento forestal, pesca y caza|114---Pesca, caza y captura<C1>",NA,40.827706382052,-17.760695393943,-1.09270090839,244.37535653166,-49.59885592495,-48.114592462752,26.502818774941,-46.7628060688,22.31314271382,139.740599287417,-1.830428739442,7.98209501405,15.969217424632,18.156201078448,12.768666823696,18.267919035528,-19.586621778244,-44.743001077549,3.757297230158,53.970192135033,-43.153810867757
"Variación porcentual anual en valores corrientes|B.1bV---Valor agregado bruto|Actividad económica total  |Actividades primarias|11---Agricultura, cría y explotación de animales, aprovechamiento forestal, pesca y caza|113,115---Aprovechamiento forestal, Servicios relacionados con las actividades agropecuarias y forestales<C1>",NA,11.506513611678,-56.380108504788,97.665191652986,-15.242278629714,8.385282587277,-54.063816379594,164.220985667014,-57.953459818166,339.177048236582,-76.710114995008,-1.227488454485,24.50002615142,-18.465407831605,16.089885873198,15.217629978813,3.829825194532,3.494368551366,8.05121321008,17.084386472671,-6.934478292285,3.622470196006
Variación porcentual anual en valores corrientes|B.1bV---Valor agregado bruto|Actividad económica total  |Actividades secundarias<C1>,NA,7.054677436845,6.084079180903,9.047056605097,6.671504352888,7.344301775411,-0.408229937066,8.139032495034,9.15660022026,9.892510202966,4.036245355479,7.548147668339,11.797304736246,9.470970843848,8.278020499607,3.309849998841,4.074679865622,-2.95474920426,8.456360465482,18.141395561451,4.99759500373,0.123252071982
Variación porcentual anual en valores corrientes|B.1bV---Valor agregado bruto|Actividad económica total  |Actividades secundarias|21---Minería<C1>,NA,0.903864947209,17.288406284242,2.324223983628,86.829973393166,12.699018995892,27.162857808472,60.669380031416,39.352830408331,-9.415769437157,56.34224443421,2.824743140361,-46.562595159723,55.405162468968,30.807431250781,-33.241669127843,-12.076375321539,58.660356885283,7.650913349349,-12.819183020623,-36.715792062045,-1.687772750556
Variación porcentual anual en valores corrientes|B.1bV---Valor agregado bruto|Actividad económica total  |Actividades secundarias|21---Minería|21-1---Minería petrolera<C1>,NA,NA,NA,NA,NA,NA,NA,NA,NA,NA,NA,NA,NA,NA,NA,NA,NA,NA,NA,NA,NA,NA
Variación porcentual anual en valores corrientes|B.1bV---Valor agregado bruto|Actividad económica total  |Actividades secundarias|21---Minería|21-2---Minería no petrolera<C1>,NA,0.903864947209,17.288406284242,2.324223983628,86.829973393166,12.699018995892,27.162857808472,60.669380031416,39.352830408331,-9.415769437157,56.34224443421,2.824743140361,-46.562595159723,55.405162468968,30.807431250781,-33.241669127843,-12.076375321539,58.660356885283,7.650913349349,-12.819183020623,-36.715792062045,-1.687772750556
"Variación porcentual anual en valores corrientes|B.1bV---Valor agregado bruto|Actividad económica total  |Actividades secundarias|22---Generación, transmisión, distribución y comercialización de energía eléctrica, suministro de agua y de gas natural por ductos al consumidor final<C1>",NA,8.595885465554,4.778909256025,18.036672341965,12.877969713464,6.857542383796,3.534330412981,1.659128447866,-3.68016919306,2.156187424351,9.065790408453,11.990893315489,-1.343571412792,6.383621886019,32.107344887156,11.849710006333,9.964183107911,4.29920479684,-6.414128590945,27.920995843847,9.75917289329,-18.131892060948
Variación porcentual anual en valores corrientes|B.1bV---Valor agregado bruto|Actividad económica total  |Actividades secundarias|23---Construcción<C1>,NA,21.988770767393,8.509021614344,7.247530411597,15.71095007151,25.060194955681,-12.391660523628,5.541422149065,23.488723868905,1.763515221046,-3.338464117881,-5.101428002186,18.825794759644,9.195432753641,18.948050948566,5.086025080739,-5.425229914925,-9.095648071057,16.822656876109,18.440496971829,2.759847432619,-5.22589103693
Variación porcentual anual en valores corrientes|B.1bV---Valor agregado bruto|Actividad económica total  |Actividades secundarias|31-33---Industrias manufactureras<C1>,NA,3.531825753766,5.402784091976,9.140620450534,3.187055155918,1.764093121578,3.514030178249,8.415912569685,4.56316384386,14.084359044457,4.695191459808,11.41610731924,13.025432211403,8.804751479402,3.633776542089,3.524280273759,7.131811443996,-2.801911588815,7.271196329598,18.403274435189,6.263643456555,2.86106876275
Variación porcentual anual en valores corrientes|B.1bV---Valor agregado bruto|Actividad económica total  |Actividades secundarias|31-33---Industrias manufactureras|311---Industria alimentaria<C1>,NA,8.415540888025,4.753438527877,4.426891957816,12.22993580129,12.251357801374,10.989942038935,10.465538475945,9.788160137427,11.142500817299,8.158290227416,3.680803656478,7.458970199811,7.228835292251,4.348869556226,4.967515277852,5.27385174272,5.747838853148,8.647653171727,17.018732810066,1.150669500908,0.322057787276
Variación porcentual anual en valores corrientes|B.1bV---Valor agregado bruto|Actividad económica total  |Actividades secundarias|31-33---Industrias manufactureras|312---Industria de las bebidas y del tabaco<C1>,NA,13.055744215695,20.471484669422,7.727448022051,3.261178634259,17.172195554811,12.374870609645,3.936251551842,-4.510620830227,13.224550107061,13.186223643709,25.159369728517,9.126272731103,8.210007621927,11.226463577841,10.842223942737,18.780326127008,-5.612380456457,13.546743691025,14.558736581136,3.340199044744,-1.561426350213
"Variación porcentual anual en valores corrientes|B.1bV---Valor agregado bruto|Actividad económica total  |Actividades secundarias|31-33---Industrias manufactureras|313-314---Fabricación de insumos textiles y acabado de textiles; Fabricación de productos textiles, excepto prendas de vestir<C1>",NA,5.243259429576,-4.090991953846,9.151001058453,-9.145640243986,-15.035131657276,-5.962616541327,8.374098770264,4.472104360386,9.025389542569,3.846054185878,9.348855436895,-0.821742208919,8.052790674541,-0.50721397428,11.571743031719,10.184716606328,-9.259542770362,18.277806681255,1.246315773404,-5.431853971922,0.200503650821
"Variación porcentual anual en valores corrientes|B.1bV---Valor agregado bruto|Actividad económica total  |Actividades secundarias|31-33---Industrias manufactureras|315-316---Fabricación de prendas de vestir; Curtido y acabado de cuero y piel, y fabricación de productos de cuero, piel y materiales sucedáneos<C1>",NA,1.265148607162,1.981155216253,1.856671284222,-2.624711214297,-8.432295395705,-0.02904082525,3.153547034055,1.208803377466,2.795758905479,-8.557442055229,0.434667229694,3.030764734214,-5.599186981217,-8.186298951822,-5.173191026502,-2.654905918292,-15.072637255284,11.035718409135,8.244748577482,5.346938818036,-14.716316230148
Variación porcentual anual en valores corrientes|B.1bV---Valor agregado bruto|Actividad económica total  |Actividades secundarias|31-33---Industrias manufactureras|321---Industria de la madera<C1>,NA,8.664596967192,-12.620711232779,5.244486391912,12.170065470227,-3.482459750844,1.691666475956,-3.976773111347,4.275229892712,13.355871140898,-25.358455308969,4.42188043624,16.677493669771,3.10193437504,6.308785271163,3.465730103491,1.868388018871,-4.68005442748,11.547397309492,17.116906505966,-0.809238298722,-6.561232003959
Variación porcentual anual en valores corrientes|B.1bV---Valor agregado bruto|Actividad económica total  |Actividades secundarias|31-33---Industrias manufactureras|322-323---Industria del papel; Impresión e industrias conexas<C1>,NA,4.354397707121,10.937679837403,12.82975679775,9.162771963619,12.457115449537,14.885223076991,18.844202540047,23.90345635608,5.529626496535,-19.829371684229,2.336253342166,14.141276393664,17.329319442375,9.231749966082,1.855569842082,1.419354578204,2.727463710502,15.526203872317,12.517630650768,-3.322707456781,-5.913203346318
Variación porcentual anual en valores corrientes|B.1bV---Valor agregado bruto|Actividad económica total  |Actividades secundarias|31-33---Industrias manufactureras|324-326---Fabricación de productos derivados del petróleo y del carbón; Industria química; Industria del plástico y del hule<C1>,NA,15.712372818512,10.849571842732,6.511275506521,-5.299920001068,2.760509485214,-9.298648793006,2.631712358352,6.441896682436,16.868775070349,1.198421458072,3.604008362098,12.540640726811,11.238043709075,6.064152326241,5.442315783637,7.043272961369,-2.34830443523,13.178578027081,26.772246278643,12.27725001236,1.734446948087
Variación porcentual anual en valores corrientes|B.1bV---Valor agregado bruto|Actividad económica total  |Actividades secundarias|31-33---Industrias manufactureras|327---Fabricación de productos a base de minerales no metálicos<C1>,NA,7.191003889104,5.94391761582,8.719860711206,0.5776478083,1.976349134155,8.813255166902,-2.682342261178,6.317355705969,13.598731502041,-4.404803037489,6.938366538364,14.794204176015,14.292160546073,10.793788594974,3.404262942905,7.973388781622,2.060976536594,13.752067035265,-7.163670032893,-2.824013266608,-2.25628786148
Variación porcentual anual en valores corrientes|B.1bV---Valor agregado bruto|Actividad económica total  |Actividades secundarias|31-33---Industrias manufactureras|331-332---Industrias metálicas básicas; Fabricación de productos metálicos<C1>,NA,40.162007012974,-13.383638045411,9.863629597589,1.900410902681,16.095877760749,-11.02300953821,17.349173695735,12.104770234603,8.727105823822,-10.378564786224,10.606843150559,13.403122573015,3.928576263247,5.450166950124,2.017819347515,-2.139575862842,-3.787993450537,23.391325573263,4.939219470832,-8.598506914852,-3.860326300655
"Variación porcentual anual en valores corrientes|B.1bV---Valor agregado bruto|Actividad económica total  |Actividades secundarias|31-33---Industrias manufactureras|333-336---Fabricación de maquinaria y equipo; Fabricación de equipo de computación, comunicación, medición y de otros equipos, componentes y accesorios electrónicos; Fabricación de accesorios, aparatos eléctricos y equipo de generación de energía eléctrica; Fabricación de equipo de transporte<C1>",NA,-12.132746133348,5.556612033318,15.290883510447,1.906543041597,-11.446935628797,4.179175836511,9.40590611775,-2.265712086667,21.025875044498,8.889243998645,20.793588054546,19.678402006333,10.631466805955,0.106337782726,0.468305520192,7.484007409248,-8.167140911668,-4.238690326131,24.59078865928,14.35401145492,10.1092155008
"Variación porcentual anual en valores corrientes|B.1bV---Valor agregado bruto|Actividad económica total  |Actividades secundarias|31-33---Industrias manufactureras|337---Fabricación de muebles, colchones y persianas<C1>",NA,8.318229794033,3.900932391588,2.038053350566,2.289712426361,2.346299674935,-3.152469058888,12.80597217155,17.526534903095,3.927135034075,1.893327769852,-3.262315834956,15.465741011935,6.935195882785,-2.197573094143,-3.221237455722,2.069386128844,-0.6500039611,19.464376839168,9.579706223937,-2.517532003613,-5.250398707674
Variación porcentual anual en valores corrientes|B.1bV---Valor agregado bruto|Actividad económica total  |Actividades secundarias|31-33---Industrias manufactureras|339---Otras industrias manufactureras<C1>,NA,9.694819801596,17.144175622111,12.231671987092,13.385205100699,-4.193626409906,12.50286132668,3.121234346542,5.062351617965,9.259994996485,7.530663906582,12.828606538906,12.467829575514,7.611467929856,1.575394609314,-0.042310846179,0.125800063431,-11.337232080634,30.702429684127,5.164134083683,4.356607812348,2.841519623841
Variación porcentual anual en valores corrientes|B.1bV---Valor agregado bruto|Actividad económica total  |Actividades terciarias<C1>,NA,10.090762325562,8.504146517847,9.476413133096,9.963345906975,9.067637022647,-0.597725312342,10.466652402916,7.69089696423,9.193918579543,4.741357465944,5.498663083695,7.637353000356,11.012797934532,7.292320730168,8.484723967693,4.48658933041,-3.441676617527,10.461610981493,11.103861270938,6.553168906335,7.043635623205
Variación porcentual anual en valores corrientes|B.1bV---Valor agregado bruto|Actividad económica total  |Actividades terciarias|43---Comercio al por mayor<C1>,NA,12.812935109249,7.479140609187,11.915686666747,11.155742149512,10.154629746329,-3.087127214353,13.719491272147,13.576260195123,11.398487625323,3.765310479763,9.11405042818,13.285725088865,16.497880923223,7.266133105811,13.264004632394,3.461526061307,-1.845530261797,13.774462838393,15.941710716779,1.991169018014,3.843592613653
Variación porcentual anual en valores corrientes|B.1bV---Valor agregado bruto|Actividad económica total  |Actividades terciarias|46---Comercio al por menor<C1>,NA,15.942824613965,6.850022678878,7.509153309494,9.336973649663,11.176221331212,-9.271164256169,16.91862721212,11.27131672175,14.501349613894,2.989011709476,2.5802472452,4.444676322188,17.107222337288,6.81191103827,11.426481989928,0.814031348828,-2.542369936909,13.726320765345,12.236090235429,2.63468555459,7.480876628601
"Variación porcentual anual en valores corrientes|B.1bV---Valor agregado bruto|Actividad económica total  |Actividades terciarias|48-49---Transportes, correos y almacenamiento<C1>",NA,3.712381896753,13.49042927483,9.6513205666,11.356691726275,3.515587549645,-2.322284387468,23.201241841275,3.068387862401,7.241624653975,2.036319516483,8.794656837238,8.694981112946,11.221071025451,5.548971378169,11.879578054502,5.225282833327,-12.384568521698,24.165115380214,21.702178525586,9.622743418324,10.101892409959
Variación porcentual anual en valores corrientes|B.1bV---Valor agregado bruto|Actividad económica total  |Actividades terciarias|51---Información en medios masivos<C1>,NA,19.011961995834,19.551823434084,18.653444938203,20.379917136515,6.77680504761,5.856420526314,5.460799588605,-3.399064327791,5.781143172112,5.273089204257,0.865936414489,-3.024178380381,-5.20209170746,2.845944691215,9.613327030752,2.915688295233,-12.639638590696,6.875796299029,6.127957085068,8.57682240708,4.702557780178
Variación porcentual anual en valores corrientes|B.1bV---Valor agregado bruto|Actividad económica total  |Actividades terciarias|52---Servicios financieros y de seguros<C1>,NA,19.345140964653,31.061260539996,7.438035609305,16.097254398273,12.169095983294,2.994638916986,5.025317045903,-0.694795991793,6.01762332541,15.583797411382,3.351076490966,3.979114123097,15.405654636286,16.469265371851,9.005605542834,8.016966607814,3.080249772457,2.965426809094,26.950085091303,20.791450094376,-0.417693538072
Variación porcentual anual en valores corrientes|B.1bV---Valor agregado bruto|Actividad económica total  |Actividades terciarias|53---Servicios inmobiliarios y de alquiler de bienes muebles e intangibles<C1>,NA,8.57765828862,7.136964339598,9.765934771966,8.470618620928,9.492049207786,5.419483864826,6.649790832214,6.606017335689,5.523607225604,5.330053522939,5.926886820004,5.628914717683,5.152888193269,4.068027315405,4.984300298818,5.576448851303,4.125157238982,5.524345903902,5.357251769743,8.644544297569,8.949344176433
"Variación porcentual anual en valores corrientes|B.1bV---Valor agregado bruto|Actividad económica total  |Actividades terciarias|54---Servicios profesionales, científicos y técnicos<C1>",NA,1.996334538359,6.312023397594,6.150818802903,6.991400881548,14.335792586097,-11.544029553923,4.371248145027,7.189936271542,7.285274778779,8.444841030211,8.412565775048,4.135731851659,6.710700646452,15.023086688623,6.298122710223,1.221087314286,8.940327656109,10.791787740828,10.904038512518,9.325220615346,30.233385919184
Variación porcentual anual en valores corrientes|B.1bV---Valor agregado bruto|Actividad económica total  |Actividades terciarias|55---Corporativos<C1>,NA,19.698760785827,3.847523329011,8.90888624366,1.519480596625,20.768263070127,-3.743719688564,1.85833937344,7.841809808069,7.715606713925,-4.147683040443,5.321297171591,7.528938818681,25.281176276952,16.959867371516,8.365671861335,7.187510026185,4.24049991711,18.989726746023,14.35787199207,2.88776668014,7.864640278179
"Variación porcentual anual en valores corrientes|B.1bV---Valor agregado bruto|Actividad económica total  |Actividades terciarias|56---Servicios de apoyo a los negocios y manejo de residuos, y servicios de remediación<C1>",NA,11.611471447975,8.742658287526,15.340184422659,11.407993816308,13.007796968176,-7.062612984433,1.354248432224,7.950182607621,5.403130634643,4.353906807205,0.403795999699,4.016685977152,8.029938922304,11.106655045725,5.310065457725,5.704760559331,-1.633165776401,-17.298638265207,-59.121621900593,3.397423414703,3.712190700023
Variación porcentual anual en valores corrientes|B.1bV---Valor agregado bruto|Actividad económica total  |Actividades terciarias|61---Servicios educativos<C1>,NA,9.200345116654,8.627368873392,6.59139585395,9.842455374571,6.83296710777,6.077239217745,8.173208689031,5.875817907585,11.853643063766,7.695518610548,4.691717838198,5.29970472996,5.950537288732,1.724967854982,4.173172361236,3.69844992693,0.08117845263,2.983208894465,7.788109683912,8.710476379478,5.357797284991
Variación porcentual anual en valores corrientes|B.1bV---Valor agregado bruto|Actividad económica total  |Actividades terciarias|62---Servicios de salud y de asistencia social<C1>,NA,6.82765528933,-1.660068266348,4.459819545833,10.104747471922,11.20692739076,5.880356142669,6.221851883647,13.746071419644,10.537510066807,9.027531489024,6.070831806458,5.681732150756,10.852423299124,9.345441510369,13.688346212562,12.047035783576,1.865504212949,10.136865244035,7.044299435581,6.331074803106,4.899768219312
"Variación porcentual anual en valores corrientes|B.1bV---Valor agregado bruto|Actividad económica total  |Actividades terciarias|71---Servicios de esparcimiento culturales y deportivos, y otros servicios recreativos<C1>",NA,6.685991961866,5.926106902762,10.89622542324,13.373803559438,7.048810505361,0.377842049814,5.865707723417,4.775696731754,5.465570089499,9.209892840184,3.79001020213,4.973580034236,7.797013752655,7.37854087791,6.113385906757,3.113912536513,-40.833065664644,31.717722903675,48.788857625632,11.166707156209,7.251578529959
Variación porcentual anual en valores corrientes|B.1bV---Valor agregado bruto|Actividad económica total  |Actividades terciarias|72---Servicios de alojamiento temporal y de preparación de alimentos y bebidas<C1>,NA,4.277255321143,1.521949446947,7.134475976553,-0.146294487987,4.318096203884,1.072282915086,5.394019537271,6.161370974537,4.095299880289,3.469797599016,2.233442769832,33.734011925414,12.451256455,16.081671904986,-4.464579948425,5.568128040443,-43.450158131594,48.098947362842,36.662176776673,-1.585089361882,3.326049622681
Variación porcentual anual en valores corrientes|B.1bV---Valor agregado bruto|Actividad económica total  |Actividades terciarias|81---Otros servicios excepto actividades gubernamentales<C1>,NA,8.883557607536,7.549867161006,6.595117570265,8.457482811067,5.803885789554,2.034343767638,4.819219933759,3.393986751506,8.4024013131,3.729362839583,5.265535139548,4.766155605536,9.18790278696,5.808292411328,4.909557394948,6.706483293398,-5.264459322768,9.832151294913,14.076655528521,15.044551528363,10.954816336646
"Variación porcentual anual en valores corrientes|B.1bV---Valor agregado bruto|Actividad económica total  |Actividades terciarias|93---Actividades legislativas, gubernamentales, de impartición de justicia y de organismos internacionales y extraterritoriales<C1>",NA,9.524097139021,8.598004513211,8.911631011186,10.638771537919,6.694088025675,12.830369910807,13.468795721453,7.306161602477,14.703763999213,1.202051336991,3.800574906996,1.315549502584,5.019820374666,5.433460458113,3.39914808726,6.592982721626,5.226015932306,2.845409485211,5.391457998277,7.408705207248,5.735962613355
Estructura porcentual en valores corrientes|B.1bP---Producto interno bruto<C1>,100,100,100,100,100,100,100,100,100,100,100,100,100,100,100,100,100,100,100,100,100,100
"Estructura porcentual en valores corrientes|D.21-D.31---Impuestos sobre los productos, netos",5.266940156619,4.82591376979,4.68502472597,4.346518132275,4.29890363052,3.239391501147,4.780177888311,4.772041555026,4.020585171146,3.69676017996,4.61795452919,6.309517736898,6.762176776415,6.914762732232,6.311043454214,6.290166221358,6.71855451456,7.003615448571,6.80021490558,5.682688876251,6.864162876265,7.199682633448
Estructura porcentual en valores corrientes|B.1bV---Valor agregado bruto|Actividad económica total  <C1>,94.733059843381,95.17408623021,95.31497527403,95.653481867725,95.70109636948,96.760608498853,95.219822111689,95.227958444974,95.979414828854,96.30323982004,95.38204547081,93.690482263102,93.237823223585,93.085237267768,93.688956545786,93.709833778642,93.28144548544,92.99638455143,93.19978509442,94.317311123749,93.135837123735,92.800317366552
Estructura porcentual en valores corrientes|B.1bV---Valor agregado bruto|Actividad económica total  |Actividades primarias<C1>,4.92585162024,5.099984567715,4.341655769279,4.691209709941,4.599954638799,4.63426018202,4.343668872803,4.747515260256,4.543492635712,4.972481134711,4.902649581072,5.331106358791,4.998876817476,4.881290730568,5.303279511695,5.638490384602,5.988499855546,6.51065802997,6.623026497447,7.137503214756,7.249325290005,7.551918475498
"Estructura porcentual en valores corrientes|B.1bV---Valor agregado bruto|Actividad económica total  |Actividades primarias|11---Agricultura, cría y explotación de animales, aprovechamiento forestal, pesca y caza<C1>",4.92585162024,5.099984567715,4.341655769279,4.691209709941,4.599954638799,4.63426018202,4.343668872803,4.747515260256,4.543492635712,4.972481134711,4.902649581072,5.331106358791,4.998876817476,4.881290730568,5.303279511695,5.638490384602,5.988499855546,6.51065802997,6.623026497447,7.137503214756,7.249325290005,7.551918475498
"Estructura porcentual en valores corrientes|B.1bV---Valor agregado bruto|Actividad económica total  |Actividades primarias|11---Agricultura, cría y explotación de animales, aprovechamiento forestal, pesca y caza|111---Agricultura<C1>",2.151547071498,2.141944272453,1.703869558354,2.000415693082,2.120996572428,2.01746890272,1.781394532816,2.120920978602,2.081833912147,2.13093336706,1.947737650501,2.327375404439,2.190062846581,2.25231912045,2.680083456147,2.987441233993,3.281641943903,3.627198648303,3.716248624227,4.201855882294,4.130007226867,4.353679369204
"Estructura porcentual en valores corrientes|B.1bV---Valor agregado bruto|Actividad económica total  |Actividades primarias|11---Agricultura, cría y explotación de animales, aprovechamiento forestal, pesca y caza|112---Cría y explotación de animales<C1>",2.487512572238,2.661705135543,2.512776934077,2.472051773775,2.291061434221,2.43939591248,2.480821665298,2.438215997098,2.386989713354,2.551369576509,2.883585142654,2.93896981228,2.736047965617,2.573058257361,2.562613879557,2.586080258115,2.641588089107,2.816580894186,2.844789943631,2.871663260897,3.061868331766,3.144207001655
"Estructura porcentual en valores corrientes|B.1bV---Valor agregado bruto|Actividad económica total  |Actividades primarias|11---Agricultura, cría y explotación de animales, aprovechamiento forestal, pesca y caza|114---Pesca, caza y captura<C1>",0.008021505616,0.010391482024,0.008015914274,0.007250749309,0.022973369428,0.010791876215,0.005553183738,0.00637549797,0.003171130593,0.003540686452,0.008046337731,0.007266078018,0.007188028863,0.007541313888,0.008296542358,0.008733598764,0.009810740283,0.008081561949,0.0040710242,0.003751861515,0.005367313629,0.002891222193
"Estructura porcentual en valores corrientes|B.1bV---Valor agregado bruto|Actividad económica total  |Actividades primarias|11---Agricultura, cría y explotación de animales, aprovechamiento forestal, pesca y caza|113,115---Aprovechamiento forestal, Servicios relacionados con las actividades agropecuarias y forestales<C1>",0.278770470888,0.285943677695,0.116993362574,0.211491493775,0.164923262722,0.166603490604,0.075899490951,0.182002786586,0.071497879619,0.28663750469,0.063280450186,0.057495064054,0.065577976415,0.048372038869,0.052285633633,0.05623529373,0.055459082253,0.058796925532,0.057916905389,0.06023221005,0.052082417744,0.051140882446
Estructura porcentual en valores corrientes|B.1bV---Valor agregado bruto|Actividad económica total  |Actividades secundarias<C1>,31.308677418417,30.832153670395,30.679637005222,30.596070134134,30.027820309321,30.04240301724,29.672762106878,29.12140473772,29.699366141938,29.793086051929,29.381188718655,29.066798674022,29.77052836088,29.483564718734,29.724454720523,28.665748239187,28.336744460246,28.170169516426,27.852588981315,29.227531184141,28.513137330018,27.052231369286
Estructura porcentual en valores corrientes|B.1bV---Valor agregado bruto|Actividad económica total  |Actividades secundarias|21---Minería<C1>,0.182364763059,0.169270867843,0.186223056233,0.174266292969,0.299550249426,0.314645616196,0.396809280225,0.578611157874,0.753333807624,0.622931473762,0.923178790193,0.873189201905,0.427475984879,0.600996083734,0.731977374703,0.456153258796,0.380941206838,0.619143902312,0.607617680458,0.470517523459,0.276658917319,0.257736156692
Estructura porcentual en valores corrientes|B.1bV---Valor agregado bruto|Actividad económica total  |Actividades secundarias|21---Minería|21-1---Minería petrolera<C1>,0,0,0,0,0,0,0,0,0,0,0,0,0,0,0,0,0,0,0,0,0,0
Estructura porcentual en valores corrientes|B.1bV---Valor agregado bruto|Actividad económica total  |Actividades secundarias|21---Minería|21-2---Minería no petrolera<C1>,0.182364763059,0.169270867843,0.186223056233,0.174266292969,0.299550249426,0.314645616196,0.396809280225,0.578611157874,0.753333807624,0.622931473762,0.923178790193,0.873189201905,0.427475984879,0.600996083734,0.731977374703,0.456153258796,0.380941206838,0.619143902312,0.607617680458,0.470517523459,0.276658917319,0.257736156692
"Estructura porcentual en valores corrientes|B.1bV---Valor agregado bruto|Actividad económica total  |Actividades secundarias|22---Generación, transmisión, distribución y comercialización de energía eléctrica, suministro de agua y de gas natural por ductos al consumidor final<C1>",1.219619696278,1.218347826459,1.197405668966,1.29258690174,1.34238991513,1.336951726786,1.372776895904,1.266537955593,1.139774088999,1.062878623519,1.098857622814,1.13200680912,1.023133807472,0.984694894283,1.211217810275,1.264633743214,1.320862485282,1.411249570841,1.204024141535,1.368048493125,1.395133732291,1.082315138252
Estructura porcentual en valores corrientes|B.1bV---Valor agregado bruto|Actividad económica total  |Actividades secundarias|23---Construcción<C1>,5.667180963231,6.359462758869,6.472654414978,6.348501167402,6.758579146464,7.877825732135,6.844656752309,6.556113774643,7.564124071403,7.026692700881,6.438339205851,5.620286261173,6.118249317657,6.044023203596,6.693866569581,6.566435324512,5.898567492059,5.492833666719,5.849848388657,6.154167282277,5.875790051069,5.276903103263
Estructura porcentual en valores corrientes|B.1bV---Valor agregado bruto|Actividad económica total  |Actividades secundarias|31-33---Industrias manufactureras<C1>,24.23951199585,23.085072217224,22.823353865045,22.780715772022,21.627300998301,20.512979942123,21.05851917844,20.72014184961,20.242134173912,21.080583253768,20.920813099797,21.441316401823,22.201669250872,21.853850537121,21.087392965964,20.378525912664,20.736373276066,20.646942376555,20.191098770665,21.23479788528,20.96555462934,20.435276971079
Estructura porcentual en valores corrientes|B.1bV---Valor agregado bruto|Actividad económica total  |Actividades secundarias|31-33---Industrias manufactureras|311---Industria alimentaria<C1>,5.335681367165,5.321265402593,5.228526960521,4.993363558328,5.155984969543,5.394300173157,5.937704630822,5.952744874598,6.106011758711,6.194953025864,6.351364428879,6.057456336644,5.963359247074,5.784915779091,5.620544455426,5.507328209529,5.506847628423,5.965402892146,5.908554064466,6.141310705865,5.771694738315,5.486847948282
Estructura porcentual en valores corrientes|B.1bV---Valor agregado bruto|Actividad económica total  |Actividades secundarias|31-33---Industrias manufactureras|312---Industria de las bebidas y del tabaco<C1>,1.607337099785,1.671602818855,1.888919723104,1.86097850333,1.768024077363,1.930832529147,2.151858288088,2.029796891584,1.810891842163,1.871687468783,2.008149791628,2.311981619338,2.311381885452,2.262734568238,2.343340178317,2.424645354568,2.735484925148,2.644932414372,2.737854387524,2.78588398869,2.674889480115,2.495136417781
"Estructura porcentual en valores corrientes|B.1bV---Valor agregado bruto|Actividad económica total  |Actividades secundarias|31-33---Industrias manufactureras|313-314---Fabricación de insumos textiles y acabado de textiles; Fabricación de productos textiles, excepto prendas de vestir<C1>",0.232226344126,0.224822238579,0.202252924937,0.201894281213,0.168763891224,0.133644405461,0.124638202065,0.122588163925,0.119655796641,0.119086246345,0.11722515272,0.117912528891,0.107135755196,0.104728504485,0.097017502885,0.101044333826,0.105748669463,0.098297188201,0.105990133931,0.095316730094,0.083750523777,0.079520769927
"Estructura porcentual en valores corrientes|B.1bV---Valor agregado bruto|Actividad económica total  |Actividades secundarias|31-33---Industrias manufactureras|315-316---Fabricación de prendas de vestir; Curtido y acabado de cuero y piel, y fabricación de productos de cuero, piel y materiales sucedáneos<C1>",1.078318018134,1.004477837696,0.960851849194,0.895050197603,0.801873556943,0.684352855602,0.678506165551,0.635199036288,0.600638242327,0.563622593322,0.488546562159,0.451351106585,0.426029273269,0.363839339568,0.311036063686,0.275327466344,0.254568811638,0.221471605146,0.22418257002,0.215542613815,0.21097383003,0.170497367683
Estructura porcentual en valores corrientes|B.1bV---Valor agregado bruto|Actividad económica total  |Actividades secundarias|31-33---Industrias manufactureras|321---Industria de la madera<C1>,0.289332789718,0.28921393916,0.237041217994,0.228152223899,0.235456899247,0.211811497125,0.213616477815,0.186158517767,0.181363098873,0.187669269417,0.132783154933,0.127543813512,0.136334100162,0.127164470799,0.125871828779,0.12157176548,0.117628821318,0.114858397014,0.116800116485,0.121503093105,0.11197783871,0.099147627047
Estructura porcentual en valores corrientes|B.1bV---Valor agregado bruto|Actividad económica total  |Actividades secundarias|31-33---Industrias manufactureras|322-323---Industria del papel; Impresión e industrias conexas<C1>,0.370952264574,0.356092047804,0.370542048271,0.382351354662,0.384013886247,0.402499859149,0.458595469788,0.494629058768,0.572595469995,0.551597800265,0.41918623621,0.394603953653,0.41263129554,0.437988990265,0.445456892617,0.423543597314,0.408000364525,0.429350859642,0.45218267965,0.451917300022,0.405935439388,0.361916839465
Estructura porcentual en valores corrientes|B.1bV---Valor agregado bruto|Actividad económica total  |Actividades secundarias|31-33---Industrias manufactureras|324-326---Fabricación de productos derivados del petróleo y del carbón; Industria química; Industria del plástico y del hule<C1>,3.466845280955,3.690181713146,3.836877346058,3.737446504319,3.25637994743,3.118840639804,2.805477546658,2.613125319917,2.598709308887,2.772403324376,2.659496056328,2.534549713106,2.613173249586,2.629759453764,2.597037666226,2.556235364988,2.598973230847,2.599841158073,2.682453062595,3.020513510223,3.150983081127,3.037646552174
Estructura porcentual en valores corrientes|B.1bV---Valor agregado bruto|Actividad económica total  |Actividades secundarias|31-33---Industrias manufactureras|327---Fabricación de productos a base de minerales no metálicos<C1>,0.368753732551,0.363603668181,0.361327010751,0.359261599242,0.332446690685,0.315975447744,0.340984781233,0.301160846835,0.299148986303,0.310213885996,0.281103665002,0.276518988159,0.290805708234,0.300686443538,0.310186476643,0.299411831575,0.307062850909,0.32103487754,0.332914413094,0.274520655182,0.247860606248,0.229572295291
Estructura porcentual en valores corrientes|B.1bV---Valor agregado bruto|Actividad económica total  |Actividades secundarias|31-33---Industrias manufactureras|331-332---Industrias metálicas básicas; Fabricación de productos metálicos<C1>,1.520860342068,1.960889566215,1.593122672093,1.600680463589,1.500687690937,1.623824104316,1.432902207369,1.526048911663,1.598370317254,1.5864100422,1.347710296394,1.371208348102,1.424578770703,1.339417363848,1.31509399418,1.252392578682,1.164096991717,1.147317608611,1.290593199418,1.202961331561,1.021594342855,0.93068831892
"Estructura porcentual en valores corrientes|B.1bV---Valor agregado bruto|Actividad económica total  |Actividades secundarias|31-33---Industrias manufactureras|333-336---Fabricación de maquinaria y equipo; Fabricación de equipo de computación, comunicación, medición y de otros equipos, componentes y accesorios electrónicos; Fabricación de accesorios, aparatos eléctricos y equipo de generación de energía eléctrica; Fabricación de equipo de transporte<C1>",9.216408731784,7.449416780362,7.375710453387,7.776788896349,7.291420082733,6.017936192852,6.217679784133,6.173635506561,5.637321420911,6.228037883292,6.428437556246,7.142894183999,7.831555041295,7.838286866917,7.305943774402,6.851932217587,6.995173586311,6.580544368746,5.744774450075,6.357456285393,6.754734886059,7.047825077858
"Estructura porcentual en valores corrientes|B.1bV---Valor agregado bruto|Actividad económica total  |Actividades secundarias|31-33---Industrias manufactureras|337---Fabricación de muebles, colchones y persianas<C1>",0.482880485591,0.481143586727,0.468910858939,0.437576447563,0.411808812942,0.392825476514,0.377301085635,0.386270919478,0.42414348907,0.402385179485,0.388648435953,0.345841826209,0.365837877956,0.353918950375,0.322290160707,0.291162048746,0.282274636752,0.287279695152,0.312870370731,0.304522252864,0.275815755952,0.247639319946
Estructura porcentual en valores corrientes|B.1bV---Valor agregado bruto|Actividad económica total  |Actividades secundarias|31-33---Industrias manufactureras|339---Otras industrias manufactureras<C1>,0.269915539399,0.272362617906,0.299270799797,0.307171741924,0.320440493007,0.286136761253,0.319254539283,0.298783802226,0.293284442777,0.292516534424,0.298161763345,0.309453983628,0.318847046405,0.310409806232,0.293573972097,0.273931144025,0.260512759015,0.236611311912,0.281929322677,0.263349418466,0.255344106765,0.248838436705
Estructura porcentual en valores corrientes|B.1bV---Valor agregado bruto|Actividad económica total  |Actividades terciarias<C1>,58.498530804724,59.2419479921,60.29368249953,60.36620202365,61.07332142136,62.083945299593,61.203391132008,61.359038446998,61.736556051204,61.5376726334,61.098207171084,59.292577230289,58.468418045229,58.720381818467,58.661222313569,59.405595154854,58.956201169648,58.315557005033,58.724169615658,57.952276724852,57.373374503712,58.196167521768
Estructura porcentual en valores corrientes|B.1bV---Valor agregado bruto|Actividad económica total  |Actividades terciarias|43---Comercio al por mayor<C1>,10.108014369255,10.489583439328,10.574956048379,10.823582157817,11.069108932949,11.364420125689,10.922664743542,11.27289282016,11.96211027065,12.164305342004,11.964889839292,12.00920579117,12.463714209059,13.135904626004,13.119467541864,13.871255684659,13.631267634869,13.706025828932,14.216000273547,14.640017394265,13.873233121763,13.651504885007
Estructura porcentual en valores corrientes|B.1bV---Valor agregado bruto|Actividad económica total  |Actividades terciarias|46---Comercio al por menor<C1>,7.989730425064,8.521371425476,8.540440240024,8.397058582089,8.447028755165,8.752814929323,7.875768452183,8.356963642898,8.687935729335,9.080869235012,8.865179101649,8.365196759427,8.004246878298,8.480054318448,8.433579001332,8.772189227088,8.399831240106,8.385937608079,8.694281542489,8.667437020452,8.265295260384,8.418073481317
"Estructura porcentual en valores corrientes|B.1bV---Valor agregado bruto|Actividad económica total  |Actividades terciarias|48-49---Transportes, correos y almacenamiento<C1>",5.810155433681,5.543089004117,5.90075026642,5.917286325161,6.062456636349,5.849062483065,5.666065760619,6.335320084556,6.100689258199,5.972312251237,5.77652280871,5.780946686494,5.756605417146,5.792259541775,5.692402713152,5.945030563035,5.9417692404,5.332877468329,6.036459415155,6.525369413636,6.646290062485,6.934213589323
Estructura porcentual en valores corrientes|B.1bV---Valor agregado bruto|Actividad económica total  |Actividades terciarias|51---Información en medios masivos<C1>,0.993969554034,1.08817110458,1.220252027183,1.324132279985,1.466544190233,1.459499463559,1.53221955188,1.466506274647,1.32357976175,1.278081624152,1.275396320137,1.183353744623,1.051322753002,0.901631958887,0.863396068857,0.883448182564,0.863583333811,0.772829861167,0.752981561035,0.709804275807,0.716059746429,0.710443739515
Estructura porcentual en valores corrientes|B.1bV---Valor agregado bruto|Actividad económica total  |Actividades terciarias|52---Servicios financieros y de seguros<C1>,1.94017769031,2.130000673902,2.618485814221,2.572822160994,2.748156479609,2.873072210962,2.934681785781,2.797221667952,2.595277198302,2.51166684003,2.751871764367,2.616182894406,2.492138768122,2.601919097791,2.821621286483,2.871145553399,2.945701761854,3.110494635332,2.919725105555,3.292300181875,3.69495490705,3.486699051229
Estructura porcentual en valores corrientes|B.1bV---Valor agregado bruto|Actividad económica total  |Actividades terciarias|53---Servicios inmobiliarios y de alquiler de bienes muebles e intangibles<C1>,10.764526642654,10.751496071491,10.804492720725,10.846096017061,10.824187396702,11.046119837302,11.54863064558,11.177955224876,11.133429004257,10.724542867366,10.707801109738,10.433533372481,10.096532174708,9.604790978742,9.306766939483,9.120756290216,9.146174630223,9.755743638423,9.384996861711,8.782598531147,8.865525333227,9.152763390154
"Estructura porcentual en valores corrientes|B.1bV---Valor agregado bruto|Actividad económica total  |Actividades terciarias|54---Servicios profesionales, científicos y técnicos<C1>",2.309572654087,2.166953969484,2.160867880118,2.097746696536,2.064960081229,2.200522083259,1.930424133861,1.828544278887,1.831236152141,1.793431064883,1.843583387584,1.838515577787,1.753981845697,1.693275186161,1.813452397754,1.799448449834,1.730023472457,1.930660417016,1.949999708086,1.920907149101,1.951193124579,2.407940375283
Estructura porcentual en valores corrientes|B.1bV---Valor agregado bruto|Actividad económica total  |Actividades terciarias|55---Corporativos<C1>,0.021727255237,0.023923681564,0.023303454229,0.023210532305,0.021679248743,0.024402196088,0.0232947387,0.021534078934,0.021696931991,0.021334239999,0.019384249588,0.01877976258,0.018500073922,0.020967843422,0.022834117422,0.023098491214,0.023516321176,0.025111409391,0.027239657277,0.027668917589,0.026450228725,0.02703532977
"Estructura porcentual en valores corrientes|B.1bV---Valor agregado bruto|Actividad económica total  |Actividades terciarias|56---Servicios de apoyo a los negocios y manejo de residuos, y servicios de remediación<C1>",3.782355505567,3.883333349111,3.960962782417,4.178139023096,4.28261447942,4.510755150969,4.157569973416,3.82431265637,3.857106509128,3.711208536727,3.671075132059,3.39053561391,3.230943248959,3.15767871052,3.26664251536,3.211287196029,3.224150323603,3.248846531905,2.449418201897,0.889367105849,0.854406022412,0.839686650592
Estructura porcentual en valores corrientes|B.1bV---Valor agregado bruto|Actividad económica total  |Actividades terciarias|61---Servicios educativos<C1>,3.352523712434,3.367668710707,3.431348005146,3.344940515923,3.38040217199,3.365933461694,3.541013564315,3.476315368755,3.438751605979,3.511164335368,3.584412556088,3.451876275356,3.329970459265,3.191817290086,3.023146423103,2.939833449542,2.895586741822,2.968617271691,2.787030448481,2.668314612458,2.695143881191,2.690740262931
Estructura porcentual en valores corrientes|B.1bV---Valor agregado bruto|Actividad económica total  |Actividades terciarias|62---Servicios de salud y de asistencia social<C1>,1.924100957653,1.890797610407,1.744098831684,1.666179726252,1.687864704713,1.749449204652,1.837031428211,1.770933775408,1.882017191485,1.899037236412,1.962631935238,1.914960150412,1.854033897663,1.859333698027,1.893004389206,2.008978203149,2.138046686656,2.231051233233,2.240079017938,2.129861424929,2.104190586441,2.091619788421
"Estructura porcentual en valores corrientes|B.1bV---Valor agregado bruto|Actividad económica total  |Actividades terciarias|71---Servicios de esparcimiento culturales y deportivos, y otros servicios recreativos<C1>",0.713224195802,0.699949907155,0.695450326197,0.705317018174,0.735710273286,0.734041358759,0.730732193039,0.702078077032,0.687275446974,0.661670466118,0.684972179351,0.653963323596,0.628914209936,0.613327751965,0.613202211469,0.607409443518,0.594895102283,0.360565924259,0.432962196734,0.572196047105,0.591007669373,0.600647881313
Estructura porcentual en valores corrientes|B.1bV---Valor agregado bruto|Actividad económica total  |Actividades terciarias|72---Servicios de alojamiento temporal y de preparación de alimentos y bebidas<C1>,3.106025168651,2.979394795644,2.83716208431,2.779808511502,2.553811315882,2.48302060605,2.488927547737,2.380674874633,2.361301626781,2.243793076726,2.200724126865,2.069586085988,2.535615370064,2.579539406023,2.788042689914,2.486402831145,2.493135599266,1.444250460802,1.949914505306,2.36694610607,2.164326582774,2.119121019578
Estructura porcentual en valores corrientes|B.1bV---Valor agregado bruto|Actividad económica total  |Actividades terciarias|81---Otros servicios excepto actividades gubernamentales<C1>,3.191731924728,3.196849583725,3.224988904718,3.143887674585,3.137157208288,3.093639930001,3.130516491113,2.978028057701,2.876795072329,2.846741585207,2.799103500158,2.710379257389,2.601411640072,2.569674307555,2.5315784258,2.479214456222,2.512733851136,2.43851060438,2.441603969295,2.473981615153,2.644454171562,2.780387606307
"Estructura porcentual en valores corrientes|B.1bV---Valor agregado bruto|Actividad económica total  |Actividades terciarias|93---Actividades legislativas, gubernamentales, de impartición de justicia y de organismos internacionales y extraterritoriales<C1>",2.490695315569,2.509364665409,2.556123113758,2.545994802171,2.591639546802,2.577192258223,2.883850122032,2.96975756419,2.977354291903,3.117513932161,2.990659160263,2.855561934672,2.650487099317,2.51820710306,2.472085592367,2.38609713324,2.415785229986,2.604034112095,2.441477151152,2.285506929415,2.280843805316,2.285290471028
Contribución a la variación del estado en valores corrientes|B.1bP---Producto interno bruto<C1>,NA,8.70925196579,6.611451456586,9.344896206129,8.690167813526,7.292196402925,0.832409286814,10.186435530592,7.03236963428,9.546822074283,5.494738149497,8.711401569288,9.154587707513,10.536452199388,7.400524417773,7.125372512575,5.283038963327,-2.380904336561,9.693000585936,12.583704436778,7.628299429561,5.530224005762
"Contribución a la variación del estado en valores corrientes|D.21-D.31---Impuestos sobre los productos, netos",NA,-0.020725396966,0.168859091666,0.067671014347,0.325967437879,-0.823289338849,1.580577031832,0.477964603211,-0.468713973184,0.029098125707,1.174938858472,2.241210634855,1.071708443451,0.881156625799,-0.136668966173,0.427320542076,0.783332145979,0.11831155008,0.455744327652,-0.40243325708,1.705092897549,0.733678334517
Contribución a la variación del estado en valores corrientes|B.1bV---Valor agregado bruto|Actividad económica total  <C1>,NA,8.729977362756,6.44259236492,9.277225191782,8.364200375647,8.115485741774,-0.748167745018,9.708470927381,7.501083607464,9.517723948576,4.319799291025,6.470190934433,8.082879264062,9.655295573589,7.537193383946,6.698051970499,4.499706817348,-2.49921588664,9.237256258284,12.986137693859,5.923206532012,4.796545671245
Contribución a la variación del estado en valores corrientes|B.1bV---Valor agregado bruto|Actividad económica total  |Actividades primarias<C1>,NA,0.618303453694,-0.471282334839,0.787942618868,0.308488706316,0.372244897516,-0.254434206131,0.887448968744,0.115492571906,0.903702425607,0.199556203228,0.892870860719,0.12539702133,0.396728777632,0.814459276333,0.736974316895,0.666384251632,0.36714563505,0.75433846468,1.41263902602,0.664822314994,0.72023119392
"Contribución a la variación del estado en valores corrientes|B.1bV---Valor agregado bruto|Actividad económica total  |Actividades primarias|11---Agricultura, cría y explotación de animales, aprovechamiento forestal, pesca y caza<C1>",NA,0.618303453694,-0.471282334839,0.787942618868,0.308488706316,0.372244897516,-0.254434206131,0.887448968744,0.115492571906,0.903702425607,0.199556203228,0.892870860719,0.12539702133,0.396728777632,0.814459276333,0.736974316895,0.666384251632,0.36714563505,0.75433846468,1.41263902602,0.664822314994,0.72023119392
"Contribución a la variación del estado en valores corrientes|B.1bV---Valor agregado bruto|Actividad económica total  |Actividades primarias|11---Agricultura, cría y explotación de animales, aprovechamiento forestal, pesca y caza|111---Agricultura<C1>",NA,0.176944524609,-0.325424205364,0.483482904938,0.304899040809,0.043590125046,-0.221245876378,0.555572693926,0.107315189419,0.252535871988,-0.076172632825,0.582384771443,0.063178666282,0.299570801373,0.626104566286,0.520224094363,0.467571132444,0.259196574486,0.449265976845,1.014356383154,0.243200662302,0.464440363947
"Contribución a la variación del estado en valores corrientes|B.1bV---Valor agregado bruto|Actividad económica total  |Actividades primarias|11---Agricultura, cría y explotación de animales, aprovechamiento forestal, pesca y caza|112---Cría y explotación de animales<C1>",NA,0.406007170146,0.017202825742,0.190285512119,0.018106743791,0.326220019242,0.062076342749,0.20576163244,0.116635656032,0.407954577082,0.490661019052,0.311410131974,0.047552064069,0.108119345093,0.179202488085,0.207734230423,0.19506395899,0.107932708427,0.303954555349,0.388234934437,0.423773555355,0.256220360285
"Contribución a la variación del estado en valores corrientes|B.1bV---Valor agregado bruto|Actividad económica total  |Actividades primarias|11---Agricultura, cría y explotación de animales, aprovechamiento forestal, pesca y caza|114---Pesca, caza y captura<C1>",NA,0.00327499676,-0.001845599469,-0.000087589968,0.017719044475,-0.011394528404,-0.00519246726,0.001471750222,-0.002981361752,0.000707578895,0.004947776468,-0.000147282478,0.000579985251,0.001147871958,0.001369216113,0.001059357852,0.001595446751,-0.001921592593,-0.00361593335,0.000152960479,0.002024886868,-0.002316200372
"Contribución a la variación del estado en valores corrientes|B.1bV---Valor agregado bruto|Actividad económica total  |Actividades primarias|11---Agricultura, cría y explotación de animales, aprovechamiento forestal, pesca y caza|113,115---Aprovechamiento forestal, Servicios relacionados con las actividades agropecuarias y forestales<C1>",NA,0.032076762178,-0.161215355747,0.114261791779,-0.032236122759,0.013829281631,-0.090072205242,0.124642892155,-0.105476911792,0.242504397642,-0.219879959466,-0.00077676022,0.014086305729,-0.012109240793,0.007783005849,0.007956634258,0.002153713447,0.001937944729,0.004733865836,0.00989474795,-0.004176789531,0.00188667006
Contribución a la variación del estado en valores corrientes|B.1bV---Valor agregado bruto|Actividad económica total  |Actividades secundarias<C1>,NA,2.208726201612,1.875852642485,2.775604126101,2.041218150811,2.205333740095,-0.12264208293,2.415075750053,2.666530610357,2.938012825807,1.202522052025,2.217735511197,3.429098816645,2.819558061118,2.440655531432,0.983834864223,1.168037471832,-0.837279731452,2.382171078046,5.052848341206,1.460673638172,0.035143032546
Contribución a la variación del estado en valores corrientes|B.1bV---Valor agregado bruto|Actividad económica total  |Actividades secundarias|21---Minería<C1>,NA,0.001648331169,0.029264235354,0.004328240936,0.151315375818,0.038039943077,0.085466741328,0.240741730219,0.227699867682,-0.070932174418,0.350973573604,0.026077429549,-0.406579553061,0.236843763938,0.185151455316,-0.243321496989,-0.055086779574,0.223461471454,0.047370163474,-0.077891622524,-0.172754235529,-0.004669373818
Contribución a la variación del estado en valores corrientes|B.1bV---Valor agregado bruto|Actividad económica total  |Actividades secundarias|21---Minería|21-1---Minería petrolera<C1>,NA,0,0,0,0,0,0,0,0,0,0,0,0,0,0,0,0,0,0,0,0,0
Contribución a la variación del estado en valores corrientes|B.1bV---Valor agregado bruto|Actividad económica total  |Actividades secundarias|21---Minería|21-2---Minería no petrolera<C1>,NA,0.001648331169,0.029264235354,0.004328240936,0.151315375818,0.038039943077,0.085466741328,0.240741730219,0.227699867682,-0.070932174418,0.350973573604,0.026077429549,-0.406579553061,0.236843763938,0.185151455316,-0.243321496989,-0.055086779574,0.223461471454,0.047370163474,-0.077891622524,-0.172754235529,-0.004669373818
"Contribución a la variación del estado en valores corrientes|B.1bV---Valor agregado bruto|Actividad económica total  |Actividades secundarias|22---Generación, transmisión, distribución y comercialización de energía eléctrica, suministro de agua y de gas natural por ductos al consumidor final<C1>",NA,0.104837112207,0.058223737049,0.215972137116,0.166458949726,0.092054957386,0.047252291487,0.022776132006,-0.04661073966,0.024575665573,0.096358348304,0.131762845241,-0.015209319878,0.065312993657,0.316159385794,0.143525798063,0.126010421818,0.056786583327,-0.090519362213,0.336175530517,0.133510217708,-0.252964142445
Contribución a la variación del estado en valores corrientes|B.1bV---Valor agregado bruto|Actividad económica total  |Actividades secundarias|23---Construcción<C1>,NA,1.246143430978,0.541128060708,0.469107597163,0.9974098487,1.693713110338,-0.976193421369,0.3792913253,1.539947461057,0.133394479338,-0.234583614493,-0.328447239123,1.058063556433,0.562599501705,1.14522459596,0.3404517326,-0.35624421357,-0.536512940311,0.924040560527,1.078741114967,0.169845627739,-0.307062385628
Contribución a la variación del estado en valores corrientes|B.1bV---Valor agregado bruto|Actividad económica total  |Actividades secundarias|31-33---Industrias manufactureras<C1>,NA,0.856097327257,1.247236609373,2.086196150886,0.726033976567,0.381525729294,0.720832305624,1.772266562528,0.945494021278,2.850974855315,0.989773744609,2.38834247553,2.792824133152,1.954801801818,0.794120094361,0.743178830549,1.453358043157,-0.581014845922,1.501279716258,3.715823318246,1.330072028254,0.599838934437
Contribución a la variación del estado en valores corrientes|B.1bV---Valor agregado bruto|Actividad económica total  |Actividades secundarias|31-33---Industrias manufactureras|311---Industria alimentaria<C1>,NA,0.449026447108,0.252943079817,0.231461239528,0.610685157509,0.631678166804,0.592830462436,0.621412762727,0.582664200898,0.680362410119,0.505402247302,0.233781254134,0.451823863017,0.431081417856,0.25157844117,0.279201404522,0.290448324756,0.31652472757,0.515867352409,1.00556102917,0.070666189248,0.018588192363
Contribución a la variación del estado en valores corrientes|B.1bV---Valor agregado bruto|Actividad económica total  |Actividades secundarias|31-33---Industrias manufactureras|312---Industria de las bebidas y del tabaco<C1>,NA,0.209849820432,0.342201914796,0.145965289781,0.060689833339,0.303608552021,0.238938027171,0.084702555258,-0.091556441403,0.239482299051,0.246804895545,0.505237830778,0.210997748074,0.189764628967,0.254025072166,0.254070189873,0.455356305011,-0.153525821328,0.358302214976,0.398597008255,0.093054070378,-0.041766429182
"Contribución a la variación del estado en valores corrientes|B.1bV---Valor agregado bruto|Actividad económica total  |Actividades secundarias|31-33---Industrias manufactureras|313-314---Fabricación de insumos textiles y acabado de textiles; Fabricación de productos textiles, excepto prendas de vestir<C1>",NA,0.012176229686,-0.009197459691,0.018508167302,-0.018464524633,-0.025373873235,-0.007968703427,0.010437326146,0.005482270624,0.010799401757,0.004580121562,0.010959210063,-0.000968937019,0.008627418104,-0.00053119761,0.01122661613,0.010291079047,-0.009791843278,0.017966570033,0.001320971757,-0.00517746559,0.000167922858
"Contribución a la variación del estado en valores corrientes|B.1bV---Valor agregado bruto|Actividad económica total  |Actividades secundarias|31-33---Industrias manufactureras|315-316---Fabricación de prendas de vestir; Curtido y acabado de cuero y piel, y fabricación de productos de cuero, piel y materiales sucedáneos<C1>",NA,0.013642325387,0.019900265078,0.017839860368,-0.02349248291,-0.067616347021,-0.000198741717,0.02139701106,0.007678307404,0.01679239715,-0.048231676834,0.002123551808,0.013679390166,-0.023854175605,-0.029784976041,-0.016090489736,-0.007309685199,-0.038370233543,0.0244409827,0.018483289253,0.011524931687,-0.03104757599
Contribución a la variación del estado en valores corrientes|B.1bV---Valor agregado bruto|Actividad económica total  |Actividades secundarias|31-33---Industrias manufactureras|321---Industria de la madera<C1>,NA,0.025069520123,-0.036500856106,0.012431594421,0.02776627502,-0.008199691747,0.003583144089,-0.008495042651,0.007958704599,0.024222621783,-0.047590027814,0.005871512351,0.021271111425,0.004228994318,0.008022533404,0.004362377862,0.002271432301,-0.00550509286,0.013263155446,0.019992566738,-0.000983249564,-0.007347125791
Contribución a la variación del estado en valores corrientes|B.1bV---Valor agregado bruto|Actividad económica total  |Actividades secundarias|31-33---Industrias manufactureras|322-323---Industria del papel; Impresión e industrias conexas<C1>,NA,0.016152736903,0.038948208115,0.047539643627,0.035033982727,0.047837053152,0.059913001919,0.086418659166,0.118233441187,0.031662390827,-0.109378378017,0.009793252453,0.055802035746,0.071506195323,0.04043404846,0.008265763759,0.006011585439,0.011128061881,0.066661889796,0.056602557705,-0.015015889826,-0.024003787986
Contribución a la variación del estado en valores corrientes|B.1bV---Valor agregado bruto|Actividad económica total  |Actividades secundarias|31-33---Industrias manufactureras|324-326---Fabricación de productos derivados del petróleo y del carbón; Industria química; Industria del plástico y del hule<C1>,NA,0.544723655585,0.400368916095,0.249829654849,-0.198081674812,0.089892677323,-0.290010037509,0.073832099306,0.168334833292,0.438370428048,0.033225076344,0.09584846026,0.317848773563,0.293669551982,0.15947261909,0.141338990816,0.180042634291,-0.06103180365,0.342622095597,0.718152940227,0.370835995307,0.054652129885
Contribución a la variación del estado en valores corrientes|B.1bV---Valor agregado bruto|Actividad económica total  |Actividades secundarias|31-33---Industrias manufactureras|327---Fabricación de productos a base de minerales no metálicos<C1>,NA,0.026517095249,0.021612302485,0.031507212049,0.002075266754,0.006570307293,0.027847722474,-0.009146378891,0.019025401942,0.040680467438,-0.013664310673,0.019504002631,0.040908783694,0.041562418698,0.032455459049,0.010559563278,0.02387326939,0.00632849331,0.044148931566,-0.023848890046,-0.007752499722,-0.005592448772
Contribución a la variación del estado en valores corrientes|B.1bV---Valor agregado bruto|Actividad económica total  |Actividades secundarias|31-33---Industrias manufactureras|331-332---Industrias metálicas básicas; Fabricación de productos metálicos<C1>,NA,0.610808037239,-0.262438362012,0.15713971941,0.030419506047,0.241548856304,-0.178994285903,0.248596692846,0.184724714424,0.139491469043,-0.164646594005,0.142949517262,0.183784735628,0.055965663437,0.073000482489,0.026536221053,-0.026795889321,-0.044095917804,0.268372797189,0.063745230595,-0.103436713277,-0.039436875103
"Contribución a la variación del estado en valores corrientes|B.1bV---Valor agregado bruto|Actividad económica total  |Actividades secundarias|31-33---Industrias manufactureras|333-336---Fabricación de maquinaria y equipo; Fabricación de equipo de computación, comunicación, medición y de otros equipos, componentes y accesorios electrónicos; Fabricación de accesorios, aparatos eléctricos y equipo de generación de energía eléctrica; Fabricación de equipo de transporte<C1>",NA,-1.118203474039,0.41393518923,1.127811293495,0.148267827563,-0.834644163296,0.251500135228,0.584829123198,-0.139876805859,1.185296157818,0.553625483774,1.33670282379,1.405607432414,0.832609174605,0.008335060458,0.034214137998,0.512799114841,-0.57130568381,-0.278928897565,1.41268534397,0.912550003447,0.682850706139
"Contribución a la variación del estado en valores corrientes|B.1bV---Valor agregado bruto|Actividad económica total  |Actividades secundarias|31-33---Industrias manufactureras|337---Fabricación de muebles, colchones y persianas<C1>",NA,0.040167108422,0.018769086025,0.009556653472,0.010019242295,0.009662268839,-0.012383701603,0.048317072029,0.067699907523,0.016656687554,0.007618470345,-0.012678939468,0.053487001152,0.02537157345,-0.007777627629,-0.010381731373,0.006025267049,-0.00183479632,0.055917202447,0.029972062378,-0.007666445174,-0.014481426886
Contribución a la variación del estado en valores corrientes|B.1bV---Valor agregado bruto|Actividad económica total  |Actividades secundarias|31-33---Industrias manufactureras|339---Otras industrias manufactureras<C1>,NA,0.026167825161,0.046694325543,0.036605822584,0.041115567668,-0.013438077143,0.035775282464,0.009964682333,0.015125486646,0.027158124727,0.022028437079,0.038249999469,0.038582195293,0.024268940682,0.004890179354,-0.000124213632,0.000344605553,-0.029534936089,0.072645421664,0.014559208244,0.011473101339,0.007255652902
Contribución a la variación del estado en valores corrientes|B.1bV---Valor agregado bruto|Actividad económica total  |Actividades terciarias<C1>,NA,5.90294770745,5.038022057275,5.713678446813,6.014493518519,5.537907104164,-0.371091455956,6.405946208585,4.719060425201,5.676008697162,2.917721035772,3.359584562516,4.528383426086,6.439008734839,4.282078576182,4.977242789381,2.665285093884,-2.029081790238,6.100746715557,6.520650326633,3.797710578846,4.041171444778
Contribución a la variación del estado en valores corrientes|B.1bV---Valor agregado bruto|Actividad económica total  |Actividades terciarias|43---Comercio al por mayor<C1>,NA,1.295133321966,0.784530694745,1.260078627871,1.207450916867,1.124027028359,-0.350834106454,1.498534036176,1.530437260782,1.363499658927,0.458023863833,1.090486093629,1.595510066771,2.056248728821,0.954472314778,1.740166782498,0.480157130555,-0.251569169268,1.887931434427,2.266273639105,0.291507490586,0.533230563543
Contribución a la variación del estado en valores corrientes|B.1bV---Valor agregado bruto|Actividad económica total  |Actividades terciarias|46---Comercio al por menor<C1>,NA,1.273788708797,0.583715875197,0.641314750929,0.784031147156,0.944058629588,-0.811487849136,1.332471904515,0.941939840513,1.259867934341,0.271428244757,0.228743539552,0.371805919671,1.369304309896,0.57765375617,0.963661385694,0.071408370287,-0.2135547842,1.151080695267,1.063840134861,0.228359711131,0.618316541419
"Contribución a la variación del estado en valores corrientes|B.1bV---Valor agregado bruto|Actividad económica total  |Actividades terciarias|48-49---Transportes, correos y almacenamiento<C1>",NA,0.215695158493,0.747786501741,0.569500324047,0.67200796651,0.21313097071,-0.135831864857,1.314597620007,0.194392192519,0.441789017384,0.121615359957,0.508025358151,0.50265222254,0.645952782513,0.321410824122,0.676233423485,0.310644661446,-0.735862482979,1.288695993307,1.310043198901,0.627919555772,0.671401071366
Contribución a la variación del estado en valores corrientes|B.1bV---Valor agregado bruto|Actividad económica total  |Actividades terciarias|51---Información en medios masivos<C1>,NA,0.188973113863,0.212757293028,0.227619039998,0.269857061439,0.099384840709,0.085474426165,0.083671438986,-0.049847491646,0.076518041024,0.067394384145,0.011044121165,-0.035786728108,-0.054690773753,0.025659946868,0.08300108767,0.025758595253,-0.109153812323,0.053138206992,0.046142386919,0.060878652174,0.033673123316
Contribución a la variación del estado en valores corrientes|B.1bV---Valor agregado bruto|Actividad económica total  |Actividades terciarias|52---Servicios financieros y de seguros<C1>,NA,0.375330109155,0.661605058824,0.194763907286,0.41415372847,0.334425799775,0.086038138543,0.147477064024,-0.01943498403,0.156174006044,0.391413071999,0.092217327757,0.104100903037,0.383930291674,0.428516960976,0.254104082973,0.230178780278,0.090734971817,0.092239441812,0.786868400379,0.684516949272,-0.015433587881
Contribución a la variación del estado en valores corrientes|B.1bV---Valor agregado bruto|Actividad económica total  |Actividades terciarias|53---Servicios inmobiliarios y de alquiler de bienes muebles e intangibles<C1>,NA,0.923344311794,0.767330440596,1.055159711548,0.918731428865,1.027437194038,0.598642682272,0.767959781916,0.738417659931,0.614966888937,0.571623874921,0.634639252685,0.587294695578,0.52026301436,0.390725520603,0.463877212375,0.508614309376,0.377294084849,0.538941024084,0.502777910464,0.759215620503,0.793406375119
"Contribución a la variación del estado en valores corrientes|B.1bV---Valor agregado bruto|Actividad económica total  |Actividades terciarias|54---Servicios profesionales, científicos y técnicos<C1>",NA,0.046106796582,0.136778641569,0.132911067876,0.146661881034,0.296028394231,-0.254028919632,0.084383629143,0.131471168349,0.133410585532,0.151452402416,0.155092665098,0.076036074348,0.117704471058,0.254382199094,0.114213457302,0.021972836748,0.154669766965,0.208352774201,0.212628719164,0.17912882947,0.589911747383
Contribución a la variación del estado en valores corrientes|B.1bV---Valor agregado bruto|Actividad económica total  |Actividades terciarias|55---Corporativos<C1>,NA,0.004280000034,0.000920469229,0.002076078228,0.000352679535,0.004502403411,-0.000913549819,0.000432895301,0.001688661514,0.001674049941,-0.000884876654,0.001031493525,0.001413916835,0.0046770363,0.003556118435,0.001910227336,0.001660206372,0.00099720958,0.004768588025,0.003911035123,0.000799013783,0.002080215342
"Contribución a la variación del estado en valores corrientes|B.1bV---Valor agregado bruto|Actividad económica total  |Actividades terciarias|56---Servicios de apoyo a los negocios y manejo de residuos, y servicios de remediación<C1>",NA,0.43918712959,0.339506564878,0.607618995736,0.476641841392,0.557073796413,-0.318577178988,0.056303826184,0.304039839668,0.208404503406,0.16158256111,0.014823654529,0.136187168554,0.259442769506,0.35071248183,0.173460855835,0.183196245406,-0.052655719665,-0.562006209346,-1.44813576809,0.030215566297,0.031717180904
Contribución a la variación del estado en valores corrientes|B.1bV---Valor agregado bruto|Actividad económica total  |Actividades terciarias|61---Servicios educativos<C1>,NA,0.308443751662,0.290541202106,0.226173730146,0.329224277586,0.230981768522,0.204555828377,0.289414428318,0.204261960961,0.407617341222,0.270202304875,0.168170523289,0.182939250237,0.198151133882,0.055057822244,0.126161110969,0.108728268066,0.002350592512,0.088560054492,0.217056988252,0.232422914048,0.144400345693
Contribución a la variación del estado en valores corrientes|B.1bV---Valor agregado bruto|Actividad económica total  |Actividades terciarias|62---Servicios de salud y de asistencia social<C1>,NA,0.131370980807,-0.031388531111,0.077783660594,0.168363253766,0.189157771911,0.102873843769,0.114297374519,0.243433821562,0.198317751012,0.171436184505,0.119148083768,0.10880290654,0.201207606684,0.173762943232,0.259120994614,0.242022323018,0.039885351014,0.226158657038,0.157797873617,0.134843120015,0.103100461628
"Contribución a la variación del estado en valores corrientes|B.1bV---Valor agregado bruto|Actividad económica total  |Actividades terciarias|71---Servicios de esparcimiento culturales y deportivos, y otros servicios recreativos<C1>",NA,0.047686112401,0.041479779764,0.075777835249,0.094327712482,0.051858823032,0.002773516916,0.042862614685,0.033529119779,0.037563521262,0.060939140885,0.025960515479,0.032525389294,0.049036527441,0.045254638894,0.037487417576,0.01891419881,-0.242913907751,0.114363300742,0.211237309737,0.06389545694,0.042857385263
Contribución a la variación del estado en valores corrientes|B.1bV---Valor agregado bruto|Actividad económica total  |Actividades terciarias|72---Servicios de alojamiento temporal y de preparación de alimentos y bebidas<C1>,NA,0.132852626802,0.045344882615,0.202416647321,-0.004066706629,0.110276029485,0.026625005737,0.134253238193,0.146682210724,0.096702382695,0.077855078303,0.049151913895,0.698154417054,0.315715972439,0.414833063936,-0.124474394887,0.138446093239,-1.083271360316,0.694669268929,0.714881102929,-0.037518210929,0.07198657614
Contribución a la variación del estado en valores corrientes|B.1bV---Valor agregado bruto|Actividad económica total  |Actividades terciarias|81---Otros servicios excepto actividades gubernamentales<C1>,NA,0.283539344211,0.241357896908,0.212691809894,0.265893759677,0.182077021408,0.062935271109,0.150866474769,0.101073877735,0.241719866933,0.106165322818,0.147387778393,0.129180892907,0.239015172578,0.149254197802,0.124289295813,0.166268103314,-0.132281851482,0.239758051965,0.343696180128,0.372199438894,0.289695097601
"Contribución a la variación del estado en valores corrientes|B.1bV---Valor agregado bruto|Actividad económica total  |Actividades terciarias|93---Actividades legislativas, gubernamentales, de impartición de justicia y de organismos internacionales y extraterritoriales<C1>",NA,0.237216241292,0.215755287185,0.22779226009,0.27086257037,0.173486632571,0.330663300043,0.388419881849,0.216975286842,0.437783148502,0.037474117902,0.113662241599,0.037566330828,0.133049691439,0.136825787198,0.084029850128,0.157314971716,0.126249321009,0.074095433624,0.131631215142,0.169326470892,0.130828347942
Índice de precios implícitos base 2018=100|B.1bP---Producto interno bruto<C1>,47.215809566873,49.898305671149,52.030822666628,54.126943710087,57.120477435393,60.071701281535,64.832678442498,67.42878492326,70.18102798372,74.0182756382,76.772552075982,80.608241750071,84.790800040006,90.947922035154,95.864590475276,100,104.511862706057,111.000605537267,115.483476313129,123.86294661371,129.558334365585,135.664219676391
"Índice de precios implícitos base 2018=100|D.21-D.31---Impuestos sobre los productos, netos",33.838501585895,32.92486187918,32.462122636158,31.424085133609,33.939079597574,25.598583126364,43.071138185872,47.115213029247,44.33233567722,42.622520150626,56.407499935374,79.9087625498,88.567079813212,99.654820970606,96.385827600926,100,107.857634297671,130.684692095756,125.479196914067,109.861500538989,138.071226702429,153.534016451103
Índice de precios implícitos base 2018=100|B.1bV---Valor agregado bruto|Actividad económica total  <C1>,48.276903490038,51.237662053235,53.61958621772,55.964196371977,58.928508145388,62.907886451306,66.519897796936,68.917790152184,71.938093919585,76.172088960498,78.138380354996,80.655788039465,84.529406979834,90.36145329299,95.829681670906,100,104.278880722717,109.755593821336,114.816127336164,124.821417541027,128.972275718481,134.450159494869
Índice de precios implícitos base 2018=100|B.1bV---Valor agregado bruto|Actividad económica total  |Actividades primarias<C1>,44.200824613351,44.222009028831,42.011383211203,46.511357822305,45.828522909497,48.442974504312,52.86709940747,57.939271883051,59.420216288076,64.573247693441,67.230839849795,70.462730886133,74.690314101862,79.305841407856,91.020373789097,100,109.205317648781,112.903425037024,127.288138640449,148.147439820957,163.292789022561,175.082436623272
"Índice de precios implícitos base 2018=100|B.1bV---Valor agregado bruto|Actividad económica total  |Actividades primarias|11---Agricultura, cría y explotación de animales, aprovechamiento forestal, pesca y caza<C1>",44.200824613351,44.222009028831,42.011383211203,46.511357822305,45.828522909497,48.442974504312,52.86709940747,57.939271883051,59.420216288076,64.573247693441,67.230839849795,70.462730886133,74.690314101862,79.305841407856,91.020373789097,100,109.205317648781,112.903425037024,127.288138640449,148.147439820957,163.292789022561,175.082436623272
"Índice de precios implícitos base 2018=100|B.1bV---Valor agregado bruto|Actividad económica total  |Actividades primarias|11---Agricultura, cría y explotación de animales, aprovechamiento forestal, pesca y caza|111---Agricultura<C1>",41.941066649001,37.015226653307,33.211622817489,40.675441387393,41.25212680804,40.263183985996,48.095894600084,55.251765359324,57.144030610588,56.020958347928,52.592531283768,54.973510045928,61.113985803401,68.802656401603,86.872931526408,100,113.107719518115,119.514897532772,139.940014583163,166.420324981255,184.505303357935,200.600168823445
"Índice de precios implícitos base 2018=100|B.1bV---Valor agregado bruto|Actividad económica total  |Actividades primarias|11---Agricultura, cría y explotación de animales, aprovechamiento forestal, pesca y caza|112---Cría y explotación de animales<C1>",44.130029296671,49.701362680764,49.89492182839,50.558344347858,49.199305775805,56.172803492096,56.322499653475,59.092763759944,61.038044223682,71.663884717112,82.341642849336,90.311768943303,90.459414742601,91.288728037838,95.72543668639,100,104.803482173987,105.438457824593,114.071666761829,128.030697844188,141.878410758675,149.476251706508
"Índice de precios implícitos base 2018=100|B.1bV---Valor agregado bruto|Actividad económica total  |Actividades primarias|11---Agricultura, cría y explotación de animales, aprovechamiento forestal, pesca y caza|114---Pesca, caza y captura<C1>",57.367421402509,59.64996447979,63.96896053898,63.971098054958,60.898205404969,75.718362200544,63.96677471637,74.924966234806,62.153630305156,68.150930212246,71.795383540718,65.47951848471,72.196695526801,74.336031446378,81.321194054866,100,128.1536230859,167.564863372895,136.275156993179,179.58722992583,184.468762549481,142.344008566144
"Índice de precios implícitos base 2018=100|B.1bV---Valor agregado bruto|Actividad económica total  |Actividades primarias|11---Agricultura, cría y explotación de animales, aprovechamiento forestal, pesca y caza|113,115---Aprovechamiento forestal, Servicios relacionados con las actividades agropecuarias y forestales<C1>",76.677774616588,76.617497342858,75.253848085824,79.113052833425,81.906917643086,83.803076139904,76.657390192201,82.46211376093,81.730918943369,86.511315897094,83.671400978713,85.972383777688,87.83075872904,91.807321302533,96.529385170261,100,102.334336446581,105.917153850996,114.175991227852,125.603705920313,130.077041249169,136.341325079436
Índice de precios implícitos base 2018=100|B.1bV---Valor agregado bruto|Actividad económica total  |Actividades secundarias<C1>,49.130969059943,52.260656093055,53.581499733736,55.297775238794,57.533397914128,61.479122612852,65.975128346388,67.210120758014,71.431186529388,75.726020890853,77.255432352599,79.599836086112,83.563456166256,90.734162518299,96.032722530634,100,104.462751330772,110.705584768483,114.546317819699,125.864892241806,128.414297269078,130.357021480931
Índice de precios implícitos base 2018=100|B.1bV---Valor agregado bruto|Actividad económica total  |Actividades secundarias|21---Minería<C1>,29.746131612112,33.228259357195,35.98538853118,39.752101516917,57.911277315223,57.504117252791,64.358150189733,67.999685853097,76.476303209431,64.148342225378,73.472693500589,82.786063201607,64.147647186559,82.691972055527,98.501902668667,100,99.748340322147,107.954107063467,118.654402363044,99.727056028147,102.968859521261,94.060571880149
Índice de precios implícitos base 2018=100|B.1bV---Valor agregado bruto|Actividad económica total  |Actividades secundarias|21---Minería|21-1---Minería petrolera<C1>,NA,NA,NA,NA,NA,NA,NA,NA,NA,NA,NA,NA,NA,NA,NA,NA,NA,NA,NA,NA,NA,NA
Índice de precios implícitos base 2018=100|B.1bV---Valor agregado bruto|Actividad económica total  |Actividades secundarias|21---Minería|21-2---Minería no petrolera<C1>,29.746131612112,33.228259357195,35.98538853118,39.752101516917,57.911277315223,57.504117252791,64.358150189733,67.999685853097,76.476303209431,64.148342225378,73.472693500589,82.786063201607,64.147647186559,82.691972055527,98.501902668667,100,99.748340322147,107.954107063467,118.654402363044,99.727056028147,102.968859521261,94.060571880149
"Índice de precios implícitos base 2018=100|B.1bV---Valor agregado bruto|Actividad económica total  |Actividades secundarias|22---Generación, transmisión, distribución y comercialización de energía eléctrica, suministro de agua y de gas natural por ductos al consumidor final<C1>",55.034419336893,53.767666706317,56.214445328906,54.623616783113,55.60957658674,60.333361361719,63.765096147394,63.107475054766,63.315813975246,63.248019818877,67.493696889084,71.486782504688,68.524791362107,72.388518186898,90.207814856682,100,110.927853681282,109.680640503668,126.964967544254,164.169004422445,188.033917969331,153.105481780865
Índice de precios implícitos base 2018=100|B.1bV---Valor agregado bruto|Actividad económica total  |Actividades secundarias|23---Construcción<C1>,44.025155166846,48.779544698155,49.673237519782,52.087342389001,53.920313521897,59.162572897245,60.702903113719,61.26487461712,66.876165734501,70.81009481227,69.731797099931,71.450732169512,73.686307653627,80.320295603843,90.277179657155,100,103.929742902682,108.349253135917,121.977065387134,140.070826934778,145.117596175678,155.304034953962
Índice de precios implícitos base 2018=100|B.1bV---Valor agregado bruto|Actividad económica total  |Actividades secundarias|31-33---Industrias manufactureras<C1>,50.474626972855,53.45702492312,54.890403784036,56.476343345564,58.887638000925,62.563689887081,68.083162491221,69.601257089108,73.656638241672,78.751761184075,80.732817343168,82.428808948405,88.229053634459,95.504790237908,98.301172110136,100,104.318234478442,111.507172657162,111.804391761328,121.185063697997,122.288098921353,124.805430262574
Índice de precios implícitos base 2018=100|B.1bV---Valor agregado bruto|Actividad económica total  |Actividades secundarias|31-33---Industrias manufactureras|311---Industria alimentaria<C1>,43.053013756176,46.077484652977,47.127541313457,48.258226075273,54.352109146431,60.088517085044,67.845613909668,72.649235033542,78.849128175979,84.527297108904,89.017838109229,89.053620003928,90.539635567818,96.054487037248,100.173275671644,100,102.727473529017,107.408621485562,113.879741446859,129.183650943438,136.133359871804,137.00985817909
Índice de precios implícitos base 2018=100|B.1bV---Valor agregado bruto|Actividad económica total  |Actividades secundarias|31-33---Industrias manufactureras|312---Industria de las bebidas y del tabaco<C1>,44.42036139574,45.937367300515,49.871370566486,51.719277229109,52.40487769627,53.876365325903,61.712339691076,62.600220991995,63.710067112404,64.8975694392,67.928458100173,78.007341262154,82.757406587626,89.022584166443,94.123156122996,100,106.307235036097,117.01123695534,120.545460929021,130.43393077633,140.103790550889,144.198484230902
"Índice de precios implícitos base 2018=100|B.1bV---Valor agregado bruto|Actividad económica total  |Actividades secundarias|31-33---Industrias manufactureras|313-314---Fabricación de insumos textiles y acabado de textiles; Fabricación de productos textiles, excepto prendas de vestir<C1>",57.899574568928,58.039557875249,60.889187832511,63.120706473551,64.924574855162,66.744311140004,70.787134890795,75.757653475588,81.894590723358,80.396372528416,84.86694307579,85.786492530267,85.882783005709,89.236337176973,100.566876916493,100,102.912391654762,105.901489460239,112.290643455304,117.046457950136,118.780909316888,121.901867229852
"Índice de precios implícitos base 2018=100|B.1bV---Valor agregado bruto|Actividad económica total  |Actividades secundarias|31-33---Industrias manufactureras|315-316---Fabricación de prendas de vestir; Curtido y acabado de cuero y piel, y fabricación de productos de cuero, piel y materiales sucedáneos<C1>",60.594543767766,62.348088755802,64.140984706305,66.343545507167,68.098497888245,71.506046213309,74.991537614203,76.323577623309,82.628844518897,88.130546238307,89.926058543822,91.549103836564,96.98404600939,100.101520900746,102.050315264349,100,104.310659648005,107.420745383624,109.012492571264,116.131504446665,120.209320534522,127.438083801044
Índice de precios implícitos base 2018=100|B.1bV---Valor agregado bruto|Actividad económica total  |Actividades secundarias|31-33---Industrias manufactureras|321---Industria de la madera<C1>,48.668302504866,51.100465017216,54.517215183466,56.155323886097,59.277298966201,59.522463949404,66.945075651793,72.346839101137,78.49337997685,77.312122357554,80.4701536036,79.876921887475,87.051826394817,93.651992797026,101.186608423638,100,106.127601367855,109.96419246114,117.102045285866,131.260346979216,135.203450011564,133.49074836205
Índice de precios implícitos base 2018=100|B.1bV---Valor agregado bruto|Actividad económica total  |Actividades secundarias|31-33---Industrias manufactureras|322-323---Industria del papel; Impresión e industrias conexas<C1>,50.178927258937,53.108189025527,56.39839625631,57.68095685281,60.078842573243,64.191277914447,69.430764186516,70.671881867967,73.341349221125,79.929877904438,87.597717556621,85.875536525774,88.429726513577,92.161047679654,95.672196202446,100,104.724053790405,108.995942303747,114.328534295979,124.904136320697,132.324052073793,134.018554190581
Índice de precios implícitos base 2018=100|B.1bV---Valor agregado bruto|Actividad económica total  |Actividades secundarias|31-33---Industrias manufactureras|324-326---Fabricación de productos derivados del petróleo y del carbón; Industria química; Industria del plástico y del hule<C1>,51.376580054239,58.245270135971,62.130151412769,64.112177109064,65.114042555609,68.602365601325,70.392330399189,70.851092841624,75.098171406096,81.253703242064,86.871282620842,87.171577739003,92.151120272372,97.983775374392,100.088239232158,100,104.129492834138,108.220604066542,109.630685472285,123.079643365457,129.695570469743,127.938535902861
Índice de precios implícitos base 2018=100|B.1bV---Valor agregado bruto|Actividad económica total  |Actividades secundarias|31-33---Industrias manufactureras|327---Fabricación de productos a base de minerales no metálicos<C1>,55.062771985849,55.673971887373,55.34071148837,56.099683971823,59.48554200487,61.423272275976,68.896837520659,63.942041677088,63.113147589193,66.344096602931,71.937655281127,76.951553581272,84.556136593074,85.998226562211,92.947864332528,100,109.276474634798,119.94922982612,123.292988056717,136.478402823087,143.356004013287,148.312872151163
Índice de precios implícitos base 2018=100|B.1bV---Valor agregado bruto|Actividad económica total  |Actividades secundarias|31-33---Industrias manufactureras|331-332---Industrias metálicas básicas; Fabricación de productos metálicos<C1>,38.825093325627,48.581233649552,46.420328732886,51.064465682321,54.407912116133,65.558284342767,65.119696343823,65.351582791189,71.206741256125,77.075769724352,77.867044441739,77.212714579246,84.127964563844,88.651245011984,93.136679342841,100,103.78366975431,110.092688016343,125.682514648634,135.803575285658,130.179730003515,132.72118668641
"Índice de precios implícitos base 2018=100|B.1bV---Valor agregado bruto|Actividad económica total  |Actividades secundarias|31-33---Industrias manufactureras|333-336---Fabricación de maquinaria y equipo; Fabricación de equipo de computación, comunicación, medición y de otros equipos, componentes y accesorios electrónicos; Fabricación de accesorios, aparatos eléctricos y equipo de generación de energía eléctrica; Fabricación de equipo de transporte<C1>",58.80076084804,60.582833011817,60.898942155568,61.050062731065,61.467798139286,63.514283035436,69.630487734404,69.272868339771,71.740505794995,77.814062674961,75.766082648114,77.863865133365,87.388477910827,98.106802671141,98.555293195301,100,104.748571166565,115.100720649042,103.542792180545,107.358381007657,102.543282161145,108.413448378573
"Índice de precios implícitos base 2018=100|B.1bV---Valor agregado bruto|Actividad económica total  |Actividades secundarias|31-33---Industrias manufactureras|337---Fabricación de muebles, colchones y persianas<C1>",52.316901323132,52.182252792105,54.22001153302,55.897350364699,58.922721294777,60.854006882107,63.720528202727,65.800465904516,72.813005149485,77.54908391272,85.030971727358,84.078551604273,88.944764362376,94.501656466225,100.106717148342,100,104.856650761434,108.458452285248,113.254433580851,123.407721305111,138.065769607094,138.248037636408
Índice de precios implícitos base 2018=100|B.1bV---Valor agregado bruto|Actividad económica total  |Actividades secundarias|31-33---Industrias manufactureras|339---Otras industrias manufactureras<C1>,47.752769047013,52.502442956879,55.50085944376,58.238679435663,62.429116319668,66.846012325687,74.427043455942,76.84559809207,74.990174769622,78.1275550435,79.964085702413,83.914011841537,90.866639972595,97.655046133555,103.143849564158,100,103.743802914571,112.493496280782,119.352066926669,130.458379528611,137.520600865411,134.525938144541
Índice de precios implícitos base 2018=100|B.1bV---Valor agregado bruto|Actividad económica total  |Actividades terciarias<C1>,48.202740117858,51.416066278983,54.728294612042,57.217387078906,60.968008071296,65.090670356739,68.03930876523,70.809799344833,73.325251032296,77.518279645932,79.612363098161,82.260675135864,86.004247404411,91.230507350791,96.18609581514,100,103.715885963426,108.964723032654,113.686822189465,121.946746221984,125.90064453123,132.39542162805
Índice de precios implícitos base 2018=100|B.1bV---Valor agregado bruto|Actividad económica total  |Actividades terciarias|43---Comercio al por mayor<C1>,43.326626271515,47.28557528897,49.583878478132,51.299704404269,54.720861705645,59.39467012807,63.097303184142,64.67830656452,68.06584316091,72.562181075182,74.306596722976,75.535422908206,81.533509952209,89.315634841654,95.575530930834,100,102.976053432622,107.933221493762,114.478828648801,124.515412576118,122.359968039076,127.055516730623
Índice de precios implícitos base 2018=100|B.1bV---Valor agregado bruto|Actividad económica total  |Actividades terciarias|46---Comercio al por menor<C1>,39.22424058248,43.285369111434,44.858219455971,46.533036076398,50.622840061218,56.154451369871,56.51547299496,59.730303966334,62.913628661742,71.340215329515,72.551551637687,74.736244418884,79.401198151711,88.270785353145,94.954259095617,100,101.985826907505,108.886078201863,116.401666453924,122.269078159536,119.036308353849,124.414898646564
"Índice de precios implícitos base 2018=100|B.1bV---Valor agregado bruto|Actividad económica total  |Actividades terciarias|48-49---Transportes, correos y almacenamiento<C1>",50.03840271895,49.850627233218,55.762468154802,58.675345577288,63.553391939719,67.30108943627,69.957265083473,79.698882982797,80.250448492427,83.397368513934,82.497010726761,85.464010200401,87.460309987769,92.365117286113,94.077661274108,100,105.363621039523,112.294727336084,118.297248695032,125.622642527439,133.58345555882,140.516451749417
Índice de precios implícitos base 2018=100|B.1bV---Valor agregado bruto|Actividad económica total  |Actividades terciarias|51---Información en medios masivos<C1>,163.160211835665,171.236237756532,182.976723009967,191.905453086416,194.367298245944,191.937995898091,195.789917172558,200.764755850209,185.677118491831,168.655474644174,171.977797681559,164.360726342569,134.080398145266,104.15696872471,99.771236664234,100,99.838734322966,97.678027517971,98.437048943112,96.163489472022,94.092162115271,94.93791273779
Índice de precios implícitos base 2018=100|B.1bV---Valor agregado bruto|Actividad económica total  |Actividades terciarias|52---Servicios financieros y de seguros<C1>,75.873241223722,73.610286969972,110.285796939598,106.437762928203,115.306499139592,105.694455789068,102.546567940778,89.288385571883,90.027151001034,90.26942105737,89.957077137189,92.530305351274,88.500800898176,92.081230096628,95.194241183924,100,103.025254983396,109.48815335801,107.208087177991,125.327644491946,140.978800866282,142.724988875229
Índice de precios implícitos base 2018=100|B.1bV---Valor agregado bruto|Actividad económica total  |Actividades terciarias|53---Servicios inmobiliarios y de alquiler de bienes muebles e intangibles<C1>,56.57199384384,59.49157967207,62.244752660411,65.765302527249,69.001120560187,73.11593356588,75.971280520616,78.470722937197,81.169887641518,83.187965497894,86.795363388909,89.765288428289,92.31376276551,94.882392941185,97.34269794139,100,103.550924301253,106.797692315829,109.440757861909,113.265199975415,117.973008098139,124.156323940204
"Índice de precios implícitos base 2018=100|B.1bV---Valor agregado bruto|Actividad económica total  |Actividades terciarias|54---Servicios profesionales, científicos y técnicos<C1>",58.802119745854,63.192583755268,63.812268652326,65.241357959313,65.820456622437,66.281602190811,69.926877269994,71.015603690399,71.523260764932,76.936946091675,81.868035856538,82.499491135242,82.885701136805,89.475766604778,96.890925087111,100,106.297615767459,113.939236637243,114.813617967454,122.116063561837,128.875545407696,144.716214238222
Índice de precios implícitos base 2018=100|B.1bV---Valor agregado bruto|Actividad económica total  |Actividades terciarias|55---Corporativos<C1>,45.713140878362,56.077804945127,60.893852547815,61.774861751744,60.820284697509,74.606272885332,69.4701065102,66.528807429933,68.789618183939,70.547190819031,70.760423078373,70.0480838767,71.209947927422,81.554195567823,91.625274146318,100,103.321026187576,106.859380458283,114.810212911063,116.75694423386,120.117684960582,125.409924774516
"Índice de precios implícitos base 2018=100|B.1bV---Valor agregado bruto|Actividad económica total  |Actividades terciarias|56---Servicios de apoyo a los negocios y manejo de residuos, y servicios de remediación<C1>",53.21171364694,56.083212637364,59.537826746723,62.038941922857,64.732888593444,68.213092045016,71.813455709518,73.706950123092,76.341227987166,80.641197771369,82.401867577592,85.496279066138,88.855744475742,93.452168160153,97.079924518725,100,102.597185542936,104.437214927912,106.412436106585,112.224791078742,117.663812604618,124.142432854848
Índice de precios implícitos base 2018=100|B.1bV---Valor agregado bruto|Actividad económica total  |Actividades terciarias|61---Servicios educativos<C1>,39.408802900603,42.295047254553,45.886259643786,49.324068515914,52.953042402689,57.065475558725,59.808919378448,63.497801677869,67.055433948314,73.297892491756,77.592370224288,82.609400412856,88.047549390807,91.526553046586,95.015136107504,100,105.304600683503,108.846967638396,113.728285640075,118.712105243271,128.115526439362,135.199848438081
Índice de precios implícitos base 2018=100|B.1bV---Valor agregado bruto|Actividad económica total  |Actividades terciarias|62---Servicios de salud y de asistencia social<C1>,39.822616765592,42.521309242028,43.566766912214,42.98780335975,46.277794197609,51.928034837353,54.033002135717,57.792562680357,62.957314588935,66.520881080595,72.136537271162,77.012311175661,85.090712924151,87.615239550719,94.514351692229,100,105.334904023319,116.280700226781,119.318037232983,125.68376309401,134.696437857063,143.412612565226
"Índice de precios implícitos base 2018=100|B.1bV---Valor agregado bruto|Actividad económica total  |Actividades terciarias|71---Servicios de esparcimiento culturales y deportivos, y otros servicios recreativos<C1>",51.903181853553,54.325326721602,57.290057612371,60.60562083119,64.976795434036,68.851551308203,72.141238118577,73.863493368549,76.892444415574,79.164496339028,84.128931163172,87.553866786063,88.705992549577,91.424487539284,95.668778084472,100,103.955100813874,105.819197414725,109.330853822412,113.422604225296,120.445312470101,126.108647256819
Índice de precios implícitos base 2018=100|B.1bV---Valor agregado bruto|Actividad económica total  |Actividades terciarias|72---Servicios de alojamiento temporal y de preparación de alimentos y bebidas<C1>,49.928135099441,54.524221898049,51.41760797738,53.537603619535,53.173551716521,55.462908688617,60.548148327321,64.645062520342,67.110512715682,67.757388360924,66.825291446158,71.622064837833,83.906893481648,92.339362207913,105.724744726817,100,105.145547072838,108.411199116194,109.807145646912,125.158597168358,138.143223732983,148.311813074134
Índice de precios implícitos base 2018=100|B.1bV---Valor agregado bruto|Actividad económica total  |Actividades terciarias|81---Otros servicios excepto actividades gubernamentales<C1>,54.907360701402,57.548121892776,60.290100825035,63.49325780256,66.168235166041,68.492759378021,70.381640841646,73.487860443589,76.016082396378,78.810501531234,81.828305009003,85.256492976314,87.911678733616,91.713903573319,96.714906963542,100,105.027860727707,113.676964292419,122.386280290855,137.567101118544,153.06829110981,171.855677901797
"Índice de precios implícitos base 2018=100|B.1bV---Valor agregado bruto|Actividad económica total  |Actividades terciarias|93---Actividades legislativas, gubernamentales, de impartición de justicia y de organismos internacionales y extraterritoriales<C1>",41.344214829077,45.484248000047,49.324519018111,53.913849362526,58.924543157749,63.009598318668,67.283710506057,71.464689408583,75.581215628183,79.31749548656,81.245807495477,85.222269630397,86.409664677549,90.170697578391,95.228057797444,100,106.601000127135,112.783956808337,117.275728706535,124.40702228314,133.890093138784,141.579499054701
Variación porcentual anual de los índices de precios implícitos|B.1bP---Producto interno bruto<C1>,NA,5.68135149833,4.273726265443,4.028614071488,5.530579633943,5.166665228735,7.925490804147,4.00431779641,4.081703479593,5.467642416652,3.721076199133,4.996173203012,5.188747700146,7.261544875438,5.406026141226,4.313802942485,4.511862706057,6.208618489042,4.038600288858,7.255990699362,4.598136817815,4.712846410619
"Variación porcentual anual de los índices de precios implícitos|D.21-D.31---Impuestos sobre los productos, netos",NA,-2.700000484347,-1.405440195072,-3.197688315652,8.003397563594,-24.57490471193,68.255945937543,9.389291794247,-5.906536706731,-3.856813543602,32.342010129933,41.66336505137,10.835253840924,12.519032106261,-3.280316333762,3.749692759851,7.857634297671,21.164063115909,-3.983247845031,-12.446442724505,25.67753582924,11.199139833819
Variación porcentual anual de los índices de precios implícitos|B.1bV---Valor agregado bruto|Actividad económica total  <C1>,NA,6.132867580888,4.648776054634,4.372674837021,5.296800393073,6.752891649828,5.741746463579,3.604774563196,4.382473321811,5.885609153957,2.581380425995,3.221730055105,4.802654632143,6.899428875146,6.051505568625,4.351802339713,4.278880722717,5.25198684591,4.610729475042,8.71418539973,3.325437460354,4.247334356064
Variación porcentual anual de los índices de precios implícitos|B.1bV---Valor agregado bruto|Actividad económica total  |Actividades primarias<C1>,NA,0.047927647652,-4.998926702282,10.711322187321,-1.468103587551,5.704856776593,9.132645029393,9.594194749531,2.556028677775,8.672185540999,4.115624118785,4.807155530942,5.999743641161,6.179552678945,14.771336099942,9.865512343104,9.205317648781,3.386380322739,12.740723852007,16.387466580393,10.223159590141,7.219943802345
"Variación porcentual anual de los índices de precios implícitos|B.1bV---Valor agregado bruto|Actividad económica total  |Actividades primarias|11---Agricultura, cría y explotación de animales, aprovechamiento forestal, pesca y caza<C1>",NA,0.047927647652,-4.998926702282,10.711322187321,-1.468103587551,5.704856776593,9.132645029393,9.594194749531,2.556028677775,8.672185540999,4.115624118785,4.807155530942,5.999743641161,6.179552678945,14.771336099942,9.865512343104,9.205317648781,3.386380322739,12.740723852007,16.387466580393,10.223159590141,7.219943802345
"Variación porcentual anual de los índices de precios implícitos|B.1bV---Valor agregado bruto|Actividad económica total  |Actividades primarias|11---Agricultura, cría y explotación de animales, aprovechamiento forestal, pesca y caza|111---Agricultura<C1>",NA,-11.744670293957,-10.275781562662,22.473513597696,1.417772987771,-2.397313541301,19.453778461267,14.878340071935,3.424805051853,-1.965336100131,-6.119900775112,4.527218416838,11.169881188854,12.580869169515,26.26392071162,15.110654427037,13.107719518115,5.664669080019,17.090017622941,18.922615148332,10.867049069107,8.723253571897
"Variación porcentual anual de los índices de precios implícitos|B.1bV---Valor agregado bruto|Actividad económica total  |Actividades primarias|11---Agricultura, cría y explotación de animales, aprovechamiento forestal, pesca y caza|112---Cría y explotación de animales<C1>",NA,12.62481233955,0.389444347571,1.329639360394,-2.688059883256,14.173975844432,0.266492238366,4.918574501333,3.291909770273,17.408553351563,14.899775771818,9.679338203818,0.163484561343,0.916779417153,4.860083762711,4.46544143498,4.803482173987,0.605872665139,8.187912755323,12.237071201479,10.815931762974,5.355177653319
"Variación porcentual anual de los índices de precios implícitos|B.1bV---Valor agregado bruto|Actividad económica total  |Actividades primarias|11---Agricultura, cría y explotación de animales, aprovechamiento forestal, pesca y caza|114---Pesca, caza y captura<C1>",NA,3.978814144819,7.240567696655,0.00334148931,-4.803564020973,24.335949962765,-15.520128992026,17.131067756699,-17.04550108121,9.649154647355,5.347620813277,-8.797035052297,10.258439887061,2.963204761612,9.396738664381,22.969173242257,28.1536230859,30.753122181008,-18.673190637875,31.782809052144,2.718195845922,-22.835711261433
"Variación porcentual anual de los índices de precios implícitos|B.1bV---Valor agregado bruto|Actividad económica total  |Actividades primarias|11---Agricultura, cría y explotación de animales, aprovechamiento forestal, pesca y caza|113,115---Aprovechamiento forestal, Servicios relacionados con las actividades agropecuarias y forestales<C1>",NA,-0.078611141275,-1.779814408361,5.12824904741,3.531484008769,2.315016303117,-8.526758535419,7.572294796594,-0.886703947077,5.848945558825,-3.282709191199,2.750023033032,2.16159523523,4.527528431994,5.143450218058,3.595397218803,2.334336446581,3.501090180308,7.797450249158,10.008859629391,3.561467630337,4.815825890648
Variación porcentual anual de los índices de precios implícitos|B.1bV---Valor agregado bruto|Actividad económica total  |Actividades secundarias<C1>,NA,6.37009017529,2.527414960748,3.203112106952,4.042879963398,6.858146471052,7.313060991206,1.871906038806,6.28040200459,6.012547978183,2.019664368672,3.034613440273,4.979432464982,8.581150997125,5.839652745201,4.131172547046,4.462751330772,5.976133462102,3.469321858737,9.881220660382,2.025509243971,1.512856631363
Variación porcentual anual de los índices de precios implícitos|B.1bV---Valor agregado bruto|Actividad económica total  |Actividades secundarias|21---Minería<C1>,NA,11.706153225198,8.297543197634,10.467340049624,45.681046046278,-0.70307560342,11.919203814244,5.658235441243,12.465671348315,-16.119975033695,14.535607549219,12.675960628752,-22.513953791544,28.908815338209,19.119063459418,1.520881618269,-0.251659677853,8.226469447831,9.911892739093,-15.95165957432,3.250676017348,-8.651438583014
Variación porcentual anual de los índices de precios implícitos|B.1bV---Valor agregado bruto|Actividad económica total  |Actividades secundarias|21---Minería|21-1---Minería petrolera<C1>,NA,NA,NA,NA,NA,NA,NA,NA,NA,NA,NA,NA,NA,NA,NA,NA,NA,NA,NA,NA,NA,NA
Variación porcentual anual de los índices de precios implícitos|B.1bV---Valor agregado bruto|Actividad económica total  |Actividades secundarias|21---Minería|21-2---Minería no petrolera<C1>,NA,11.706153225198,8.297543197634,10.467340049624,45.681046046278,-0.70307560342,11.919203814244,5.658235441243,12.465671348315,-16.119975033695,14.535607549219,12.675960628752,-22.513953791544,28.908815338209,19.119063459418,1.520881618269,-0.251659677853,8.226469447831,9.911892739093,-15.95165957432,3.250676017348,-8.651438583014
"Variación porcentual anual de los índices de precios implícitos|B.1bV---Valor agregado bruto|Actividad económica total  |Actividades secundarias|22---Generación, transmisión, distribución y comercialización de energía eléctrica, suministro de agua y de gas natural por ductos al consumidor final<C1>",NA,-2.301746154205,4.550650553526,-2.829928386708,1.805006445366,8.494552674054,5.687955565911,-1.031318279687,0.330133506846,-0.107073023487,6.71274307459,5.916234848072,-4.143410905907,5.638436466554,24.616192064848,10.855140609353,10.927853681282,-1.12434626311,15.758776536328,29.302600235158,14.536796169803,-18.575604106788
Variación porcentual anual de los índices de precios implícitos|B.1bV---Valor agregado bruto|Actividad económica total  |Actividades secundarias|23---Construcción<C1>,NA,10.799256727866,1.832105705695,4.859970861085,3.519033701522,9.722234595723,2.603555154961,0.925773685565,9.159067332545,5.882408231038,-1.522802243378,2.465066355765,3.128834955548,9.003013126129,12.396473367605,10.76996465748,3.929742902682,4.25240177624,12.577670686961,14.833740662819,3.603012384049,7.019437371297
Variación porcentual anual de los índices de precios implícitos|B.1bV---Valor agregado bruto|Actividad económica total  |Actividades secundarias|31-33---Industrias manufactureras<C1>,NA,5.908707263689,2.681366692175,2.88928383141,4.269565826185,6.242484859213,8.822166042479,2.22976510247,5.826591820564,6.91739816537,2.515570609859,2.10074621579,7.036671717148,8.246418049085,2.928001690033,1.728186809371,4.318234478442,6.891353380991,0.266547072339,8.39025353914,0.910207239817,2.058525206807
Variación porcentual anual de los índices de precios implícitos|B.1bV---Valor agregado bruto|Actividad económica total  |Actividades secundarias|31-33---Industrias manufactureras|311---Industria alimentaria<C1>,NA,7.024992289575,2.278893191302,2.399201677625,12.627656602323,10.554158851791,12.909449593581,7.080223535555,8.534010219894,7.201308453598,5.312533529304,0.040196319591,1.668675078929,6.091090862961,4.287971089574,-0.172975946411,2.727473529017,4.556860784883,6.024767725156,13.438658449818,5.3797124308,0.643852695703
Variación porcentual anual de los índices de precios implícitos|B.1bV---Valor agregado bruto|Actividad económica total  |Actividades secundarias|31-33---Industrias manufactureras|312---Industria de las bebidas y del tabaco<C1>,NA,3.415113828679,8.563841371743,3.705345655499,1.325618809644,2.807921121697,14.544363410138,1.438741919953,1.772910866482,1.8639163018,4.670265292158,14.837497337446,6.089254227379,7.570533970495,5.729525832475,6.243781147037,6.307235036097,10.068930788773,3.020414163325,8.203104265478,7.413607576652,2.922614487383
"Variación porcentual anual de los índices de precios implícitos|B.1bV---Valor agregado bruto|Actividad económica total  |Actividades secundarias|31-33---Industrias manufactureras|313-314---Fabricación de insumos textiles y acabado de textiles; Fabricación de productos textiles, excepto prendas de vestir<C1>",NA,0.241769144874,4.909806451984,3.664884884289,2.85780765519,2.802846670774,6.057181026726,7.021782407864,8.100748856678,-1.829447075452,5.560662013443,1.083519001805,0.112244331948,3.904803796404,12.697226374329,-0.563681535983,2.912391654762,2.904507180733,6.033110608386,4.235272279587,1.481848658326,2.627491177591
"Variación porcentual anual de los índices de precios implícitos|B.1bV---Valor agregado bruto|Actividad económica total  |Actividades secundarias|31-33---Industrias manufactureras|315-316---Fabricación de prendas de vestir; Curtido y acabado de cuero y piel, y fabricación de productos de cuero, piel y materiales sucedáneos<C1>",NA,2.893899151641,2.875622952173,3.433936680186,2.645249613451,5.003852406049,4.874400956943,1.776253763403,8.261230791234,6.658330697281,2.037332550578,1.804866485893,5.936641589118,3.21442032956,1.946817936498,-2.009121930724,4.310659648005,2.981560797443,1.481787509438,6.530455095087,3.511377991086,6.013479848633
Variación porcentual anual de los índices de precios implícitos|B.1bV---Valor agregado bruto|Actividad económica total  |Actividades secundarias|31-33---Industrias manufactureras|321---Industria de la madera<C1>,NA,4.997426224403,6.686338695937,3.004754914788,5.559535345992,0.413590004063,12.470269558563,8.068948158996,8.49593562356,-1.50491368781,4.084781467311,-0.737207137751,8.982449921455,7.581881593471,8.045334009007,-1.172693147961,6.127601367855,3.615073782726,6.491070106524,12.090567384017,3.004032156773,-1.266758835938
Variación porcentual anual de los índices de precios implícitos|B.1bV---Valor agregado bruto|Actividad económica total  |Actividades secundarias|31-33---Industrias manufactureras|322-323---Industria del papel; Impresión e industrias conexas<C1>,NA,5.837633298684,6.195291707653,2.274108275475,4.157153159841,6.845064194089,8.16230248454,1.787561603264,3.777269378712,8.98337534458,9.593208263561,-1.96601130587,2.974292902422,4.219532631376,3.809796667022,4.523575259416,4.724053790405,4.079185591776,4.892468361227,9.250185957374,5.940488419091,1.280570002378
Variación porcentual anual de los índices de precios implícitos|B.1bV---Valor agregado bruto|Actividad económica total  |Actividades secundarias|31-33---Industrias manufactureras|324-326---Fabricación de productos derivados del petróleo y del carbón; Industria química; Industria del plástico y del hule<C1>,NA,13.369301877394,6.669865669313,3.190118889502,1.56267575322,5.357251537158,2.609188155794,0.651722197338,5.994372696503,8.19664676345,6.913628738917,0.345678236929,5.712346458014,6.329445680943,2.147767678603,-0.088161439181,4.129492834138,3.928868873798,1.302969446443,12.267512362287,5.375321965015,-1.354737529214
Variación porcentual anual de los índices de precios implícitos|B.1bV---Valor agregado bruto|Actividad económica total  |Actividades secundarias|31-33---Industrias manufactureras|327---Fabricación de productos a base de minerales no metálicos<C1>,NA,1.110005688927,-0.598592821215,1.371454148385,6.035431562765,3.257481071531,12.167318620057,-7.191615786552,-1.296320959035,5.119296275268,8.431132481422,6.969782766134,9.882299522089,1.705482330723,8.081140795723,7.587194948603,9.276474634798,9.76674552047,2.787644602174,10.694375222948,5.039332999167,3.457733195058
Variación porcentual anual de los índices de precios implícitos|B.1bV---Valor agregado bruto|Actividad económica total  |Actividades secundarias|31-33---Industrias manufactureras|331-332---Industrias metálicas básicas; Fabricación de productos metálicos<C1>,NA,25.128440109854,-4.448023967967,10.004532661021,6.547501063875,20.494027050392,-0.669004693062,0.356092642296,8.959474606215,8.242237131898,1.026619286732,-0.840316808201,8.956102660399,5.376666928281,5.05964053889,7.36908456001,3.78366975431,6.079008650367,14.160637652863,8.052878847403,-4.141161431364,1.952267594061
"Variación porcentual anual de los índices de precios implícitos|B.1bV---Valor agregado bruto|Actividad económica total  |Actividades secundarias|31-33---Industrias manufactureras|333-336---Fabricación de maquinaria y equipo; Fabricación de equipo de computación, comunicación, medición y de otros equipos, componentes y accesorios electrónicos; Fabricación de accesorios, aparatos eléctricos y equipo de generación de energía eléctrica; Fabricación de equipo de transporte<C1>",NA,3.030695756442,0.521780062166,0.248149754574,0.684250579825,3.329360995676,9.629652428818,-0.513595992602,3.562199046127,8.466007888656,-2.631889348075,2.768761973605,12.232391445182,12.265146408948,0.457145184584,1.465884538374,4.748571166565,9.882855075909,-10.041577848795,3.685035671492,-4.485070286379,5.724574144412
"Variación porcentual anual de los índices de precios implícitos|B.1bV---Valor agregado bruto|Actividad económica total  |Actividades secundarias|31-33---Industrias manufactureras|337---Fabricación de muebles, colchones y persianas<C1>",NA,-0.257370997941,3.90508004519,3.093578891361,5.412369120073,3.277658507434,4.710489033489,3.264156403682,10.657279015539,6.504440729389,9.647938359992,-1.120086133014,5.787698129015,6.247576396076,5.931177179016,-0.10660338425,4.856650761434,3.434976701677,4.421952549156,8.965024505651,11.877740020612,0.13201536473
Variación porcentual anual de los índices de precios implícitos|B.1bV---Valor agregado bruto|Actividad económica total  |Actividades secundarias|31-33---Industrias manufactureras|339---Otras industrias manufactureras<C1>,NA,9.946384271852,5.71100375147,4.932932605624,7.195281425696,7.075057707693,11.341037208501,3.249564303276,-2.414482245587,4.183721778908,2.350682365384,4.939625213529,8.285419774933,7.47073531387,5.620604001453,-3.048024266539,3.743802914571,8.433943156505,6.096859705354,9.305505038942,5.413390356617,-2.177610264953
Variación porcentual anual de los índices de precios implícitos|B.1bV---Valor agregado bruto|Actividad económica total  |Actividades terciarias<C1>,NA,6.666272816168,6.442010392407,4.548090680531,6.55503717291,6.762009151787,4.53004768937,4.071897010539,3.552406179282,5.71839653408,2.701405993262,3.326508515314,4.550864993952,6.076746328359,5.431942239775,3.965130461465,3.715885963426,5.060784103102,4.333603597006,7.265507007271,3.242315544892,5.158652778151
Variación porcentual anual de los índices de precios implícitos|B.1bV---Valor agregado bruto|Actividad económica total  |Actividades terciarias|43---Comercio al por mayor<C1>,NA,9.137450473631,4.860474204061,3.460451216808,6.668961041989,8.541182058803,6.233948346019,2.505659197136,5.237515909621,6.605865299637,2.404028685393,1.65372421753,7.940760524095,9.544695051159,7.008734921135,4.629290599879,2.976053432622,4.813903714404,6.064497162644,8.76719656008,-1.731066453901,3.837487674112
Variación porcentual anual de los índices de precios implícitos|B.1bV---Valor agregado bruto|Actividad económica total  |Actividades terciarias|46---Comercio al por menor<C1>,NA,10.353619263614,3.633676636759,3.733578017003,8.789033189464,10.927105831999,0.642908293612,5.688408503032,5.329496895248,13.393897072889,1.697971196999,3.011228198271,6.241889419384,11.170596172223,7.571558036709,5.313864751766,1.985826907505,6.765892382886,6.902249007562,5.040659540673,-2.643979863387,4.518445142575
"Variación porcentual anual de los índices de precios implícitos|B.1bV---Valor agregado bruto|Actividad económica total  |Actividades terciarias|48-49---Transportes, correos y almacenamiento<C1>",NA,-0.375262749266,11.859110405826,5.223723982948,8.313621870374,5.896927578792,3.94670527543,13.925098254914,0.692061781781,3.921373750084,-1.079599756223,3.596493312306,2.33583678403,5.608037862008,1.854102542511,6.295159388196,5.363621039523,6.578272679107,5.345327871881,6.192361963795,6.337084518535,5.190011114471
Variación porcentual anual de los índices de precios implícitos|B.1bV---Valor agregado bruto|Actividad económica total  |Actividades terciarias|51---Información en medios masivos<C1>,NA,4.949752044329,6.856308808961,4.879708156082,1.282842733197,-1.249851374061,2.006857087594,2.540906472352,-7.515082662036,-9.167335203129,1.969887455118,-4.429101571061,-18.423092225932,-22.317527270568,-4.210694794765,0.229287862328,-0.161265677034,-2.164196911797,0.777064652541,-2.309658299899,-2.153964428832,0.898853425733
Variación porcentual anual de los índices de precios implícitos|B.1bV---Valor agregado bruto|Actividad económica total  |Actividades terciarias|52---Servicios financieros y de seguros<C1>,NA,-2.982545911117,49.823892120659,-3.489147395383,8.332321130585,-8.33608115956,-2.978290417212,-12.928938174266,0.827392526384,0.269107767648,-0.346012987036,2.860506694944,-4.354794289072,4.045646098244,3.380722742332,5.04837136817,3.025254983396,6.273120484541,-2.082477519338,16.901297085799,12.488191601927,1.238617436251
Variación porcentual anual de los índices de precios implícitos|B.1bV---Valor agregado bruto|Actividad económica total  |Actividades terciarias|53---Servicios inmobiliarios y de alquiler de bienes muebles e intangibles<C1>,NA,5.160832471787,4.627836415703,5.655978562635,4.920251118129,5.963400264064,3.905232164154,3.289983266641,3.439709235865,2.486239558799,4.336442019497,3.421755406533,2.839042108417,2.782499703971,2.593004796717,2.729842211904,3.550924301253,3.13543122525,2.474833948906,3.494531825457,4.156447102681,5.241297091383
"Variación porcentual anual de los índices de precios implícitos|B.1bV---Valor agregado bruto|Actividad económica total  |Actividades terciarias|54---Servicios profesionales, científicos y técnicos<C1>",NA,7.466506357917,0.980629150183,2.239521234973,0.887625091258,0.700611317571,5.49967858153,1.556949863786,0.714852860712,7.569125440933,6.409261109724,0.771308694654,0.468136222719,7.950786900018,8.287337190511,3.208840157212,6.297615767459,7.188892069321,0.767410205665,6.360260850288,5.535292940749,12.291446589354
Variación porcentual anual de los índices de precios implícitos|B.1bV---Valor agregado bruto|Actividad económica total  |Actividades terciarias|55---Corporativos<C1>,NA,22.673270459241,8.588152848352,1.446794983512,-1.545251623664,22.666760368499,-6.884362636673,-4.233906104398,3.398243319463,2.554996933392,0.302254784161,-1.006691552542,1.658666428003,14.526408095318,12.348939877801,9.140191864865,3.321026187576,3.424621687635,7.440462801377,1.695608146206,2.87840757462,4.405878964176
"Variación porcentual anual de los índices de precios implícitos|B.1bV---Valor agregado bruto|Actividad económica total  |Actividades terciarias|56---Servicios de apoyo a los negocios y manejo de residuos, y servicios de remediación<C1>",NA,5.396366314147,6.159800672791,4.200884232429,4.342347865856,5.376252361345,5.278112392451,2.636684719968,3.573988422631,5.632565649751,2.183337865609,3.755268635911,3.929370314473,5.172905490276,3.88193921018,3.007908685293,2.597185542936,1.793450156784,1.891300127102,5.462101221266,4.846541903615,5.506043112847
Variación porcentual anual de los índices de precios implícitos|B.1bV---Valor agregado bruto|Actividad económica total  |Actividades terciarias|61---Servicios educativos<C1>,NA,7.323856959649,8.490857966464,7.492022445969,7.35740987304,7.766188625693,4.807536943944,6.16777955154,5.60276446812,9.3093999634,5.858937530864,6.465880825738,6.582966285644,3.951278235283,3.811552980852,5.246389256187,5.304600683503,3.363924208345,4.484569582035,4.382216416212,7.921198244123,5.529635787019
Variación porcentual anual de los índices de precios implícitos|B.1bV---Valor agregado bruto|Actividad económica total  |Actividades terciarias|62---Servicios de salud y de asistencia social<C1>,NA,6.776783384983,2.458667639407,-1.328910987659,7.653312290294,12.209399211244,4.053624029789,6.957896833489,8.936706851267,5.660289856592,8.441944994329,6.759090592567,10.48975368375,2.966865054731,7.874328914568,5.804037386443,5.334904023319,10.391423721276,2.612073198973,5.335090996005,7.170914158825,6.470976402073
"Variación porcentual anual de los índices de precios implícitos|B.1bV---Valor agregado bruto|Actividad económica total  |Actividades terciarias|71---Servicios de esparcimiento culturales y deportivos, y otros servicios recreativos<C1>",NA,4.666659695128,5.457364124034,5.787327429922,7.212490430585,5.963291738665,4.777941452108,2.387338081364,4.100741663966,2.954844186217,6.271036959401,4.071055670787,1.315905060286,3.064612560631,4.642400148389,4.527309747495,3.955100813874,1.793174732415,3.318543793074,3.742539511793,6.191630224656,4.70199684037
Variación porcentual anual de los índices de precios implícitos|B.1bV---Valor agregado bruto|Actividad económica total  |Actividades terciarias|72---Servicios de alojamiento temporal y de preparación de alimentos y bebidas<C1>,NA,9.205404506806,-5.697676761858,4.123092702188,-0.679992899199,4.305443022315,9.168721509458,6.76637404479,3.813825989517,0.963896145426,-1.375638786136,7.178080765334,17.152296113817,10.049792545483,14.495857669848,-5.414763347605,5.145547072838,3.1058396045,1.287640522472,13.980375713261,10.374538272556,7.360903464079
Variación porcentual anual de los índices de precios implícitos|B.1bV---Valor agregado bruto|Actividad económica total  |Actividades terciarias|81---Otros servicios excepto actividades gubernamentales<C1>,NA,4.809484844364,4.764671447259,5.312906984217,4.213010099118,3.513051551317,2.757782692328,4.413394693272,3.440325977009,3.676089383671,3.82918953583,4.189489158958,3.114350197397,4.325050885701,5.452830154836,3.396677037281,5.027860727707,8.235056398164,7.661460747696,12.40402175114,11.268093799482,12.273859370723
"Variación porcentual anual de los índices de precios implícitos|B.1bV---Valor agregado bruto|Actividad económica total  |Actividades terciarias|93---Actividades legislativas, gubernamentales, de impartición de justicia y de organismos internacionales y extraterritoriales<C1>",NA,10.013573091388,8.443079059062,9.30435904044,9.293889890017,6.932688726975,6.783271598992,6.213954122149,5.760224040246,4.943397413396,2.431130732366,4.894359792216,1.393291979082,4.352560462857,5.608651540769,5.011067444751,6.601000127135,5.800092563698,3.982633723191,6.080792381559,7.622617020815,5.743073094995
