Descriptores,111---Agricultura,112---Cría y explotación de animales,113---Aprovechamiento forestal,"114---Pesca, caza y captura",115---Servicios relacionados con las actividades agropecuarias y forestales,211---Extracción de petróleo y gas,"212---Minería de minerales metálicos y no metálicos, excepto petróleo y gas",213---Servicios relacionados con la minería,"221---Generación, transmisión, distribución y comercialización de energía eléctrica, suministro de agua y de gas natural por ductos al consumidor final",236---Edificación,237---Construcción de obras de ingeniería civil,238---Trabajos especializados para la construcción,311---Industria alimentaria,312---Industria de las bebidas y del tabaco,313---Fabricación de insumos textiles y acabado de textiles,"314---Fabricación de productos textiles, excepto prendas de vestir",315---Fabricación de prendas de vestir,"316---Curtido y acabado de cuero y piel, y fabricación de productos de cuero, piel y materiales sucedáneos",321---Industria de la madera,322---Industria del papel,323---Impresión e industrias conexas,324---Fabricación de productos derivados del petróleo y del carbón,325---Industria química,326---Industria del plástico y del hule,327---Fabricación de productos a base de minerales no metálicos,331---Industrias metálicas básicas,332---Fabricación de productos metálicos,333---Fabricación de maquinaria y equipo,"334---Fabricación de equipo de computación, comunicación, medición y de otros equipos, componentes y accesorios electrónicos","335---Fabricación de accesorios, aparatos eléctricos y equipo de generación de energía eléctrica",336---Fabricación de equipo de transporte,"337---Fabricación de muebles, colchones y persianas",339---Otras industrias manufactureras,"431---Comercio al por mayor de abarrotes, alimentos, bebidas, hielo y tabaco","461---Comercio al por menor de abarrotes, alimentos, bebidas, hielo y tabaco",481---Transporte aéreo,482---Transporte por ferrocarril,483---Transporte por agua,484---Autotransporte de carga,"485---Transporte terrestre de pasajeros, excepto por ferrocarril",486---Transporte por ductos,487---Transporte turístico,488---Servicios relacionados con el transporte,491---Servicios postales,492---Servicios de mensajería y paquetería,493---Servicios de almacenamiento,"511---Edición de periódicos, revistas, libros, software y otros materiales, y edición de estas publicaciones integrada con la impresión","512---Industria fílmica y del video, e industria del sonido",515---Radio y televisión,517---Telecomunicaciones,"518---Procesamiento electrónico de información, hospedaje y otros servicios relacionados",519---Otros servicios de información,521---Banca central,522---Instituciones de intermediación crediticia y financiera no bursátil,"523---Actividades bursátiles, cambiarias y de inversión financiera","524---Compañías de seguros, fianzas, y administración de fondos para el retiro",531---Servicios inmobiliarios,532---Servicios de alquiler de bienes muebles,"533---Servicios de alquiler de marcas registradas, patentes y franquicias","541---Servicios profesionales, científicos y técnicos",551---Corporativos,561---Servicios de apoyo a los negocios,562---Manejo de residuos y servicios de remediación,611---Servicios educativos,621---Servicios médicos de consulta externa y servicios relacionados,622---Hospitales,623---Residencias de asistencia social y para el cuidado de la salud,624---Otros servicios de asistencia social,"711---Servicios artísticos, culturales y deportivos, y otros servicios relacionados","712---Museos, sitios históricos, zoológicos y similares",713---Servicios de entretenimiento en instalaciones recreativas y otros servicios recreativos,721---Servicios de alojamiento temporal,722---Servicios de preparación de alimentos y bebidas,811---Servicios de reparación y mantenimiento,812---Servicios personales,813---Asociaciones y organizaciones,814---Hogares con empleados domésticos,"931---Actividades legislativas, gubernamentales y de impartición de justicia"
111---Agricultura,0.017458066557465773,0.12753844458492639,0.006121250580177999,0.0005218741412065656,0.004048947132170822,0,0,0,2.9479097447317183E-8,0.000006006313716797097,0.0014815070075370714,0.00002722377854480307,0.07438069319220891,0.05775573834654622,0.1135452301747939,0.0006083880507253764,0.00352078879776714,0.000053042537556874324,0.004722495992788917,0.000017141836140490342,2.1458095784849925E-7,4.765126427009061E-8,0.0011912804112057165,0.001336294147955561,0.00000562804729995858,0,2.4862046813367582E-8,0,1.5523434670364881E-9,1.0750954753991425E-8,0,7.300480460680175E-9,0.0005600262094502883,2.2011802156345437E-7,0,0,0,0,0,0,0,0,0,0,0,0,0.0000030281028383089224,0,0,0,0,0,0,0,0,0,1.751168838874429E-8,0,0,0.0001418314259153212,0,0,0,0.0000026897072187848006,0,0.0012465345603259001,0.010792790678531585,0.007660315577769843,0,0,0,0.025231868477698705,0.041228783818910666,0,0.000021880371955224176,0.00243575475250798,0,0.000031979282270643254
112---Cría y explotación de animales,0.00741988506083026,0.02601783918113125,0,0,0,0,0,0,0,9.891331542274484E-8,0,0,0.14574776484049318,0.000007444900599290432,0.0057704913529644745,0,0,0.00002805856356161206,0,0,0,0,0.0002631340951581287,1.5535680356898078E-7,0,0,0,0,0,0,0,0,0.0005169227215477849,2.678382644062185E-7,0,0,0,0,0,0,0,0,0,0,0,0,0.0000013247949917601538,0,0,0,0,0,0,0,0,0,9.63142861380936E-9,0,0,0.000882058879685063,0,0,0,0,0,0.0006190533634197251,0.004602369947966927,0.0008417741363968231,0,0,0,0,0.0024312821616362577,0,0.000007151735402832528,0,0,0.000002507007881476092
113---Aprovechamiento forestal,0,0,0.04380331761276878,0,0.000005274355795272456,0,0.0000015988423163464077,0,4.086874873378064E-7,5.711895679341603E-8,0,0,0.00031707489462204786,0,0,0.00007007117736601093,0.000002402247193253423,0.0013245496142880449,0.17021114973868237,0.004011398369849704,0,0.0000012468747484007044,0.0030719407661426055,0.0012063252353698112,0.00016631283939944926,5.612728956125756E-7,0.00002953802407942018,0,0.0000012486015953196818,0.000005047573256998974,0,0.004559945800064983,0.0021041452760752638,0.000003618000946797175,0,0,0,0,0,0,0,0,0,0,0,0,0.000003009177195569492,0,0,0,0,0,0,0,0,0,2.705555856060993E-7,0,1.8913120820590382E-8,0.000002102854764511817,0,0,0,9.812868364774902E-9,0,0,0,0,0,0,0,0,0,0,0,0,0,7.657324011839011E-10
"114---Pesca, caza y captura",0,4.968654374364804E-8,0,0.0007088600123995609,0,0,0,0,0,2.786290575288587E-9,0,0,0.0020398508409103563,0,0,0,0,0,0,0.000028340484780774747,0,0,0,0,0,0,0,0,0,0,0,0,0,0,0,0,0,0,0,0,0,0,0,0,0,0,0,0,0,0,0,0,0,0,0,0,0,0,0,0.00000579575155188303,0,0,0,0,0,0,0,0,0,0.00003303514548067468,0,0.001620077481233202,0.0010792806326563153,0,0,0,0,5.360126808287307E-9
115---Servicios relacionados con las actividades agropecuarias y forestales,0.0059486970019331205,0.0016479874735344908,0.0026812301340604664,0.0008527223219411891,0.000025261388282620714,0,0,0,0,0,0,3.3026541968704437E-9,0.001801983765407865,0,0.005298810146812915,0.0001543230524374248,0.0012753546617022104,0,0,0,0,0,9.144983427799397E-10,0,0,0,0,0,0,0,0,0,0.0000024681592379982594,1.6802902409423996E-8,0,0,0,0,0,0,0,0,0,0,0,0,0,0,0,0,0,0,0,0,0,0,0,0,0,0.000002288305913222599,0,0,0,0,2.8150778327498356E-9,0,0,0,0,0,0,0,1.3354269724984191E-8,4.8292002655055675E-9,0,5.061458824026201E-7,0,0
211---Extracción de petróleo y gas,0,0,0,0,0,0,0,0,0,0,0,0,0,0,0,0,0,0,0,0,0,0.27879480251657723,0.10178984847470282,0,0,0,0,0,0,0,0,0,0,0,0,0,0,0,0,0,0,0,0,0,0,0,0,0,0,0,0,0,0,0,0,0,0,0,0,0,0,0,0,0,0,0,0,0,0,0,0,0,0,0,0,0,0,0
"212---Minería de minerales metálicos y no metálicos, excepto petróleo y gas",0.00006987196564081726,0.0004258430401134577,0.00011128601003806744,0.0005748783559857919,0.00015471443666132537,0.0005969226350680867,0.016876741857809848,0.0006085746123902778,0.014681710734466955,0.01221377021460604,0.02638374502285861,0.01579806470474894,0.00030091965143640186,0.001752276906751519,5.869480135448819E-7,0.00001218629171582799,0.0000024130925530423773,0.000018846529937243402,0.0000012757528165130365,0.0005856520292733154,0.000039457651425553445,0.0007870390554596576,0.00362302478348854,0.00022275761300308037,0.1482379032278334,0.22232336467234348,0.0012792001201762495,0.00000996723089282123,0.00001164723303317477,0.00047550935329166376,0.00014497783056145058,0.000001927326841619566,0.0020360000729146353,0.0000029831872937691365,0,0,0,0.00001779590342062955,0.00015368350004770352,0.0004972924906506603,0.0008553025996105067,0.00039768836924642385,0.00013926304504942435,0,0.0007613542153200389,0,0.000019398783807916534,0.00014956922926720727,0.00020214041916577467,0.00035044594796643366,0.00006143586157010874,0.00004428743575746964,0,0.0000034196019584596326,0.000002266968264124526,0.0000017450867396504522,0.00009752697055901414,0.00024714829721000074,0.000002345226981753207,0.00009007765447553765,0.0000175275643074768,0.000050107143256666925,0.00003502078884894258,0.000018245066150625975,0.00014060187743452328,0.000006749242750659289,0.00009610618880071737,0.00002119023892127007,0.000019775942775995374,0.00008384038106588288,0.0001670976350538699,0.00010778028924298244,0.00012056043932433942,0.000006075133934006003,0.00002781479069374478,0.000025500111599141525,0,0.000019896790712362486
213---Servicios relacionados con la minería,0,0,0,0,0,0.0035019912263332315,0.000713136016142521,0.0002599915940521276,0,0,0,0,0,0,0,0,0,0,0,0,0,0,0,0,0,2.0517118453064736E-7,0,0,0,0,0,0,0,0,0,0,0,0,0,0,0,0,0,0,0,0,0,0,0,0,0,0,0,0,0,0,0,0,0,0,0,0,0,0,0,0,0,0,0,0,0,0,0,0,0,0,0,0
"221---Generación, transmisión, distribución y comercialización de energía eléctrica, suministro de agua y de gas natural por ductos al consumidor final",0.015499353458417974,0.010943504170644443,0.003637561781069841,0.004182678082085304,0.01545756378246077,0.003687212390143874,0.032863609005091055,0.04039298614177754,0.020529212643255267,0.001563601721786961,0.006750369043829108,0.005299425713681526,0.010463343833017712,0.010043536357020549,0.03627676218815158,0.016246509710998322,0.024254698199015216,0.018257440923345716,0.014253799255125323,0.019055104560461646,0.015633737468377394,0.010709971087307512,0.012308343849774684,0.023483514338682076,0.02064277064302514,0.03152511023859537,0.01279789924425268,0.011775478479121752,0.007922250347586908,0.005168958255518259,0.010677394572074662,0.007822983147731515,0.006838970610008864,0.005680322649036335,0.02321696232960956,0.00048518155551173286,0.0013194097698580709,0.00501994864377984,0.0005207383830351602,0.002329811519992552,0.01379158890391893,0.003847624648254342,0.0044404177513984195,0.0032549226595991227,0.0025221430980214483,0.028745378107143994,0.008581643443767486,0.00885563362293569,0.011182261930120996,0.011052813025414068,0.015073890273006868,0.009075491195726433,0.0007915395285034672,0.004077947640479646,0.004261766985479748,0.004070945189733985,0.008837164972911796,0.00869630015929219,0.0007122492169826132,0.006990484293531839,0.0023376001627951554,0.00590438228201223,0.0046169138514810994,0.012053100091971697,0.011184940437105299,0.009515510143518896,0.03247798095565017,0.014543223475059487,0.005203447265404873,0.01577843093079106,0.02188937891801222,0.012697512262217828,0.009362340831937656,0.009738623205821712,0.013040518192728178,0.014330628879389762,0,0.012167670864856069
236---Edificación,0,0,0,0,0,0,0,0,0,0.006756871204897223,0,0,0,0,0,0,0,0,0,0,0,0,0,0,0,0,0,0,0,0,0,0,0,0,0,0,0,0,0,0,0,0,0,0,0,0,0,0.0000021144037154472377,0.000016375535702352888,0,0,0.0001620439509885711,0,0,0,0,0.0000022178553344344643,0,1.8913120820590382E-8,0,0,0.0006783304529969995,0,8.821768659932637E-7,0.00010080793719077162,0,0,0.00032731403819141226,9.016387283888467E-8,0,0.00029979871646386175,0,0,0.000002728498150010645,0.00009007248230125624,0,0,0
237---Construcción de obras de ingeniería civil,0,0,0,0,0,0,0,0,0,0.0000029167818505646023,0.05990668454916228,0,0,0,0,0,0,0,0,0,0,0,0,0,0,0,0,0,0,0,0,0,0,0,0,0,0,0,0,0,0,0,0,0,0,0,0,0,0,0,0,0,0,0,0,0,0,0.0014677633072913265,0,0,0,0,0,0,0,0,0,0,0,0,0,0,0,0,0,0,0,0.000001105717587309553
238---Trabajos especializados para la construcción,0,0.000017177993259735773,0.044481018212215555,0.000005050111598683528,0.0011095579007212636,0.00010430549136421853,0.011166697793334936,0.007135348117623899,0.000042971144365364314,0.08643587713785394,0.1245514682979113,0.0041984859371547644,0.00036481565018547474,0.00005214327267985516,0.00000522383732054945,0.00018676748373239985,0.00021100732005389884,0.00010809177288415254,0.000022028731823065624,0.000034242613990823816,0.0002574466597810583,0.00012475100985909722,0.000006534090659162669,0.000009053232779406676,0.000028539352960023353,0.000004292086848802048,0.00001470303199239769,0.000015919625253789422,0.0000010705995444328313,0.0000010952535155628764,0.0000024519416031211185,0.000039225481515234584,0.000026016682074558163,0.00016705916056716802,0.00017007899936973014,0.0003420033057220267,0.00005857410620325555,0.00046053166264055243,0.000023470418823333027,0.00016256262621586388,0.0004462668467779253,0.000305389978253095,0.00008696096283915714,0.0000790198274427489,0.00011238108802202625,0.0004692842671514425,0.00005443014851860288,0.00009060716592705109,0.000055757466981062016,0.00008243485897392242,0.000013092888531334647,0.0011367108511083875,0,0.001176804549845055,0.000005387383404154756,0.00003062741286043383,0.00003818949003817355,0.0007065623963110709,0.000005768501850280066,0.0006722571888392138,0.000009819744149820693,0.00004242078351862937,0.00002516018684901685,0.004297584951826627,0.004959221275153406,0.0025952996564373837,0.00017645008695530342,0.0019268086789913695,0.0004190065443944369,0.027135475565969545,0.0012932261559860134,0.00006643956655423491,0.00029505686631507217,0.0005388469948253766,0.00006876048981797183,0.000013473121345860221,0,0.008111021225272873
311---Industria alimentaria,0,0.23395319713226345,0,0.12233662603537168,4.626627890589874E-7,0,0.00009281374815576392,0,1.6079507698536647E-8,0.0000017423603730804628,0,0,0.10245889437779795,0.030817030688992213,0.0001036941490595958,0.000011950731953279768,0.00048701630400289653,0.027353848856885198,1.6496803661806506E-7,0.004163762263097643,0,1.9854693445871087E-9,0.005245102501519316,0.000002929585438729352,0.0013663069981532298,0,3.002570268999008E-7,0,2.8200906317829536E-7,1.0750954753991425E-8,0,0,0.00000180647004726563,0.0005246793652435172,4.218282935835759E-7,0.011681632096263782,0.0029641147623840846,0.005582368119666673,0.0004654829990689256,0.0021808459249588324,7.788931787728865E-8,0.003922165406976024,0.0015428601988735878,0.00008861655067223004,0.0015773263769128943,0.0022983984846667543,0.0013214073017097955,0.0030403138740076495,0.012962827018719926,0.0015789240354851313,0.0000018552676056547073,0.005060440333838004,0.000004729069082287517,0.000005225100753691117,0.000015308703336558563,0.0000025634525799767265,0.0013180159132022099,0.002834456503057077,0.0009305822837355086,0.0012325728390792311,0.0021567894994127634,0.009686542029070782,0.0029114601285971193,0.001666047435421376,0.0010462996836429607,0.017169639740071487,0.07876963937630369,0.0377394618569363,0.005571451112396781,0.005780445918100708,0.019493416706272693,0.02487143043873916,0.06983991561536164,0.00021770517716925648,0.0035495566548372575,0.03351307577875154,0,0.006912446332601353
312---Industria de las bebidas y del tabaco,0,0.00007789043275595153,0,0.0013519807459884327,7.402604624943799E-7,0,3.521259863381969E-7,0,0.00000731215612590954,0.00003241059635351939,0.000029186773695183314,7.034653439334045E-7,0.00017742499398901634,0.002803634583091483,0.0003804499199129,0.0008155393059102825,0.0013156072145589152,0.0005221521479188326,0.00018381838426895594,0.0002778174988222344,0.00022942491116790127,0.0005285637070386017,0.0025104451851641224,0.002199791305506794,0.0024371642475405466,0.00022590054903667486,0.00016387722533774268,0.0001161365604444903,0.00008121757529970436,0.00011927377977946938,0.0001697827340732347,0.00009234377734714353,0.0002986589791108997,0.00004801597392517001,3.4977470446399327E-7,0.00026432232917741866,0.000039267801250355515,0.000030484883852592523,0.000015107728054896213,0.000023601434644645518,0.00003232406691907479,0.00005905445150803594,0.002411859380174393,0.0001386420228259083,0.0001676280733901214,0.003636937742351196,0.002783621385400956,0.0048911834189879705,0.020296894062672065,0.00454144929534683,0.0018474224740650813,0.008031131664143314,0.00032885575490848394,0.0003176125448370053,0.00017933052479968603,0.0000660623686016694,0.002212589131943759,0.005140810842242058,0.0008479886851119903,0.0008715252544382907,0.004491481669305182,0.0013997325867376286,0.0008549376710173704,0.0007163521473574421,0.001725746869355461,0.0011742635991922254,0.00037807605480373325,0.0020803273918437977,0.011690181905613451,0.0023406418243416415,0.007981214205365381,0.02978103207900766,0.024288121940629806,0.00008089876284774925,0.000628166726787341,0.0031312715014838095,0,0.0029270335440326947
313---Fabricación de insumos textiles y acabado de textiles,0,0.000007823372160363492,0,0,0,0,0,0,0,0,1.0565018250768473E-7,0,0.0000018296562663583284,3.877320276194358E-7,0.06168223957136204,0.12941560700892685,0.08078727486171841,0.011396611656782955,0.00036595409456440767,0.017140125378400473,0.015985738596113932,0,0.0001405913172256168,0.001099933567211411,0.0003783118832275569,5.7778092195412194E-8,0.00012697238554100772,0.000029803317777647687,0.000030225162198845114,0.000020616299610122807,0.003909581693910007,0.01594885592929619,0.004021975271878572,0.000049028516824361904,0,0,0,0,0,0,0,0,4.6957468520481495E-8,0,0,0,0,1.419062896273314E-8,0,0,0,6.866269109685216E-7,0.000001553174649574822,0.0000045573426598128054,0,1.767898331018432E-7,0,0.000008776326891810602,0,5.579660648167859E-7,0,0.00033442084259700745,0.0075149917345068915,0.00010177612681893586,0.0015382655007721547,0.0012982678548077785,0.00465272170975318,0.00000400816758455178,0.0007847562945653726,0.0003060839308754455,0.0015111512443246689,0.0025676987683263264,0.000020000880542390608,0.0017180556032573226,0.0036862631064110514,0.002105313797853698,0,0.00030316877227673007
"314---Fabricación de productos textiles, excepto prendas de vestir",0.0005561882757683644,4.516958522149822E-9,0.001280482486216829,0.00004900803951418102,0.0010749507240996514,0,0,0,8.843729234195156E-8,0.000006719604104070976,0.000002845268708224199,0.00000997401567454874,0.0004167663792929121,6.6850349589557906E-9,0.00031794973893726255,0.055557570900190686,0.0017593559556837778,0.000387703397301773,0.00009084239883101449,0.002838865984122547,0.0000012874857470909953,0,0.00009734834858892459,0.00046073649378440735,0.0000337935443352091,0.00004761976027166778,0.00009613579763187398,0.00004217146653965944,0.0000311917547309865,0.000053287107238158505,0.00012254019238444497,0.0010237025721184167,0.0015709906745565861,0.0008134463167167697,0.0008318376999033135,4.385782325237583E-9,0,0,0.00007774445844013379,9.383421539258915E-7,0,0.000003716713731274989,0.000006399022301109252,0,0.000007548469143343975,0.000050781904137468284,0.00007354504768542795,0.00002328682212784508,0,0,0.00007373363541330565,0.000013732538219370432,0,2.0202872267018972E-8,0,0,0.00011230201984480742,0.00006904704005997116,0.000033306005765059656,0.000024932697480151232,0.00003785541807684811,0.0025177928827513547,0.0001369136761815085,0.00012854170657069586,0.0002202376142451834,0.00043129753965162674,0.0003325405484926872,0.0000034482029955335167,0.001982538263293536,0.0017226027874460812,0.0011001881628910036,0.0019029283091630367,0.0013774032577496802,0.00005661271471252176,0.0016866593698378583,0.0024153040486404264,0,0.0002124631749620899
315---Fabricación de prendas de vestir,0,0.000030638529655742246,0.00004316233099607289,0.0001271310702451201,0.00004237991147780325,0.0001399312010669191,0.00034560689713166544,0.00011196417470867319,0.00006864341836505294,0.0004950890065965908,0.0023449823060626373,0.01666914965713611,0.00022105028304698435,0.00004900353459413226,0.000023947478952631183,0.002798748354772098,0.08993952215258008,0.00006931908613903909,0.000025757009450633893,0.00006206644862045804,0.00017166476627879937,0.00023508453407247514,0.00023273617024412356,0.00007989223623534837,0.0000875757503780359,0.00007015321622787853,0.00007195076347788578,0.00010872992841928558,0.00010734765543250722,0.00013011074217149273,0.00015905637433482955,0.00003403483990769098,0.00006168055832373586,0.000390787117684263,0.0001113213960909373,0.00015097617076397855,0.00014766556925513742,0.00006397752602979848,0.000011297094926964296,0.0001687532114949123,0.0005401624194789967,0.000048523762602756804,0.00013072105463947132,0.0001180192771625552,0.0000705608336876378,0.0001763188177764255,0.0000850707641137413,0.00009345948234856045,0.00019589038570345393,0.0003786513601819139,0.0000908551050312048,0.00028701004878484203,0.000041750261849018724,0.000058256577145549226,0.000004827308891841637,0.000016016588589242795,0.00001130685940040247,0.00003836084208423281,0.00000741394336167143,0.00008348526929354047,0.00009738264155444498,0.0005035356856692694,0.00040819761929851287,0.0008366608573700917,0.0024484702465908245,0.0012491527258761397,0.0024004655129837493,0.00009224679808564023,0.0013081425490829583,0.007409109903232075,0.006521943677122991,0.0007691825373128194,0.00005387112407058622,0.00007856625911951006,0.0004171323518279135,0.0006518797432572602,0,0.002559089170742615
"316---Curtido y acabado de cuero y piel, y fabricación de productos de cuero, piel y materiales sucedáneos",0,5.872046078794769E-8,0,0.000010715019391989398,6.477279046825824E-7,0.00003011086248997272,0.00003327590570895961,0.000014901518461460479,0.00003217375494579695,0.000010703535244971106,0.00044985847711772155,0.000002173146461540752,0.000021871448908527207,0.000001205534637598361,0.00007968797530561014,0.00021927473096405438,0.004032852460202627,0.1873088194977233,0.00003073904415649946,0.00008097036971351376,0.000778121042795799,0.0001020223495369363,0.0005214231780962094,0.0004758430934457339,0.0005079438990889906,0.00008032805617796448,0.00013399495753321433,0.00007197906148690782,0.000038363581548695076,0.00005264608156095176,0.0005313262815781198,0.005246117958564314,0.0015689616895602245,0.000014753284373522459,0.000010750675316405299,0,0,0,0,0,0,0,0,0,0,0,0.0000038040541906255844,0,8.960621451355889E-8,0,0,0.000007896209476137998,0.0000012286306929472472,0.000019013029421398222,0.000019869310079679668,3.250651769937117E-7,0.0000019030827356467859,2.4756916479014398E-8,8.321773161059768E-7,0.000014492604117076459,0.00019615137956494475,0.00006267125115942312,0.000018508193436368536,0.00010445013344833701,0.00006690876992879809,0.00007719119397871277,0.0000698357043904985,7.073236913914905E-7,0.000024103808672261837,0.000012994867653535538,0.00029253621869828353,0.0001458193760209443,0.000009433837684292404,0.0007524087181668294,0.00001830450425380791,0.00006905275967064317,0,0.0005681841619320712
321---Industria de la madera,0.001312016003585506,0.00001054935662848091,0,0.001242854421442967,0.0005891547955877146,0.00001202695227694833,0.03167018266050178,0.004949580568372828,0.0002124759546874381,0.007570021317625919,0.0008558976302629455,0.001168043104498776,0.00022757714914499675,0.0008181947986965171,0.00012070585898550498,0.0029884838915126056,0.0016876789728385775,0.00025962679223634683,0.12050305793001077,0.0005643085614401061,0.00046427745832844104,0.00014355638275635402,0.0005534717725189324,0.001004239324670189,0.0009235807495087324,0.00016019035018414966,0.004842684939796783,0.0017793738400494257,0.0007201290296712928,0.003371514193414498,0.0006576129400643722,0.06882649142281881,0.0043289961285502354,0.0005931051526093181,0.00038568817201953823,0.00007782132157901567,0,0.00006322558644864512,0.00043102280738390483,0.0014267677920707866,0.0016546417243261816,0.0011088195964970386,0.000362336633686359,0,0.0021263256700681703,0,0.0001056807890569814,0.00034324293335058915,0.0002164662127111299,0.0006796416970258118,0.000168246268009944,0.0001338922476388617,0,0.000009824975776171331,0.000006374181354420725,0.000005548919600261078,0.0002602801646517939,0.0006482227226282734,0.000029504468480120996,0.00029157435909651274,0.00008324539425434547,0.00018607698589440027,0.00015174370855441265,0.0000905963258909478,0.005898035656986313,0.0001034208092164171,0.0004741822436044506,0.00014137632281687417,0.00017512829567739366,0.00039759598079703,0.0006890344910463634,0.000365810902775529,0.002687159508331044,0.00041345198073125907,0.00012639058792953282,0.0001014340450519727,0,0.000058372546674649955
322---Industria del papel,0.0016263565645224694,0.000896927936784768,0.0019073936760979422,0.0011905528308861664,0.002204588189866075,0.00005012039516822359,0.000007877629329498446,7.784375315688309E-7,0.00005535102533426265,0.0000153069516571104,0.0000732064687034714,0.000028561353494535597,0.003136802017972756,0.0037486779201341856,0.0019370947466352815,0.009019002260557112,0.011670274122542068,0.00317040645111791,0.0021535257436195447,0.13186950059060126,0.090460326391774,0.0000870340414546482,0.0027565220572327194,0.006593091213404623,0.008595051278722786,0.00098901472443786,0.008614439125572896,0.013001149902789916,0.007970255534409366,0.014771064640628816,0.005242802460761881,0.015255120473039598,0.021145935240666283,0.0016753693429427756,0.002540180378794106,8.332986417951406E-8,0.0000014268611503651616,0.0000014725483464253326,0.0000037303923798179567,0.000020210763435437465,0,0.0006132577656603733,0.0001740329160584536,0.000008167424025090327,0.00006672152610610939,0.00004267335379375542,0.00011862592869075204,0.00006615671222426189,0.0000030690128470893923,0.000017683082834669916,0.00003100947283737153,0.0007824113650486303,0.000023042620920557806,0.00012752690960382386,0.00035911444325219694,0.00003008278611652332,0.000037872966270546994,0.000405840131840483,0.000006997854703618441,0.003222837792280706,0.0020899337591996064,0.0029819542625865903,0.002969841153136362,0.004045217603221346,0.0029655268524433178,0.0043049094410325985,0.01096770832056296,0.015429116926706853,0.015652072642026886,0.013271673991022895,0.019073124725775506,0.004268546740619728,0.008229811002629376,0.0004138624627538271,0.002282432942153546,0.0016016142872160239,0,0.0030307895186607123
323---Impresión e industrias conexas,0,6.86577695366773E-7,0,0.00004993023380611453,0.005252240513955437,0.0000508793501809111,0.000052654731105747544,0.00019427576680724966,0.000032597181981858415,0.000029211934773088093,0.0005430510458638536,0.000392857322026133,0.00019485587217946728,0.00003689025124850437,0.00005744264559225911,0.0006658646327871425,0.0002542640375721439,0.00009194431012347574,0.00028418493774738673,0.002347689080500174,0.014681704870450028,0.00009535613621248507,0.0002461125375039657,0.000812290445403443,0.0006954856924870268,0.0004183546575606381,0.0002933893645839929,0.0017395847569773538,0.0004691952954639562,0.0007271690460424393,0.0003547571247228904,0.0006559335684311923,0.0003501946124528278,0.0031886360454711155,0.0004046917814877715,0.00009238650468112968,0.00003089591184770278,0.0005529575694906531,0.00006192659976442906,0.00010147833800524458,0.0002130662290533231,0.0002550078587847007,0.0013999430090011148,0.00016804474931623344,0.0003486828778139494,0.0036961041021370783,0.00882955043801129,0.0003586681470330801,0.0005634102745308157,0.0001233881804245453,0.01021340719206679,0.0005953055318097082,0.00021433810164132544,0.012251397090820845,0.0028256825954791694,0.001760310625439658,0.0004048461569762335,0.0015861508818939734,0.00005685284118669468,0.008565274168873788,0.002357675147616463,0.0032451635648992104,0.00031362192471986013,0.0023151843783406193,0.002563806800476418,0.000485178122282536,0.0006850028809964571,0.000820996502962198,0.00006891525347318752,0.0016759465156297728,0.0005208735621207376,0.00005623876912113527,0.00005912698308377643,0.000529594247116668,0.0007096956152938492,0.0008257649560474365,0,0.010147233088796665
324---Fabricación de productos derivados del petróleo y del carbón,0.011512195330476923,0.007902619939155349,0.007913475369875175,0.07904597156110894,0.011632452907636684,0.005019694571994973,0.07455536147597813,0.06439867823400418,0.06942124713050297,0.006633017338153307,0.03405794840741285,0.008102616213705055,0.006848027476981429,0.00723763554707798,0.0027381124831868738,0.0022991418023914907,0.0037252021390693545,0.002767999005241189,0.013389828653749191,0.013532897973806569,0.009386137146162628,0.015684084046589122,0.01841453433286222,0.007846659712945458,0.023641067373114253,0.010157914506506915,0.006572966737633658,0.0018918263317445167,0.0008553314188284803,0.0012227356492970182,0.002902559079654174,0.006414457649569725,0.0019390889569268035,0.001161117522876499,0.00046259803313589896,0.060785386075067435,0.12462984236998959,0.049872643366523736,0.05470086904268824,0.13027538552086207,0.07010872024657265,0.1318820116836961,0.004062136922718969,0.003974268530608952,0.09994828214086644,0.015779009047777987,0.006898642811878126,0.002609188375490854,0.00625472658780588,0.008603302707903233,0.006168340727634895,0.0016406950037592823,0.00017395556075238005,0.0009324710126477274,0.0067613528637183225,0.0006599079723375237,0.002486234217173843,0.029530743169829784,0.0021219575904661376,0.007969229339061282,0.006825026563414718,0.007148591237458334,0.022761869318146024,0.0014792957937108354,0.0029038597574390997,0.001184592382187259,0.010498999094543972,0.004031951343674818,0.0009061619493429308,0.0030981799826745537,0.0034066531300663196,0.0020289600614468222,0.0030471085867454497,0.009001783829310873,0.0022949328151073076,0.005851263320238175,0,0.009195963726805905
325---Industria química,0.04223172688568241,0.005785029131344813,0.010220770642792155,0.020459495162739625,0.07530540139374389,0.026119981131158636,0.0053042831044203525,0.01440448282680785,0.00473752679256345,0.0029052382487111815,0.0045869228961926065,0.016015442101332756,0.008589575461345056,0.043022137446471334,0.07844570961740929,0.028106001516251082,0.012929610187835994,0.010701144190904505,0.030271986651226393,0.028752272058854653,0.05010259620491108,0.014028436898586134,0.11354243247710494,0.11004036325113525,0.02788409972235969,0.005327196699364461,0.01224322697984645,0.004446204769038402,0.001086732015190097,0.010084680459544939,0.009397860918752648,0.01140085371526488,0.022038129423864353,0.0007278197342124895,0.001167387766686165,0.0009035588746454468,0.005694719329568614,0.00911736141393215,0.012737081751690226,0.012881474536304451,0.007456500179028597,0.011753281238772426,0.0045663107245018306,0.0005167937551875904,0.0035931797672481593,0.006366162360308569,0.0032351304442355556,0.002994847098811053,0.011002500663029983,0.0036364096227062435,0.0006435128209328041,0.0054452947174358605,0.00006643878426390209,0.0005030143036314384,0.0024096272434751386,0.00009275478195112673,0.0016303697100311931,0.01586007291778395,0.0008353547204038359,0.0028281719459252123,0.0029489576723229767,0.010532591976654643,0.07710188611795103,0.0033295925894097347,0.04378431307167457,0.08067577830715249,0.01099375988426976,0.06741681880757193,0.0025408930731604692,0.0042771902340594855,0.012925841672332551,0.01656769776723284,0.0016682516213485643,0.016842188457570045,0.025796497566031272,0.01496866191743558,0,0.003640729834161743
326---Industria del plástico y del hule,0.0017142489259346625,0.000028025469150678572,0.002322168076127674,0.0021130545209169915,0.0007256403183601158,0.00001988755776549753,0.00003280719747038782,0.0012166193639397398,0.0002533152243237714,0.00899063803719727,0.0036223458376717995,0.0006448729558267259,0.007489983547609884,0.016703199379962116,0.000737069750475878,0.002208639741620464,0.002812939277741552,0.007633278822346764,0.0013289495093878085,0.010500770617915668,0.02878380132893269,0.0005117616727100333,0.003995466122064126,0.04903331855248977,0.005426682941558131,0.000549295143357045,0.0070921914606794445,0.007914785436784987,0.013931773965443116,0.03427563220928957,0.023423968323110302,0.04804639653905831,0.012382675845673773,0.002693770406030687,0.0032760514423577467,0.0008857131263640551,0.00017106318015959473,0.00016050776976036125,0.000035024284144261995,0.000029875825006255394,0.00006262301157334008,0.00007619263149113729,0.0015174220575178107,0.000049412915351796476,0.0003411994816804619,0.0008393345930454236,0.00031921881608597876,0.0001678609500001703,0.00011954589093790175,0.000042084897305059945,0.00009302841851211459,0.00013869863601564136,0.00019977998701545995,0.0009068963029758148,0.00008049070848385669,0.00007418329512867019,0.000245140434455305,0.0005178528004497837,0.00003111208374987118,0.0007192505099225258,0.00013057403236700057,0.007253808674354048,0.010126525218939602,0.0009525321883081903,0.0010624807510256067,0.0026611069532442807,0.000627864577404231,0.0006851019387536079,0.0013485660187390583,0.0060782319214383535,0.009579064024535205,0.0016765011814173015,0.00837784689803646,0.007724866011906953,0.0037629361545470506,0.0065008413048397475,0,0.0009433815525261649
327---Fabricación de productos a base de minerales no metálicos,0.0002658395317291447,0.0003563812519598377,2.426797726686829E-7,0.007604238475228149,0.0034828329434782456,0.000561903411737132,0.00024726619852817426,0.012778601566018762,0.00014580763585135542,0.06449586867014041,0.056178956297548814,0.03086149691790861,0.005075073753628911,0.04051689385546282,0.000012091129079024568,0.0005105993412995248,0.0003167983821152556,0.00028780270654476614,0.0029666312003717716,0.00047584847529714454,0.0009006593921365773,0.0005553466957624095,0.003832346138164126,0.0011081360365427018,0.09983554709382628,0.0006818852526428678,0.003336217024769262,0.0014883267059540852,0.0007497306672442116,0.004219300888580656,0.0027483213879459854,0.006431642980574167,0.004387593683697682,0.0007947772839657551,0.00011480969921855669,0.0008902655684176517,0.008675388593258466,0.0003894733722215597,0.003349316228505067,0.010851638500852313,0.018641756728137695,0.008690709124201834,0.0029892270687983604,0.00002572738567903453,0.016627737461553507,0.0006850268873551449,0.0008231329796660623,0.004007107234609696,0.007579700079487433,0.00812349907485828,0.005088787011727359,0.002374355858129148,0,0.00005848306197675318,0.00003875182220909337,0.000029914550630184466,0.0029950836048674577,0.006781080343559157,0.00011419742351472473,0.003217935431480004,0.00035297695494763195,0.0012545576241701907,0.0013287943782360238,0.0004584464158470822,0.0005204290690961277,0.0009052988636193596,0.002681340775469673,0.0005577247306621903,0.0006806921579971598,0.0018244481056222844,0.0035589950548810105,0.003134002066577506,0.0020657452752183545,0.0006268784864652777,0.0011009599880051344,0.0006606770407371152,0,0.0005775674467761786
331---Industrias metálicas básicas,1.4740610037935329E-9,0.0013094188475067509,0.001342885856331633,0.00564317035642458,0.00104811628233423,0.02377972866737128,0.0005164903073801,0.000679268514942079,0.006574551588926367,0.0409812730656651,0.021076247807756437,0.0013741056078041137,0.0002525950523903674,0.0004992473241147638,0.000014096534791969581,0.001011210948667005,0.0005459716798156532,0.00037005384498196354,0.0001989844457687101,0.0001201091848055435,0.0034301902128918275,0.00014611962368021595,0.00116461912652031,0.0028883289599530033,0.004558243414899846,0.07193101510867868,0.11285451433227003,0.048856058158785125,0.010226367365870227,0.07226152372599043,0.02935140620191865,0.0372711063935082,0.018120639559727706,0.0001092763315874962,0.00006591504305623953,0.0025694325041520642,0.003306750715971262,0.0020691184116228803,0.0007586457819331997,0.006186661552559963,0.009232843962538042,0.005718783527855117,0.023668207645720894,0.0018740154425569756,0.01012705223191422,0.040978467506977145,0.0013012325665495623,0.001450480948796805,0.001392592581308847,0.003646719781614347,0.000595858947290416,0.0005228663927025292,0,0.000017398926258170074,0.000012801703138585557,0.000010082723384647057,0.0009707192933623262,0.0019987001381002695,0.00009290124947073995,0.0006051045215816976,0.00012659368781414048,0.0011059669440550452,0.0051928590928973966,0.0006915825050310772,0.00033655100013874105,0.0004935536360577404,0.0028763991222155475,0.000990076337025239,0.0005079832595742763,0.006415863633424491,0.004033194028461367,0.0006045223845970928,0.000259154866035861,0.03487003250592649,0.0005126917099763992,0.0008084113829364895,0,0.0001809287832165345
332---Fabricación de productos metálicos,1.3708767335279856E-7,0.00031253513558532944,0.0013360561541579572,0.0024510167719036732,0.01617228525899909,0.002565831512156593,0.001086967714462903,0.008231832983519425,0.01837527682966189,0.017640596790135767,0.0351572203408566,0.021190773886221072,0.0015709111159303074,0.021565336722859974,0.00003136258885708153,0.0005945057287192012,0.0003605322954642146,0.0007055831002532358,0.010000516349954613,0.0012151269402407227,0.0013187766997090206,0.001209072404814438,0.0005623817298726373,0.0038106582594272043,0.0017939880718791667,0.007123383163219616,0.028628907000851744,0.010970044671614743,0.004421738597123809,0.00864783282697546,0.006298170243284364,0.00982778268799982,0.002748085971789215,0.00014499056460067872,0.00020212605734213013,0.00035852893352352193,0.0027780258607226853,0.00023451115687220456,0.0010842900196340044,0.0035754449300103293,0.00591405801710465,0.003111921813558076,0.004146895153398438,0.00017090334772501507,0.005222933299102038,0.005346079136539021,0.0009057434102236776,0.0012005555915051492,0.009545268398726419,0.002364787995628042,0.0006763775613758304,0.0006797606418588363,0,0.000026866630187935178,0.000020642746310969214,0.000016173418279897652,0.0005742840003192066,0.003128432507787133,0.00031813760532315084,0.0007674790969181201,0.0010176008401093157,0.002531985228972307,0.015659614210207454,0.0031482046615473797,0.001645443959098439,0.0035309156127354964,0.0012196072387444111,0.0021846576363240425,0.0022168441141775176,0.001552964966932759,0.0036577409499146457,0.001473212628269634,0.0007280328148441453,0.015130217646647261,0.005277197527230646,0.0009669194017755767,0,0.0003862063253259147
333---Fabricación de maquinaria y equipo,0.0014622390345431088,0.00019680162433080667,0,0.000023406169409550613,0.00003710555568253079,0.001351308106116706,0.0007208209278713885,0.007569578888910207,0.00007154174962771418,0.004082032252620179,0.00038515320499637714,0.001387887583767654,0.00018173913529107475,0.00014523015613832825,0.000012120476479701814,0.000005449282506948855,0.0001231761738030508,0.00004586067185227099,0.00008709212546523048,0.00007445920919947122,0.00011187241349477933,0.0005742612694736187,0.000015821735828435736,0.000054552431881793534,0.000029188548721284284,0.0001645791269015236,0.0019880534116630093,0.02032284589406403,0.0009014655143253377,0.001637391910942402,0.0006030069710529622,0.00013866532587015923,0.0014456298511955285,0.00021218974009059175,0.0000185656915382443,0.000030270669608789796,0.000008299090364368796,0.00005222847007427722,0.000005192378810454291,0.00009009595916882288,0.000009035160873765483,0.00010695876182224693,0.000775284880716248,0.00003818270731729728,0.000027590956179119357,0.0007737917551064516,0.0005688858951045494,0.0013461656352917537,0.0047273214567613835,0.0012214521507193708,0.0002103873464812438,0.002159784948451485,0.0005217739554123894,0.00048397256486523965,0.00016892914099958525,0.00008373850046293272,0.000566254015608548,0.004474268001419314,0.00007932162872155605,0.00006176974608885019,0.000041414314382934765,0.0000047473696685794545,0.0005912056968923726,0.0001489985932507421,0.00004494834775551663,0.00006516420035617166,0.00015390125450319889,6.483800504421996E-7,0.0000015327858382610393,0.000019961995491876877,0.00007420988738915412,0.0004957188101390424,0.00012291079079593666,0.0027402186190550273,0.00012754524858906395,0.00006249696538428542,0,0.0001891902700929076
"334---Fabricación de equipo de computación, comunicación, medición y de otros equipos, componentes y accesorios electrónicos",0,3.974923499491843E-7,0,0.000004962283570880336,0.000522253756289785,0.0001398815075839455,0.00015194950079384424,0.0011665507852285813,0.0010474593302519236,0.00023874330794360258,0.0006780956593219953,0.004951890715199046,0.00011257804441647343,0.00004452233282664556,0.0014947902885616433,0.008409200851256448,0.003710609707473316,0.0003616163262865227,0.0014928837463097336,0.0006809859574933718,0.0007774141878758276,0.00026296250913982274,0.0009653846885655867,0.004163780574967984,0.002256692878017099,0.0024087297518503577,0.010158919197712918,0.012365836238980977,0.06251195553491383,0.014055724332554457,0.00463186895209404,0.010370069677099603,0.012638538758851316,0.00012670699043093627,0.0001507277138452597,0.00006590076521901992,0.000022436663599109324,0.000512634809451304,0.00006321285895669581,0.00010620714282781107,0.00021618180176841465,0.0002589310566121576,0.007326445110971085,0.00017049497652376055,0.0002487741166810691,0.0035394512013568412,0.030328437118151502,0.025019086395954876,0.000717476959610066,0.006458626106945017,0.026260782881583622,0.003031801125381507,0.0011257270769851183,0.003664574544406038,0.0010647816585518538,0.00045575278394086776,0.0004474424633974345,0.0014291796529587826,0.00004902280916697027,0.007887092218987934,0.0006541672858834055,0.0029285269463290055,0.0001662607059431922,0.0006391160417451352,0.0009398784812536858,0.00023478470421382604,0.0007949010741125393,0.0016147021001648742,0.0018844099150205499,0.0003864798891897888,0.0003278556311742516,0.00037608813838132046,0.000017261347495950993,0.00281078772253486,0.00026383100984504407,0.0009195706595860553,0,0.0011943013401405126
"335---Fabricación de accesorios, aparatos eléctricos y equipo de generación de energía eléctrica",0.00001285823413609099,2.868268661565137E-7,0.00036485170393788836,0,0,0.00014156318022366527,0.00006945685080520935,0.0019241929141683592,0.0007818875011849424,0.0024010352856428216,0.0012937775625501404,0.007606620303764857,0.0000033224474441906285,2.027793937549923E-7,0.000024485514631713994,0.0000648574546216103,0.00011956466899332894,0.000038796156894474896,0.00004290268738980478,0.0001343666760625142,0.0001245074451892704,0.00011560593805792898,0.00007479133246591459,0.00007731035411889244,0.00006956498859675014,0.0019978084227223704,0.0026345813767189364,0.009046600076458683,0.0062807645918514935,0.023577285908517456,0.0008067726772283018,0.001024520225930013,0.0004971130354216921,0.00027329147835417295,0.00022559489068755067,0,0,0,0,0,0,0,0.0011533608040785175,0,0,0,0.0009300628611438462,0.000001333919122496915,0.0000013440932177033834,0.008800117342648017,0.0007196848080563988,0.000001716567277421304,0.000021489446270982988,0.0001222050477250644,0.0000056807557677473415,0.000042512251963151294,0.00006254255728819051,0.0001862462826716253,0.00004263017432961072,0.0032019124522313924,0.0002516888929730866,0.0005306394840307839,0.00003834678555526674,0.00008968372913302375,0.0000743771714190834,0.00014483840063107337,0.0000350273125469585,0.000031446432446446684,0.00019262008700813728,0.0002470590500876997,0.000596979322545381,0.0063781071565488226,0.0001621284654725795,0.0010194490052484906,0.00022809470997544595,0.0003543864753289011,0,0.00017952596145756557
336---Fabricación de equipo de transporte,0.0014523053374385442,0.0004731310788818442,0.002386512884423827,0.00010227573837681685,0,0.0001998920352612532,0.0003012818489865262,0.009435114245552703,0.00019418149480342805,0.0006620231050703309,0.007208852583260173,0,0.00008103789541719729,0.00002929827988011691,0.0006401255035720483,0.0010022753816743425,0.0007733554931508734,0.000309313098434534,0.0012652718472532353,0.00256042918942378,0.002601529043318064,0.00009339846343872217,0.0006597282494648763,0.0011561930744467066,0.0008260574002674842,0.0025209595689333606,0.0019583088413485245,0.0015143461543583175,0.0011486032513079478,0.005905883792999945,0.08082844107738464,0.0009367465493512552,0.000576360563410896,0.005141029127451246,0.0029773060690774142,0.0006241582258338614,0.011528149946683441,0.0043796094287959905,0.02306351718723966,0.008102698529016508,0.003950663036712897,0.008716313152128397,0.0005197466058885622,0.00003736596491478824,0.00004481361278778348,0,0.00012341411630382803,9.082002536149209E-7,0,0.0000010829534544417272,0.00017132071147074325,0.000001716567277421304,0,1.5736974186941092E-7,0,5.702897841994942E-9,0.00009096490312754194,0.03415287185492001,1.5130496656472306E-7,0.00012290573303471485,0.00026591511268083827,0.0012993043202497152,0.0004030325420604566,0.00004199711402756363,0.00012536386112584842,0.00005018768301216994,0.00005998427273666643,0.000047361215502755224,0.0004572660811024036,0.0005039033920831822,0.0008939492760674016,0.000890805533055541,0.00018232202904957346,0.03139027015821194,0.000450572756665188,0.00012265601883556826,0,0.00033669866265977077
"337---Fabricación de muebles, colchones y persianas",0,0,0,0,0,0,0,0,0.000003939479386141478,0.0016121663021324783,0.000001318805726475237,0,0.0000011924688108795441,4.233855474005334E-7,0,0,0,0,0.000004960038967649823,7.185200777451042E-8,0,0,0,0,0,7.074868432091289E-9,0.0000018799532321184872,0.000012399514672416853,0.0000065477847439599065,0.00008888083068993562,8.554138192007066E-7,0.013299110043690018,0.000009008927610107525,0.0000019528333180232567,0.00003337934982170334,0,0,0,0,0,0,0,0,0,0,0,0.000012718031920897475,0,0,2.210109090697403E-9,0,6.866269109685216E-7,0.00008674596326431319,0.0013544165064169522,0.0058503783343336006,0.00019688969654595438,0.000006872899900372415,0.000026601306756700968,0.00008404990892670366,0.00004541295477255927,0.00028747921464074495,0.00006302854795418622,0.000012795304976094106,0.0003939621326748004,0.00017918814928802527,0.00012401079557945876,0.00006239240047426982,0.0013160346714748176,0.000012908461128100321,0.00003334827482172373,0.0006862558834758314,0.0006274784938797029,0.000004485126874776833,0.000002351820529301211,0.000029618388545648106,0.00002445166655702181,0,0.0002954670357856224
339---Otras industrias manufactureras,0,0.000003024103730579306,0,0.00010297836259924238,0.007028310428595077,0.00013415998065794115,0.0005991257111469801,0.0005855681855118948,0.0004232983999998767,0.0006532165693253686,0.010024337047791558,0.0090833757066619,0.000036197035827814896,0.000003739162887042605,0.00038961609139109263,0.0026124205825964553,0.007577544430944624,0.000743088398932831,0.00023388068444798476,0.00048301314692951724,0.002035098426644452,0.000198310663606705,0.0012597690210931914,0.0018126051612977587,0.002226627788715435,0.00028569379959049435,0.0007486249165275903,0.001187040027834679,0.0006108295610528983,0.0014133339506531555,0.0005881844296029387,0.0005756501848050925,0.032393243197719475,0.0002431531204765337,0.00033711390948651013,0.0002859486218231651,0.00004357750431676458,0.00026183162832077667,0.000022014851652545808,0.00012638768147937393,0.00005323734876912679,0.00018707459114084116,0.002830873678364973,0.00016334848050180654,0.0001825948656570965,0.0037704452536815158,0.0017161015810406243,0.00003148900566830483,0.000036346520762062325,0.000010694717889884733,0.00008921186800905349,0.00005012376450070207,0.05446883814700793,0.0003290218511225376,0.0013212691149763897,0.00002833199647903087,0.00008129757555253565,0.0008581118605373574,0.000006997854703618441,0.00343206377825621,0.0005799642979014986,0.0004514778412489933,0.00477663995213069,0.0011666264064303397,0.015368393823420836,0.010943766320915925,0.0016782461124061488,0.001426141392768093,0.002966992508884898,0.0011807324627607018,0.0027615146199898044,0.00565800778909418,0.001217953277233369,0.0011841537095038236,0.0026144829149181,0.0028644121105332464,0,0.0020962560040302274
"431---Comercio al por mayor de abarrotes, alimentos, bebidas, hielo y tabaco",0.01736801469668302,0.04417064403496996,0.011139902947505314,0.025511319407965315,0.021574150918936205,0.010842374841386731,0.011117716592789366,0.014361302439027295,0.012340542453313869,0.04489860443170764,0.022747830422954057,0.02343563087833847,0.03832664273344101,0.01992626196975843,0.02273327916194467,0.028311566669034827,0.020647065182738025,0.027225713576446372,0.03067528950928113,0.04546254793303038,0.04564487876415707,0.017117360613467695,0.040063652962130464,0.043184663851044074,0.03533757435662799,0.037684098040376056,0.03996252731105405,0.031774739384214754,0.016612632841876276,0.022940217926529533,0.0469189522468633,0.039598543367255795,0.024722224780818824,0.005369134576704044,0.001821128231894616,0.022821475344543988,0.009335952506839253,0.012938687034537651,0.009401285286834881,0.011798336433665726,0.013202200435541489,0.010723958019305436,0.017575881646962003,0.0023471134792103325,0.017167821752358457,0.007477524255716701,0.009426824797224986,0.005876055640888538,0.00610928450087356,0.014568254537150082,0.010855064745393939,0.0027200725078017985,0.008710852522728857,0.003524762161845733,0.0030446183893638543,0.0006378548663825292,0.0030820238842110565,0.03185059002849583,0.0010587186772950084,0.011312474918034502,0.003546098327659641,0.009964357703973773,0.020484970231742537,0.004195824525597075,0.018036445771121814,0.026196509940413778,0.023729252884937033,0.023606456651063402,0.008690309637766642,0.013763052209464114,0.019579673913850324,0.015513450160729629,0.02113086924494551,0.025733402917601903,0.008351302516075841,0.016029061643253947,0,0.005802750765467649
"461---Comercio al por menor de abarrotes, alimentos, bebidas, hielo y tabaco",0.016686915965514196,0.042438455937624076,0.010703044688162733,0.024510782515231356,0.020727940677747317,0.010417186107091319,0.010681739416339566,0.013798106155683176,0.011856313438808337,0.043138020789501255,0.021835681356725256,0.022516601294975333,0.03682363975506975,0.019144830406646197,0.021841783389105134,0.02720135780416089,0.019837372311614258,0.026158103422292786,0.029472331588393092,0.043679697750218176,0.04385486965860346,0.016446093282756244,0.03849253109175938,0.041516026360025084,0.033951801589851116,0.036206283014254485,0.038395365402359674,0.030528671564444068,0.01596115361479556,0.022040604910102412,0.04507899329923945,0.038045738473749584,0.023752709580638194,0.005155330413749954,0.001749711582511862,0.021926508217473686,0.008969831583501677,0.012431190478890894,0.009032604726290635,0.011335660937528202,0.012684431194952212,0.010302936947190453,0.016886635655157602,0.0022552299589280664,0.01649453301037743,0.0071843135571819485,0.00905699881245377,0.005645571445275827,0.005869733487148375,0.013996956807968437,0.010429413349010873,0.0026126153962352247,0.008369246826667147,0.003386538363031056,0.002925109156522184,0.0006128448078964604,0.002961388489654255,0.030722900104418485,0.0010172422033354535,0.010863708940053363,0.0034070344544993047,0.009573599417464898,0.0196816050743597,0.004031281367569694,0.017329143390254254,0.025169194970206192,0.02279862097470503,0.02268074676995479,0.008349535280372076,0.01322337379016608,0.018811795179105834,0.014905081210022883,0.020302202468959515,0.02472423045051841,0.008023795103657893,0.015400428457309894,0,0.005575193473413422
481---Transporte aéreo,0.00004455201977865574,0.00008527791841892757,0.0000244759885005843,0.00005976697292007201,0.00005848057653705601,0.00607354991240253,0.00008584974300703486,0.007768786940581347,0.000038188830784024536,0.00011805745358379017,0.0005238391066412923,0.0000580045156596356,0.00011954132301695285,0.00008506484150772612,0.00008887371171758755,0.0000822888770501787,0.0000820776828828077,0.0000774045525940582,0.00007404865270329547,0.00011264341904535389,0.00011039559160841025,0.00025799685030901035,0.0002753783134696094,0.0001987069002219967,0.00014454583599561485,0.00010888104602514625,0.0000919226369295779,0.00009466659477219809,0.000030383501232482837,0.00004627076539183485,0.00011325595076415901,0.00006736153321069597,0.00004358657956830378,0.0011123807044379646,0.0005960811545016748,0.002327311005104998,0.0001424094786910372,0.00032750101840817023,0.00014032742752413503,0.00014317342736029125,0.0022051634230828574,0.00027792759346089644,0.000378216795767831,0.00008677888026658471,0.0005024504001046548,0.0009034979044608906,0.0007246817861355434,0.0008798757582053055,0.0003903806743051335,0.0002547902164119594,0.0006238469843128642,0.0023901482770814237,0.000315062636751812,0.0008796692110142734,0.0020669683227989987,0.0003210560398107892,0.00010231422837228711,0.0004369719543128436,0.000047888021917734845,0.0005540167616585885,0.00030813486149094006,0.0003306766906697127,0.00010165811109447243,0.0016837567189592851,0.002198131005080047,0.00019313385408653393,0.00018126634243051019,0.0001915373612647207,0.00039344508644461305,0.0016175478935241251,0.00019118224435656778,0.00009721702692647318,0.00003767621039981611,0.00005929775006014286,0.00009582340845434747,0.0001635574265706752,0,0.002350486818547294
482---Transporte por ferrocarril,0.0003775497708406338,0.0007231085974146597,0.00020825391348868258,0.0005065042363410071,0.00047654267273075705,0.0003366631825699883,0.0001706431080550551,0.0003375867705182576,0.0002079107144600286,0.0005385950764026718,0.0005298975981416469,0.00035634978253392714,0.0006201707281328305,0.0005319705702388523,0.0005178055375492949,0.00027122351059802216,0.00025627585181299496,0.00036963138229345746,0.000460051862651352,0.0004800398424173244,0.0005138330371821592,0.00031845042091299864,0.0006957786886356044,0.0005456260405345578,0.0006380609172312108,0.0007598903936856291,0.0005091460317606758,0.0003434011157310562,0.00014923091706879637,0.00027917004209689533,0.0006357968728850144,0.000330208031717025,0.00025268329166809226,0.00008127899953486577,0.00006405249275496878,0.00017736542301493308,0.01985266173522099,0.00019324847235641386,0.0002627643778487818,0.00030377831189336686,0.0003596539252983803,0.00028969718694326724,0.0002543173806461532,0.00026870825042547174,0.00026376259995132973,0.0003752925266833002,0.00020144454131850107,0.00011786736416446145,0.00019954183894488147,0.00015355395940347413,0.0001452939573457015,0.00008548505041558094,0.00008496097150286153,0.00003312207742724426,0.000032724353648009335,0.00000540064425636921,0.00004232575083559495,0.00044977128013249404,0.000016227457664066545,0.0001606071452582745,0.00005527059618518533,0.00013586832655677,0.0004053020456953601,0.00005203469707789187,0.00016482280710750286,0.00021945066884298061,0.00021498013075695776,0.00022230594184025055,0.00013701903209082508,0.00015836516423555657,0.0002810205454456816,0.00025509390825267665,0.00025454573522792364,0.00041843088620499536,0.00014430572986791741,0.00016187027362933316,0,0.00006162461218247797
483---Transporte por agua,0.00010266687485321577,0.00019659836119730994,0.000056648392648661113,0.00013775826160930633,0.00012954558093651646,0.006432471257755324,0.00004638308178150777,0.001998242602045327,0.000056510089847532164,0.00014568259587425142,0.00014409227650151538,0.00009692629536975377,0.00016861777805857523,0.0001446262746470359,0.00014080882844941716,0.00007387154153512224,0.00006967059128424374,0.00010051091464040456,0.0001250897632329248,0.0001305174613603083,0.0001396795811500878,0.00008658135444408235,0.00018917678518082945,0.00014834170409353857,0.00017350956595132627,0.00020660502453288454,0.00013844908884308612,0.00009336776093678682,0.00004057463609357738,0.00007590845990990071,0.00017285703314089232,0.00008983971254913022,0.00006871612967475581,0.00002209279214595886,0.000017416681634080082,0.00004823483401296293,0.00006495130195692842,0.017014074241125346,0.00007143833804585776,0.00008259471735266569,0.00009775109393599725,0.00007846395654913867,0.00006334135617335494,0.00007289425942393116,0.0000717538388683387,0.00010206963466688841,0.00005401378437833541,0.000032042440197851426,0.00005425656288795991,0.00004174896072327394,0.000039543703823383185,0.000022658688061961213,0.000023112166054120857,0.00000900835441295709,0.000008881181552393731,0.0000014684961943136976,0.00001137603056953801,0.00011476068633847124,0.000004179799701350474,0.00004359392089650917,0.000015026971376621175,0.00003694588193647936,0.00011022744378488409,0.000014149174895168932,0.000044807593863879133,0.00005966845068743391,0.00005867074851615548,0.00006035828833207386,0.000037237679482459376,0.00004313356672950651,0.00007641672372676077,0.00006936394309657385,0.0000692094567261395,0.00011380493345690419,0.000039249511566233584,0.00004405879395390426,0,0.000016738144557478893
484---Autotransporte de carga,0.00761365037977892,0.014582393057839472,0.004200266836810611,0.010214575289566812,0.009611726910142651,0.006789198184075898,0.0034412654045126254,0.006807881035016037,0.004192976844885833,0.010808149775292654,0.010689310225824152,0.007186238661662006,0.012506425554552687,0.010727696204790001,0.010440934521410023,0.00546991754214808,0.005167944083754289,0.00745404902674806,0.009277461445457635,0.009680508097161858,0.012068714679500998,0.006421934081843959,0.01403106393942508,0.011003066084885521,0.012867310067492688,0.015324053005159557,0.010267225923492506,0.006924721900571146,0.003009407714201033,0.0056297146111487575,0.012821515394386373,0.006658987242600208,0.0050954927881353244,0.0016381727578790336,0.001291224801252233,0.0035767282881363554,0.004817112363248099,0.003896080947298497,0.005360556196833819,0.006126010028300276,0.007251845996306022,0.005839989692313918,0.004696195082429482,0.0054182690982449225,0.005318850915630392,0.007567331432396877,0.0040632219422993485,0.002376745873081285,0.004023834267392247,0.003096667831121577,0.0029299446181416653,0.001971992488301594,0.003243005486601041,0.0009901502129700667,0.00080338688259086,0.00011795873896382338,0.0008447686635873315,0.008450835332402762,0.0003321522278512083,0.003305468373671493,0.0011145573506586898,0.002740012579235789,0.008171817389946389,0.0011709931328526646,0.00359477275516439,0.005343490589061699,0.004336819134720298,0.004521949830886274,0.0027637330848817726,0.00664562228741923,0.005667115590676799,0.005144311213887523,0.005133144720934509,0.008438163037123452,0.0029101252734761184,0.0032640383868749916,0,0.002003080919721769
"485---Transporte terrestre de pasajeros, excepto por ferrocarril",0.000021727659195916674,0.00004162377278161061,0.000011960645938670799,0.000029246733258462867,0.000029980548731022383,0.0004675400051596518,0.00010964441861087479,0.007697896793273688,0.00003432438910047623,0.00011069282321153989,0.0003555911909978044,0.0002380784330897997,0.00008637481289202486,0.00005545682167451092,0.00019621672092805402,0.00042769800886672074,0.0005820162330742435,0.00036283677405331803,0.00015525691819581497,0.0004473506004041019,0.0004308659409505012,0.00003399818432203736,0.00035096617399208525,0.0004309893648724611,0.0002330385438107625,0.00033434766979798615,0.0003014657048680584,0.0003682885399143043,0.00010129041122413085,0.00013613934004979344,0.000444021640893739,0.00019198073467450655,0.0001034753069861619,0.000021261048476692372,0.0000042871885526151655,0.0017679483273441965,0.00014293363176668154,0.00012168888888331896,0.00013874106793392206,0.0002764633503935798,0.0011090659972547133,0.0002927944483859964,0.0004084403300519227,0.0000775905282383581,0.000548543782086281,0.000993121144271267,0.0007868903738200524,0.0009858797565569222,0.000427544851774632,0.00027650895844624274,0.0006944531686194948,0.0027907950796315557,0.0001288207690699595,0.0003703994601435258,0.0008457925242374246,0.00007900794670299792,0.00009230586066591003,0.00046520721755715955,0.000042876044900278395,0.0005980267381756835,0.0016379539283266004,0.0009517033064743015,0.00024084129091088446,0.0009756552313229459,0.0006256679387956474,0.00031726454900426343,0.0005464260757325525,0.000197166478975378,0.0006624790556837051,0.001795718488581034,0.00025498990773618516,0.00019783925115899196,0.00004281951199675288,0.0000935995595460289,0.0002544147074122783,0.001215424978942825,0,0.005161693382379709
486---Transporte por ductos,0,0,0,0,0,0,0,0,0,0,0,0,0,0,0,0,0,0,0,0,0,0,0,0,0,0,0,0,0,0,0,0,0,0,0,0,0,0,0,0,0,0,0,0,0,0,0,0,0,0,0,0,0,0,0,0,0,0,0,0,0,0,0,0,0,0,0,0,0,0,0,0,0,0,0,0,0,0
487---Transporte turístico,0,0,0,0,0,0,0,0,0,4.643817625480978E-10,0,0,4.200312824514069E-10,0,0,0,0,0,0,0,0,0,0,0,0,0,0,0,0,0,5.243112590871631E-10,0,0,6.049044867392638E-9,3.1479723401759396E-9,0,0,0,0,0,0,0.0000010324204809097193,0,0,0,0,0,0,0,0,0,0,0,0,0,0,0,0,0,0,0,0,0,0,0,0,0,0,0,0,0,0,0,0,0,0,0,0
488---Servicios relacionados con el transporte,0,0.00023803919715877347,0,0.10506941619919467,0.00006153415094484532,0,2.9026601576527046E-7,0.0019542379862901712,0.000002563341518941717,0.000016677806620152385,0.0003036604831855358,0,0.0003318557954515128,0.0001710366194248839,0.00004716127288833126,0.000049718813881844603,0.00009367137249720007,0.00006572815328673742,0.00016228455655574453,0.00043748292466973574,0.00041946790536596034,0.000020412610331700066,0.00007980461238103423,0.0001231535575720392,0.00007891896487670824,0.00014766193733565464,0.00024437479552400843,0.0003383184125222295,0.00007847665418474027,0.00008806241425928802,0.0002580895957293606,0.00024210583351753662,0.0000991216263374034,0.0021467902287093826,0.0020743500776142553,0.1823766222855319,0.07834917872347352,0.08275373934854086,0.05456943389487009,0.019495684890724375,0.0018746401026705833,0.07281021551158087,0.008228937773909317,0.005245119708913008,0.04114065351045137,0.004170415977063072,0.0024857696199677946,0.003122335709412247,0.011502424934577943,0.0026158784894221737,0.0020318360740671595,0.006695642322309538,0,0,0,0.0039050193770211426,0.0016742772041205014,0.004303024410133971,0.0007786720973045265,0.001188895062011131,0.002214808874718571,0.0009251011169834292,0.00011116654873725797,0.0002508463540087408,0.000035633255206947415,0.00008855111128287477,0.0006116644453512627,0.000033951537186791544,0.0005065706922331337,0.0035231747808133758,0.0002578788571235975,0.00012600709480872394,0.00040566265143584477,0.000027381565505416563,0.00004593580236212332,0.00007458421109975751,0,0.0007157354355134005
491---Servicios postales,0,0,0,0,0,0,0,0,0,2.2290324602308693E-7,0.000027219494434695394,0,7.93859123833159E-8,1.559841490423018E-8,2.6412660609519686E-7,0,7.049483862820428E-8,1.173507468072441E-8,9.898082197083903E-8,5.132286269607886E-7,0.000012824367833769131,3.970938689174218E-8,1.197992829041721E-7,7.767840178449039E-8,1.1367240955930704E-7,3.7850546111688395E-7,5.125406573832702E-7,3.963510496644689E-7,2.0335699418177996E-7,1.8276623081785425E-7,2.920413713115499E-7,2.1171393335972508E-7,2.5764888842686455E-7,0.000049661650187149,0.00006969295963915512,0,0,0,0,0,0,0,0,0.019680020745257022,0,0,0.000003747277262407292,0.000005619489069242324,3.6962563486843043E-7,0,0,0.00010539723083366806,0.002200523934490895,0.001269572949368006,0.0006493663917047524,0.002473403823051626,0.0000022073483214012178,1.7329841535310076E-7,6.241329870794826E-7,0.00004306820720538122,0.000011702212985408638,0.000031101740491217605,0.00000692589902375736,0.00019747416297273015,0.0000913295701279029,0.00008347827928003752,0.000005691938288880755,0.00005540702249233342,0.00003214342066706238,0.0005430445597143133,0.000029411109735739372,0.0000198443359298008,4.61676181920882E-7,0.0000029361537614273847,0.00001269679182592984,0.00004410699832365689,0,0.0011666040334572896
492---Servicios de mensajería y paquetería,0,4.516958522149822E-9,0,8.34366264130322E-7,0.000002128248829671342,0.00044376732054349195,0.00007283773611998353,0.0014296757538825701,0.00010087479154676964,0.000047121746209280576,0.00023494414723864094,0.00002431744285155708,0.00006874694003010421,0.00005415546820250086,0.000025082245112151287,0.0005017737021960515,0.000102862814918339,0.000047081119619066326,9.128231359532934E-7,6.466680699705938E-7,0.0000015020667049394945,0.000013108068612964093,0.00011587608501364616,0.00012226580440878788,0.00015646880873161327,4.917033560303445E-7,5.546148904520461E-7,4.476770848728173E-7,2.57689015528057E-7,2.4995969803030066E-7,3.4761836477478917E-7,0.0000011023725495627063,0.000001317522724910103,0.000052875373301975436,0.00005701887322290233,0.0030749816327822,0.0005785776366654162,0.00014944799175423056,0.00007905158022691019,0.00005676901338561019,0.004273085868065933,0.0002634737067281604,0.0002832474501155444,0.0003456862218619481,0.11615820749713521,0.0011199149598538623,0.0010329237294326523,0.000591749227745972,0.0027710721838318086,0.001471358026040889,0.001007039256349375,0.00295867535936336,0.0003083631222185714,0.004600606579118094,0.002936043944619726,0.0020831345635814653,0.0004254906864177241,0.0006980707739587689,0.00013997600719318942,0.0006933760431306607,0.000303864185923636,0.0007179137625271341,0.00017334312245901188,0.0001466179913854477,0.00006313375055508056,0.00006624547438857703,0.00010727114467506038,0.0000930720090589303,0.00008771442096009497,0.000252225684215009,0.00046704681763165936,0.0004909204654920006,0.000011539996795204196,0.00007796260908632186,0.0003125281518464337,0.001050963720439288,0,0.0003193211315473033
493---Servicios de almacenamiento,0,2.439157601960904E-7,0,0.0002448206275013971,0.0008750803992261688,0,0.00013214479329195808,0.00390553884273434,0.0000015168335595619567,0.000023433632501702114,0.0000561257486797721,0.00015358663077126312,0.001343487698234688,0.0017886278985133346,0.001568002270784475,0.001361378387687021,0.001214344090209447,0.0007992876715788203,0.0009390530537755657,0.0015563521251618726,0.0010713017432632751,0.0000438639814952907,0.0008651931646289593,0.0008185694495476894,0.0009401844994650285,0.0001749791834966978,0.0004884244719743036,0.00016733998345761885,0.00008088071676735745,0.0001674555273788262,0.00018354852618056818,0.0017624819928174077,0.00043129545574173856,0.007825751842650554,0.007629198410092505,0,0,4.073006064580707E-7,0.000013567908098589337,2.995001311212948E-7,0,0.0000033037455389111017,0.002354195608831242,0,0.000023296137528596064,0.00635074231939028,0.0011063362976189042,0.00031338585001299864,0.00002041901613227723,0.000024145441815869124,0.00004866101891402918,0,0,0.0023817187381769997,0,2.737390964157572E-7,0.00014986721819192222,0.0013988648087302294,0.000007527422086594972,0.002059157636019504,0.0006404702178632693,0.00315358511205763,0.00035161654591798667,0.0003752627307188853,0.00010001690031976892,0.0018076089637338248,0.0001792960560997438,0.00018602613083596202,0.0005905282851582751,0.00024737217942874876,0.00011952024982992313,0.00008607924544102211,0.0006689687876033581,0.001069238059985853,0.00040973446783487086,0.0008339958521826981,0,0.00003176564293071295
"511---Edición de periódicos, revistas, libros, software y otros materiales, y edición de estas publicaciones integrada con la impresión",0,0,0,0,0,0,2.3792296374202497E-8,0,0.0000027053771702787907,0.0000011655982239957255,0.00013376041727421214,0.000003854197447747808,7.169933991445516E-7,1.559841490423018E-8,0.00004512651977470901,0.00008032587902894351,0.00013673287353924393,0.00006000143684254391,0.0001402228311253553,0.0004009513110026668,0.0005019932172726361,0.00005091934681128099,0.0002424938675615855,0.00023522499648949107,0.0002375222888544907,0.00047594290745312255,0.00033097121704010724,0.0002191122700276399,0.00009963923522302637,0.00013501183366996857,0.0005243744385938832,0.00011701210082378183,0.0000780500462236745,0.0003440837864953172,0.00033303973372891354,0,0,0,0,0,0,0,0,0,0,0,0.026027717285115035,0.0016325183371307457,0.0012603338086868343,0,0.00022697873964038444,0.00008960481188139208,0.000044369795213227,0.0008620725092696998,0.00042629671451489907,0.00003653846647366159,0.000037099825228183935,0.000001126439699795155,0.00010001258289928195,0.00048671573348210364,0.001018233012479476,0.0010039462684539812,0.00005278552419801513,0.002058482685778617,0.0003480337026185277,0.0003867364055863081,0.0002723373550526023,0.00011502851531254116,0.0008007303273699949,0.003066397354558075,0.000698724508783309,0.0006189568704983171,0.000008138473520968937,0.000025343642993373217,0.00025938243350561005,0.002178909819373527,0,0.003767195134611671
"512---Industria fílmica y del video, e industria del sonido",0,0,0,0,0,0,2.117514377304022E-7,0,6.69979487439027E-8,0.00002280625274049963,0.00002140509128703109,0,0,0,0,0,0,0,0,0,0,0,0,0,0,0,0,0,0,0,0,0,0,0.000002485821382450186,0,0,0,0,0,0,0,0,0,0,0,0,0.0003586787811976919,0.08105000437071372,0.06128480392177727,0.008661265028915862,0,0,0,0,0,0,0,0,0.0016290249225190908,0.00027792515455139923,0.00016600846440405025,0,0,0.00003545978112295059,0.0000274075977796524,0.0001924885776478404,0,0,0.0012807327317399374,0.0039202227852635696,0.0028990506791940073,0.0015585965329139111,0.0004711977762347958,0.00006708242088813782,0.0006605464549722554,0.00005979752067813811,0,0.0003594746072005847
515---Radio y televisión,0,0,0,0,0.0000018506511562359497,0,0,0,0.000002808554011344401,0.000005675673901862851,0,0,0.0007987886109640088,0.0008167218626605605,0,0,0,0,0,1.0264572539215773E-8,0,0,0.0000025157849409876143,0,0,0,0,0,0,0,0,0,0,0.000015052712094458394,0,0.004219881337220821,0.0003805496927254513,0.00025374827782337806,0.00009953945044284737,0.00041225780892702483,0.00012547969110031202,0.0015829070813307817,0.0005956554881823078,0.0008912701467379819,0.0036677968185501804,0.004565941559424446,0.00653080401959455,0.01686282373081853,0.03039158296568837,0.008357167278690444,0.0020889253086754486,0.016306359195135935,0,0.00004390615798156565,0.00041274824535989603,0,0.001560329085567152,0.0020536728711419206,0.0015250405842474849,0.002053515083242643,0,0.0000249032880182799,0,9.08671610578156E-7,0.000005534443019186176,0.000009312908601684911,0,0,0.0002626173069553914,0.0008028636304497619,0.0005542569772641689,0.003976160867083464,0.0000762967584444704,0.000012213047471463578,0.00011095483360890115,0.00023568321481304857,0,0.0006341711516040938
517---Telecomunicaciones,0,0.00004456205430026907,0.004209696679405737,0.003628966280800082,0.0037632065936479913,0.007111292140955904,0.0010786285145837449,0.004628242863639586,0.0006189793088961933,0.001378754096822928,0.0020884581982693663,0.002399880277464302,0.0009895248163251924,0.00047707529150089366,0.00039307908467100746,0.0015066402412584243,0.0016868547254946169,0.0006806695367060579,0.001230265629882882,0.0012892097817804227,0.0033021106258748437,0.00010910749689309539,0.0009595730515972202,0.001030420645043076,0.0014273238215511204,0.0009401415333089735,0.0010243756151300685,0.0008829133091004111,0.0003801321762818494,0.0002708031115596015,0.0005988630770167669,0.0013756295332059654,0.0007309176903559614,0.0036160467692469586,0.002232390181431039,0.016314513783487576,0.004692087294899266,0.0023057287331591384,0.0006238300913970125,0.0011733549609430466,0.03465202285179119,0.0026679810067668963,0.0021965252361217887,0.0028048975958166454,0.002837118156729776,0.009195310682785156,0.008650097493556008,0.0050809121282197126,0.02359556763755971,0.008331125563274757,0.008323737624238657,0.03438558907439259,0.0066647651481703115,0.003222605877602064,0.030849624234008097,0.004129225954230252,0.003015520183009332,0.005961787328060893,0.0008756774939933346,0.007058014313561515,0.04108622628833825,0.010030325241997417,0.0029768061815331347,0.003375377470626101,0.003306759327017922,0.002234779786160969,0.006236175157579123,0.001797103197082455,0.0021745272031918014,0.006901840370732615,0.007538883954714915,0.006458485593755538,0.0013671891491628852,0.0036655175359272215,0.005311309246404858,0.003474426358660347,0,0.01221282304162428
"518---Procesamiento electrónico de información, hospedaje y otros servicios relacionados",0,0,0,0,4.626627890589874E-7,0,1.1896148187101249E-8,0,6.45860225891222E-7,0.0000025527065487268938,0.00002201349061388569,3.236601112933035E-7,0.0000058669969532812515,0.00000387509193120804,0.0000061923015428985045,0.00000747509646486356,0.000008047256963404242,0.000004036865690169197,0.00001249357930654146,0.000042067639789885976,0.0001483006866918834,0.0000012061726268366687,0.000009041645115065265,0.000016194097286309472,0.000012675736692635615,0.00001669668949973544,0.0000224179163650996,0.000015379276160901533,0.00000730688069934075,0.00000568053571814022,0.000015539012785566254,0.000010439687058772649,0.000007600642208592505,0.00007083498751326417,0.0000735380329653278,0.00023749888447626558,0.00004372310239333245,0.00003123682343374588,0.000006205819459133594,0.0000046889630620044905,0.001602339047371582,0.000020648409618194388,0.000040494413307753414,0.00012945367079768167,0.00013047138476210922,0.00034721149789373123,0.0010989363713077868,0.00013397372803716358,0.00039166876363876596,0.0005517161626380647,0.00021478698108893922,0.0003979002949062583,0.0003514811050276635,0.0031193192247914625,0.0009054004544764636,0.0022928728889654343,0.000060208687018180616,0.00006269689098310396,0.00003759928419133368,0.0002456340780141411,0,0.00006938624133843897,0.000020386403341116295,0.0016806568338428528,0.00011338288986966513,0.00039808324296265876,0.000002189207034184906,0.000020247140666081418,0.000016229497110999242,0.0011902046253274355,0.0004751218324124473,0.00005806588802322056,6.200196658028375E-7,0.000008489734066758787,0.00007656563784208942,0.006631282329390365,0,0.004538443106281299
519---Otros servicios de información,0,0,0,0,0.00003164613477163474,0,1.1896148187101249E-8,0,9.540507901131743E-7,2.0107730318332634E-7,5.974699976296653E-7,6.605308393740887E-9,0.0000711154964318477,0.000023078969023301706,0.0000016434544379256696,0.00006484175063744041,0.000014332142961103377,0.000010362070943079653,0.0000019906143085246516,0.0000036131295338039525,0.000006197602959036066,0.0000020906992198502254,0.000025605039099495532,0.000005696416130862629,0.000012450917927062766,0.000001657877502586725,0.0000016064707171714439,0.0000017835797234901098,0.0000014726565023952818,0.000001462129846542834,0.0000018167385127370202,0.000004438692120093546,0.000005896646151042104,0.000007411760252796925,0.00000957193456236164,0.00011874505645580755,0.000010716018435395499,0.00006272429339454288,0.000004848146001045407,0.00001191131255422764,8.957271555888195E-7,0.00004480704887148182,0.000016891882085049573,0.000025114828877152753,0.00010355284968483948,0.00013370677627260364,0.0004584736953627103,0.00016489510854695907,0.0019229381626841597,0.000055511310031046663,0.00009228631146985272,0.0004720560012908586,0.00042346031826542195,0.00005700931561032749,0.000002293638478996579,0.00005725139143578722,0.0002556715260600861,0.0000579559414773727,0.000059973506122092095,0.0002759754985619094,0.00002496378448387893,0.000016267454346526455,0.000992007864690941,0.0000916561156743435,0.000049660788047539844,0.00002269585474066985,0.00006677081454263962,0.00006115402748488929,0.00003979232254622777,0.00012251185468544043,0.00007113034759076668,0.00002924623117089554,0.000009327003526492531,0.0000012459336685004363,0.000012862382695707563,0.00004548082286160686,0,0.00032589034981706
521---Banca central,0,0,0,0,0,0,0,0,0,0,0,0,0,0,0,0,0,0,0,0,0,0,0,0,0,0,0,0,0,0,0,0,0,0,0,0,0,0,0,0,0,0,0,0,0,0,0,0,0,0,0,0,0,0.03824757589404084,0,0,0,0,0,0,0,0,0,0,0,0,0,0,0,0,0,0,0,0,0,0,0,0
522---Instituciones de intermediación crediticia y financiera no bursátil,0.002495249193513586,0.0009892952216042097,0.00003973014563975865,0.0007055225473430396,0.0013441279347741703,0.0005382041379480923,0.0007434093340490564,0.019628243485081315,0.0006616462825742603,0.0013902103949049894,0.004388244084877164,0.0005627524592215424,0.0013388434123446228,0.0006775951434397589,0.002059062543849908,0.000831604481716071,0.0011728117848976457,0.0023616368391970646,0.0015767205025190346,0.0028286903712120047,0.003103383414088563,0.00006470048953206011,0.0015656732892447953,0.0021159060295225718,0.002747239846336424,0.002615840629476137,0.002228922658586333,0.0006657756657050924,0.00006061280301390672,0.0003271623041187131,0.0004704317233252185,0.0010169934305750518,0.0004871320688234287,0.013524242461888054,0.008438464798542053,0.0029401144404988195,0.0032601447716618854,0.00043430776974782894,0.0002508213448995001,0.0007616288334414527,0.004197727953019656,0.0019824538074428434,0.001339158700431739,0.0010462470176140707,0.0008654710310903006,0.003891782275460024,0.00476604461107085,0.0007672873080149809,0.006081528975927985,0.0022546449989840458,0.004555954155383326,0.00022315374606476953,0.0025369601089577517,0.011414358066908114,0.020302407698986943,0.01414908914741392,0.0006052183978579234,0.002093779075837924,0.00034327314289371537,0.003538440169775398,0.00826382278134939,0.0012383648140008431,0.00199368068451673,0.0005191880710250389,0.00048765874804508673,0.0007863935998622666,0.000021016387528175098,0.00015543438118328004,0.00021110368094010864,0.0009795468611366878,0.0003729553410555218,0.0029565693417797252,0.0006319793682179697,0.00020700366938089613,0.00013436580225234103,0.0003367195738145621,0,0.0113984015457111
"523---Actividades bursátiles, cambiarias y de inversión financiera",0,7.927262206372937E-7,0,0,0,0,0.000025034254244935866,0.0014720711626396927,0.0002376980024715677,0.00002365607136596265,0.00008092986135575732,4.359503539868986E-7,0.000051259357616522344,0.00012179019522724291,0.000004499934770510761,1.2563187335905143E-7,0.0000037687625266616903,8.214552276507086E-8,4.0692115699122713E-7,0.00017269116839976618,0.00027043511893553505,2.7796570824219524E-8,0.00011294694682172202,0.00006925399416238673,0.00025213550861672606,0.00015301525444927038,0.00008459024558477397,0.00002911754491833614,0.000009895672154535265,0.00006705101706195602,0.00003439036195041566,0.0000971401930098104,0.000018073483957489034,0.0000036176648887489866,0.00006205737784070616,0.0061468712890251085,0.0001454087990683354,0,2.1183557502085195E-7,0.00005340307154502684,0,0.00023126218772377715,0.00043707584812786724,0.0003162834953716229,0.00014290032964468422,0.00022569053924542199,0.00021421935016761686,0.0001987823305099658,0.0002947260403119094,0.0011528945667259372,0.00047574362173574274,0,0,0.0012799061868780529,0.052639269795120215,0.0034799681436126547,0.0000432845157748787,0.00026883535604561734,0.00003964190123995744,0.00015100561361110933,0.08944675233666828,0.0003136130317666111,0,0.000036216353273874726,0.00003317287718112406,0.00003723419450299116,0,0.000028735024962779302,0.000023848344365884996,0,0.0001197008091666364,0.00021748139579328533,0.0002034503915073163,0.00006616487283769177,0.00006686290795889736,0.000021788375128188978,0,0
"524---Compañías de seguros, fianzas, y administración de fondos para el retiro",0.0015112088151501338,0.000014666564321420471,0,0.00034911641051768734,0.00045914655186213906,0.004073221201306634,0.00030160304498757796,0.01944765251924921,0.0007580871498731585,0.000188695956630269,0.0007918645118889344,0.0002378505499502156,0.00013919248656644193,0.00006932604086935786,0.00021381537886750807,0.0002518604981165584,0.0003423880085372937,0.00016839832166839526,0.00016205360130447925,0.00048423805258586357,0.0003728659702849804,0.0016977063378640484,0.0002839380179580296,0.00030471942380025835,0.0006076623888615063,0.0001784670936337188,0.0002953993654455967,0.00019354620160108143,0.00027932971835419035,0.00018821696487812792,0.00032829775703305676,0.00015007597683020234,0.00013868536985231502,0.0019476852447830575,0.0008098484135577755,0.0006126323898831371,0.0009439123303895246,0.0012323036502468337,0.0019245751459207895,0.0009460632123520459,0.004799383988962773,0.001394387101516667,0.000982495382714809,0.0005178146831907267,0.0016817034847225816,0.002854546938581563,0.0013771054682919402,0.00030023113696454504,0.0025439652331471934,0.0026850615342882745,0.0008528400144965308,0.0004387545961088853,0.00006789923206872617,0.0029317249227015243,0.00023533797603099784,0.14582741206202812,0.0003068853343373882,0.0010869895533858456,0.0003568905898845405,0.0006688190858039843,0.0004929867452840597,0.00031141152616768076,0.00018782099047477585,0.0009473676756878093,0.0035485688826954673,0.002567273731113587,0.0015657208708490446,0.012137144051509435,0.00037496149251264177,0.0012111842911777218,0.00040362033507399225,0.0005990854113459483,0.000020733457624446885,0.00005166278444037856,0.00022814393969348797,0.00039057590592068845,0,0.0054883624820487725
531---Servicios inmobiliarios,0,0.0001873476301439471,0,0.0010354924477996312,0.004469970270214501,0.0003451935206813406,0.0010394997039667316,0.014436065149517213,0.0023672130637477913,0.0006705133968349977,0.0017157553208150583,0.006767039369761633,0.006096269348682222,0.004545957472789117,0.0074486246360237545,0.011602810183996046,0.012505263795373568,0.006602645888512144,0.006441462934349156,0.007573855130551727,0.016409195182814015,0.0001699412848765721,0.004538723862592549,0.007881727812379643,0.004797662769967204,0.0026237904233043304,0.006678305317516757,0.0036546446739928497,0.0011660402080253464,0.0018187322963860084,0.005374839765137801,0.013214431770826589,0.00485714999937081,0.019668882737726438,0.035576322166335064,0.006343367494542727,0.002919649109800256,0.005441943402886283,0.0007678237187024743,0.012819895660721338,0.004926927746986832,0.008010550511378512,0.01197049605903896,0.011720661847205873,0.007177856661208414,0.048674018265697575,0.016533271166382063,0.09829668461497418,0.020152717663519747,0.06868841140105726,0.014045594950661279,0.04616055397059177,0.0006186966898880959,0.0247461898802422,0.021195966578060214,0.008236529969155876,0.004606239490398521,0.015828037467860104,0.0016818114427293585,0.015343155652904901,0.018785531130995892,0.00978241501023939,0.00661431182643431,0.008711900841860108,0.01899054884066438,0.006698060993133456,0.015374363159673755,0.0146835093405188,0.01582458618539195,0.03062718084800749,0.04281955642188371,0.009486255860523948,0.03264551963621168,0.03400425348232665,0.02894536011943774,0.00563217445971247,0,0.011275817742802773
532---Servicios de alquiler de bienes muebles,7.517711119347018E-8,0.000019271603534752213,0.0009960271241101798,0.0015365074324029386,0.0005883220025674084,0.004001808278081569,0.001306661020723014,0.033645057879676026,0.0006009059422430381,0.004151663511623691,0.007089251111996861,0.01358651167755278,0.00011435939708534985,0.00004558525338511954,0.00008062709212728196,0.0002054081129420491,0.00028185463287524413,0.00010913619453073701,0.00019619098701531082,0.00038423374386046405,0.0008630698572852344,0.000012274171488237506,0.00028539389931973527,0.001592675412016785,0.0007781659510933753,0.00017627034698555446,0.00044969322796935594,0.0002767400017810134,0.0004379331678291307,0.00015320648072175483,0.0013079935306208959,0.00018726462429690717,0.00014871318170301968,0.0006522500248582979,0.0005958321149120965,0.00023884970543243874,0.0007463066208716067,0.005250825426009803,0.0003883957123558452,0.0004472402485542795,0.0000669458687155296,0.004571764373564419,0.00024043077654641447,0.00012332810277886392,0.0014593923920497875,0.001561286807013053,0.00289918135996792,0.0009073204346192315,0.00042692880904985134,0.00009336826864560247,0.0019511584370441174,0.0027585236148160355,0.000007116785334618961,0.0005348093713434595,0.0012845975695273165,0.0013049884102858606,0.00186035377818604,0.005437856704615512,0.000055207399675303326,0.0022150881870928976,0.0013975177035423644,0.0020207243685928674,0.0003209782468467888,0.0027863512154489593,0.0070187828889941755,0.002152400220817085,0.009775904011152697,0.0076841582805338305,0.0030035239046967864,0.0018646069436118247,0.005760474798831822,0.00029890284419511836,0.0002700920129406231,0.0006965735046970539,0.0014976933348479974,0.005136970969243697,0,0.010959674400720383
"533---Servicios de alquiler de marcas registradas, patentes y franquicias",0,0,0,0,0.000058110446305808816,0.00012037568611947234,0.0001751898158921652,0.00013866000299718074,0.00003227157195096305,0.000013482860093821472,0.00000686179719838704,0.000008573690295075672,0.00018933456097164353,0.000048649227741307605,0.00007881733575218524,0.000011055604855596526,0.00011943994735575596,0.00005794779877341713,0.00000339834155433214,0.0006085009677456098,0.00006779496027084055,0.000013533951787378025,0.00016369245986258088,0.00045323682904069046,0.00007694106495037629,0.000028780564781747363,0.0003282115298438234,0.0006387895769711029,0.000005633971889697761,0.00023227437745998477,0.0011533424194849168,0.000054833908740168796,0.000012873660936510495,0.0014155144735293228,0.005198034062312215,0.0007083477033491219,0.0006853010267896675,0.0007668217186970216,0.0000067859600679975185,0.000030749596030994586,0,0.000020648409618194388,0.00046479356113727507,0,0.0004029537680341984,0.00011390290662406484,0.003254396748544296,0.0015776289843028942,0.002880178950778881,0.001756605755831749,0.00024012463581759495,0.00036322563590234793,0,0.0022912587826378226,0.00031084135433378054,0.000020938189426884428,0.00013141427655228294,0.0009712138334717347,0.0003581766821003406,0.00020892926413756634,0,0.00006532460284420987,0.0000012912693095140842,0.00010962151507657339,0.00003375841337033603,0.00007001467358621588,0.000008318986729902642,0.000008311053373850013,0.00028153669293941736,0.00006693139664923424,0.0007223677508184855,0.0005862388668387089,0.0005744377277258308,0.000011039551806945727,0.00023517036308675897,0.00010961673681748172,0,0.0003654266451549872
"541---Servicios profesionales, científicos y técnicos",0.00028225909725040086,0.0009816547862639934,0.012553893977228872,0.008260621241015302,0.03283277229301323,0.011312178158816364,0.0158034856437474,0.029450960747928537,0.014658057778642408,0.012916355673489659,0.027109889656563153,0.023197096678969506,0.006788603971327898,0.0036033140632966785,0.0017200707186270613,0.0024306940777825874,0.00413173502807842,0.0022828944880894037,0.002695236784396839,0.005746857021248352,0.015815272958717225,0.0007630138836554812,0.0062152873918861545,0.0048086851614403915,0.0033743755819822126,0.003431422029169711,0.004895421166018215,0.004547001973571597,0.0014867124550414748,0.0012509448107021475,0.003979773077253412,0.00505610835361419,0.0015774523915652006,0.012148728641776558,0.012878073275022675,0.005708187797725544,0.0051555259726148075,0.00639552811505227,0.0020384728758311484,0.00461225805594594,0.08008127906099131,0.011640127954064721,0.024605965367518006,0.07983759077326108,0.012905040713687801,0.06253779998474857,0.03513403632254776,0.027724813620279207,0.05168278118693333,0.02006542130658719,0.038721767266432276,0.10670010539723083,0.0039430931644690945,0.01963862837409153,0.02665530622193977,0.02372560621091198,0.017572359822128143,0.021785083846415268,0.002489761051064159,0.0259528997268203,0.0635569617649788,0.01598767602739151,0.002722465256931876,0.009662143687978795,0.015166473920633356,0.01299725612762354,0.006427730773070303,0.01793581314535735,0.004732070538203185,0.0148919617662812,0.010802072660688281,0.004698067627460142,0.00269115625048445,0.0032502352882953357,0.004448625569152043,0.05348257952524938,0,0.05173888436600963
551---Corporativos,0,0,0,0,1.8506511562359496E-7,0.020452399869114145,0.00016239669813175654,0.012513088952835172,7.584167797809784E-7,0.000041782284703502555,0.00020647324460769072,0.00006475183818384193,0.00008896136552936062,0.000027747351769639168,0.0000954377470023978,1.2563187335905143E-7,0.000011989545246689204,0.000004963936589946425,0.00003834956957914619,0.000025770920121791068,0.00001736843517644323,0.04055011700921816,0.00928562595693221,0.000024977305145227206,0.00003283111793427363,0.0010881796178162676,0.00007881651332865423,0.000013177959539743474,0.0000010343781968686466,0.000003356985621933823,0.00000226685972866335,0,0.0000467252114818674,0.018186479270285678,0.011356876852205933,0.000040546557596821446,0.0005787669141649544,0.000766132440747631,0.00003940863862120872,0.0015483208819840326,0,0.00042515075403862246,0.0005161564939771327,0.0012659507238890007,0.003341585820139979,0.000510777359363977,0.001951858312645713,0.000732023595042589,0.011664466572748899,0.0018928324599641556,0.0009063777368311382,0.001006938364935337,0,0.005028774557545561,0.03496566516542694,0.05079852545873397,0.00038642298520685504,0.00002668795596437752,0.0004471061761987566,0.0006147302425091294,0.08727901454835602,0.0050370418245855465,0.0017780778392008938,0.000005899496460902671,0,0,0,0.000010609855370872358,0.0008020978127747181,0,0.0013006993063110904,0.004041922353073497,0.00001148276421066855,6.857464377017905E-7,3.267063106425373E-7,0.0000876716974875967,0,0
561---Servicios de apoyo a los negocios,0,0.000395674274144019,0,0.020744804511058295,0.03692872596455244,0.003112864149113879,0.03910442113400023,0.027659795612264244,0.008335935701157418,0.003004318741568444,0.012275159539471657,0.004180370878884929,0.013197972618543765,0.023994312978366752,0.023150462245038587,0.013775079498279065,0.019567469265226442,0.02018331923442344,0.009185552253323157,0.026854085717467634,0.037300304964981774,0.004533119370420695,0.015427367563095314,0.04332410028121875,0.026944518949692096,0.023752013607783076,0.02161014655166815,0.01702192884894152,0.006712642585263537,0.016734743996746824,0.014746555640800438,0.011811272125803398,0.008638106447439162,0.045267900571248645,0.02289700906667346,0.03334003305441337,0.022848050964451853,0.011395299713404495,0.002609097734376238,0.006041208901724762,0.04604134941373878,0.022482814328674775,0.03680152857317563,0.009827657143790563,0.02571028112125915,0.048780747634399414,0.06308227105593202,0.025852941944434042,0.07437607024822557,0.06619562935765966,0.08823695138610488,0.07834447385496379,0.013995332223362092,0.09789436478242793,0.12190477821169328,0.12259040162372907,0.004730216552892104,0.024277065545359897,0.0036551686429081177,0.022120722676292552,0.013651598437067605,0.02066444424742805,0.025014625581398896,0.013830229197282325,0.02234741655310525,0.03141537279730092,0.01476357439713617,0.061156768364193426,0.04277512378748376,0.10050794276058271,0.05687793647160173,0.0732572573131969,0.03035960442379033,0.00733444448724189,0.00568984102385891,0.029585600650971093,0,0.04703972934336786
562---Manejo de residuos y servicios de remediación,0,0,0,0,0.000007587669740567394,0,0.000031170287479842694,0,0.000007133941582250758,0.000658799366874722,0.003937811817975133,0.00002605133630491406,0.0011684510021176902,0.0010081990906449449,0.000018567122161803097,2.826717150578657E-7,3.253607936686352E-8,0.0000028516231474160314,0.00027826808416735215,0.0008051975497904219,0.0009146576440338705,0.00008589041111216603,0.0004049014572525605,0.0003710401335524022,0.000007365972139443096,0.0010029675441306828,0.0006968028486428348,0.0004272136797798888,0.00013017641845874584,0.00014860775982573497,0.0009354428546983645,0.00022019709165503541,0.00012005852635036373,0.000031587776239476174,7.799975909547051E-8,0.003151610021568751,0.003082704395748618,0.0007614641491813038,0.00020529916367948884,0.0011645911474732174,0.011275179766598427,0.00030291216909891165,0.002636747234640528,0.0024620699723634787,0.001436768675623041,0.0036446784189553072,0.0015413611216274598,0.0024362471803220254,0.007336934442816574,0.007906806718951762,0.0011769287613814703,0.03774525454976157,0,0,0,0.002851329160142789,0.0006638098804534034,0.0004472832100263531,0.00015126714032308186,0.0005099600191996445,0,2.816573618884666E-7,0.00002609929180139073,0.000029263936037431712,0.0015208035729756075,0.0006255933273254027,0.0000017513656273479247,0.000213788585723078,0.0007138123539533101,0.000056128434383042044,0.00004760747844673229,0.00005337603626645103,2.97609439585362E-7,9.561816525701023E-7,0.0000278998238430901,5.061458824026201E-7,0,0.00019360778031533754
611---Servicios educativos,0,0.0000012715238239851749,0,0.00006982328210353747,0.0007818075809518769,0.000051761409503692276,0.00003843883402216155,0.000005815386265249502,0.00011795658855851508,0.00002115166052054076,0.0000739223397677045,0.00001621603210663388,0.0000717837662022279,0.00005543008153467509,0.00000162388950414084,0.00011713601792314558,0.00001769962717557375,0.000008449253770121575,0.00001359336621732856,0.00005696495606846781,0.00007053402308573021,0,0.0000418949980794346,0.000001388963803336959,0.000004589839292650242,0.000044496205858899475,0.000041393395479117534,0.00004573292309383873,0.00016879768902296896,0.0001229828591695964,0.0009509296985136515,0.000019375475142645183,0.00003758453159926887,0.000009581351011901752,0.000001970980459654602,0.0008557713904296581,0.000016874817074216552,0.000022025563564617208,0.00006921165728569539,0.00014392492539571947,0.0005923482624567802,0.0003020862327141839,0.0006952650854965729,0.0003973451788206444,0.0005169616813026349,0.0013576073798537778,0.0017904982826493264,0.0007629733568103099,0.00039237441257806017,0.001709081780054483,0.0012121788458889097,0.0008644632809093686,0,0.00004667501479121394,0,0.0000018705504921743409,0.0003313798084711443,0.0007642336332489349,0.000028993814217965052,0.0016799213252367468,0,0.0007240694190051559,0.000004499877896791505,0.0009214116575761432,0.0003985812401833837,0.00016561368597144257,0.0016103806943464167,0.0004124581275426629,0.0003160243743002908,0.0016211488809461893,0.0009002788839266279,0.000006684641489275593,0.000014807977372189613,0.000009349331714018778,0.0000037727865735843685,0.0010797055759042937,0,0.001978971069338093
621---Servicios médicos de consulta externa y servicios relacionados,0,0,0,0,0,0,0.000005296165172897475,0,0,5.433266621812745E-8,0,0,3.5282627725918184E-8,1.1141724931592984E-8,0,0,1.0845359788954504E-8,0,0,0,4.4178432498220436E-7,0,0,0,0,1.839465792343735E-7,4.9724093626735165E-8,0,0,0,0,0,0,1.6802902409423997E-9,0.0000017618151863851343,0,0,0,0.0009520564763721243,0,0,0,0.0000024503260846142164,0,0,0,4.542154257463384E-7,0,1.1200776814194862E-8,0,0,0,0,1.7012945066963345E-8,0,0.014168792659458012,6.829558471610273E-8,0.000010014172715761324,2.080443290264942E-7,0.0000039283391152996835,0.000010035151031504885,0.0000010728856399850426,0,0.00001817637607207255,0.003527937177259244,0.012346416359634254,0.0367228533949347,0.0007836557064208222,0,0,1.7052826245142203E-7,0.0001200720405613295,7.173150595134365E-7,4.008236220369621E-7,0.000001172562375182805,0.00007135451832633127,0,6.623585270240744E-7
622---Hospitales,0,0,0,0,0,0,0,0,1.74194666734147E-8,6.50134467567337E-9,0,0,0,0,0,0,0,0,0,2.0529145078431546E-8,0,0,0.000059017150551303406,1.1096914540641484E-8,0,0,0,0,0,0,0,0,0,3.125339848152863E-8,5.77128262365589E-8,0,0,0,0,0,0,0,0,0,0,0,5.67769282182923E-8,0,0,0,0,0,0,0,0,0.059061819127462334,8.318051984653537E-9,0,1.8913120820590382E-8,1.45135681599742E-7,0,0,0,5.230258838425023E-7,0.000016164176915649556,0.017208674604636508,0.00501963280868257,1.473591023732272E-7,0,0,0,0,3.2431797903533036E-8,0,6.713143369367204E-8,0.0000023981673951933668,0,0.00016301370795843595
623---Residencias de asistencia social y para el cuidado de la salud,0,0,0,0,0,0,0,0,0,0,0,0,0,0,0,0,0,0,0,0,0,0,0,0,0,0,0,0,0,0,0,0,0,0,1.3990988178559732E-8,0,0,0,0,0,0,0,0,0,0,0,0,0,0,0,0,0,0,0,0,0,0,0,0,0,0,0,0,0,2.39281615783736E-7,1.9619891717032817E-8,0.009687897888378464,0.0000013851755623083356,0,0,0,0,0,4.8292002655055675E-9,0,1.2051092438157621E-8,0,0
624---Otros servicios de asistencia social,0,0,0,0,0,0,0,0,0,0,0,0,0,0,0,0,0,0,0,0,0,0,0,0,0,0,0,0,0,0,0,0,0,0,8.39459290713584E-9,0,0,0,0,0,0,0,0,0,0,0,0,0,0,0,0,0,0,0,0,0,0,3.713537471852159E-8,0,0,0,0,0,0.000001314924360879837,0,0,0.00008362770870586341,0.10379043861643125,0,0,0,0,1.6597449515337493E-7,0,1.3873829630025555E-7,6.507589916605115E-7,0,4.1349549663930654E-7
"711---Servicios artísticos, culturales y deportivos, y otros servicios relacionados",0,0,0,0,0,0,0,0,0,0,8.889187769612094E-7,0,0,0,0,0,0,0,0,0,0,0,0,0,0,0,0,0,0,0,0,0,0,0,0,0,0,0,0,0,0,0,0,0,0,0,0.000013039767847467797,0,0,0,0,0,0,0,0,0,1.576051954986986E-8,7.427074943704319E-8,0,3.225237368883155E-9,0.000008574130442690362,0.000002116908864794235,1.9564686507789153E-7,0.0000010823593806346717,2.6461731627848453E-7,5.319170643284453E-7,0,0,0.000036155713008392754,0.0000014090820347207207,0.000010241726821347168,0.000006117519562852359,9.157213525703446E-8,3.380440185853897E-8,5.639040430268452E-7,0.0000037719919331433352,0,0.00011351523408110622
"712---Museos, sitios históricos, zoológicos y similares",0,0,0,0,0,0,0,0,0,0,0,0,0,0,0,0,0,0,0,0,0,0,0,0,0,0,0,0,0,0,0,0,0,0,0,0,0,0,0,0,0,0,0,0,0,0,1.5140514191544614E-7,0,0,0,0,0,0,0,0,0,0,0,0,3.225237368883155E-9,0.000031945777105425257,0.00000782370502404677,0,0.0000037092642418849127,0,0,0,0,0.000013749990607929913,0.000004696940115735736,0.000004624325234712091,0,1.9077528178548844E-9,0,0,0.0000011810070589394468,0,0
713---Servicios de entretenimiento en instalaciones recreativas y otros servicios recreativos,0,0,0,0,0,0,0.00002053037254129933,0,4.019876924634162E-9,1.648555257045747E-7,0,0,5.586416056603712E-8,1.7826759890548776E-8,0.0000022890972528250398,0,0,0,0,0,0,0,8.184760167880461E-7,0,3.4101722867792115E-7,0.000003878207045524708,1.9124651394898143E-7,0,0,0,3.4788052040433276E-7,0.0000027449806532157456,0,3.8310617493486714E-8,6.953521124744187E-7,0,0,0,0,0,0,0,0,0,0,0,0.00000395545933254103,0,5.6003884070974306E-8,0,0,0,0,0,0,0,8.755844194372146E-10,0,0,9.353188369761151E-8,0.00033047630132822877,0.00023104860976115734,0.000038933726150500415,0.00009060908261982202,0.00003013259312175424,0.0001370994433426882,8.756828136739624E-7,0,0.00034347927357973113,0.0000017222113757697696,0.0006430721087785743,0.00009844743493206099,0.00001744067626082935,0.000012705625898545145,0.00007771582307270766,0.00011626893984334472,0,2.297197203551703E-9
721---Servicios de alojamiento temporal,0,0.000007493634188246555,0,0.0015652271974945825,0.0006939016510306693,0.004004001567716449,0.0001457087814548909,0.0050884302746340045,0.00002932366220623133,0.00023833465199256024,0.0007410012352309674,0.00044835842580454087,0.0001833428147274742,0.00008018030929771574,0.00006238279137292853,0.0001406291782412882,0.00014344615124860675,0.00009344639968260847,0.000002386537596408008,6.056097798137307E-7,0.000007649180026834737,0.000578635258439744,0.0003707915835652116,0.00036962527694847045,0.00018861284010143953,0.0000011461286859987887,0.0000016294202988453217,4.0490538886586026E-7,3.7773691031221206E-8,8.331989934343354E-8,1.1744572203552455E-7,0.0000015550023381248772,0.0000011945539372518265,0.00036411015770296506,0.0001902057354139972,0.005671807733337699,0.0004169346520597629,0.0007919803638497777,0.0003972053440912767,0.0003849607075268,0.007892290912552027,0.0008887075499670864,0.0012730340470333518,0.0002005102598159675,0.001720703908629859,0.003122175084141538,0.0024050139023986433,0.0031498229577130612,0.0013242230396350017,0.0008636863214445472,0.002213970345296576,0.007947019867549669,0.0005353584381683722,0.0011347123971312543,0.0036206683603853328,0.0005623599047502002,0.0002999563970341718,0.0013692431581630886,0.00013239184574413267,0.0012596809591646939,0.00009045215927417095,0.000010076963919154503,0,0.0011205549894577214,0.00032642516517433995,0.000263246627131335,0.0003183107027704853,0.00010683534922058972,0.00025361594698364276,0.0007746037074200851,0.0000971509542260013,0.00009177265643281014,3.9872033893167083E-7,0.0000019316801062022267,0.000002152681307110417,0.0018490714193411528,0,0.003648712594444085
722---Servicios de preparación de alimentos y bebidas,0,0.0000061385466316016086,0.0008729884793671577,0.0013310337613573716,0.0005862862862955489,0.0010205177897163235,0.00010850476761455047,0.00006104520205546497,0.00029575038509918453,0.00006117254519869838,0.000450796577876195,0.00015660855936139957,0.00013436884731876997,0.000058233339527463886,0.00008937261752910069,0.00017670122987950584,0.0002073470111251267,0.00012628113863927536,0.00033892133229726073,0.0010553280749502115,0.00104861927377776,0.00004845140841595921,0.0004632418790302068,0.0004989450200335927,0.00032162218955355756,0.0006224563578133011,0.0006236185451499782,0.0009093162770455058,0.00026394909928279285,0.00030380182330763396,0.0009304257202601595,0.0004632519876324605,0.00022724046393593942,0.00003007853954506171,0.0000028454172208145853,0.004123245009466535,0.0003030769561836857,0.000259043185707333,0.00028205987054774547,0.00027962870957754063,0.005737288210182143,0.0006469146733380301,0.0009269831172020507,0.00014599270444848957,0.0012509635414796945,0.002269566380325499,0.001768639165285284,0.0023021315459952345,0.0009629643850467748,0.0006278522107034995,0.0013514829392506404,0.006088320819557882,0.0006571551487484635,0.0010687468292522372,0.003091931350546877,0.0004747662453460789,0.00022120458318114985,0.0009953146916640552,0.00009789431336737581,0.0011182559131578521,0.0010623726921915454,0.0007019010936387117,0.00020112497730007247,0.0019430323268933678,0.002849863749529125,0.0008387307510114359,0.0010628600150967718,0.008081644723275374,0.0005959681721528879,0.001944611490249857,0.00026171072749162354,0.0003190258095931184,0.0010867838244889385,0.00004104820225679732,0.0003097041562023866,0.0018404669393403082,0,0.008811831770554798
811---Servicios de reparación y mantenimiento,0.0009480806601759094,0.0008231276099706232,0.0008497952268078222,0.005012169890672549,0.0029173664826903506,0.02818609271973816,0.00857041817378175,0.0032795704034832085,0.00820104873095132,0.0018826881828507723,0.003651037148442119,0.005074168184183978,0.0011356175767997462,0.0010842302215781354,0.00034287546457913517,0.000904722232011039,0.0003444648949368785,0.0003398125575297367,0.0005119508069713953,0.000730184053673833,0.003680265385650325,0.0007068360212850614,0.0021371478761396936,0.0006380503922578041,0.0010184871072765707,0.0006164167784617724,0.000438214612202138,0.0004180006564599903,0.00012364415714945627,0.0001291592826757645,0.00028689001319101847,0.0003978761851070695,0.00014693598993852983,0.0005041956190322848,0.0005878331171957095,0.020553354857700396,0.003520313974681019,0.02426148723999261,0.0021693375119302043,0.018061222143449872,0.03261954004644228,0.0319032382487836,0.006449347900780884,0.005769468331323807,0.008275291281433544,0.034488837522814876,0.0037072495280133953,0.003303989950764194,0.002242709139952609,0.006038243466912555,0.0010735638519235651,0.002481469656240237,0.00008618960219580877,0.0014923234391297571,0.0015845041357635554,0.003663227914316241,0.0009644645560620763,0.003954880272147831,0.0001787100786337585,0.0018729679079512482,0.00009271861429015247,0.0007389395343548929,0.0013996185433942203,0.002342450414378983,0.0053250096736630875,0.005388363461406521,0.006852436937702174,0.002753758489689446,0.0005246034668009106,0.013818162973488748,0.0031160529087005725,0.0012081102508893402,0.0003137318586490536,0.002686117088480569,0.001281046772031779,0.0009926123308537289,0,0.011722286442369459
812---Servicios personales,0,0,0,7.465382363271302E-7,0.000010548711590544913,0,0.000010806461013162772,5.494853164015278E-7,0.000004030596596433186,0.0000017939067487233018,0.00001681659456743009,0.00000238121367594359,0.00030031480638967176,0.00015194193123711986,0.00012096020312470775,0.0000669774924845443,0.00012603934878733478,0.000055858955480248184,0.00004832463685998519,0.00012223395132116116,0.00016428065684695396,0.000041860642926602306,0.00022010054664193312,0.00018646700348366917,0.00019453896171979808,0.0001473459265456879,0.00010717645888214866,0.00006804691690066824,0.00004119453858474729,0.00005193517467784408,0.00025062523848936626,0.00005990044217988084,0.000026924308840607346,0.00008811778081550132,0.0002080040212506475,0.00046577885450488175,0.0004555909413885334,0.00013412722278823081,0.000031193590829301585,0.00029689942585426444,0.0016662472326898973,0.00013194333746026213,0.0004234411068138292,0.00036385874031777404,0.00030471521415429933,0.0005403911954018849,0.000301655819623787,0.0002890063494550231,0.000597740655466323,0.0011742221194511674,0.0002764878808884272,0.0009022277610126374,0.0004076735729466092,0.00048452229565271594,0.000365141911813281,0.00023603153588448662,0.00003837467614288452,0.0000810046307193351,0.00002742402518985605,0.00026052338632759017,0.000045923810623410364,0.00009382872596960099,0.000008608462063427226,0.0005061035923474479,0.002411924906166066,0.0011873784068110777,0.0012509128993332553,0.00026922508003588607,0.000025441239452705293,0.0005487591701884585,0.0003179248676550217,0.0007083574778301745,0.00006009421376242886,0.00003184374655074371,0.00017794305357736,0.0009217639584098001,0,0.0014943352039667958
813---Asociaciones y organizaciones,0,0.00003365359946927725,0.00038190862510260155,0.0006741679414173002,0.00033228441510216474,0,0.0000013894701082534257,0,0.000005775223181724412,0.0000011925323662235152,0.000028073803669110983,0.00003082697427358872,1.3693019807915864E-7,0.000001370432166585937,0.00011880806040837651,0.00021033916397139186,0.0003231158041923216,0.0001333691237464329,0.00040142222243729164,0.00115560952713417,0.0013122887813364248,0.0001315929372205444,0.0006270605396640913,0.0006890555104581058,0.0006150056265190376,0.001389905069273881,0.0009441343152724944,0.0005874421559147509,0.00019535362871356217,0.00022752245545872054,0.0011631680124802102,0.00030569301833006094,0.00018831791481381736,0.000032285432747515455,3.5677019855327315E-7,0,0,0,0,8.119476031774551E-7,0,0,0,0,0,0,0.00033574090219750177,0,0.000008534991932416485,0,0,0,0,0.0011241994603889377,0.012797489244635774,0,0.000007917034320551293,0,0.000008700035577471575,0.0012118668151710013,0,0.000041686284815188775,0,0.000005932860213342906,0.000008937872118980727,0.000015859412471268195,2.189207034184906E-7,0.000005953307735878379,0.008650682615653951,0,1.1034181688033188E-7,0.0005850922942483316,7.020530369705975E-7,8.113056446049353E-7,0.000007438162853258862,0.000042504203029381927,0,0
814---Hogares con empleados domésticos,0,0,0,0,0,0,0,0,0,0,0,0,0,0,0,0,0,0,0,0,0,0,0,0,0,0,0,0,0,0,0,0,0,0,0,0,0,0,0,0,0,0,0,0,0,0,0,0,0,0,0,0,0,0,0,0,0,0,0,0,0,0,0,0,0,0,0,0,0,0,0,0,0,0,0,0,0,0
"931---Actividades legislativas, gubernamentales y de impartición de justicia",0,0,0,0,0,0,0,0,0,0,0,0,0,0,0,0,0,0,0,0,0,0,0,0,0,0,0,0,0,0,0,0,0,0,0,0,0,0,0,0,0,0,0,0,0,0,0,0,0,0,0,0,0,0.000043932740708232785,0.0005637016615357174,0.0012465565189967802,0,0,0,0,0,0,0,0,0,0,0,0,0,0,0,0,0,0,0,0,0,0
UEION---Usos de la economía interna de origen nacional,0.15599393703968537,0.5239176126911196,0.17620225986177787,0.4619546549162134,0.28527630268028886,0.19433999360591697,0.2719417244245281,0.4075733938869641,0.20346452020782416,0.3929587088041187,0.5199232882768274,0.25564353998807965,0.49577625153008165,0.32717843947338254,0.4037944467361504,0.3617302197483631,0.34339402953399706,0.3702615205985883,0.46875377261278744,0.3939365568737538,0.4279213474452204,0.41530970136586365,0.4176475303065988,0.38368764215563655,0.48082772469664986,0.48925230441553336,0.34796555821640635,0.24995703583136103,0.1677522974666495,0.2758632365562759,0.3232378018321664,0.38679848715939674,0.22667637097301152,0.16618836527241176,0.1535329136207803,0.43038190708306123,0.33387885535334866,0.2692354760833397,0.18951951966007335,0.2779519237471126,0.4125141339903453,0.3711985245472423,0.2079950972646267,0.16451887236460194,0.4157462324408346,0.3822538474419939,0.2822946221423509,0.350217414626338,0.42025667431328767,0.3072756218847504,0.2653351782114404,0.40740801774243934,0.11179528583212167,0.2606042648897088,0.3728414961659833,0.47682817653548387,0.07057848896822602,0.28721966892451817,0.02413577109086739,0.17390379104350204,0.3674548588655984,0.16037791232219314,0.2523109318585838,0.10284689720203169,0.23202144841581712,0.2989806934335938,0.3484541133448808,0.4459972655455528,0.1629442111036809,0.3283035106339508,0.3058867860859371,0.2933070250238778,0.2978289551633485,0.25083623880557565,0.13898769852728537,0.24793895890299097,0,0.27770582449902054
IEI---Importaciones de la economía interna,0.08588516055048663,0.02922184885268926,0.03460637826232684,0.11376175611087652,0.12896068263858812,0.101654072992216,0.08957378461241415,0.1757862793084756,0.14986101845015642,0.08984319101677926,0.10942330026356938,0.14859018064563992,0.12042777215656446,0.1517656825187719,0.24928760163102678,0.22835758562424627,0.27072406723723963,0.2713494629431336,0.10541819369788004,0.26385873741987254,0.2726064510255947,0.34271813963777925,0.2620689387003659,0.32512289703389763,0.12206727614663525,0.23851805688247987,0.3173811804724734,0.4306219808707295,0.605264201709548,0.4667858028342253,0.3926201839133368,0.26407823556965493,0.4908124368031926,0.047662890504144205,0.06375058157083832,0.24947456134852491,0.09399094024704442,0.1259759784128172,0.11418047423448838,0.0909626905666269,0.0860447578502891,0.10465873547487628,0.12960833338996688,0.03669582777352959,0.10430270766841819,0.15685838891994952,0.1684863482904202,0.12378607683601194,0.1197334927487627,0.10651198852790719,0.11689039338723256,0.05427785731206164,0.006592438209264739,0.01800504538876171,0.014477579430500768,0.10561949296105577,0.01676088131596003,0.1698639749791748,0.005822234026531361,0.07750044465138141,0.03344900339477499,0.06300105899187049,0.16770262333881628,0.02731494631815409,0.05833980249948789,0.06532654188020229,0.04354289006853094,0.05477662025238076,0.054830078667979044,0.06178996943387938,0.12262512812189601,0.0611190579550502,0.058955155602977864,0.17699462293662274,0.07492592124611906,0.06790533900632886,0,0.024135454177974698
IBSNS---Impuestos sobre bienes y servicios netos de subsidios,0.0019029567415793068,0.0006357370687207156,0.001954612226151477,0.009161209838109231,0.0031495306702401505,0.003149906123081327,0.010212279341202352,0.013163031959760249,0.030250854858652046,0.001419522636138788,0.006329990610740772,0.0011452481852319764,0.002707841710518997,0.003196966441661537,0.0019322426430566438,0.0014942497977483878,0.002022111909970673,0.0019270635536204781,0.001570011802363233,0.003555151806578282,0.005268025627227082,0.07391494157400558,0.008889223847277446,0.0036051526495633076,0.004270048491917362,0.00266922522837522,0.0024776578746283783,0.0007905050598773802,0.0004263619996258407,0.0008786043069684741,0.0013502695339079824,0.0017208108503478454,0.0009450180609821306,0.005020888711281912,0.0030381458811718815,0.04318184262258695,0.01650520179704135,0.016886933790278665,0.010195788251877764,0.012772239419673927,0.00767735533986965,0.012078287206162807,0.0022058825789396884,-0.010136589957539605,0.013078698885991285,0.004798836292737062,0.002288469794409229,0.0029806990417352076,0.0011233035051419738,0.001657904493950294,0.0014261707122897114,0.009872321725905403,-0.0011093839705978012,-0.0003646086789663582,0.0010884648093582373,-0.00123354820901919,0.0009906156359174075,0.004912032177059486,0.0004393139704206734,0.003154990086370196,0.005403673620138167,0.0013848614761321958,0.0024291123474340856,0.00856770074123974,0.01895703815414333,0.018259492025133134,0.006158458307865559,0.021996352154892575,0.00796684974941957,0.020817543133958144,0.00580974743560602,0.01732970497930265,0.012072526916780209,0.0008917263166263994,0.0007507173967095956,0.0010528436908596405,0,0.04317158694057571
B.1bV---Valor agregado bruto,0.7562179456682487,0.4462248013874704,0.7872367496497438,0.4151223791348006,0.582613484010883,0.7008560272787857,0.6282722116218553,0.40347729484480005,0.6164236064833674,0.5157785775429635,0.36432342084886227,0.5946210311810485,0.3810881346028349,0.5178589115661841,0.3449857089897664,0.408417944829642,0.3838597913187928,0.35646195290465765,0.4242580218869692,0.3386495538997956,0.2942041759019575,0.1680572174223516,0.3113943071457582,0.28758430816090264,0.39283495066479757,0.2695604134736116,0.33217560343649155,0.3186304782380321,0.22655713882417677,0.25647235630253035,0.2827917447205889,0.34740246642060063,0.2815661741628137,0.7811278555121621,0.7796783589272095,0.2769616889458271,0.5556250026025655,0.5879016117135643,0.6861042178535606,0.6183131462665864,0.4937637528194959,0.5120644527717185,0.6601906867664667,0.808921889819408,0.4668723610047559,0.45608892734531975,0.5469305597728196,0.5230158094959149,0.45888652943280767,0.5845544850933923,0.6163482576890372,0.5284418032195936,0.8827216599292114,0.7217552984004959,0.6115924595941576,0.41878587871247946,0.9116700140798966,0.5380043239192476,0.9696026809121806,0.7454407742187464,0.5936924641194883,0.7752361672098042,0.5775573324551658,0.8612704557385744,0.6906817109305516,0.617433272661071,0.6018445382787228,0.477229762047174,0.7742588604789205,0.5890889767982117,0.5656783383565609,0.6282442120417695,0.6311433623168936,0.5712774119411752,0.785335662829886,0.6831028583998204,1,0.6549871343824291
P.1---Producción,1,1,1,0.9999999999999998,1,1,0.9999999999999999,1,1,1.0000000000000002,0.9999999999999999,1,1,1,1.0000000000000002,0.9999999999999998,1.0000000000000002,1,1,1.0000000000000002,0.9999999999999998,1.0000000000000002,1.0000000000000004,1,1,1,0.9999999999999997,1,1,1,1,1.0000000000000002,0.9999999999999999,1,1,1.0000000000000002,1,0.9999999999999998,1,0.9999999999999998,1,1,1,1,1,1.0000000000000002,0.9999999999999999,1,1,1,1,1,1,1,1,1,1,1,1,1,0.9999999999999998,1,1,1,1,1,1,1.0000000000000002,1,1,1,1,1.0000000000000002,1,1,0.9999999999999999,1,1
